airport_code,airport_name,city,country,latitude,longitude,altitude
GKA,"Goroka Airport","Goroka","Papua New Guinea",-6.081689834590001,145.391998291,5282
MAG,"Madang Airport","Madang","Papua New Guinea",-5.20707988739,145.789001465,20
HGU,"Mount Hagen Kagamuga Airport","Mount Hagen","Papua New Guinea",-5.826789855957031,144.29600524902344,5388
LAE,"Nadzab Airport","Nadzab","Papua New Guinea",-6.569803,146.725977,239
POM,"Port Moresby Jacksons International Airport","Port Moresby","Papua New Guinea",-9.443380355834961,147.22000122070312,146
WWK,"Wewak International Airport","Wewak","Papua New Guinea",-3.58383011818,143.669006348,19
UAK,"Narsarsuaq Airport","Narssarssuaq","Greenland",61.1604995728,-45.4259986877,112
GOH,"Godthaab / Nuuk Airport","Godthaab","Greenland",64.19090271,-51.6781005859,283
SFJ,"Kangerlussuaq Airport","Sondrestrom","Greenland",67.0122218992,-50.7116031647,165
THU,"Thule Air Base","Thule","Greenland",76.5311965942,-68.7032012939,251
AEY,"Akureyri Airport","Akureyri","Iceland",65.66000366210938,-18.07270050048828,6
EGS,"Egilsstaðir Airport","Egilsstadir","Iceland",65.2833023071289,-14.401399612426758,76
HFN,"Hornafjörður Airport","Hofn","Iceland",64.295601,-15.2272,24
HZK,"Húsavík Airport","Husavik","Iceland",65.952301,-17.426001,48
IFJ,"Ísafjörður Airport","Isafjordur","Iceland",66.05809783935547,-23.135299682617188,8
KEF,"Keflavik International Airport","Keflavik","Iceland",63.985000610352,-22.605600357056,171
PFJ,"Patreksfjörður Airport","Patreksfjordur","Iceland",65.555801,-23.965,11
RKV,"Reykjavik Airport","Reykjavik","Iceland",64.1299972534,-21.9405994415,48
SIJ,"Siglufjörður Airport","Siglufjordur","Iceland",66.133301,-18.9167,10
VEY,"Vestmannaeyjar Airport","Vestmannaeyjar","Iceland",63.42430114746094,-20.278900146484375,326
YAM,"Sault Ste Marie Airport","Sault Sainte Marie","Canada",46.48500061035156,-84.5093994140625,630
YAY,"St. Anthony Airport","St. Anthony","Canada",51.3918991089,-56.083099365200006,108
YAZ,"Tofino / Long Beach Airport","Tofino","Canada",49.079833,-125.775583,80
YBB,"Kugaaruk Airport","Pelly Bay","Canada",68.534401,-89.808098,56
YBC,"Baie Comeau Airport","Baie Comeau","Canada",49.13249969482422,-68.20439910888672,71
YBG,"CFB Bagotville","Bagotville","Canada",48.33060073852539,-70.99639892578125,522
YBK,"Baker Lake Airport","Baker Lake","Canada",64.29889678960001,-96.077796936,59
YBL,"Campbell River Airport","Campbell River","Canada",49.950801849365234,-125.27100372314453,346
YBR,"Brandon Municipal Airport","Brandon","Canada",49.91,-99.951897,1343
YCB,"Cambridge Bay Airport","Cambridge Bay","Canada",69.1081008911,-105.138000488,90
YCD,"Nanaimo Airport","Nanaimo","Canada",49.054970224899996,-123.869862556,92
YCG,"Castlegar/West Kootenay Regional Airport","Castlegar","Canada",49.2963981628,-117.632003784,1624
YCH,"Miramichi Airport","Chatham","Canada",47.007801,-65.449203,108
YCL,"Charlo Airport","Charlo","Canada",47.990799,-66.330299,132
YCO,"Kugluktuk Airport","Coppermine","Canada",67.816704,-115.143997,74
YCT,"Coronation Airport","Coronation","Canada",52.0750007629,-111.444999695,2595
YCW,"Chilliwack Airport","Chilliwack","Canada",49.1528015137,-121.939002991,32
YCY,"Clyde River Airport","Clyde River","Canada",70.4860992432,-68.5167007446,87
YZS,"Coral Harbour Airport","Coral Harbour","Canada",64.1932983398,-83.3593978882,210
YDA,"Dawson City Airport","Dawson","Canada",64.04309844970703,-139.1280059814453,1215
YDB,"Burwash Airport","Burwash","Canada",61.37110137939453,-139.04100036621094,2647
YDF,"Deer Lake Airport","Deer Lake","Canada",49.21080017089844,-57.39139938354492,72
YDL,"Dease Lake Airport","Dease Lake","Canada",58.4221992493,-130.031997681,2600
YDN,"Dauphin Barker Airport","Dauphin","Canada",51.100799560546875,-100.052001953125,999
YDQ,"Dawson Creek Airport","Dawson Creek","Canada",55.7422981262207,-120.18299865722656,2148
YEG,"Edmonton International Airport","Edmonton","Canada",53.309700012200004,-113.580001831,2373
YEK,"Arviat Airport","Eskimo Point","Canada",61.0942001343,-94.07080078119999,32
YEN,"Estevan Airport","Estevan","Canada",49.2103004456,-102.966003418,1905
YET,"Edson Airport","Edson","Canada",53.578899383499994,-116.464996338,3043
YEU,"Eureka Airport","Eureka","Canada",79.9946975708,-85.814201355,256
YEV,"Inuvik Mike Zubko Airport","Inuvik","Canada",68.30419921880001,-133.483001709,224
YFB,"Iqaluit Airport","Iqaluit","Canada",63.756402,-68.555801,110
YFC,"Fredericton Airport","Fredericton","Canada",45.868900299072266,-66.53720092773438,68
YFE,"Forestville Airport","Forestville","Canada",48.74610137939453,-69.09719848632812,293
YFO,"Flin Flon Airport","Flin Flon","Canada",54.6781005859375,-101.68199920654297,997
YFR,"Fort Resolution Airport","Fort Resolution","Canada",61.1808013916,-113.690002441,526
YFS,"Fort Simpson Airport","Fort Simpson","Canada",61.76020050048828,-121.23699951171875,555
YGK,"Kingston Norman Rogers Airport","Kingston","Canada",44.22529983520508,-76.5969009399414,305
YGL,"La Grande Rivière Airport","La Grande Riviere","Canada",53.625301361083984,-77.7042007446289,639
YGP,"Gaspé (Michel-Pouliot) Airport","Gaspe","Canada",48.7752990723,-64.4785995483,112
YGQ,"Geraldton Greenstone Regional Airport","Geraldton","Canada",49.77830123901367,-86.93939971923828,1144
YGR,"Îles-de-la-Madeleine Airport","Iles De La Madeleine","Canada",47.42470169067383,-61.778099060058594,35
YHB,"Hudson Bay Airport","Hudson Bay","Canada",52.8166999817,-102.310997009,1175
YHD,"Dryden Regional Airport","Dryden","Canada",49.831699,-92.744202,1354
YHI,"Ulukhaktok Holman Airport","Holman Island","Canada",70.76280212402344,-117.80599975585938,117
YHK,"Gjoa Haven Airport","Gjoa Haven","Canada",68.635597229,-95.84970092770001,152
YHM,"John C. Munro Hamilton International Airport","Hamilton","Canada",43.173599243199995,-79.93499755859999,780
YHU,"Montréal / Saint-Hubert Airport","Montreal","Canada",45.5175018311,-73.4169006348,90
YHY,"Hay River / Merlyn Carter Airport","Hay River","Canada",60.8396987915,-115.782997131,541
YHZ,"Halifax / Stanfield International Airport","Halifax","Canada",44.8807983398,-63.5085983276,477
YIB,"Atikokan Municipal Airport","Atikokan","Canada",48.7738990784,-91.6386032104,1408
YIO,"Pond Inlet Airport","Pond Inlet","Canada",72.6832962036,-77.9666976929,181
YJN,"St Jean Airport","St. Jean","Canada",45.29439926147461,-73.28109741210938,136
YJT,"Stephenville Airport","Stephenville","Canada",48.5442008972168,-58.54999923706055,84
YKA,"Kamloops Airport","Kamloops","Canada",50.7022018433,-120.444000244,1133
YKF,"Waterloo Airport","Waterloo","Canada",43.460800170899994,-80.3786010742,1055
YKL,"Schefferville Airport","Schefferville","Canada",54.805301666259766,-66.8052978515625,1709
YKY,"Kindersley Airport","Kindersley","Canada",51.5175018311,-109.180999756,2277
YKZ,"Buttonville Municipal Airport","Toronto","Canada",43.86220169067383,-79.37000274658203,650
YLD,"Chapleau Airport","Chapleau","Canada",47.81999969482422,-83.3467025756836,1470
YLJ,"Meadow Lake Airport","Meadow Lake","Canada",54.125301361083984,-108.52300262451172,1576
YLL,"Lloydminster Airport","Lloydminster","Canada",53.309200286865234,-110.072998046875,2193
YLT,"Alert Airport","Alert","Canada",82.51779937740001,-62.2806015015,100
YLW,"Kelowna International Airport","Kelowna","Canada",49.9561004639,-119.377998352,1421
YMA,"Mayo Airport","Mayo","Canada",63.61640167236328,-135.8679962158203,1653
YMJ,"Moose Jaw Air Vice Marshal C. M. McEwen Airport","Moose Jaw","Canada",50.330299377441406,-105.55899810791016,1892
YMM,"Fort McMurray Airport","Fort Mcmurray","Canada",56.653301239,-111.222000122,1211
YMO,"Moosonee Airport","Moosonee","Canada",51.291099548339844,-80.60780334472656,30
YMW,"Maniwaki Airport","Maniwaki","Canada",46.2728004456,-75.9906005859,656
YMX,"Montreal International (Mirabel) Airport","Montreal","Canada",45.679501,-74.038696,270
YNA,"Natashquan Airport","Natashquan","Canada",50.189998626708984,-61.78919982910156,39
YND,"Ottawa / Gatineau Airport","Gatineau","Canada",45.521701812699995,-75.5635986328,211
YNM,"Matagami Airport","Matagami","Canada",49.76169967651367,-77.80280303955078,918
YOC,"Old Crow Airport","Old Crow","Canada",67.57060241699219,-139.83900451660156,824
YOD,"CFB Cold Lake","Cold Lake","Canada",54.404998779296875,-110.27899932861328,1775
YOJ,"High Level Airport","High Level","Canada",58.62139892578125,-117.16500091552734,1110
YOW,"Ottawa Macdonald-Cartier International Airport","Ottawa","Canada",45.3224983215332,-75.66919708251953,374
YPA,"Prince Albert Glass Field","Prince Albert","Canada",53.214199066199996,-105.672996521,1405
YPE,"Peace River Airport","Peace River","Canada",56.226898,-117.446999,1873
YPG,"Southport Airport","Portage-la-prairie","Canada",49.903099,-98.273817,885
YPL,"Pickle Lake Airport","Pickle Lake","Canada",51.4463996887207,-90.21420288085938,1267
YPN,"Port Menier Airport","Port Menier","Canada",49.83639907836914,-64.2885971069336,167
YPQ,"Peterborough Airport","Peterborough","Canada",44.22999954223633,-78.36329650878906,628
YPR,"Prince Rupert Airport","Prince Pupert","Canada",54.286098480199996,-130.445007324,116
YPY,"Fort Chipewyan Airport","Fort Chipewyan","Canada",58.7672004699707,-111.11699676513672,761
YQA,"Muskoka Airport","Muskoka","Canada",44.974700927734375,-79.30329895019531,925
YQB,"Quebec Jean Lesage International Airport","Quebec","Canada",46.7911,-71.393303,244
YQF,"Red Deer Regional Airport","Red Deer Industrial","Canada",52.18220138549805,-113.89399719238281,2968
YQG,"Windsor Airport","Windsor","Canada",42.27560043334961,-82.95559692382812,622
YQH,"Watson Lake Airport","Watson Lake","Canada",60.11640167236328,-128.82200622558594,2255
YQK,"Kenora Airport","Kenora","Canada",49.788299560546875,-94.36309814453125,1332
YQL,"Lethbridge County Airport","Lethbridge","Canada",49.6302986145,-112.800003052,3048
YQM,"Greater Moncton International Airport","Moncton","Canada",46.11220169067383,-64.67859649658203,232
YQQ,"Comox Airport","Comox","Canada",49.71080017089844,-124.88700103759766,84
YQR,"Regina International Airport","Regina","Canada",50.43190002441406,-104.66600036621094,1894
YQT,"Thunder Bay Airport","Thunder Bay","Canada",48.37189865112305,-89.32389831542969,653
YQU,"Grande Prairie Airport","Grande Prairie","Canada",55.1796989441,-118.885002136,2195
YQV,"Yorkton Municipal Airport","Yorkton","Canada",51.26470184326172,-102.46199798583984,1635
YQW,"North Battleford Airport","North Battleford","Canada",52.76919937133789,-108.24400329589844,1799
YQX,"Gander International Airport","Gander","Canada",48.9369010925293,-54.56809997558594,496
YQY,"Sydney / J.A. Douglas McCurdy Airport","Sydney","Canada",46.1614,-60.047798,203
YQZ,"Quesnel Airport","Quesnel","Canada",53.026100158691406,-122.51000213623047,1789
YRB,"Resolute Bay Airport","Resolute","Canada",74.7169036865,-94.9693984985,215
YRI,"Rivière-du-Loup Airport","Riviere Du Loup","Canada",47.764400482177734,-69.58470153808594,427
YRJ,"Roberval Airport","Roberval","Canada",48.52000045776367,-72.2656021118164,586
YRM,"Rocky Mountain House Airport","Rocky Mountain House","Canada",52.4296989441,-114.903999329,3244
YRT,"Rankin Inlet Airport","Rankin Inlet","Canada",62.8114013672,-92.1157989502,94
YSB,"Sudbury Airport","Sudbury","Canada",46.625,-80.79889678955078,1141
YSC,"Sherbrooke Airport","Sherbrooke","Canada",45.4385986328125,-71.69139862060547,792
YSJ,"Saint John Airport","St. John","Canada",45.31610107421875,-65.89029693603516,357
YSM,"Fort Smith Airport","Fort Smith","Canada",60.020301818847656,-111.96199798583984,671
YSR,"Nanisivik Airport","Nanisivik","Canada",72.982201,-84.613602,2106
YSU,"Summerside Airport","Summerside","Canada",46.44060134887695,-63.83359909057617,56
YSY,"Sachs Harbour (David Nasogaluak Jr. Saaryuaq) Airport","Sachs Harbour","Canada",71.9938964844,-125.242996216,282
YTE,"Cape Dorset Airport","Cape Dorset","Canada",64.2300033569,-76.5267028809,164
YTH,"Thompson Airport","Thompson","Canada",55.80110168457031,-97.86419677734375,729
YTR,"CFB Trenton","Trenton","Canada",44.118900299072266,-77.5280990600586,283
YTS,"Timmins/Victor M. Power","Timmins","Canada",48.569698333699996,-81.376701355,967
YTZ,"Billy Bishop Toronto City Centre Airport","Toronto","Canada",43.627499,-79.396202,252
YUB,"Tuktoyaktuk Airport","Tuktoyaktuk","Canada",69.43329620361328,-133.0260009765625,15
YUL,"Montreal / Pierre Elliott Trudeau International Airport","Montreal","Canada",45.4706001282,-73.7407989502,118
YUT,"Repulse Bay Airport","Repulse Bay","Canada",66.5214004517,-86.22470092770001,80
YUX,"Hall Beach Airport","Hall Beach","Canada",68.77610015869999,-81.2425,30
YUY,"Rouyn Noranda Airport","Rouyn","Canada",48.20610046386719,-78.83560180664062,988
YVC,"La Ronge Airport","La Ronge","Canada",55.151401519800004,-105.262001038,1242
YVG,"Vermilion Airport","Vermillion","Canada",53.355800628699996,-110.823997498,2025
YVM,"Qikiqtarjuaq Airport","Broughton Island","Canada",67.5457992554,-64.03140258789999,21
YVO,"Val-d'Or Airport","Val D'or","Canada",48.0532989502,-77.7827987671,1107
YVP,"Kuujjuaq Airport","Quujjuaq","Canada",58.096099853515625,-68.4269027709961,129
YVQ,"Norman Wells Airport","Norman Wells","Canada",65.28160095214844,-126.7979965209961,238
YVR,"Vancouver International Airport","Vancouver","Canada",49.193901062,-123.183998108,14
YVT,"Buffalo Narrows Airport","Buffalo Narrows","Canada",55.8418998718,-108.417999268,1423
YVV,"Wiarton Airport","Wiarton","Canada",44.7458,-81.107201,729
YWA,"Petawawa Airport","Petawawa","Canada",45.95220184326172,-77.31919860839844,427
YWG,"Winnipeg / James Armstrong Richardson International Airport","Winnipeg","Canada",49.909999847399995,-97.2398986816,783
YWK,"Wabush Airport","Wabush","Canada",52.92190170288086,-66.8644027709961,1808
YWL,"Williams Lake Airport","Williams Lake","Canada",52.1831016541,-122.054000854,3085
YWY,"Wrigley Airport","Wrigley","Canada",63.20940017700195,-123.43699645996094,489
YXC,"Cranbrook/Canadian Rockies International Airport","Cranbrook","Canada",49.610801696777,-115.78199768066,3082
YXD,"Edmonton City Centre (Blatchford Field) Airport","Edmonton","Canada",53.5724983215,-113.521003723,2202
YXE,"Saskatoon John G. Diefenbaker International Airport","Saskatoon","Canada",52.170799255371094,-106.69999694824219,1653
YXH,"Medicine Hat Airport","Medicine Hat","Canada",50.01890182495117,-110.72100067138672,2352
YXJ,"Fort St John Airport","Fort Saint John","Canada",56.23809814453125,-120.73999786376953,2280
YXL,"Sioux Lookout Airport","Sioux Lookout","Canada",50.11389923095703,-91.9052963256836,1258
YXP,"Pangnirtung Airport","Pangnirtung","Canada",66.1449966431,-65.71360015869999,75
YXR,"Earlton (Timiskaming Regional) Airport","Earlton","Canada",47.697400654599996,-79.8473453522,800
YXS,"Prince George Airport","Prince George","Canada",53.8894004822,-122.679000854,2267
YXT,"Northwest Regional Airport Terrace-Kitimat","Terrace","Canada",54.468498,-128.576009,713
YXU,"London Airport","London","Canada",43.035599,-81.1539,912
YXX,"Abbotsford Airport","Abbotsford","Canada",49.025299072265625,-122.36100006103516,195
YXY,"Whitehorse / Erik Nielsen International Airport","Whitehorse","Canada",60.7095985413,-135.067001343,2317
YYB,"North Bay Jack Garland Airport","North Bay","Canada",46.363602,-79.422798,1215
YYC,"Calgary International Airport","Calgary","Canada",51.113899231,-114.019996643,3557
YYD,"Smithers Airport","Smithers","Canada",54.82469940185547,-127.18299865722656,1712
YYE,"Fort Nelson Airport","Fort Nelson","Canada",58.8363990784,-122.597000122,1253
YYF,"Penticton Airport","Penticton","Canada",49.46310043334961,-119.60199737548828,1129
YYG,"Charlottetown Airport","Charlottetown","Canada",46.290000915527344,-63.12110137939453,160
YYH,"Taloyoak Airport","Spence Bay","Canada",69.5466995239,-93.5766983032,92
YYJ,"Victoria International Airport","Victoria","Canada",48.646900177,-123.426002502,63
YYL,"Lynn Lake Airport","Lynn Lake","Canada",56.86389923095703,-101.07599639892578,1170
YYN,"Swift Current Airport","Swift Current","Canada",50.291900634799994,-107.691001892,2680
YYQ,"Churchill Airport","Churchill","Canada",58.739200592041016,-94.06500244140625,94
YYR,"Goose Bay Airport","Goose Bay","Canada",53.3191986084,-60.4258003235,160
YYT,"St. John's International Airport","St. John's","Canada",47.618598938,-52.7518997192,461
YYU,"Kapuskasing Airport","Kapuskasing","Canada",49.41389846801758,-82.46749877929688,743
YYW,"Armstrong Airport","Armstrong","Canada",50.29029846191406,-88.90969848632812,1058
YYY,"Mont Joli Airport","Mont Joli","Canada",48.60860061645508,-68.20809936523438,172
YYZ,"Lester B. Pearson International Airport","Toronto","Canada",43.6772003174,-79.63059997559999,569
YZD,"Downsview Airport","Toronto","Canada",43.74250030517578,-79.4655990600586,652
YZE,"Gore Bay Manitoulin Airport","Gore Bay","Canada",45.88529968261719,-82.56780242919922,635
YZF,"Yellowknife Airport","Yellowknife","Canada",62.462799072265625,-114.44000244140625,675
YZH,"Slave Lake Airport","Slave Lake","Canada",55.2930984497,-114.777000427,1912
YZP,"Sandspit Airport","Sandspit","Canada",53.25429916379999,-131.813995361,21
YZR,"Chris Hadfield Airport","Sarnia","Canada",42.9994010925293,-82.30889892578125,594
YZT,"Port Hardy Airport","Port Hardy","Canada",50.680599212646484,-127.36699676513672,71
YZU,"Whitecourt Airport","Whitecourt","Canada",54.14390182495117,-115.78700256347656,2567
YZV,"Sept-Îles Airport","Sept-iles","Canada",50.22330093383789,-66.2656021118164,180
YZW,"Teslin Airport","Teslin","Canada",60.17279815673828,-132.7429962158203,2313
YZX,"CFB Greenwood","Greenwood","Canada",44.98440170288086,-64.91690063476562,92
ZFA,"Faro Airport","Faro","Canada",62.20750045776367,-133.37600708007812,2351
ZFM,"Fort Mcpherson Airport","Fort Mcpherson","Canada",67.40750122070312,-134.86099243164062,116
QLD,"Blida Airport","Blida","Algeria",36.50360107421875,2.8141698837280273,535
BUJ,"Bou Saada Airport","Bou Saada","Algeria",35.33250045776367,4.206389904022217,1506
BJA,"Soummam Airport","Bejaja","Algeria",36.7120018005,5.0699200630200005,20
ALG,"Houari Boumediene Airport","Algier","Algeria",36.691001892089844,3.215409994125366,82
DJG,"Djanet Inedbirene Airport","Djanet","Algeria",24.292801,9.45244,3176
VVZ,"Illizi Takhamalt Airport","Illizi","Algeria",26.7234992981,8.62265014648,1778
TMR,"Aguenar – Hadj Bey Akhamok Airport","Tamanrasset","Algeria",22.8115005493,5.45107984543,4518
GJL,"Jijel Ferhat Abbas Airport","Jijel","Algeria",36.7951011658,5.87361001968,36
MZW,"Mecheria Airport","Mecheria","Algeria",33.535900116,-0.242353007197,3855
AAE,"Rabah Bitat Airport","Annaba","Algeria",36.822201,7.809174,16
CZL,"Mohamed Boudiaf International Airport","Constantine","Algeria",36.2760009765625,6.620389938354492,2265
TEE,"Cheikh Larbi Tébessi Airport","Tebessa","Algeria",35.4315986633,8.12071990967,2661
HRM,"Hassi R'Mel Airport","Tilrempt","Algeria",32.93040084838867,3.311539888381958,2540
TID,"Bou Chekif Airport","Tiaret","Algeria",35.3410987854,1.46315002441,3245
TIN,"Tindouf Airport","Tindouf","Algeria",27.7003993988,-8.167099952700001,1453
CFK,"Ech Cheliff Airport","Ech-cheliff","Algeria",36.2126998901,1.33176994324,463
TAF,"Tafaraoui Airport","Oran","Algeria",35.54240036010742,-0.5322780013084412,367
TLM,"Zenata – Messali El Hadj Airport","Tlemcen","Algeria",35.0167007446,-1.45000004768,814
ORN,"Es Senia Airport","Oran","Algeria",35.6239013672,-0.6211829781529999,295
BFW,"Sidi Bel Abbes Airport","Sidi Bel Abbes","Algeria",35.1717987061,-0.593275010586,1614
MUW,"Ghriss Airport","Ghriss","Algeria",35.207698822021484,0.14714199304580688,1686
AZR,"Touat Cheikh Sidi Mohamed Belkebir Airport","Adrar","Algeria",27.837600708007812,-0.18641400337219238,919
BSK,"Biskra Airport","Biskra","Algeria",34.793300628699996,5.73823022842,289
ELG,"El Golea Airport","El Golea","Algeria",30.571300506591797,2.8595900535583496,1306
GHA,"Noumérat - Moufdi Zakaria Airport","Ghardaia","Algeria",32.38410186767578,3.794110059738159,1512
HME,"Oued Irara Airport","Hassi Messaoud","Algeria",31.673000335699996,6.140439987180001,463
INZ,"In Salah Airport","In Salah","Algeria",27.250999450699997,2.51202011108,896
TGR,"Touggourt Sidi Madhi Airport","Touggourt","Algeria",33.06779861450195,6.088669776916504,279
LOO,"Laghouat Airport","Laghouat","Algeria",33.764400482199996,2.92833995819,2510
TMX,"Timimoun Airport","Timimoun","Algeria",29.2371006012,0.276033014059,1027
OGX,"Ain el Beida Airport","Ouargla","Algeria",31.917200088500977,5.412779808044434,492
IAM,"In Aménas Airport","Zarzaitine","Algeria",28.0515,9.64291,1847
COO,"Cadjehoun Airport","Cotonou","Benin",6.357230186462402,2.384350061416626,19
OUA,"Ouagadougou Airport","Ouagadougou","Burkina Faso",12.3532,-1.51242,1037
BOY,"Bobo Dioulasso Airport","Bobo-dioulasso","Burkina Faso",11.160099983215332,-4.33096981048584,1511
ACC,"Kotoka International Airport","Accra","Ghana",5.605189800262451,-0.16678600013256073,205
TML,"Tamale Airport","Tamale","Ghana",9.55718994140625,-0.8632140159606934,553
NYI,"Sunyani Airport","Sunyani","Ghana",7.361830234527588,-2.3287599086761475,1014
TKD,"Takoradi Airport","Takoradi","Ghana",4.896059989929199,-1.7747600078582764,21
ABJ,"Port Bouet Airport","Abidjan","Cote d'Ivoire",5.261390209197998,-3.9262900352478027,21
BYK,"Bouaké Airport","Bouake","Cote d'Ivoire",7.738800048828125,-5.073669910430908,1230
DJO,"Daloa Airport","Daloa","Cote d'Ivoire",6.792809963226318,-6.473189830780029,823
HGO,"Korhogo Airport","Korhogo","Cote d'Ivoire",9.38718032837,-5.55666017532,1214
MJC,"Man Airport","Man","Cote d'Ivoire",7.272069931030273,-7.58735990524292,1089
SPY,"San Pedro Airport","San Pedro","Cote d'Ivoire",4.746719837188721,-6.660820007324219,26
ASK,"Yamoussoukro Airport","Yamoussoukro","Cote d'Ivoire",6.9031701088,-5.36558008194,699
ABV,"Nnamdi Azikiwe International Airport","Abuja","Nigeria",9.006790161132812,7.263169765472412,1123
AKR,"Akure Airport","Akure","Nigeria",7.246739864349365,5.3010101318359375,1100
BNI,"Benin Airport","Benin","Nigeria",6.316979885101318,5.5995001792907715,258
CBQ,"Margaret Ekpo International Airport","Calabar","Nigeria",4.976019859313965,8.347200393676758,210
ENU,"Akanu Ibiam International Airport","Enugu","Nigeria",6.474269866943359,7.561960220336914,466
IBA,"Ibadan Airport","Ibadan","Nigeria",7.362460136413574,3.97832989692688,725
ILR,"Ilorin International Airport","Ilorin","Nigeria",8.440210342407227,4.493919849395752,1126
JOS,"Yakubu Gowon Airport","Jos","Nigeria",9.639829635620117,8.869050025939941,4232
KAD,"Kaduna Airport","Kaduna","Nigeria",10.696000099182129,7.320109844207764,2073
KAN,"Mallam Aminu International Airport","Kano","Nigeria",12.0476,8.52462,1562
MIU,"Maiduguri International Airport","Maiduguri","Nigeria",11.855299949645996,13.080900192260742,1099
MDI,"Makurdi Airport","Makurdi","Nigeria",7.70388,8.61394,371
LOS,"Murtala Muhammed International Airport","Lagos","Nigeria",6.5773701667785645,3.321160078048706,135
MXJ,"Minna Airport","Minna","Nigeria",9.652170181274414,6.462259769439697,834
PHC,"Port Harcourt International Airport","Port Hartcourt","Nigeria",5.0154900550842285,6.94959020614624,87
SKO,"Sadiq Abubakar III International Airport","Sokoto","Nigeria",12.916299819946289,5.207190036773682,1010
YOL,"Yola Airport","Yola","Nigeria",9.257550239562988,12.430399894714355,599
ZAR,"Zaria Airport","Zaria","Nigeria",11.1302,7.68581,2170
MFQ,"Maradi Airport","Maradi","Niger",13.5024995803833,7.1267499923706055,1240
NIM,"Diori Hamani International Airport","Niamey","Niger",13.4815,2.18361,732
THZ,"Tahoua Airport","Tahoua","Niger",14.875699996948242,5.265359878540039,1266
AJY,"Mano Dayak International Airport","Agadez","Niger",16.965999603271484,8.000109672546387,1657
ZND,"Zinder Airport","Zinder","Niger",13.779000282287598,8.983759880065918,1516
MIR,"Monastir Habib Bourguiba International Airport","Monastir","Tunisia",35.75809860229492,10.75469970703125,9
TUN,"Tunis Carthage International Airport","Tunis","Tunisia",36.85100173950195,10.22719955444336,22
GAF,"Gafsa Ksar International Airport","Gafsa","Tunisia",34.422000885009766,8.822500228881836,1060
GAE,"Gabès Matmata International Airport","Gabes","Tunisia",33.87689971923828,10.103300094604492,26
DJE,"Djerba Zarzis International Airport","Djerba","Tunisia",33.875,10.775500297546387,19
EBM,"El Borma Airport","El Borma","Tunisia",31.704299926757812,9.254619598388672,827
SFA,"Sfax Thyna International Airport","Sfax","Tunisia",34.71799850463867,10.690999984741211,85
TOE,"Tozeur Nefta International Airport","Tozeur","Tunisia",33.939701080322266,8.110560417175293,287
LRL,"Niamtougou International Airport","Niatougou","Togo",9.767330169677734,1.091249942779541,1515
LFW,"Lomé-Tokoin Airport","Lome","Togo",6.165609836578369,1.2545100450515747,72
ANR,"Antwerp International Airport (Deurne)","Antwerp","Belgium",51.1893997192,4.46027994156,39
BRU,"Brussels Airport","Brussels","Belgium",50.901401519800004,4.48443984985,184
CRL,"Brussels South Charleroi Airport","Charleroi","Belgium",50.459202,4.45382,614
KJK,"Wevelgem Airport","Kortrijk-vevelgem","Belgium",50.817199707,3.20472002029,64
LGG,"Liège Airport","Liege","Belgium",50.63740158081055,5.443220138549805,659
OST,"Ostend-Bruges International Airport","Ostend","Belgium",51.198898315399994,2.8622200489,13
OBL,"Zoersel (Oostmalle) Airfield","Zoersel","Belgium",51.264702,4.75333,53
AOC,"Altenburg-Nobitz Airport","Altenburg","Germany",50.981945,12.506389,640
IES,"Riesa-Göhlis Airport","Riesa","Germany",51.2936096191,13.3561105728,322
REB,"Rechlin-Lärz Airport","Rechlin-laerz","Germany",53.306388855,12.7522220612,220
QXH,"Schönhagen Airport","Schoenhagen","Germany",52.203609,13.156389,152
BBH,"Barth Airport","Barth","Germany",54.338253,12.710515,23
ZMG,"Magdeburg City Airport","Magdeburg","Germany",52.073612,11.626389,259
CBU,"Cottbus-Drewitz Airport","Cottbus","Germany",51.889442,14.531944,272
SXF,"Berlin-Schönefeld Airport","Berlin","Germany",52.380001,13.5225,157
DRS,"Dresden Airport","Dresden","Germany",51.1328010559082,13.767200469970703,755
ERF,"Erfurt Airport","Erfurt","Germany",50.979801177978516,10.958100318908691,1036
FRA,"Frankfurt am Main Airport","Frankfurt","Germany",50.033333,8.570556,364
FMO,"Münster Osnabrück Airport","Munster","Germany",52.134601593,7.68483018875,160
HAM,"Hamburg Airport","Hamburg","Germany",53.630401611328,9.9882297515869,53
THF,"Berlin-Tempelhof International Airport","Berlin","Germany",52.472999572753906,13.403900146484375,167
CGN,"Cologne Bonn Airport","Cologne","Germany",50.8658981323,7.1427397728,302
DUS,"Düsseldorf Airport","Duesseldorf","Germany",51.289501,6.76678,147
MUC,"Munich Airport","Munich","Germany",48.353802,11.7861,1487
NUE,"Nuremberg Airport","Nuernberg","Germany",49.498699,11.078056,1046
LEJ,"Leipzig/Halle Airport","Leipzig","Germany",51.423889,12.236389,465
SCN,"Saarbrücken Airport","Saarbruecken","Germany",49.214599609400004,7.10950994492,1058
STR,"Stuttgart Airport","Stuttgart","Germany",48.689899444599995,9.22196006775,1276
TXL,"Berlin-Tegel Airport","Berlin","Germany",52.5597,13.2877,122
HAJ,"Hannover Airport","Hannover","Germany",52.461101532,9.685079574580001,183
BRE,"Bremen Airport","Bremen","Germany",53.0475006104,8.78666973114,14
QEF,"Frankfurt-Egelsbach Airport","Egelsbach","Germany",49.959999,8.645833,384
HHN,"Frankfurt-Hahn Airport","Hahn","Germany",49.9487,7.26389,1649
MHG,"Mannheim-City Airport","Mannheim","Germany",49.473057,8.514167,308
EIB,"Eisenach-Kindel Airport","Eisenach","Germany",50.991604,10.47973,1112
SGE,"Siegerland Airport","Siegerland","Germany",50.707698822021484,8.082969665527344,1966
XFW,"Hamburg-Finkenwerder Airport","Hamburg","Germany",53.5352783203125,9.835556030273438,23
KEL,"Kiel-Holtenau Airport","Kiel","Germany",54.37944412231445,10.145277976989746,102
LBC,"Lübeck Blankensee Airport","Luebeck","Germany",53.8054008484,10.7192001343,53
ESS,"Essen Mulheim Airport","Essen","Germany",51.40230178833008,6.9373297691345215,424
BFE,"Bielefeld Airport","Bielefeld","Germany",51.964722,8.544444,454
MGL,"Mönchengladbach Airport","Moenchengladbach","Germany",51.230278,6.504444,125
PAD,"Paderborn Lippstadt Airport","Paderborn","Germany",51.614101409899995,8.616319656369999,699
DTM,"Dortmund Airport","Dortmund","Germany",51.51829910279999,7.61223983765,425
AGB,"Augsburg Airport","Augsburg","Germany",48.425278,10.931667,1516
OBF,"Oberpfaffenhofen Airport","Oberpfaffenhofen","Germany",48.081402,11.2831,1947
RBM,"Straubing Airport","Straubing","Germany",48.90083312988281,12.516667366027832,1047
FDH,"Friedrichshafen Airport","Friedrichshafen","Germany",47.671298980699994,9.51148986816,1367
SZW,"Schwerin Parchim Airport","Parchim","Germany",53.426998,11.7834,166
BYU,"Bayreuth Airport","Bayreuth","Germany",49.985001,11.64,1601
URD,"Burg Feuerstein Airport","Burg Feuerstein","Germany",49.794166564941,11.133610725403,1673
HOQ,"Hof-Plauen Airport","Hof","Germany",50.288612365722656,11.856389045715332,1959
ZQW,"Zweibrücken Airport","Zweibruecken","Germany",49.2094,7.40056,1132
ZQL,"Donaueschingen-Villingen Airport","Donaueschingen","Germany",47.97333145139999,8.52222156525,2231
BWE,"Braunschweig-Wolfsburg Airport","Braunschweig","Germany",52.319199,10.5561,295
KSF,"Kassel-Calden Airport","Kassel","Germany",51.417273,9.384967,820
BRV,"Bremerhaven Airport","Bremerhaven","Germany",53.506943,8.572778,10
EME,"Emden Airport","Emden","Germany",53.391109,7.2275,3
WVN,"Wilhelmshaven-Mariensiel Airport","Wilhelmshaven","Germany",53.502220153808594,8.05222225189209,16
BMK,"Borkum Airport","Borkum","Germany",53.59639,6.709167,3
NRD,"Norderney Airport","Norderney","Germany",53.70694351196289,7.230000019073486,7
FLF,"Flensburg-Schäferhaus Airport","Flensburg","Germany",54.77333450317383,9.378889083862305,131
GWT,"Westerland Sylt Airport","Westerland","Germany",54.9132003784,8.34047031403,51
KDL,"Kärdla Airport","Kardla","Estonia",58.99079895019531,22.830699920654297,18
URE,"Kuressaare Airport","Kuressaare","Estonia",58.22990036010742,22.50950050354004,14
EPU,"Pärnu Airport","Parnu","Estonia",58.41899871826172,24.47279930114746,47
TLL,"Lennart Meri Tallinn Airport","Tallinn-ulemiste International","Estonia",59.41329956049999,24.832799911499997,131
TAY,"Tartu Airport","Tartu","Estonia",58.3074989319,26.690399169900004,219
ENF,"Enontekio Airport","Enontekio","Finland",68.362602233887,23.424299240112,1005
KEV,"Halli Airport","Halli","Finland",61.856039,24.786686,479
HEM,"Helsinki Malmi Airport","Helsinki","Finland",60.254600524902344,25.042800903320312,57
HEL,"Helsinki Vantaa Airport","Helsinki","Finland",60.317199707031,24.963300704956,179
HYV,"Hyvinkää Airfield","Hyvinkaa","Finland",60.6543998718,24.8810997009,430
KTQ,"Kitee Airport","Kitee","Finland",62.1661,30.073601,364
IVL,"Ivalo Airport","Ivalo","Finland",68.607299804688,27.405300140381,481
JOE,"Joensuu Airport","Joensuu","Finland",62.662899017334,29.607500076294,398
JYV,"Jyvaskyla Airport","Jyvaskyla","Finland",62.399501800537,25.678300857544,459
KAU,"Kauhava Airport","Kauhava","Finland",63.127102,23.051399,151
KEM,"Kemi-Tornio Airport","Kemi","Finland",65.778701782227,24.582099914551,61
KAJ,"Kajaani Airport","Kajaani","Finland",64.285499572754,27.692399978638,483
KHJ,"Kauhajoki Airport","Kauhajoki","Finland",62.4625015259,22.3931007385,407
KOK,"Kokkola-Pietarsaari Airport","Kruunupyy","Finland",63.721199035645,23.143100738525,84
KAO,"Kuusamo Airport","Kuusamo","Finland",65.987602233887,29.239400863647,866
KTT,"Kittilä Airport","Kittila","Finland",67.700996398926,24.846799850464,644
KUO,"Kuopio Airport","Kuopio","Finland",63.007099151611,27.797800064087,323
QLF,"Lahti Vesivehmaa Airport","Vesivehmaa","Finland",61.144199,25.693501,502
LPP,"Lappeenranta Airport","Lappeenranta","Finland",61.044601,28.144743,349
MHQ,"Mariehamn Airport","Mariehamn","Finland",60.122200012207,19.898199081421,17
MIK,"Mikkeli Airport","Mikkeli","Finland",61.6866,27.201799,329
OUL,"Oulu Airport","Oulu","Finland",64.930099487305,25.354600906372,47
POR,"Pori Airport","Pori","Finland",61.461700439453,21.799999237061,44
RVN,"Rovaniemi Airport","Rovaniemi","Finland",66.564796447754,25.830400466919,642
SVL,"Savonlinna Airport","Savonlinna","Finland",61.943099975586,28.945100784302,311
SOT,"Sodankyla Airport","Sodankyla","Finland",67.3949966431,26.6191005707,602
TMP,"Tampere-Pirkkala Airport","Tampere","Finland",61.414100646973,23.604400634766,390
TKU,"Turku Airport","Turku","Finland",60.514099121094,22.262800216675,161
UTI,"Utti Air Base","Utti","Finland",60.89640045166,26.938400268555,339
VAA,"Vaasa Airport","Vaasa","Finland",63.050701141357,21.762199401855,19
VRK,"Varkaus Airport","Varkaus","Finland",62.171100616455,27.868600845337,286
YLI,"Ylivieska Airfield","Ylivieska-raudaskyla","Finland",64.0547222,24.7252778,252
BFS,"Belfast International Airport","Belfast","United Kingdom",54.6575012207,-6.2158298492399995,268
ENK,"St Angelo Airport","Enniskillen","United Kingdom",54.39889907836914,-7.651669979095459,155
BHD,"George Best Belfast City Airport","Belfast","United Kingdom",54.618099212646484,-5.872499942779541,15
LDY,"City of Derry Airport","Londonderry","United Kingdom",55.04280090332031,-7.161109924316406,22
BHX,"Birmingham International Airport","Birmingham","United Kingdom",52.453899383499994,-1.74802994728,327
CVT,"Coventry Airport","Coventry","United Kingdom",52.3697013855,-1.4797199964499999,267
GLO,"Gloucestershire Airport","Golouchestershire","United Kingdom",51.89419937133789,-2.167220115661621,101
GBA,"Cotswold Airport","Pailton","United Kingdom",51.668095,-2.05694,433
MAN,"Manchester Airport","Manchester","United Kingdom",53.35369873046875,-2.2749500274658203,257
NQY,"Newquay Cornwall Airport","Newquai","United Kingdom",50.44060134887695,-4.995409965515137,390
LYE,"RAF Lyneham","Lyneham","United Kingdom",51.5051,-1.99343,513
YEO,"RNAS Yeovilton","Yeovilton","United Kingdom",51.0093994140625,-2.638819932937622,75
HAW,"Haverfordwest Airport","Haverfordwest","United Kingdom",51.833099365234375,-4.9611101150512695,159
CWL,"Cardiff International Airport","Cardiff","United Kingdom",51.39670181274414,-3.343329906463623,220
SWS,"Swansea Airport","Swansea","United Kingdom",51.60530090332031,-4.0678300857543945,299
BRS,"Bristol Airport","Bristol","United Kingdom",51.382702,-2.71909,622
LPL,"Liverpool John Lennon Airport","Liverpool","United Kingdom",53.33359909057617,-2.849720001220703,80
LTN,"London Luton Airport","London","United Kingdom",51.874698638916016,-0.36833301186561584,526
PLH,"Plymouth City Airport","Plymouth","United Kingdom",50.422798,-4.10583,476
BOH,"Bournemouth Airport","Bournemouth","United Kingdom",50.779998779296875,-1.8424999713897705,38
SOU,"Southampton Airport","Southampton","United Kingdom",50.95029830932617,-1.3567999601364136,44
QLA,"Lasham Airport","Lasham","United Kingdom",51.187198638916016,-1.0334999561309814,618
ACI,"Alderney Airport","Alderney","Guernsey",49.706104,-2.21472,290
GCI,"Guernsey Airport","Guernsey","Guernsey",49.435001373291016,-2.6019699573516846,336
JER,"Jersey Airport","Jersey","Jersey",49.20790100097656,-2.195509910583496,277
ESH,"Shoreham Airport","Shoreham By Sea","United Kingdom",50.835602,-0.297222,7
BQH,"London Biggin Hill Airport","Biggin Hill","United Kingdom",51.33079910279999,0.0324999988079,598
LGW,"London Gatwick Airport","London","United Kingdom",51.148102,-0.190278,202
LCY,"London City Airport","London","United Kingdom",51.505299,0.055278,19
FAB,"Farnborough Airport","Farnborough","United Kingdom",51.2757987976,-0.776332974434,238
BBS,"Blackbushe Airport","Blackbushe","United Kingdom",51.32389831542969,-0.8475000262260437,325
LHR,"London Heathrow Airport","London","United Kingdom",51.4706,-0.461941,83
SEN,"Southend Airport","Southend","United Kingdom",51.5713996887207,0.6955559849739075,49
LYX,"Lydd Airport","Lydd","United Kingdom",50.95610046386719,0.9391670227050781,13
MSE,"Kent International Airport","Manston","United Kingdom",51.342201,1.34611,178
CAX,"Carlisle Airport","Carlisle","United Kingdom",54.9375,-2.8091700077056885,190
BLK,"Blackpool International Airport","Blackpool","United Kingdom",53.77170181274414,-3.0286099910736084,34
HUY,"Humberside Airport","Humberside","United Kingdom",53.57440185546875,-0.350832998752594,121
BWF,"Barrow Walney Island Airport","Barrow Island","United Kingdom",54.1286111,-3.2675,173
LBA,"Leeds Bradford Airport","Leeds","United Kingdom",53.86589813232422,-1.6605700254440308,681
WRT,"Warton Airport","Warton","United Kingdom",53.745098,-2.88306,55
CEG,"Hawarden Airport","Hawarden","United Kingdom",53.1781005859375,-2.9777801036834717,45
IOM,"Isle of Man Airport","Isle Of Man","Isle of Man",54.08330154418945,-4.623889923095703,52
NCL,"Newcastle Airport","Newcastle","United Kingdom",55.037498474121094,-1.6916699409484863,266
MME,"Durham Tees Valley Airport","Teesside","United Kingdom",54.50920104980469,-1.4294099807739258,120
EMA,"East Midlands Airport","East Midlands","United Kingdom",52.8311004639,-1.32806003094,306
KOI,"Kirkwall Airport","Kirkwall","United Kingdom",58.957801818847656,-2.9049999713897705,50
LSI,"Sumburgh Airport","Sumburgh","United Kingdom",59.87889862060547,-1.2955600023269653,20
WIC,"Wick Airport","Wick","United Kingdom",58.458900451660156,-3.09306001663208,126
ABZ,"Aberdeen Dyce Airport","Aberdeen","United Kingdom",57.201900482177734,-2.197779893875122,215
INV,"Inverness Airport","Inverness","United Kingdom",57.54249954223633,-4.047500133514404,31
GLA,"Glasgow International Airport","Glasgow","United Kingdom",55.8718986511,-4.43306016922,26
EDI,"Edinburgh Airport","Edinburgh","United Kingdom",55.95000076293945,-3.372499942779541,135
ILY,"Islay Airport","Islay","United Kingdom",55.68190002441406,-6.256669998168945,56
PIK,"Glasgow Prestwick Airport","Prestwick","United Kingdom",55.5093994140625,-4.586669921875,65
BEB,"Benbecula Airport","Benbecula","United Kingdom",57.48109817504883,-7.3627800941467285,19
SCS,"Scatsta Airport","Scatsta","United Kingdom",60.43280029296875,-1.2961100339889526,81
DND,"Dundee Airport","Dundee","United Kingdom",56.45249938964844,-3.025830030441284,17
SYY,"Stornoway Airport","Stornoway","United Kingdom",58.215599060058594,-6.331110000610352,26
TRE,"Tiree Airport","Tiree","United Kingdom",56.49919891357422,-6.869170188903809,38
ADX,"RAF Leuchars","Leuchars","United Kingdom",56.37289810180664,-2.8684399127960205,38
LMO,"RAF Lossiemouth","Lossiemouth","United Kingdom",57.7052001953125,-3.339169979095459,42
CBG,"Cambridge Airport","Cambridge","United Kingdom",52.205002,0.175,47
NWI,"Norwich International Airport","Norwich","United Kingdom",52.6758003235,1.28278005123,117
STN,"London Stansted Airport","London","United Kingdom",51.8849983215,0.234999999404,348
EXT,"Exeter International Airport","Exeter","United Kingdom",50.73440170288086,-3.4138898849487305,102
FZO,"Bristol Filton Airport","Bristol","United Kingdom",51.5194015503,-2.59083008766,226
OXF,"Oxford (Kidlington) Airport","Oxford","United Kingdom",51.8368988037,-1.32000005245,270
BEX,"RAF Benson","Benson","United Kingdom",51.616401672399995,-1.09582996368,226
LKZ,"RAF Lakenheath","Lakenheath","United Kingdom",52.409301757799994,0.56099998951,32
MHZ,"RAF Mildenhall","Mildenhall","United Kingdom",52.361900329589844,0.48640599846839905,33
QUY,"RAF Wyton","Wyton","United Kingdom",52.3572006226,-0.107832998037,135
FFD,"RAF Fairford","Fairford","United Kingdom",51.6822013855,-1.7900300025900002,286
BZZ,"RAF Brize Norton","Brize Norton","United Kingdom",51.75,-1.58362,288
ODH,"RAF Odiham","Odiham","United Kingdom",51.2341003418,-0.94282501936,405
NHT,"RAF Northolt","Northolt","United Kingdom",51.553001403799996,-0.418166995049,124
QCY,"RAF Coningsby","Coningsby","United Kingdom",53.0929985046,-0.166014000773,25
BEQ,"RAF Honington","Honington","United Kingdom",52.34260177612305,0.7729390263557434,174
SQZ,"RAF Scampton","Scampton","United Kingdom",53.307800293,-0.550832986832,202
HRT,"RAF Linton-On-Ouse","Linton-on-ouse","United Kingdom",54.0489006042,-1.2527500391,53
WTN,"RAF Waddington","Waddington","United Kingdom",53.1661987305,-0.523810982704,231
KNF,"RAF Marham","Marham","United Kingdom",52.648395,0.550692,75
MPN,"Mount Pleasant Airport","Mount Pleasant","Falkland Islands",-51.82279968261719,-58.447200775146484,244
AMS,"Amsterdam Airport Schiphol","Amsterdam","Netherlands",52.308601,4.76389,-11
MST,"Maastricht Aachen Airport","Maastricht","Netherlands",50.911701,5.77014,375
EIN,"Eindhoven Airport","Eindhoven","Netherlands",51.4500999451,5.37452983856,74
GRQ,"Eelde Airport","Groningen","Netherlands",53.1197013855,6.57944011688,17
GLZ,"Gilze Rijen Air Base","Gilze-rijen","Netherlands",51.56740188598633,4.931829929351807,49
DHR,"De Kooy Airport","De Kooy","Netherlands",52.92340087890625,4.780620098114014,3
LEY,"Lelystad Airport","Lelystad","Netherlands",52.4603,5.52722,-13
LWR,"Leeuwarden Air Base","Leeuwarden","Netherlands",53.228599548339844,5.760560035705566,3
RTM,"Rotterdam The Hague Airport","Rotterdam","Netherlands",51.956902,4.43722,-15
UTC,"Soesterberg Air Base","Soesterberg","Netherlands",52.1273002625,5.27618980408,66
ENS,"Twente Airport","Enschede","Netherlands",52.275833,6.889167,114
LID,"Valkenburg Naval Air Base","Valkenburg","Netherlands",52.166099548300004,4.41794013977,1
WOE,"Woensdrecht Air Base","Woensdrecht","Netherlands",51.4491,4.34203,63
ORK,"Cork Airport","Cork","Ireland",51.84130096435547,-8.491109848022461,502
GWY,"Galway Airport","Galway","Ireland",53.300201416015625,-8.941590309143066,81
DUB,"Dublin Airport","Dublin","Ireland",53.421299,-6.27007,242
NOC,"Ireland West Knock Airport","Connaught","Ireland",53.910301208496094,-8.818490028381348,665
KIR,"Kerry Airport","Kerry","Ireland",52.18090057373047,-9.52377986907959,112
SNN,"Shannon Airport","Shannon","Ireland",52.702,-8.92482,46
SXL,"Sligo Airport","Sligo","Ireland",54.280200958252,-8.5992097854614,11
WAT,"Waterford Airport","Waterford","Ireland",52.187198638916016,-7.0869598388671875,119
AAR,"Aarhus Airport","Aarhus","Denmark",56.2999992371,10.619000434899998,82
BLL,"Billund Airport","Billund","Denmark",55.7402992249,9.15178012848,247
CPH,"Copenhagen Kastrup Airport","Copenhagen","Denmark",55.617900848389,12.656000137329,17
EBJ,"Esbjerg Airport","Esbjerg","Denmark",55.525902,8.5534,97
KRP,"Karup Airport","Karup","Denmark",56.29750061035156,9.124629974365234,170
BYR,"Læsø Airport","Laeso","Denmark",57.277198791503906,11.000100135803223,25
MRW,"Lolland Falster Maribo Airport","Maribo","Denmark",54.699299,11.4401,16
ODE,"Odense Airport","Odense","Denmark",55.47669982910156,10.330900192260742,56
RKE,"Copenhagen Roskilde Airport","Copenhagen","Denmark",55.585601806640625,12.131400108337402,146
RNN,"Bornholm Airport","Ronne","Denmark",55.06330108642578,14.759599685668945,52
SGD,"Sønderborg Airport","Soenderborg","Denmark",54.96440124511719,9.791729927062988,24
SKS,"Skrydstrup Air Base","Skrydstrup","Denmark",55.221048,9.26702,141
SQW,"Skive Airport","Skive","Denmark",56.550201416015625,9.172980308532715,74
TED,"Thisted Airport","Thisted","Denmark",57.06880187988281,8.705220222473145,23
FAE,"Vagar Airport","Vagar","Faroe Islands",62.0635986328125,-7.277219772338867,280
STA,"Stauning Airport","Stauning","Denmark",55.9901008605957,8.353910446166992,17
AAL,"Aalborg Airport","Aalborg","Denmark",57.0927589138,9.84924316406,10
LUX,"Luxembourg-Findel International Airport","Luxemburg","Luxembourg",49.6233333,6.2044444,1234
AES,"Ålesund Airport","Alesund","Norway",62.5625,6.119699954986572,69
ANX,"Andøya Airport","Andoya","Norway",69.292503356934,16.144199371338,43
ALF,"Alta Airport","Alta","Norway",69.976097106934,23.371700286865,9
BNN,"Brønnøysund Airport","Bronnoysund","Norway",65.461097717285,12.217499732971,25
BOO,"Bodø Airport","Bodo","Norway",67.26920318603516,14.365300178527832,42
BGO,"Bergen Airport Flesland","Bergen","Norway",60.29339981,5.218140125,170
BJF,"Båtsfjord Airport","Batsfjord","Norway",70.60050201416,29.691400527954,490
KRS,"Kristiansand Airport","Kristiansand","Norway",58.204201,8.08537,57
DLD,"Geilo Airport Dagali","Geilo","Norway",60.417301177978516,8.518349647521973,2618
BDU,"Bardufoss Airport","Bardufoss","Norway",69.055801391602,18.540399551392,252
VDB,"Leirin Airport","Fagernes","Norway",61.015598297119,9.2880601882935,2697
FRO,"Florø Airport","Floro","Norway",61.583599090576,5.0247201919556,37
OSL,"Oslo Lufthavn","Oslo","Norway",60.121,11.0502,681
HAU,"Haugesund Airport","Haugesund","Norway",59.34529876709,5.2083601951599,86
HAA,"Hasvik Airport","Hasvik","Norway",70.486701965332,22.139699935913,21
KSU,"Kristiansund Airport (Kvernberget)","Kristiansund","Norway",63.111801147461,7.824520111084,204
KKN,"Kirkenes Airport (Høybuktmoen)","Kirkenes","Norway",69.725799560547,29.891300201416,283
FAN,"Lista Airport","Farsund","Norway",58.0994987487793,6.626049995422363,29
MOL,"Molde Airport","Molde","Norway",62.744701385498,7.2624998092651,10
MJF,"Mosjøen Airport (Kjærstad)","Mosjoen","Norway",65.783996582031,13.214900016785,237
LKL,"Banak Airport","Lakselv","Norway",70.068801879883,24.973499298096,25
NTB,"Notodden Airport","Notodden","Norway",59.565701,9.21222,63
OLA,"Ørland Airport","Orland","Norway",63.69889831542969,9.604000091552734,28
RRS,"Røros Airport","Roros","Norway",62.578399658203,11.342300415039,2054
SKE,"Skien Airport","Skien","Norway",59.185001373291016,9.566940307617188,463
SRP,"Stord Airport","Stord","Norway",59.791900634765625,5.340849876403809,160
SSJ,"Sandnessjøen Airport (Stokka)","Sandnessjoen","Norway",65.956802368164,12.468899726868,56
TRD,"Trondheim Airport Værnes","Trondheim","Norway",63.4578018,10.9239998,56
SVG,"Stavanger Airport Sola","Stavanger","Norway",58.876701354,5.6377801895,29
GDN,"Gdańsk Lech Wałęsa Airport","Gdansk","Poland",54.377601623535156,18.46619987487793,489
KRK,"Kraków John Paul II International Airport","Krakow","Poland",50.077702,19.7848,791
KTW,"Katowice International Airport","Katowice","Poland",50.4743,19.08,995
POZ,"Poznań-Ławica Airport","Poznan","Poland",52.421001434299995,16.8262996674,308
RZE,"Rzeszów-Jasionka Airport","Rzeszow","Poland",50.1100006104,22.0189990997,675
SZZ,"Szczecin-Goleniów Solidarność Airport","Szczecin","Poland",53.584701538100006,14.902199745199999,154
OSP,"Redzikowo Air Base","Slupsk","Poland",54.47890090942383,17.107500076293945,217
WAW,"Warsaw Chopin Airport","Warsaw","Poland",52.1656990051,20.967100143399996,362
WRO,"Copernicus Wrocław Airport","Wroclaw","Poland",51.1026992798,16.885799408,404
IEG,"Zielona Góra-Babimost Airport","Zielona Gora","Poland",52.138500213600004,15.7986001968,194
RNB,"Ronneby Airport","Ronneby","Sweden",56.266700744629,15.265000343323,191
GOT,"Gothenburg-Landvetter Airport","Gothenborg","Sweden",57.662799835205,12.279800415039,506
JKG,"Jönköping Airport","Joenkoeping","Sweden",57.757598876953125,14.068699836730957,741
LDK,"Lidköping-Hovby Airport","Lidkoping","Sweden",58.4655,13.1744,200
GSE,"Gothenburg City Airport","Gothenborg","Sweden",57.7747,11.8704,59
KVB,"Skövde Airport","Skovde","Sweden",58.45640182495117,13.972700119018555,324
THN,"Trollhättan-Vänersborg Airport","Trollhattan","Sweden",58.31809997558594,12.345000267028809,137
KSK,"Karlskoga Airport","Karlskoga","Sweden",59.34590148925781,14.49590015411377,400
MXX,"Mora Airport","Mora","Sweden",60.957901,14.5114,634
NYO,"Stockholm Skavsta Airport","Stockholm","Sweden",58.78860092163086,16.912200927734375,140
KID,"Kristianstad Airport","Kristianstad","Sweden",55.92169952392578,14.08549976348877,76
OSK,"Oskarshamn Airport","Oskarshamn","Sweden",57.350498,16.497999,96
KLR,"Kalmar Airport","Kalkmar","Sweden",56.68550109863281,16.287599563598633,17
MMX,"Malmö Sturup Airport","Malmoe","Sweden",55.536305364,13.376197814900001,236
HAD,"Halmstad Airport","Halmstad","Sweden",56.69110107421875,12.820199966430664,101
VXO,"Växjö Kronoberg Airport","Vaxjo","Sweden",56.929100036621094,14.727999687194824,610
EVG,"Sveg Airport","Sveg","Sweden",62.04779815673828,14.422900199890137,1178
GEV,"Gällivare Airport","Gallivare","Sweden",67.13240051269531,20.814599990844727,1027
HUV,"Hudiksvall Airport","Hudiksvall","Sweden",61.7681007385,17.0806999207,95
KRF,"Kramfors Sollefteå Airport","Kramfors","Sweden",63.04859924316406,17.76889991760254,34
LYC,"Lycksele Airport","Lycksele","Sweden",64.54830169677734,18.71619987487793,705
SDL,"Sundsvall-Härnösand Airport","Sundsvall","Sweden",62.528099060058594,17.443899154663086,16
OER,"Örnsköldsvik Airport","Ornskoldsvik","Sweden",63.40829849243164,18.989999771118164,354
KRN,"Kiruna Airport","Kiruna","Sweden",67.821998596191,20.336799621582,1508
SFT,"Skellefteå Airport","Skelleftea","Sweden",64.62480163574219,21.076900482177734,157
UME,"Umeå Airport","Umea","Sweden",63.791801452637,20.282800674438,24
VHM,"Vilhelmina Airport","Vilhelmina","Sweden",64.5791015625,16.833599090576172,1140
AJR,"Arvidsjaur Airport","Arvidsjaur","Sweden",65.59030151367188,19.28190040588379,1245
ORB,"Örebro Airport","Orebro","Sweden",59.22370147705078,15.038000106811523,188
VST,"Stockholm Västerås Airport","Vasteras","Sweden",59.58940124511719,16.63360023498535,21
LLA,"Luleå Airport","Lulea","Sweden",65.543800354004,22.121999740601,65
ARN,"Stockholm-Arlanda Airport","Stockholm","Sweden",59.651901245117,17.918600082397,137
BMA,"Stockholm-Bromma Airport","Stockholm","Sweden",59.354400634765625,17.941699981689453,47
BLE,"Borlange Airport","Borlange","Sweden",60.422000885009766,15.515199661254883,503
HLF,"Hultsfred Airport","Hultsfred","Sweden",57.525799,15.8233,366
GVX,"Gävle Sandviken Airport","Gavle","Sweden",60.593299865722656,16.951400756835938,224
LPI,"Linköping City Airport","Linkoeping","Sweden",58.4062004089,15.680500030500001,172
NRK,"Norrköping Airport","Norrkoeping","Sweden",58.586299896240234,16.250600814819336,32
EKT,"Eskilstuna Airport","Eskilstuna","Sweden",59.35110092163086,16.70840072631836,139
VBY,"Visby Airport","Visby","Sweden",57.662799835205,18.346200942993,164
SPM,"Spangdahlem Air Base","Spangdahlem","Germany",49.9726982117,6.69250011444,1197
RMS,"Ramstein Air Base","Ramstein","Germany",49.4369010925293,7.600279808044434,776
GHF,"[Duplicate] Giebelstadt Army Air Field","Giebelstadt","Germany",49.648101806599996,9.966489791870002,980
ZCN,"Celle Airport","Celle","Germany",52.59120178222656,10.022100448608398,129
FRZ,"Fritzlar Airport","Fritzlar","Germany",51.1146,9.286,1345
ZNF,"Hanau Army Air Field","Hanau","Germany",50.169201,8.96159,368
KZG,"Flugplatz Kitzingen","Kitzingen","Germany",49.743099,10.2006,689
FCN,"Nordholz Naval Airbase","Nordholz","Germany",53.7677001953,8.658499717709999,74
GKE,"Geilenkirchen Air Base","Geilenkirchen","Germany",50.9608,6.04242,296
RLG,"Rostock-Laage Airport","Laage","Germany",53.9182014465,12.278300285299999,138
WBG,"Schleswig Air Base","Schleswig","Germany",54.459301,9.51633,70
WIE,"Wiesbaden Army Airfield","Wiesbaden","Germany",50.049800872802734,8.325400352478027,461
FEL,"Fürstenfeldbruck Air Base","Fuerstenfeldbruck","Germany",48.205555,11.266944,1703
IGS,"Ingolstadt Manching Airport","Ingolstadt","Germany",48.7156982421875,11.534000396728516,1202
GUT,"Gütersloh Air Base","Guetersloh","Germany",51.922798,8.30633,236
ALJ,"Alexander Bay Airport","Alexander Bay","South Africa",-28.575001,16.5333,98
AGZ,"Aggeneys Airport","Aggeneys","South Africa",-29.28179931640625,18.813899993896484,2648
BIY,"Bisho Airport","Bisho","South Africa",-32.8970985413,27.279100418099997,1950
BFN,"Bram Fischer International Airport","Bloemfontein","South Africa",-29.092699050900002,26.302400589,4458
CPT,"Cape Town International Airport","Cape Town","South Africa",-33.9648017883,18.6016998291,151
DUR,"King Shaka International Airport","Durban","South Africa",-29.6144444444,31.1197222222,295
ELS,"Ben Schoeman Airport","East London","South Africa",-33.0355987549,27.825899124099998,435
FCB,"Ficksburg Sentraoes Airport","Ficksburg","South Africa",-28.82309913635254,27.908899307250977,5315
GCJ,"Grand Central Airport","Johannesburg","South Africa",-25.986299514799995,28.1401004791,5325
GRJ,"George Airport","George","South Africa",-34.0056,22.378902,648
HRS,"Harrismith Airport","Harrismith","South Africa",-28.23509979248047,29.106199264526367,5585
HDS,"Hoedspruit Air Force Base Airport","Hoedspruit","South Africa",-24.368600845299998,31.0487003326,1743
JNB,"OR Tambo International Airport","Johannesburg","South Africa",-26.1392,28.246,5558
KXE,"P C Pelser Airport","Klerksdorp","South Africa",-26.8710994720459,26.718000411987305,4444
KIM,"Kimberley Airport","Kimberley","South Africa",-28.802799224900003,24.7651996613,3950
KMH,"Johan Pienaar Airport","Kuruman","South Africa",-27.45669937133789,23.411399841308594,4382
KLZ,"Kleinsee Airport","Kleinsee","South Africa",-29.6884002686,17.093999862700002,270
HLA,"Lanseria Airport","Johannesburg","South Africa",-25.938499450699997,27.9260997772,4517
SDB,"Langebaanweg Airport","Langebaanweg","South Africa",-32.968898773199996,18.1602993011,108
LAY,"Ladysmith Airport","Ladysmith","South Africa",-28.5816993713,29.749700546299998,3548
MGH,"Margate Airport","Margate","South Africa",-30.8574008942,30.343000412,495
LLE,"Riverside Airport","Malalane","South Africa",-25.4300003052,31.5767002106,1024
MZQ,"Mkuze Airport","Mkuze","South Africa",-27.626100540161133,32.0443000793457,400
NCS,"Newcastle Airport","Newcastle","South Africa",-27.7705993652,29.976900100699996,4074
OVG,"Overberg Airport","Overberg","South Africa",-34.554901123,20.250699996900003,52
OUH,"Oudtshoorn Airport","Oudtshoorn","South Africa",-33.6069984436,22.188999176,1063
PLZ,"Port Elizabeth Airport","Port Elizabeth","South Africa",-33.9849014282,25.6173000336,226
PBZ,"Plettenberg Bay Airport","Plettenberg Bay","South Africa",-34.0881601675,23.3287234306,465
PHW,"Hendrik Van Eck Airport","Phalaborwa","South Africa",-23.937200546299998,31.1553993225,1432
JOH,"Port St Johns Airport","Port Saint Johns","South Africa",-31.605899810791016,29.519800186157227,1227
PZB,"Pietermaritzburg Airport","Pietermaritzburg","South Africa",-29.649000167799997,30.3987007141,2423
NTY,"Pilanesberg International Airport","Pilanesberg","South Africa",-25.333799362199997,27.173400878900004,3412
PTG,"Polokwane International Airport","Potgietersrus","South Africa",-23.845269,29.458615,4076
PCF,"Potchefstroom Airport","Potchefstroom","South Africa",-26.670999527,27.0818996429,4520
UTW,"Queenstown Airport","Queenstown","South Africa",-31.92020034790039,26.882200241088867,3637
RCB,"Richards Bay Airport","Richard's Bay","South Africa",-28.740999221800003,32.0920982361,109
ROD,"Robertson Airport","Robertson","South Africa",-33.812198638916016,19.902799606323242,640
SBU,"Springbok Airport","Springbok","South Africa",-29.689300537109375,17.939599990844727,2690
ZEC,"Secunda Airport","Secunda","South Africa",-26.52409935,29.170099258399997,5250
SIS,"Sishen Airport","Sishen","South Africa",-27.6485996246,22.9993000031,3848
SZK,"Skukuza Airport","Skukuza","South Africa",-24.960899353,31.5886993408,1020
LTA,"Tzaneen Airport","Tzaneen","South Africa",-23.8243999481,30.329299926799997,1914
ULD,"Prince Mangosuthu Buthelezi Airport","Ulundi","South Africa",-28.3206005096,31.4165000916,1720
UTN,"Pierre Van Ryneveld Airport","Upington","South Africa",-28.39909935,21.260200500499998,2782
UTT,"K. D. Matanzima Airport","Umtata","South Africa",-31.546363184900002,28.6733551025,2400
VRU,"Vryburg Airport","Vryburg","South Africa",-26.9824008942,24.7287998199,3920
VIR,"Virginia Airport","Durban","South Africa",-29.770599365234375,31.058399200439453,20
VRE,"Vredendal Airport","Vredendal","South Africa",-31.641000747680664,18.5447998046875,330
PRY,"Wonderboom Airport","Pretoria","South Africa",-25.6539,28.224199,4095
WKF,"Waterkloof Air Force Base","Waterkloof","South Africa",-25.829999923699997,28.222499847399998,4940
FRW,"Francistown Airport","Francistown","Botswana",-21.15959930419922,27.47450065612793,3283
JWA,"Jwaneng Airport","Jwaneng","Botswana",-24.6023006439209,24.69099998474121,3900
BBK,"Kasane Airport","Kasane","Botswana",-17.83289909362793,25.162399291992188,3289
MUB,"Maun Airport","Maun","Botswana",-19.97260093688965,23.431100845336914,3093
GBE,"Sir Seretse Khama International Airport","Gaberone","Botswana",-24.555201,25.9182,3299
PKW,"Selebi Phikwe Airport","Selebi-phikwe","Botswana",-22.0583,27.8288,2925
BZV,"Maya-Maya Airport","Brazzaville","Congo (Brazzaville)",-4.251699924468994,15.253000259399414,1048
FTX,"Owando Airport","Owando","Congo (Kinshasa)",-0.5313500165939331,15.95009994506836,1214
OUE,"Ouesso Airport","Ouesso","Congo (Kinshasa)",1.6159900426899998,16.0379009247,1158
PNR,"Pointe Noire Airport","Pointe-noire","Congo (Brazzaville)",-4.816030025482178,11.88659954071045,55
MTS,"Matsapha Airport","Manzini","Swaziland",-26.52899932861328,31.3075008392334,2075
BGF,"Bangui M'Poko International Airport","Bangui","Central African Republic",4.39847993850708,18.518800735473633,1208
BBT,"Berbérati Airport","Berberati","Central African Republic",4.2215800285339355,15.786399841308594,1929
BSG,"Bata Airport","Bata","Equatorial Guinea",1.9054700136184692,9.805680274963379,13
SSG,"Malabo Airport","Malabo","Equatorial Guinea",3.755270004272461,8.708720207214355,76
ASI,"RAF Ascension Island","Wide Awake","Saint Helena",-7.9696,-14.3937,278
MRU,"Sir Seewoosagur Ramgoolam International Airport","Plaisance","Mauritius",-20.430201,57.683601,186
RRG,"Sir Charles Gaetan Duval Airport","Rodriguez Island","Mauritius",-19.7577,63.361,95
NKW,"Diego Garcia Naval Support Facility","Diego Garcia Island","British Indian Ocean Territory",-7.31327,72.411102,9
TKC,"Tiko Airport","Tiko","Cameroon",4.08919000626,9.360529899600001,151
DLA,"Douala International Airport","Douala","Cameroon",4.0060801506,9.719479560849999,33
MVR,"Salak Airport","Maroua","Cameroon",10.451399803161621,14.257399559020996,1390
FOM,"Foumban Nkounja Airport","Foumban","Cameroon",5.636919975280762,10.750800132751465,3963
NGE,"N'Gaoundéré Airport","N'gaoundere","Cameroon",7.3570098876953125,13.559200286865234,3655
GOU,"Garoua International Airport","Garoua","Cameroon",9.33588981628418,13.370100021362305,794
BFX,"Bafoussam Airport","Bafoussam","Cameroon",5.536920070650001,10.354599952700001,4347
BPC,"Bamenda Airport","Bamenda","Cameroon",6.039239883422852,10.122599601745605,4065
YAO,"Yaoundé Airport","Yaounde","Cameroon",3.8360400199890137,11.523500442504883,2464
CGJ,"Kasompe Airport","Kasompe","Zambia",-12.572799682617,27.893899917603,4636
LVI,"Livingstone Airport","Livingstone","Zambia",-17.821800231933594,25.82270050048828,3302
LUN,"Kenneth Kaunda International Airport Lusaka","Lusaka","Zambia",-15.3308000565,28.4526004791,3779
MFU,"Mfuwe Airport","Mfuwe","Zambia",-13.258899688720703,31.936599731445312,1853
MNR,"Mongu Airport","Mongu","Zambia",-15.254500389099121,23.16230010986328,3488
NLA,"Simon Mwansa Kapwepwe International Airport","Ndola","Zambia",-12.998100280762,28.66489982605,4167
KIW,"Southdowns Airport","Southdowns","Zambia",-12.900500297546387,28.149900436401367,4145
HAH,"Prince Said Ibrahim International Airport","Moroni","Comoros",-11.5337,43.2719,93
NWA,"Mohéli Bandar Es Eslam Airport","Moheli","Comoros",-12.298100471496582,43.76639938354492,46
AJN,"Ouani Airport","Anjouan","Comoros",-12.131699562072754,44.430301666259766,62
DZA,"Dzaoudzi Pamandzi International Airport","Dzaoudzi","Mayotte",-12.804699897766113,45.28110122680664,23
RUN,"Roland Garros Airport","St.-denis","Reunion",-20.887100219726562,55.51029968261719,66
ZSE,"Pierrefonds Airport","St.-pierre","Reunion",-21.320899963378906,55.42499923706055,59
TNR,"Ivato Airport","Antananarivo","Madagascar",-18.7969,47.478802,4198
ZVA,"Miandrivazo Airport","Miandrivazo","Madagascar",-19.56279945373535,45.450801849365234,203
SMS,"Sainte Marie Airport","Sainte Marie","Madagascar",-17.093900680541992,49.815799713134766,7
TMM,"Toamasina Airport","Toamasina","Madagascar",-18.109500885009766,49.39250183105469,22
MOQ,"Morondava Airport","Morondava","Madagascar",-20.284700393676758,44.31760025024414,30
DIE,"Arrachart Airport","Antsiranana","Madagascar",-12.34939956665039,49.29169845581055,374
WMR,"Mananara Nord Airport","Mananara","Madagascar",-16.16390037536621,49.773799896240234,9
ZWA,"Andapa Airport","Andapa","Madagascar",-14.651700019836426,49.620601654052734,1552
AMB,"Ambilobe Airport","Ambilobe","Madagascar",-13.188400268554688,48.987998962402344,72
ANM,"Antsirabato Airport","Antalaha","Madagascar",-14.99940013885498,50.3202018737793,20
HVA,"Analalava Airport","Analalava","Madagascar",-14.62969970703125,47.76380157470703,345
MJN,"Amborovy Airport","Mahajanga","Madagascar",-15.6668417421,46.351232528699995,87
NOS,"Fascene Airport","Nosy-be","Madagascar",-13.3121004105,48.3148002625,36
BPY,"Besalampy Airport","Besalampy","Madagascar",-16.744530296500002,44.4824838638,125
WMN,"Maroantsetra Airport","Maroantsetra","Madagascar",-15.436699867248535,49.68830108642578,13
SVB,"Sambava Airport","Sambava","Madagascar",-14.278599739074707,50.17470169067383,20
VOH,"Vohimarina Airport","Vohemar","Madagascar",-13.375800132751465,50.00279998779297,19
WAI,"Ambalabe Airport","Antsohihy","Madagascar",-14.898799896240234,47.993900299072266,92
IVA,"Ampampamena Airport","Ampampamena","Madagascar",-13.484816,48.632702,49
FTU,"Tôlanaro Airport","Tolagnaro","Madagascar",-25.03809928894043,46.95610046386719,29
WFI,"Fianarantsoa Airport","Fianarantsoa","Madagascar",-21.441600799560547,47.111698150634766,3658
RVA,"Farafangana Airport","Farafangana","Madagascar",-22.805299758911133,47.82059860229492,26
WVK,"Manakara Airport","Manakara","Madagascar",-22.119699478149414,48.02170181274414,33
MNJ,"Mananjary Airport","Mananjary","Madagascar",-21.201799392700195,48.358299255371094,20
MXM,"Morombe Airport","Morombe","Madagascar",-21.7539005279541,43.3754997253418,16
TLE,"Toliara Airport","Toliara","Madagascar",-23.383399963378906,43.72850036621094,29
SSY,"Mbanza Congo Airport","M'banza-congo","Angola",-6.269899845123291,14.246999740600586,1860
BUG,"Benguela Airport","Benguela","Angola",-12.609000206,13.4036998749,118
CAB,"Cabinda Airport","Cabinda","Angola",-5.59699010848999,12.188400268554688,66
NOV,"Nova Lisboa Airport","Huambo","Angola",-12.808899879455566,15.760499954223633,5587
SVP,"Kuito Airport","Kuito","Angola",-12.404600143433,16.947399139404,5618
LAD,"Quatro de Fevereiro Airport","Luanda","Angola",-8.85837,13.2312,243
MEG,"Malanje Airport","Malanje","Angola",-9.525090217590332,16.312400817871094,3868
SPP,"Menongue Airport","Menongue","Angola",-14.657600402832031,17.71980094909668,4469
GXG,"Negage Airport","Negage","Angola",-7.754509925842285,15.287699699401855,4105
PBN,"Porto Amboim Airport","Porto Amboim","Angola",-10.722000122070312,13.76550006866455,16
VHC,"Saurimo Airport","Saurimo","Angola",-9.689069747924805,20.431900024414062,3584
SZA,"Soyo Airport","Soyo","Angola",-6.141089916229248,12.371800422668457,15
SDD,"Lubango Airport","Lubango","Angola",-14.924699783325195,13.574999809265137,5778
LUO,"Luena Airport","Luena","Angola",-11.768099784851074,19.8976993560791,4360
UGO,"Uige Airport","Uige","Angola",-7.60306978225708,15.027799606323242,2720
XGN,"Xangongo Airport","Xangongo","Angola",-16.755399703979492,14.965299606323242,3635
OYE,"Oyem Airport","Oyem","Gabon",1.5431100130081177,11.581399917602539,2158
OKN,"Okondja Airport","Okondja","Gabon",-0.6652140021324158,13.673100471496582,1325
LBQ,"Lambarene Airport","Lambarene","Gabon",-0.7043889760971069,10.245699882507324,82
BMM,"Bitam Airport","Bitam","Gabon",2.0756399631500244,11.493200302124023,1969
POG,"Port Gentil Airport","Port Gentil","Gabon",-0.7117390036582947,8.754380226135254,13
OMB,"Omboue Hopital Airport","Omboue Hospial","Gabon",-1.5747300386428833,9.262689590454102,33
MKU,"Makokou Airport","Makokou","Gabon",0.5792109966278076,12.890899658203125,1726
LBV,"Libreville Leon M'ba International Airport","Libreville","Gabon",0.458600014448,9.412280082699999,39
MVB,"M'Vengue El Hadj Omar Bongo Ondimba International Airport","Franceville","Gabon",-1.6561599969863892,13.437999725341797,1450
PCP,"Principe Airport","Principe","Sao Tome and Principe",1.6629400253295898,7.411739826202393,591
TMS,"São Tomé International Airport","Sao Tome","Sao Tome and Principe",0.3781749904155731,6.7121500968933105,33
BEW,"Beira Airport","Beira","Mozambique",-19.79640007019043,34.90760040283203,33
INH,"Inhambane Airport","Inhambane","Mozambique",-23.876399993896484,35.40850067138672,30
VXC,"Lichinga Airport","Lichinga","Mozambique",-13.274,35.2663,4505
LFB,"Lumbo Airport","Lumbo","Mozambique",-15.0331001282,40.671699523899996,33
MPM,"Maputo Airport","Maputo","Mozambique",-25.920799,32.572601,145
MUD,"Mueda Airport","Mueda","Mozambique",-11.672900199890137,39.5630989074707,2789
MZB,"Mocímboa da Praia Airport","Mocimboa Da Praia","Mozambique",-11.361800193786621,40.35490036010742,89
MNC,"Nacala Airport","Nacala","Mozambique",-14.488200187683105,40.71220016479492,410
APL,"Nampula Airport","Nampula","Mozambique",-15.105600357055664,39.28179931640625,1444
POL,"Pemba Airport","Pemba","Mozambique",-12.991762161254883,40.52401351928711,331
UEL,"Quelimane Airport","Quelimane","Mozambique",-17.855499267578125,36.86909866333008,36
TET,"Chingozi Airport","Tete","Mozambique",-16.104799270629883,33.640201568603516,525
VNX,"Vilankulo Airport","Vilankulu","Mozambique",-22.018400192260742,35.31330108642578,46
DES,"Desroches Airport","Desroches","Seychelles",-5.6967,53.6558,10
SEZ,"Seychelles International Airport","Mahe","Seychelles",-4.67434,55.521801,10
PRI,"Praslin Airport","Praslin","Seychelles",-4.3192901611328125,55.69139862060547,10
AEH,"Abeche Airport","Abeche","Chad",13.847000122070312,20.84429931640625,1788
MQQ,"Moundou Airport","Moundou","Chad",8.624409675598145,16.071399688720703,1407
NDJ,"N'Djamena International Airport","N'djamena","Chad",12.1337,15.034,968
FYT,"Faya Largeau Airport","Faya-largeau","Chad",17.91710090637207,19.111099243164062,771
BUQ,"Joshua Mqabuko Nkomo International Airport","Bulawayo","Zimbabwe",-20.017401,28.617901,4359
BFO,"Buffalo Range Airport","Chiredzi","Zimbabwe",-21.008101,31.5786,1421
VFA,"Victoria Falls International Airport","Victoria Falls","Zimbabwe",-18.09589958190918,25.839000701904297,3490
HRE,"Robert Gabriel Mugabe International Airport","Harare","Zimbabwe",-17.931801,31.0928,4887
KAB,"Kariba International Airport","Kariba","Zimbabwe",-16.519800186157227,28.885000228881836,1706
UTA,"Mutare Airport","Mutare","Zimbabwe",-18.997499465942,32.627201080322,3410
MVZ,"Masvingo International Airport","Masvingo","Zimbabwe",-20.055299758911133,30.859100341796875,3595
GWE,"Thornhill Air Base","Gwert","Zimbabwe",-19.436399459838867,29.861900329589844,4680
HWN,"Hwange National Park Airport","Hwange National Park","Zimbabwe",-18.629899978637695,27.020999908447266,3543
BLZ,"Chileka International Airport","Blantyre","Malawi",-15.679100036621094,34.9739990234375,2555
KGJ,"Karonga Airport","Karonga","Malawi",-9.953570365905762,33.893001556396484,1765
KBQ,"Kasungu Airport","Kasungu","Malawi",-13.014599800109863,33.46860122680664,3470
LLW,"Lilongwe International Airport","Lilongwe","Malawi",-13.7894001007,33.78099823,4035
ZZU,"Mzuzu Airport","Mzuzu","Malawi",-11.444700241088867,34.01179885864258,4115
MSU,"Moshoeshoe I International Airport","Maseru","Lesotho",-29.462299346923828,27.552499771118164,5348
FIH,"Ndjili International Airport","Kinshasa","Congo (Kinshasa)",-4.38575,15.4446,1027
NLO,"Ndolo Airport","Kinshasa","Congo (Kinshasa)",-4.32666015625,15.327500343323,915
MNB,"Muanda Airport","Muanda","Congo (Kinshasa)",-5.9308600425720215,12.351799964904785,89
FDU,"Bandundu Airport","Bandoundu","Congo (Kinshasa)",-3.3113200664520264,17.38170051574707,1063
KKW,"Kikwit Airport","Kikwit","Congo (Kinshasa)",-5.035769939422607,18.785600662231445,1572
MDK,"Mbandaka Airport","Mbandaka","Congo (Kinshasa)",0.0226000007242,18.2887001038,1040
BDT,"Gbadolite Airport","Gbadolite","Congo (Kinshasa)",4.253210067749023,20.975299835205078,1509
GMA,"Gemena Airport","Gemena","Congo (Kinshasa)",3.2353699207299997,19.771299362199997,1378
KLI,"Kotakoli Airport","Kotakoli","Congo (Kinshasa)",4.157639980316162,21.65089988708496,1801
LIQ,"Lisala Airport","Lisala","Congo (Kinshasa)",2.17066,21.496901,1509
FKI,"Bangoka International Airport","Kisangani","Congo (Kinshasa)",0.481638997793,25.3379993439,1417
IRP,"Matari Airport","Isiro","Congo (Kinshasa)",2.8276100158691406,27.588300704956055,2438
BUX,"Bunia Airport","Bunia","Congo (Kinshasa)",1.5657199621200562,30.220800399780273,4045
BZU,"Buta Zega Airport","Buta Zega","Congo (Kinshasa)",2.818350076675415,24.793699264526367,1378
BKY,"Bukavu Kavumu Airport","Bukavu/kavumu","Congo (Kinshasa)",-2.3089799880981445,28.808799743652344,5643
GOM,"Goma International Airport","Goma","Congo (Kinshasa)",-1.6708099842071533,29.238500595092773,5089
KND,"Kindu Airport","Kindu","Congo (Kinshasa)",-2.91917991638,25.915399551399997,1630
FBM,"Lubumbashi International Airport","Lubumashi","Congo (Kinshasa)",-11.5913000107,27.5308990479,4295
KWZ,"Kolwezi Airport","Kolwezi","Congo (Kinshasa)",-10.765899658203125,25.505699157714844,5007
FMI,"Kalemie Airport","Kalemie","Congo (Kinshasa)",-5.8755598068237305,29.25,2569
KMN,"Kamina Base Airport","Kamina Base","Congo (Kinshasa)",-8.642020225524902,25.252899169921875,3543
KGA,"Kananga Airport","Kananga","Congo (Kinshasa)",-5.90005016327,22.4692001343,2139
MJM,"Mbuji Mayi Airport","Mbuji-mayi","Congo (Kinshasa)",-6.121240139010001,23.569000244099996,2221
BKO,"Modibo Keita International Airport","Bamako","Mali",12.5335,-7.94994,1247
GAQ,"Gao Airport","Gao","Mali",16.24839973449707,-0.005456000100821257,870
KYS,"Kayes Dag Dag Airport","Kayes","Mali",14.481200218200684,-11.404399871826172,164
MZI,"Mopti Airport","Mopti","Mali",14.5128002167,-4.0795598030099995,906
TOM,"Timbuktu Airport","Tombouctou","Mali",16.730499267578125,-3.007580041885376,863
BJL,"Banjul International Airport","Banjul","Gambia",13.338000297546387,-16.65220069885254,95
FUE,"Fuerteventura Airport","Fuerteventura","Spain",28.452699661254883,-13.863800048828125,85
VDE,"Hierro Airport","Hierro","Spain",27.814800262451172,-17.887100219726562,103
SPC,"La Palma Airport","Santa Cruz De La Palma","Spain",28.626499,-17.7556,107
LPA,"Gran Canaria Airport","Gran Canaria","Spain",27.931900024414062,-15.38659954071045,78
ACE,"Lanzarote Airport","Arrecife","Spain",28.945499,-13.6052,46
TFS,"Tenerife South Airport","Tenerife","Spain",28.044500351,-16.5725002289,209
TFN,"Tenerife Norte Airport","Tenerife","Spain",28.4827003479,-16.3414993286,2076
MLN,"Melilla Airport","Melilla","Spain",35.279800415,-2.9562599659,156
FNA,"Lungi International Airport","Freetown","Sierra Leone",8.61644,-13.1955,84
MLW,"Spriggs Payne Airport","Monrovia","Liberia",6.289060115814209,-10.758700370788574,25
ROB,"Roberts International Airport","Monrovia","Liberia",6.23379,-10.3623,31
AGA,"Al Massira Airport","Agadir","Morocco",30.325000762939453,-9.413069725036621,250
TTA,"Tan Tan Airport","Tan Tan","Morocco",28.448200225830078,-11.161299705505371,653
FEZ,"Saïss Airport","Fes","Morocco",33.9272994995,-4.977960109709999,1900
ERH,"Moulay Ali Cherif Airport","Er-rachidia","Morocco",31.9475002289,-4.39833021164,3428
MEK,"Bassatine Airport","Meknes","Morocco",33.87910079956055,-5.515120029449463,1890
OUD,"Angads Airport","Oujda","Morocco",34.787200927734375,-1.92399001121521,1535
GMD,"Ben Slimane Airport","Ben Slimane","Morocco",33.655399,-7.22145,627
RBA,"Rabat-Salé Airport","Rabat","Morocco",34.051498,-6.75152,276
CMN,"Mohammed V International Airport","Casablanca","Morocco",33.36750030517578,-7.589970111846924,656
RAK,"Menara Airport","Marrakech","Morocco",31.606899261499997,-8.03629970551,1545
NNA,"Kenitra Airport","Kentira","Morocco",34.29890060424805,-6.595880031585693,16
OZZ,"Ouarzazate Airport","Ouarzazate","Morocco",30.9391002655,-6.909430027010001,3782
AHU,"Cherif Al Idrissi Airport","Al Hociema","Morocco",35.177101135253906,-3.83951997756958,95
TTU,"Saniat R'mel Airport","Tetouan","Morocco",35.594299316406,-5.320020198822,10
TNG,"Ibn Batouta Airport","Tanger","Morocco",35.726898193400004,-5.91689014435,62
ZIG,"Ziguinchor Airport","Ziguinchor","Senegal",12.5556,-16.281799,75
CSK,"Cap Skirring Airport","Cap Skiring","Senegal",12.39533,-16.748,52
KLC,"Kaolack Airport","Kaolack","Senegal",14.146900177001953,-16.051300048828125,26
DKR,"Léopold Sédar Senghor International Airport","Dakar","Senegal",14.739700317382812,-17.49020004272461,85
XLS,"Saint Louis Airport","St. Louis","Senegal",16.050800323486328,-16.463199615478516,9
BXE,"Bakel Airport","Bakel","Senegal",14.847299575805664,-12.468299865722656,98
KGG,"Kédougou Airport","Kedougou","Senegal",12.57229995727539,-12.22029972076416,584
TUD,"Tambacounda Airport","Tambacounda","Senegal",13.736800193786621,-13.65310001373291,161
AEO,"Aioun el Atrouss Airport","Aioun El Atrouss","Mauritania",16.711299896240234,-9.637880325317383,951
TIY,"Tidjikja Airport","Tidjikja","Mauritania",18.570100784301758,-11.423500061035156,1363
KFA,"Kiffa Airport","Kiffa","Mauritania",16.59000015258789,-11.406200408935547,424
EMN,"Néma Airport","Nema","Mauritania",16.621999740600586,-7.3165998458862305,751
KED,"Kaédi Airport","Kaedi","Mauritania",16.159500122070312,-13.507599830627441,66
NKC,"Nouakchott–Oumtounsy International Airport","Nouakschott","Mauritania",18.31,-15.9697222,9
SEY,"Sélibaby Airport","Selibabi","Mauritania",15.179699897766113,-12.207300186157227,219
ATR,"Atar International Airport","Atar","Mauritania",20.506799697875977,-13.04319953918457,734
NDB,"Nouadhibou International Airport","Nouadhibou","Mauritania",20.9330997467041,-17.030000686645508,24
FIG,"Fria Airport","Fira","Guinea",10.350600242615,-13.569199562073,499
FAA,"Faranah Airport","Faranah","Guinea",10.0354995728,-10.7698001862,1476
LEK,"Tata Airport","Labe","Guinea",11.326100349426,-12.286800384521,3396
SID,"Amílcar Cabral International Airport","Amilcar Cabral","Cape Verde",16.7414,-22.9494,177
BVC,"Rabil Airport","Boa Vista","Cape Verde",16.136499404907227,-22.888900756835938,69
MMO,"Maio Airport","Maio","Cape Verde",15.155900001525879,-23.213699340820312,36
SNE,"Preguiça Airport","Sao Nocolau Island","Cape Verde",16.58839988708496,-24.284700393676758,669
VXE,"São Pedro Airport","Sao Vicente Island","Cape Verde",16.833200454711914,-25.055299758911133,66
ADD,"Addis Ababa Bole International Airport","Addis Ababa","Ethiopia",8.97789001465,38.799301147499996,7630
AMH,"Arba Minch Airport","Arba Minch","Ethiopia",6.0393900871276855,37.59049987792969,3901
AXU,"Axum Airport","Axum","Ethiopia",14.14680004119873,38.77280044555664,6959
BJR,"Bahir Dar Airport","Bahar Dar","Ethiopia",11.608099937438965,37.32160186767578,5978
DIR,"Aba Tenna Dejazmach Yilma International Airport","Dire Dawa","Ethiopia",9.624699592590332,41.85419845581055,3827
GMB,"Gambella Airport","Gambella","Ethiopia",8.12876033782959,34.5630989074707,1614
GDQ,"Gonder Airport","Gondar","Ethiopia",12.51990032196045,37.433998107910156,6449
JIM,"Jimma Airport","Jimma","Ethiopia",7.66609001159668,36.81660079956055,5500
LLI,"Lalibella Airport","Lalibella","Ethiopia",11.975000381469727,38.97999954223633,6506
MQX,"Mekele Airport","Makale","Ethiopia",13.467399597167969,39.53350067138672,7396
ASO,"Asosa Airport","Asosa","Ethiopia",10.018500328063965,34.586299896240234,5100
BJM,"Bujumbura International Airport","Bujumbura","Burundi",-3.3240199089050293,29.318500518798828,2582
HGA,"Egal International Airport","Hargeisa","Somalia",9.518170356750488,44.08879852294922,4423
BBO,"Berbera Airport","Berbera","Somalia",10.389200210571289,44.94110107421875,30
KMU,"Kisimayu Airport","Kismayu","Somalia",-0.3773530125617981,42.45920181274414,49
ALY,"El Nouzha Airport","Alexandria","Egypt",31.183900833129883,29.94890022277832,-6
ABS,"Abu Simbel Airport","Abu Simbel","Egypt",22.375999450699997,31.611700058,616
CAI,"Cairo International Airport","Cairo","Egypt",30.12190055847168,31.40559959411621,382
CWE,"Cairo West Airport","Cairo","Egypt",30.116399765,30.915399551399997,550
HRG,"Hurghada International Airport","Hurghada","Egypt",27.178300857543945,33.799400329589844,52
EGH,"El Gora Airport","El Gorah","Egypt",31.068559,34.129629,324
LXR,"Luxor International Airport","Luxor","Egypt",25.671,32.7066,294
MUH,"Mersa Matruh Airport","Mersa-matruh","Egypt",31.3253993988,27.221700668300002,94
PSD,"Port Said Airport","Port Said","Egypt",31.279399871826172,32.2400016784668,8
SKV,"St Catherine International Airport","St. Catherine","Egypt",28.685300827,34.0625,4368
ASW,"Aswan International Airport","Aswan","Egypt",23.9643993378,32.8199996948,662
ELT,"El Tor Airport","El-tor","Egypt",28.208999633789062,33.64550018310547,115
EDL,"Eldoret International Airport","Eldoret","Kenya",0.4044579863548279,35.23889923095703,6941
GGM,"Kakamega Airport","Kakamega","Kenya",0.271342009306,34.7873001099,5020
KIS,"Kisumu Airport","Kisumu","Kenya",-0.0861390009522438,34.72890090942383,3734
KTL,"Kitale Airport","Kitale","Kenya",0.9719889760017395,34.95859909057617,6070
LOK,"Lodwar Airport","Lodwar","Kenya",3.1219699382781982,35.608699798583984,1715
LAU,"Manda Airstrip","Lamu","Kenya",-2.252419948577881,40.91310119628906,20
MBA,"Mombasa Moi International Airport","Mombasa","Kenya",-4.034830093383789,39.594200134277344,200
WIL,"Nairobi Wilson Airport","Nairobi","Kenya",-1.321720004081726,36.81480026245117,5536
WJR,"Wajir Airport","Wajir","Kenya",1.73324,40.091599,770
GHT,"Ghat Airport","Ghat","Libya",25.1455993652,10.142600059500001,2296
AKF,"Kufra Airport","Kufra","Libya",24.178699493408203,23.31399917602539,1367
BEN,"Benina International Airport","Benghazi","Libya",32.096801757799994,20.2695007324,433
SEB,"Sabha Airport","Sebha","Libya",26.98699951171875,14.47249984741211,1427
TIP,"Tripoli International Airport","Tripoli","Libya",32.6635017395,13.1590003967,263
LMQ,"Marsa Brega Airport","Marsa Brega","Libya",30.37809944152832,19.576400756835938,50
HUQ,"Hon Airport","Hon","Libya",29.11009979248047,15.96560001373291,919
LTD,"Ghadames East Airport","Ghadames","Libya",30.15169906616211,9.715310096740723,1122
GYI,"Gisenyi Airport","Gisenyi","Rwanda",-1.6771999597549438,29.258899688720703,5082
KGL,"Kigali International Airport","Kigali","Rwanda",-1.96863,30.1395,4859
KME,"Kamembe Airport","Kamembe","Rwanda",-2.462239980697632,28.907899856567383,5192
DOG,"Dongola Airport","Dongola","Sudan",19.153900146499996,30.430099487299998,772
RSS,"Damazin Airport","Damazin","Sudan",11.7859,34.3367,1582
ELF,"El Fasher Airport","El Fasher","Sudan",13.614899635314941,25.324600219726562,2393
KSL,"Kassala Airport","Kassala","Sudan",15.387499809265137,36.328800201416016,1671
KDX,"Kadugli Airport","Kadugli","Sudan",11.137999534600002,29.7010993958,1848
EBD,"El Obeid Airport","El Obeid","Sudan",13.153200149536133,30.23270034790039,1927
JUB,"Juba International Airport","Juba","South Sudan",4.87201023102,31.6011009216,1513
MAK,"Malakal Airport","Malakal","Sudan",9.55897045135498,31.65220069885254,1291
KRT,"Khartoum International Airport","Khartoum","Sudan",15.589500427246094,32.553199768066406,1265
ARK,"Arusha Airport","Arusha","Tanzania",-3.3677899837493896,36.63330078125,4550
DAR,"Julius Nyerere International Airport","Dar Es Salaam","Tanzania",-6.87811,39.202599,182
DOD,"Dodoma Airport","Dodoma","Tanzania",-6.170440196990967,35.752601623535156,3673
IRI,"Iringa Airport","Iringa","Tanzania",-7.668630123138428,35.75210189819336,4678
JRO,"Kilimanjaro International Airport","Kilimanjaro","Tanzania",-3.42940998077,37.0745010376,2932
LKY,"Lake Manyara Airport","Lake Manyara","Tanzania",-3.376310110092163,35.81829833984375,4150
MYW,"Mtwara Airport","Mtwara","Tanzania",-10.339099884033203,40.181800842285156,371
MWZ,"Mwanza Airport","Mwanza","Tanzania",-2.4444899559020996,32.932701110839844,3763
PMA,"Pemba Airport","Pemba","Tanzania",-5.257259845733643,39.8114013671875,80
TGT,"Tanga Airport","Tanga","Tanzania",-5.092360019683838,39.07120132446289,129
ZNZ,"Abeid Amani Karume International Airport","Zanzibar","Tanzania",-6.22202,39.224899,54
EBB,"Entebbe International Airport","Entebbe","Uganda",0.042386,32.443501,3782
SRT,"Soroti Airport","Soroti","Uganda",1.7276899814605713,33.622798919677734,3697
TIA,"Tirana International Airport Mother Teresa","Tirana","Albania",41.4146995544,19.7206001282,126
BOJ,"Burgas Airport","Bourgas","Bulgaria",42.56959915161133,27.515199661254883,135
GOZ,"Gorna Oryahovitsa Airport","Gorna Orechovica","Bulgaria",43.15140151977539,25.712900161743164,285
PDV,"Plovdiv International Airport","Plovdiv","Bulgaria",42.067799,24.8508,597
SOF,"Sofia Airport","Sofia","Bulgaria",42.696693420410156,23.411436080932617,1742
SZR,"Stara Zagora Airport","Stara Zagora","Bulgaria",42.3766667,25.655,558
VAR,"Varna Airport","Varna","Bulgaria",43.232101,27.8251,230
LCA,"Larnaca International Airport","Larnaca","Cyprus",34.875099182128906,33.624900817871094,8
PFO,"Paphos International Airport","Paphos","Cyprus",34.71799850463867,32.48569869995117,41
AKT,"RAF Akrotiri","Akrotiri","Cyprus",34.590401,32.9879,76
DBV,"Dubrovnik Airport","Dubrovnik","Croatia",42.5614013671875,18.268199920654297,527
OSI,"Osijek Airport","Osijek","Croatia",45.46269989013672,18.810199737548828,290
PUY,"Pula Airport","Pula","Croatia",44.89350128173828,13.922200202941895,274
RJK,"Rijeka Airport","Rijeka","Croatia",45.21689987182617,14.570300102233887,278
SPU,"Split Airport","Split","Croatia",43.53889846801758,16.29800033569336,79
ZAG,"Zagreb Airport","Zagreb","Croatia",45.7429008484,16.0687999725,353
ZAD,"Zadar Airport","Zadar","Croatia",44.108299,15.3467,289
ABC,"Albacete-Los Llanos Airport","Albacete","Spain",38.9485015869,-1.8635200262099998,2302
ALC,"Alicante International Airport","Alicante","Spain",38.28219985961914,-0.5581560134887695,142
LEI,"Almería International Airport","Almeria","Spain",36.84389877319336,-2.3701000213623047,70
OVD,"Asturias Airport","Aviles","Spain",43.5635986328125,-6.0346198081970215,416
ODB,"Córdoba Airport","Cordoba","Spain",37.84199905395508,-4.848879814147949,297
BIO,"Bilbao Airport","Bilbao","Spain",43.30110168457031,-2.9106099605560303,138
BCN,"Barcelona International Airport","Barcelona","Spain",41.2971,2.07846,12
BJZ,"Badajoz Airport","Badajoz","Spain",38.891300201416016,-6.8213300704956055,609
LCG,"A Coruña Airport","La Coruna","Spain",43.302101,-8.37726,326
GRO,"Girona Airport","Gerona","Spain",41.901000977,2.7605500221,468
GRX,"Federico Garcia Lorca Airport","Granada","Spain",37.18870162963867,-3.777359962463379,1860
IBZ,"Ibiza Airport","Ibiza","Spain",38.872898101800004,1.3731199502899998,24
XRY,"Jerez Airport","Jerez","Spain",36.744598388671875,-6.060110092163086,93
MJV,"San Javier Airport","Murcia","Spain",37.775001525878906,-0.8123890161514282,11
MAD,"Adolfo Suárez Madrid–Barajas Airport","Madrid","Spain",40.471926,-3.56264,1998
AGP,"Málaga Airport","Malaga","Spain",36.67490005493164,-4.499110221862793,53
MAH,"Menorca Airport","Menorca","Spain",39.86259841918945,4.218649864196777,302
OZP,"Moron Air Base","Sevilla","Spain",37.17490005493164,-5.615940093994141,285
PNA,"Pamplona Airport","Pamplona","Spain",42.77000045776367,-1.6463299989700317,1504
REU,"Reus Air Base","Reus","Spain",41.14739990234375,1.1671700477600098,233
ROZ,"Rota Naval Station Airport","Rota","Spain",36.645198822,-6.34946012497,86
SLM,"Salamanca Airport","Salamanca","Spain",40.95209884643555,-5.501989841461182,2595
EAS,"San Sebastian Airport","San Sebastian","Spain",43.35649871826172,-1.7906099557876587,16
SCQ,"Santiago de Compostela Airport","Santiago","Spain",42.89630126953125,-8.415140151977539,1213
LEU,"Pirineus - la Seu d'Urgel Airport","Seo De Urgel","Spain",42.3386,1.40917,2625
TOJ,"Torrejón Airport","Madrid","Spain",40.496700286865234,-3.4458699226379395,2026
VLC,"Valencia Airport","Valencia","Spain",39.4893,-0.481625,240
VLL,"Valladolid Airport","Valladolid","Spain",41.7061004639,-4.85194015503,2776
VIT,"Vitoria/Foronda Airport","Vitoria","Spain",42.8828010559082,-2.7244699001312256,1682
VGO,"Vigo Airport","Vigo","Spain",42.2318000793457,-8.62677001953125,856
SDR,"Santander Airport","Santander","Spain",43.427101135253906,-3.82000994682312,16
ZAZ,"Zaragoza Air Base","Zaragoza","Spain",41.66619873046875,-1.0415500402450562,863
SVQ,"Sevilla Airport","Sevilla","Spain",37.417999267578125,-5.8931097984313965,112
CQF,"Calais-Dunkerque Airport","Calais","France",50.962100982666016,1.954759955406189,12
BYF,"Albert-Bray Airport","Albert","France",49.9715003967,2.69765996933,364
LTQ,"Le Touquet-Côte d'Opale Airport","Le Tourquet","France",50.517398834228516,1.6205899715423584,36
XVS,"Valenciennes-Denain Airport","Valenciennes","France",50.325801849365234,3.4612600803375244,177
AGF,"Agen-La Garenne Airport","Agen","France",44.17470169067383,0.5905560255050659,204
BOD,"Bordeaux-Mérignac Airport","Bordeaux","France",44.828300476100004,-0.715556025505,162
EGC,"Bergerac-Roumanière Airport","Bergerac","France",44.82529830932617,0.5186110138893127,171
CNG,"Cognac-Châteaubernard (BA 709) Air Base","Cognac","France",45.65829849243164,-0.3174999952316284,102
PIS,"Poitiers-Biard Airport","Poitiers","France",46.58769989013672,0.30666598677635193,423
MCU,"Montluçon-Guéret Airport","Montlucon-gueret","France",46.222599029541016,2.363960027694702,1497
LIG,"Limoges Airport","Limoges","France",45.86280059814453,1.1794400215148926,1300
NIT,"Niort-Souché Airport","Niort","France",46.313477,-0.394529,203
TLS,"Toulouse-Blagnac Airport","Toulouse","France",43.629101,1.36382,499
PUF,"Pau Pyrénées Airport","Pau","France",43.380001068115234,-0.41861099004745483,616
LDE,"Tarbes-Lourdes-Pyrénées Airport","Tarbes","France",43.1786994934082,-0.006438999902456999,1260
ANG,"Angoulême-Brie-Champniers Airport","Angouleme","France",45.72919845581055,0.22145600616931915,436
BVE,"Brive Souillac Airport","Brive","France",45.039722,1.485556,1016
PGX,"Périgueux-Bassillac Airport","Perigueux","France",45.19810104370117,0.815555989742279,328
BIQ,"Biarritz-Anglet-Bayonne Airport","Biarritz-bayonne","France",43.4683333,-1.5311111,245
ZAO,"Cahors-Lalbenque Airport","Cahors","France",44.35139846801758,1.4752800464630127,912
LBI,"Albi-Le Séquestre Airport","Albi","France",43.91389846801758,2.1130599975585938,564
DCM,"Castres-Mazamet Airport","Castres","France",43.55630111694336,2.289180040359497,788
RDZ,"Rodez-Marcillac Airport","Rodez","France",44.407901763916016,2.4826700687408447,1910
RYN,"Royan-Médis Airport","Royan","France",45.62810134887695,-0.9725000262260437,72
XMW,"Montauban Airport","Montauban","France",44.025699615478516,1.3780399560928345,351
RCO,"Rochefort-Saint-Agnant (BA 721) Airport","Rochefort","France",45.88779830932617,-0.9830560088157654,60
CMR,"Colmar-Houssen Airport","Colmar","France",48.109901428222656,7.359010219573975,628
DLE,"Dole-Tavaux Airport","Dole","France",47.042686,5.435063,645
OBS,"Aubenas-Ardèche Méridional Airport","Aubenas-vals-lanas","France",44.544203,4.372192,923
LPY,"Le Puy-Loudes Airport","Le Puy","France",45.0806999206543,3.762890100479126,2731
ETZ,"Metz-Nancy-Lorraine Airport","Metz","France",48.9821014404,6.25131988525,870
BIA,"Bastia-Poretta Airport","Bastia","France",42.55270004272461,9.48373031616211,26
CLY,"Calvi-Sainte-Catherine Airport","Calvi","France",42.5244444,8.7930556,209
FSC,"Figari Sud-Corse Airport","Figari","France",41.5005989074707,9.097780227661133,87
AJA,"Ajaccio-Napoléon Bonaparte Airport","Ajaccio","France",41.92359924316406,8.8029203414917,18
PRP,"Propriano Airport","Propriano","France",41.66059875488281,8.889749526977539,13
SOZ,"Solenzara (BA 126) Air Base","Solenzara","France",41.924400329589844,9.406000137329102,28
AUF,"Auxerre-Branches Airport","Auxerre","France",47.85020065307617,3.497109889984131,523
CMF,"Chambéry-Savoie Airport","Chambery","France",45.638099670410156,5.880229949951172,779
CFE,"Clermont-Ferrand Auvergne Airport","Clermont-Ferrand","France",45.7867012024,3.1691699028,1090
BOU,"Bourges Airport","Bourges","France",47.058101654052734,2.3702800273895264,529
QNJ,"Annemasse Airport","Annemasse","France",46.1920013428,6.268390178680001,1620
LYS,"Lyon Saint-Exupéry Airport","Lyon","France",45.725556,5.081111,821
SYT,"Saint-Yan Airport","St.-yan","France",46.412498474121094,4.0132598876953125,796
RNE,"Roanne-Renaison Airport","Roanne","France",46.05830001831055,4.001389980316162,1106
NCY,"Annecy-Haute-Savoie-Mont Blanc Airport","Annecy","France",45.9308333,6.1063889,1521
GNB,"Grenoble-Isère Airport","Grenoble","France",45.36289978027344,5.329370021820068,1302
VAF,"Valence-Chabeuil Airport","Valence","France",44.9216,4.9699,525
VHY,"Vichy-Charmeil Airport","Vichy","France",46.169700622558594,3.4037399291992188,817
AUR,"Aurillac Airport","Aurillac","France",44.89139938354492,2.4219400882720947,2096
CHR,"Châteauroux-Déols Marcel Dassault Airport","Chateauroux","France",46.860278,1.721111,529
LYN,"Lyon-Bron Airport","Lyon","France",45.72719955444336,4.944270133972168,659
CEQ,"Cannes-Mandelieu Airport","Cannes","France",43.542,6.95348,13
EBU,"Saint-Étienne-Bouthéon Airport","St-Etienne","France",45.54059982299805,4.296390056610107,1325
CCF,"Carcassonne Airport","Carcassonne","France",43.215999603271484,2.3063199520111084,433
MRS,"Marseille Provence Airport","Marseille","France",43.439271922,5.22142410278,74
NCE,"Nice-Côte d'Azur Airport","Nice","France",43.6584014893,7.215869903560001,12
XOG,"Orange-Caritat (BA 115) Air Base","Orange","France",44.140499114990234,4.866720199584961,197
PGF,"Perpignan-Rivesaltes (Llabanère) Airport","Perpignan","France",42.74039840698242,2.8706700801849365,144
CTT,"Le Castellet Airport","Le Castellet","France",43.252498626708984,5.785190105438232,1391
MPL,"Montpellier-Méditerranée Airport","Montpellier","France",43.57619857788086,3.96301007270813,17
BZR,"Béziers-Vias Airport","Beziers","France",43.32350158691406,3.3538999557495117,56
AVN,"Avignon-Caumont Airport","Avignon","France",43.90729904174805,4.901830196380615,124
MEN,"Mende-Brenoux Airfield","Mende","France",44.502102,3.53282,3362
BVA,"Paris Beauvais Tillé Airport","Beauvais","France",49.45439910888672,2.1127800941467285,359
EVX,"Évreux-Fauville (BA 105) Air Base","Evreux","France",49.02870178222656,1.2198599576950073,464
LEH,"Le Havre Octeville Airport","Le Havre","France",49.53390121459961,0.08805599808692932,313
XAB,"Abbeville","Abbeville","France",50.143501,1.831891,220
ORE,"Orléans-Bricy (BA 123) Air Base","Orleans","France",47.9878005981,1.7605600357100002,412
XCR,"Châlons-Vatry Airport","Chalons","France",48.7733333333,4.206111111,587
URO,"Rouen Airport","Rouen","France",49.38420104980469,1.1748000383377075,512
TUF,"Tours-Val-de-Loire Airport","Tours","France",47.4322013855,0.727605998516,357
CET,"Cholet Le Pontreau Airport","Cholet","France",47.08209991455078,-0.8770639896392822,443
LVA,"Laval-Entrammes Airport","Laval","France",48.03139877319336,-0.7429860234260559,330
LBG,"Paris-Le Bourget Airport","Paris","France",48.969398498535156,2.441390037536621,218
CSF,"Creil Air Base","Creil","France",49.253501892089844,2.5191400051116943,291
CDG,"Charles de Gaulle International Airport","Paris","France",49.012798,2.55,392
TNF,"Toussus-le-Noble Airport","Toussous-le-noble","France",48.75189971923828,2.1061899662017822,538
ORY,"Paris-Orly Airport","Paris","France",48.7233333,2.3794444,291
POX,"Pontoise - Cormeilles-en-Vexin Airport","Pontoise","France",49.096667,2.040833,325
VIY,"Villacoublay-Vélizy (BA 107) Air Base","Villacoublay","France",48.7741667,2.1916667,584
NVS,"Nevers-Fourchambault Airport","Nevers","France",47.002601623535156,3.1133298873901367,602
XME,"Maubeuge-Élesmes Airport","Maubeuge","France",50.31050109863281,4.033120155334473,452
LIL,"Lille-Lesquin Airport","Lille","France",50.563332,3.086886,157
HZB,"Merville-Calonne Airport","Merville","France",50.61840057373047,2.642240047454834,61
XCZ,"Charleville-Mézières Airport","Charleville","France",49.78390121459961,4.647079944610596,492
BES,"Brest Bretagne Airport","Brest","France",48.447898864746094,-4.418540000915527,325
CER,"Cherbourg-Maupertus Airport","Cherbourg","France",49.65010070800781,-1.4702800512313843,459
DNR,"Dinard-Pleurtuit-Saint-Malo Airport","Dinard","France",48.58769989013672,-2.0799601078033447,219
LBY,"La Baule-Escoublac Airport","La Baule","France",47.289398193359375,-2.3463900089263916,105
GFR,"Granville Airport","Granville","France",48.88309860229492,-1.564170002937317,45
DOL,"Deauville-Saint-Gatien Airport","Deauville","France",49.3652992249,0.154305994511,479
LRT,"Lorient South Brittany (Bretagne Sud) Airport","Lorient","France",47.76060104370117,-3.440000057220459,160
EDM,"La Roche-sur-Yon Airport","La Roche-sur-yon","France",46.701900482177734,-1.3786300420761108,299
LDV,"Landivisiau Air Base","Landivisiau","France",48.53030014038086,-4.151639938354492,348
CFR,"Caen-Carpiquet Airport","Caen","France",49.173301696777344,-0.44999998807907104,256
LME,"Le Mans-Arnage Airport","Le Mans","France",47.94860076904297,0.20166699588298798,194
RNS,"Rennes-Saint-Jacques Airport","Rennes","France",48.069499969499994,-1.73478996754,124
LAI,"Lannion-Côte de Granit Airport","Lannion","France",48.754398,-3.47166,290
UIP,"Quimper-Cornouaille Airport","Quimper","France",47.974998474121094,-4.167789936065674,297
NTE,"Nantes Atlantique Airport","Nantes","France",47.153198242200006,-1.61073005199,90
SBK,"Saint-Brieuc-Armor Airport","St.-brieuc Armor","France",48.5378,-2.85444,453
MXN,"Morlaix-Ploujean Airport","Morlaix","France",48.6031990051,-3.81577992439,272
VNE,"Vannes-Meucon Airport","Vannes","France",47.72330093383789,-2.718559980392456,446
SNR,"Saint-Nazaire-Montoir Airport","St.-nazaire","France",47.3105556,-2.1566667,13
BSL,"EuroAirport Basel-Mulhouse-Freiburg Airport","Mulhouse","France",47.59,7.5291667,885
DIJ,"Dijon-Bourgogne Airport","Dijon","France",47.268902,5.09,726
MZM,"Metz-Frescaty (BA 128) Air Base","Metz","France",49.07170104980469,6.131669998168945,629
EPL,"Épinal-Mirecourt Airport","Epinal","France",48.325001,6.06998,1084
ENC,"Nancy-Essey Airport","Nancy","France",48.692100524902344,6.230460166931152,751
RHE,"Reims-Champagne (BA 112) Air Base","Reims","France",49.310001,4.05,312
SXB,"Strasbourg Airport","Strasbourg","France",48.538299560546875,7.628230094909668,505
TLN,"Toulon-Hyères Airport","Hyeres","France",43.0973014832,6.14602994919,7
FNI,"Nîmes-Arles-Camargue Airport","Nimes","France",43.75740051269531,4.4163498878479,309
MQC,"Miquelon Airport","Miquelon","Saint Pierre and Miquelon",47.095500946,-56.3802986145,10
FSP,"St Pierre Airport","St.-pierre","Saint Pierre and Miquelon",46.762901306152344,-56.173099517822266,27
PYR,"Andravida Air Base","Andravida","Greece",37.9207,21.292601,55
AGQ,"Agrinion Air Base","Agrinion","Greece",38.602001,21.3512001,154
AXD,"Dimokritos Airport","Alexandroupolis","Greece",40.855899810791016,25.956300735473633,24
VOL,"Nea Anchialos Airport","Nea Anghialos","Greece",39.219600677490234,22.794300079345703,83
JKH,"Chios Island National Airport","Chios","Greece",38.34320068359375,26.140600204467773,15
IOA,"Ioannina Airport","Ioannina","Greece",39.6963996887207,20.822500228881836,1558
HER,"Heraklion International Nikos Kazantzakis Airport","Heraklion","Greece",35.3396987915,25.180299758900002,115
KSO,"Kastoria National Airport","Kastoria","Greece",40.4463005066,21.2821998596,2167
KIT,"Kithira Airport","Kithira","Greece",36.2742996216,23.0170001984,1045
EFL,"Kefallinia Airport","Keffallinia","Greece",38.12009811401367,20.500499725341797,59
KLX,"Kalamata Airport","Kalamata","Greece",37.06829833984375,22.02549934387207,26
KGS,"Kos Airport","Kos","Greece",36.79330062866211,27.091699600219727,412
AOK,"Karpathos Airport","Karpathos","Greece",35.4213981628418,27.145999908447266,66
CFU,"Ioannis Kapodistrias International Airport","Kerkyra/corfu","Greece",39.601898193359375,19.911699295043945,6
KSJ,"Kasos Airport","Kasos","Greece",35.4213981628,26.909999847399998,35
KVA,"Alexander the Great International Airport","Kavala","Greece",40.913299560546875,24.619199752807617,18
KZI,"Filippos Airport","Kozani","Greece",40.28609848022461,21.84079933166504,2059
LRS,"Leros Airport","Leros","Greece",37.184898,26.800301,39
LXS,"Limnos Airport","Limnos","Greece",39.917098999,25.236299514799995,14
LRA,"Larisa Airport","Larissa","Greece",39.650253,22.4655,241
JMK,"Mikonos Airport","Mykonos","Greece",37.43510055541992,25.348100662231445,405
MJT,"Mytilene International Airport","Mytilini","Greece",39.0567016602,26.5983009338,60
PVK,"Aktion National Airport","Preveza","Greece",38.925498962402344,20.765300750732422,11
RHO,"Diagoras Airport","Rhodos","Greece",36.405399322509766,28.086200714111328,17
GPA,"Araxos Airport","Patras","Greece",38.1511,21.4256,46
CHQ,"Chania International Airport","Chania","Greece",35.531700134277344,24.149700164794922,490
JSI,"Skiathos Island National Airport","Skiathos","Greece",39.177101135253906,23.503700256347656,54
SMI,"Samos Airport","Samos","Greece",37.689998626708984,26.911699295043945,19
SPJ,"Sparti Airport","Sparti","Greece",36.973899841308594,22.52630043029785,500
JTR,"Santorini Airport","Thira","Greece",36.399200439453125,25.479299545288086,127
JSH,"Sitia Airport","Sitia","Greece",35.21609878540039,26.101299285888672,376
SKU,"Skiros Airport","Skiros","Greece",38.9676017761,24.4871997833,44
SKG,"Thessaloniki Macedonia International Airport","Thessaloniki","Greece",40.51969909667969,22.97089958190918,22
ZTH,"Zakynthos International Airport Dionysios Solomos","Zakynthos","Greece",37.7509,20.8843,15
BUD,"Budapest Liszt Ferenc International Airport","Budapest","Hungary",47.42976,19.261093,495
DEB,"Debrecen International Airport","Debrecen","Hungary",47.48889923095703,21.615299224853516,359
CRV,"Crotone Airport","Crotone","Italy",38.9972,17.0802,522
BRI,"Bari Karol Wojtyła Airport","Bari","Italy",41.138901,16.760599,177
FOG,"Foggia Gino Lisa Airport","Foggia","Italy",41.432899,15.535,265
TAR,"Taranto-Grottaglie Marcello Arlotta Airport","Grottaglie","Italy",40.517502,17.4032,215
LCC,"Lecce Galatina Air Base","Lecce","Italy",40.239201,18.133301,156
PSR,"Pescara International Airport","Pescara","Italy",42.431702,14.1811,48
BDS,"Brindisi – Salento Airport","Brindisi","Italy",40.6576,17.947001,47
SUF,"Lamezia Terme Airport","Lamezia","Italy",38.905399,16.2423,39
CTA,"Catania-Fontanarossa Airport","Catania","Italy",37.466801,15.0664,39
LMP,"Lampedusa Airport","Lampedusa","Italy",35.497898,12.6181,70
PNL,"Pantelleria Airport","Pantelleria","Italy",36.816502,11.9689,628
PMO,"Falcone–Borsellino Airport","Palermo","Italy",38.175999,13.091,65
REG,"Reggio Calabria Airport","Reggio Calabria","Italy",38.071201,15.6516,96
TPS,"Vincenzo Florio Airport Trapani-Birgi","Trapani","Italy",37.9114,12.488,25
NSY,"Sigonella Navy Air Base","Sigonella","Italy",37.401699,14.9224,79
AHO,"Alghero-Fertilia Airport","Alghero","Italy",40.632099,8.29077,87
DCI,"Decimomannu Air Base","Decimomannu","Italy",39.354198,8.97248,100
CAG,"Cagliari Elmas Airport","Cagliari","Italy",39.251499,9.05428,13
OLB,"Olbia Costa Smeralda Airport","Olbia","Italy",40.898701,9.51763,37
TTB,"Tortolì Airport","Tortoli","Italy",39.9188,9.68298,23
MXP,"Malpensa International Airport","Milano","Italy",45.6306,8.72811,768
BGY,"Il Caravaggio International Airport","Bergamo","Italy",45.673901,9.70417,782
TRN,"Turin Airport","Torino","Italy",45.200802,7.64963,989
ALL,"Villanova D'Albenga International Airport","Albenga","Italy",44.050598,8.12743,148
GOA,"Genoa Cristoforo Colombo Airport","Genoa","Italy",44.4133,8.8375,13
LIN,"Milano Linate Airport","Milan","Italy",45.445099,9.27674,353
PMF,"Parma Airport","Parma","Italy",44.824501,10.2964,161
CUF,"Cuneo International Airport","Cuneo","Italy",44.547001,7.62322,1267
AVB,"Aviano Air Base","Aviano","Italy",46.031898,12.596503,410
BZO,"Bolzano Airport","Bolzano","Italy",46.460201,11.3264,789
BLQ,"Bologna Guglielmo Marconi Airport","Bologna","Italy",44.5354,11.2887,123
TSF,"Treviso-Sant'Angelo Airport","Treviso","Italy",45.648399,12.1944,59
FRL,"Forlì Airport","Forli","Italy",44.194801,12.0701,97
VBS,"Brescia Airport","Brescia","Italy",45.428902,10.3306,355
TRS,"Trieste–Friuli Venezia Giulia Airport","Ronchi De Legionari","Italy",45.827499,13.4722,39
RMI,"Federico Fellini International Airport","Rimini","Italy",44.020302,12.6117,40
VIC,"Vicenza Airport","Vicenza","Italy",45.573399,11.5295,128
QPA,"Padova Airport","Padova","Italy",45.395802,11.8479,44
VRN,"Verona Villafranca Airport","Villafranca","Italy",45.395699,10.8885,239
VCE,"Venice Marco Polo Airport","Venice","Italy",45.505299,12.3519,7
SAY,"Siena-Ampugnano Airport","Siena","Italy",43.256302,11.255,634
CIA,"Ciampino–G. B. Pastine International Airport","Rome","Italy",41.7994,12.5949,427
FCO,"Leonardo da Vinci–Fiumicino Airport","Rome","Italy",41.8002778,12.2388889,13
EBA,"Marina Di Campo Airport","Marina Di Campo","Italy",42.7603,10.2394,31
QLT,"Latina Air Base","Latina","Italy",41.5424,12.909,94
NAP,"Naples International Airport","Naples","Italy",40.886002,14.2908,294
PSA,"Pisa International Airport","Pisa","Italy",43.683899,10.3927,6
FLR,"Peretola Airport","Florence","Italy",43.810001,11.2051,142
GRS,"Grosseto Air Base","Grosseto","Italy",42.759701,11.0719,17
PEG,"Perugia San Francesco d'Assisi – Umbria International Airport","Perugia","Italy",43.095901,12.5132,697
LJU,"Ljubljana Jože Pučnik Airport","Ljubljana","Slovenia",46.223701,14.4576,1273
MBX,"Maribor Airport","Maribor","Slovenia",46.47990036010742,15.686100006103516,876
POW,"Portoroz Airport","Portoroz","Slovenia",45.4734001159668,13.614999771118164,7
UHE,"Kunovice Airport","Kunovice","Czech Republic",49.02939987182617,17.439699172973633,581
KLV,"Karlovy Vary International Airport","Karlovy Vary","Czech Republic",50.202999114990234,12.914999961853027,1989
OSR,"Ostrava Leos Janáček Airport","Ostrava","Czech Republic",49.6963005065918,18.111099243164062,844
PED,"Pardubice Airport","Pardubice","Czech Republic",50.01340103149414,15.73859977722168,741
PRV,"Přerov Air Base","Prerov","Czech Republic",49.42580032348633,17.404699325561523,676
PRG,"Václav Havel Airport Prague","Prague","Czech Republic",50.1008,14.26,1247
BRQ,"Brno-Tuřany Airport","Brno","Czech Republic",49.15129852294922,16.694400787353516,778
VOD,"Vodochody Airport","Vodochody","Czech Republic",50.216599,14.3958,919
TLV,"Ben Gurion International Airport","Tel-aviv","Israel",32.01139831542969,34.88669967651367,135
BEV,"Beersheba (Teyman) Airport","Beer-sheba","Israel",31.287000656128,34.722999572754,656
ETH,"Eilat Airport","Elat","Israel",29.56130027770996,34.96009826660156,42
EIY,"Ein Yahav Airfield","Eyn-yahav","Israel",30.621700286865234,35.20330047607422,-164
HFA,"Haifa International Airport","Haifa","Israel",32.80939865112305,35.04309844970703,28
RPN,"Ben Ya'akov Airport","Rosh Pina","Israel",32.98099899291992,35.5718994140625,922
MTZ,"Bar Yehuda Airfield","Metzada","Israel",31.32819938659668,35.38859939575195,-1266
VTM,"Nevatim Air Base","Nevatim","Israel",31.208299636799996,35.012298584,1330
VDA,"Ovda International Airport","Ovda","Israel",29.94029998779297,34.93579864501953,1492
MIP,"Ramon Air Base","Ramon","Israel",30.776100158691406,34.66669845581055,2126
SDV,"Sde Dov Airport","Tel-aviv","Israel",32.11470031738281,34.78219985961914,43
MLA,"Malta International Airport","Malta","Malta",35.857498,14.4775,300
GRZ,"Graz Airport","Graz","Austria",46.9911003112793,15.439599990844727,1115
INN,"Innsbruck Airport","Innsbruck","Austria",47.260201,11.344,1907
LNZ,"Linz Hörsching Airport","Linz","Austria",48.2332,14.1875,980
SZG,"Salzburg Airport","Salzburg","Austria",47.793300628699996,13.0043001175,1411
VIE,"Vienna International Airport","Vienna","Austria",48.110298156738,16.569700241089,600
AVR,"Alverca Air Base","Alverca","Portugal",38.883301,-9.0301,11
SMA,"Santa Maria Airport","Santa Maria (island)","Portugal",36.97140121459961,-25.17060089111328,308
BGC,"Bragança Airport","Braganca","Portugal",41.8578,-6.70713,2241
BYJ,"Beja Airport / Airbase","Beja (madeira)","Portugal",38.078899,-7.9324,636
BGZ,"Braga Municipal Aerodrome","Braga","Portugal",41.5871009827,-8.445139884949999,247
CAT,"Cascais Airport","Cascais","Portugal",38.724998,-9.35523,325
FLW,"Flores Airport","Flores","Portugal",39.455299377441406,-31.131399154663086,112
FAO,"Faro Airport","Faro","Portugal",37.0144004822,-7.96590995789,24
GRW,"Graciosa Airport","Graciosa Island","Portugal",39.092201232910156,-28.029800415039062,86
HOR,"Horta Airport","Horta","Portugal",38.519901275634766,-28.715900421142578,118
TER,"Lajes Airport","Lajes (terceira Island)","Portugal",38.761799,-27.090799,180
QLR,"Monte Real Air Base","Monte Real","Portugal",39.828335,-8.8875,187
PDL,"João Paulo II Airport","Ponta Delgada","Portugal",37.7411994934,-25.6979007721,259
PIX,"Pico Airport","Pico","Portugal",38.554298,-28.441299,109
PRM,"Portimão Airport","Portimao","Portugal",37.1493,-8.58396,5
OPO,"Francisco de Sá Carneiro Airport","Porto","Portugal",41.2481002808,-8.68138980865,228
PXO,"Porto Santo Airport","Porto Santo","Portugal",33.0733985901,-16.3500003815,341
LIS,"Humberto Delgado Airport (Lisbon Portela Airport)","Lisbon","Portugal",38.7813,-9.13592,374
SJZ,"São Jorge Airport","Sao Jorge Island","Portugal",38.66550064086914,-28.175800323486328,311
VRL,"Vila Real Airport","Vila Real","Portugal",41.2743,-7.72047,1805
VSE,"Aerodromo Goncalves Lobato (Viseu Airport)","Viseu","Portugal",40.725498,-7.88899,2060
OMO,"Mostar International Airport","Mostar","Bosnia and Herzegovina",43.282901763916016,17.84589958190918,156
SJJ,"Sarajevo International Airport","Sarajevo","Bosnia and Herzegovina",43.82460021972656,18.331499099731445,1708
ARW,"Arad International Airport","Arad","Romania",46.17660140991211,21.261999130249023,352
BCM,"Bacău Airport","Bacau","Romania",46.52190017700195,26.91029930114746,607
BAY,"Tautii Magheraus Airport","Baia Mare","Romania",47.65840148925781,23.469999313354492,605
BBU,"Băneasa International Airport","Bucharest","Romania",44.50320053100586,26.102100372314453,297
CND,"Mihail Kogălniceanu International Airport","Constanta","Romania",44.36220169067383,28.488300323486328,353
CLJ,"Cluj-Napoca International Airport","Cluj-napoca","Romania",46.78519821166992,23.686199188232422,1036
CSB,"Caransebeş Airport","Caransebes","Romania",45.41999816894531,22.253299713134766,866
CRA,"Craiova Airport","Craiova","Romania",44.31809997558594,23.888599395751953,626
IAS,"Iaşi Airport","Iasi","Romania",47.17850112915039,27.6205997467041,397
OMR,"Oradea International Airport","Oradea","Romania",47.025299072265625,21.90250015258789,465
OTP,"Henri Coandă International Airport","Bucharest","Romania",44.5711111,26.085,314
SBZ,"Sibiu International Airport","Sibiu","Romania",45.78559875488281,24.091299057006836,1496
SUJ,"Satu Mare Airport","Satu Mare","Romania",47.70330047607422,22.885700225830078,405
SCV,"Suceava Stefan cel Mare Airport","Suceava","Romania",47.6875,26.35409927368164,1375
TCE,"Tulcea Airport","Tulcea","Romania",45.0625,28.71430015563965,200
TGM,"Transilvania Târgu Mureş International Airport","Tirgu Mures","Romania",46.46770095825195,24.412500381469727,963
TSR,"Timişoara Traian Vuia Airport","Timisoara","Romania",45.809898376464844,21.337900161743164,348
GVA,"Geneva Cointrin International Airport","Geneva","Switzerland",46.23809814453125,6.108950138092041,1411
SIR,"Sion Airport","Sion","Switzerland",46.219600677500004,7.326759815220001,1585
EML,"Emmen Air Base","Emmen","Switzerland",47.092444,8.305184,1400
LUG,"Lugano Airport","Lugano","Switzerland",46.00429916379999,8.9105796814,915
BRN,"Bern Belp Airport","Bern","Switzerland",46.914100647,7.497149944309999,1674
ZHI,"Grenchen Airport","Grenchen","Switzerland",47.181599,7.41719,1411
ZRH,"Zürich Airport","Zurich","Switzerland",47.464699,8.54917,1416
ACH,"St Gallen Altenrhein Airport","Altenrhein","Switzerland",47.4850006104,9.560770034789998,1306
SMV,"Samedan Airport","Samedan","Switzerland",46.53409957885742,9.884110450744629,5600
ESB,"Esenboğa International Airport","Ankara","Turkey",40.128101348899996,32.995098114,3125
ANK,"Etimesgut Air Base","Ankara","Turkey",39.949798584,32.6885986328,2653
ADA,"Adana Airport","Adana","Turkey",36.9822006226,35.280399322499996,65
UAB,"İncirlik Air Base","Adana","Turkey",37.002101898199996,35.4258995056,238
AFY,"Afyon Airport","Afyon","Turkey",38.726398468,30.6011009216,3310
AYT,"Antalya International Airport","Antalya","Turkey",36.898701,30.800501,177
GZT,"Gaziantep International Airport","Gaziantep","Turkey",36.9472007751,37.4786987305,2315
KYA,"Konya Airport","Konya","Turkey",37.979,32.561901,3392
MZH,"Amasya Merzifon Airport","Merzifon","Turkey",40.829399,35.521999,1758
VAS,"Sivas Nuri Demirağ Airport","Sivas","Turkey",39.813801,36.9035,5239
MLX,"Malatya Erhaç Airport","Malatya","Turkey",38.435298919699996,38.0909996033,2828
ASR,"Kayseri Erkilet Airport","Kayseri","Turkey",38.770401001,35.4953994751,3463
TJK,"Tokat Airport","Tokat","Turkey",40.307430267333984,36.367408752441406,1831
DNZ,"Çardak Airport","Denizli","Turkey",37.7855987549,29.7012996674,2795
ISL,"Atatürk International Airport","Istanbul","Turkey",40.976898,28.8146,163
BZI,"Balıkesir Merkez Airport","Balikesir","Turkey",39.619300842285156,27.926000595092773,340
BDM,"Bandırma Airport","Bandirma","Turkey",40.31800079345703,27.977699279785156,170
ESK,"Eskişehir Air Base","Eskisehir","Turkey",39.7840995789,30.582099914599997,2581
ADB,"Adnan Menderes International Airport","Izmir","Turkey",38.2924003601,27.156999588,412
IGL,"Çiğli Airport","Izmir","Turkey",38.513000488299994,27.010099411,16
KCO,"Cengiz Topel Airport","Topel","Turkey",40.73500061035156,30.08329963684082,182
DLM,"Dalaman International Airport","Dalaman","Turkey",36.7131004333,28.7924995422,20
BXN,"Imsık Airport","Bodrum","Turkey",37.140098571777344,27.669700622558594,202
EZS,"Elazığ Airport","Elazig","Turkey",38.6068992615,39.2914009094,2927
DIY,"Diyarbakir Airport","Diyabakir","Turkey",37.893901825,40.201000213600004,2251
ERC,"Erzincan Airport","Erzincan","Turkey",39.7102012634,39.527000427199994,3783
ERZ,"Erzurum International Airport","Erzurum","Turkey",39.9565010071,41.17020034789999,5763
TZX,"Trabzon International Airport","Trabzon","Turkey",40.99509811401367,39.78969955444336,104
VAN,"Van Ferit Melen Airport","Van","Turkey",38.46820068359375,43.332298278808594,5480
BAL,"Batman Airport","Batman","Turkey",37.929000854499996,41.1166000366,1822
SXZ,"Siirt Airport","Siirt","Turkey",37.97890090942383,41.84040069580078,2001
BZY,"Bălți International Airport","Saltsy","Moldova",47.843056,27.777222,758
KIV,"Chişinău International Airport","Chisinau","Moldova",46.92770004272461,28.930999755859375,399
OHD,"Ohrid St. Paul the Apostle Airport","Ohrid","Macedonia",41.18,20.7423,2313
SKP,"Skopje Alexander the Great Airport","Skopje","Macedonia",41.961601,21.621401,781
GIB,"Gibraltar Airport","Gibraltar","Gibraltar",36.1511993408,-5.3496599197400005,15
BEG,"Belgrade Nikola Tesla Airport","Belgrade","Serbia",44.8184013367,20.3090991974,335
INI,"Nis Airport","Nis","Serbia",43.337299,21.853701,648
TGD,"Podgorica Airport","Podgorica","Montenegro",42.359402,19.2519,141
PRN,"Priština International Airport","Pristina","Serbia",42.5728,21.035801,1789
TIV,"Tivat Airport","Tivat","Montenegro",42.404701232910156,18.72330093383789,20
BTS,"M. R. Štefánik Airport","Bratislava","Slovakia",48.17020034790039,17.21269989013672,436
KSC,"Košice Airport","Kosice","Slovakia",48.66310119628906,21.241100311279297,755
PZY,"Piešťany Airport","Piestany","Slovakia",48.62519836425781,17.828399658203125,545
SLD,"Sliač Airport","Sliac","Slovakia",48.63779830932617,19.13409996032715,1043
TAT,"Poprad-Tatry Airport","Poprad","Slovakia",49.073600769,20.2411003113,2356
NCA,"North Caicos Airport","North Caicos","Turks and Caicos Islands",21.9175,-71.939598,10
PLS,"Providenciales Airport","Providenciales","Turks and Caicos Islands",21.77359962463379,-72.26589965820312,15
XSC,"South Caicos Airport","South Caicos","Turks and Caicos Islands",21.515699386599998,-71.528503418,6
BRX,"Maria Montez International Airport","Barahona","Dominican Republic",18.25149917602539,-71.12039947509766,10
CBJ,"Cabo Rojo Airport","Cabo Rojo","Dominican Republic",17.929000854492188,-71.6447982788086,262
LRM,"Casa De Campo International Airport","La Romana","Dominican Republic",18.450700759887695,-68.91179656982422,240
PUJ,"Punta Cana International Airport","Punta Cana","Dominican Republic",18.567399978599997,-68.36340332030001,47
POP,"Gregorio Luperon International Airport","Puerto Plata","Dominican Republic",19.75790023803711,-70.56999969482422,15
SDQ,"Las Américas International Airport","Santo Domingo","Dominican Republic",18.42970085144,-69.668899536133,59
STI,"Cibao International Airport","Santiago","Dominican Republic",19.406099319458008,-70.60469818115234,565
CBV,"Coban Airport","Coban","Guatemala",15.468999862670898,-90.40670013427734,4339
GUA,"La Aurora Airport","Guatemala City","Guatemala",14.5833,-90.527496,4952
RER,"Retalhuleu Airport","Retalhuleu","Guatemala",14.520999908447266,-91.69730377197266,656
GSJ,"San José Airport","San Jose","Guatemala",13.936200141899999,-90.83580017090001,29
LCE,"Goloson International Airport","La Ceiba","Honduras",15.7425,-86.852997,39
SAP,"Ramón Villeda Morales International Airport","San Pedro Sula","Honduras",15.4526,-87.923599,91
GJA,"La Laguna Airport","Guanaja","Honduras",16.4454,-85.906601,49
RTB,"Juan Manuel Galvez International Airport","Roatan","Honduras",16.316799,-86.523003,39
TEA,"Tela Airport","Tela","Honduras",15.7759,-87.4758,7
TGU,"Toncontín International Airport","Tegucigalpa","Honduras",14.06089973449707,-87.21720123291016,3294
TJI,"Trujillo Airport","Trujillo","Honduras",15.9268,-85.938202,3
OCJ,"Boscobel Aerodrome","Ocho Rios","Jamaica",18.404199600219727,-76.96900177001953,90
KIN,"Norman Manley International Airport","Kingston","Jamaica",17.935699462890625,-76.7874984741211,10
MBJ,"Sangster International Airport","Montego Bay","Jamaica",18.503700256347656,-77.91339874267578,4
POT,"Ken Jones Airport","Port Antonio","Jamaica",18.1987991333,-76.53450012210001,20
KTP,"Tinson Pen Airport","Kingston","Jamaica",17.98859977722168,-76.82379913330078,16
ACA,"General Juan N Alvarez International Airport","Acapulco","Mexico",16.757099151611328,-99.75399780273438,16
NTR,"Del Norte International Airport","Monterrey","Mexico",25.865601,-100.237,1476
AGU,"Jesús Terán Paredo International Airport","Aguascalientes","Mexico",21.705601,-102.318001,6112
HUX,"Bahías de Huatulco International Airport","Huatulco","Mexico",15.7753,-96.262604,464
CVJ,"General Mariano Matamoros Airport","Cuernavaca","Mexico",18.834800720214844,-99.26129913330078,4277
ACN,"Ciudad Acuña New International Airport","Ciudad Acuna","Mexico",29.332899,-101.098998,1410
CME,"Ciudad del Carmen International Airport","Ciudad Del Carmen","Mexico",18.65369987487793,-91.79900360107422,10
NCG,"Nuevo Casas Grandes Airport","Nuevo Casas Grandes","Mexico",30.3974,-107.875,4850
CUL,"Bachigualato Federal International Airport","Culiacan","Mexico",24.7644996643,-107.474998474,108
CTM,"Chetumal International Airport","Chetumal","Mexico",18.50469970703125,-88.32679748535156,39
CEN,"Ciudad Obregón International Airport","Ciudad Obregon","Mexico",27.39259910583496,-109.83300018310547,243
CPE,"Ingeniero Alberto Acuña Ongay International Airport","Campeche","Mexico",19.816799163800003,-90.5002975464,34
CJS,"Abraham González International Airport","Ciudad Juarez","Mexico",31.63610076904297,-106.42900085449219,3904
CUU,"General Roberto Fierro Villalobos International Airport","Chihuahua","Mexico",28.702899932900003,-105.964996338,4462
CVM,"General Pedro Jose Mendez International Airport","Ciudad Victoria","Mexico",23.7033004761,-98.9564971924,761
CZM,"Cozumel International Airport","Cozumel","Mexico",20.52239990234375,-86.92559814453125,15
DGO,"General Guadalupe Victoria International Airport","Durango","Mexico",24.1242008209,-104.527999878,6104
TPQ,"Amado Nervo National Airport","Tepic","Mexico",21.4195,-104.843002,3020
ESE,"Ensenada International Airport","Ensenada","Mexico",31.7953,-116.602997,66
GDL,"Don Miguel Hidalgo Y Costilla International Airport","Guadalajara","Mexico",20.521799087524414,-103.31099700927734,5016
GYM,"General José María Yáñez International Airport","Guaymas","Mexico",27.9689998626709,-110.92500305175781,59
TCN,"Tehuacan Airport","Tehuacan","Mexico",18.49720001220703,-97.4198989868164,5509
HMO,"General Ignacio P. Garcia International Airport","Hermosillo","Mexico",29.095899581900003,-111.047996521,627
CLQ,"Licenciado Miguel de la Madrid Airport","Colima","Mexico",19.277,-103.577002,2467
ISJ,"Isla Mujeres Airport","Isla Mujeres","Mexico",21.2450008392334,-86.73999786376953,7
SLW,"Plan De Guadalupe International Airport","Saltillo","Mexico",25.54949951171875,-100.92900085449219,4778
IZT,"Ixtepec Airport","Iztepec","Mexico",16.449301,-95.093697,164
LZC,"Lázaro Cárdenas Airport","Lazard Cardenas","Mexico",18.0016994476,-102.221000671,39
LMM,"Valle del Fuerte International Airport","Los Mochis","Mexico",25.6851997375,-109.081001282,16
BJX,"Del Bajío International Airport","Del Bajio","Mexico",20.9935,-101.481003,5956
LAP,"Manuel Márquez de León International Airport","La Paz","Mexico",24.072700500499998,-110.361999512,69
LTO,"Loreto International Airport","Loreto","Mexico",25.989200592041016,-111.3479995727539,34
MAM,"General Servando Canales International Airport","Matamoros","Mexico",25.7698993683,-97.5252990723,25
MID,"Licenciado Manuel Crescencio Rejon Int Airport","Merida","Mexico",20.937000274699997,-89.657699585,38
MXL,"General Rodolfo Sánchez Taboada International Airport","Mexicali","Mexico",32.6306,-115.241997,74
MLM,"General Francisco J. Mujica International Airport","Morelia","Mexico",19.849899292,-101.025001526,6033
MTT,"Minatitlán/Coatzacoalcos National Airport","Minatitlan","Mexico",18.1033992767,-94.58070373540001,36
LOV,"Monclova International Airport","Monclova","Mexico",26.9557,-101.470001,1864
MEX,"Licenciado Benito Juarez International Airport","Mexico City","Mexico",19.4363,-99.072098,7316
MTY,"General Mariano Escobedo International Airport","Monterrey","Mexico",25.7784996033,-100.107002258,1278
MZT,"General Rafael Buelna International Airport","Mazatlan","Mexico",23.1613998413,-106.26599884,38
NOG,"Nogales International Airport","Nogales","Mexico",31.22610092163086,-110.97599792480469,3990
NLD,"Quetzalcóatl International Airport","Nuevo Laredo","Mexico",27.4438991547,-99.5705032349,484
OAX,"Xoxocotlán International Airport","Oaxaca","Mexico",16.9999008179,-96.726600647,4989
PAZ,"El Tajín National Airport","Poza Rico","Mexico",20.6026992798,-97.46080017090001,497
PBC,"Hermanos Serdán International Airport","Puebla","Mexico",19.1581001282,-98.3713989258,7361
PPE,"Mar de Cortés International Airport","Punta Penasco","Mexico",31.351987,-113.305177,71
PDS,"Piedras Negras International Airport","Piedras Negras","Mexico",28.627399,-100.535004,901
UPN,"Licenciado y General Ignacio Lopez Rayon Airport","Uruapan","Mexico",19.396699905395508,-102.03900146484375,5258
PVR,"Licenciado Gustavo Díaz Ordaz International Airport","Puerto Vallarta","Mexico",20.680099487304688,-105.25399780273438,23
PXM,"Puerto Escondido International Airport","Puerto Escondido","Mexico",15.8769,-97.089103,294
QRO,"Querétaro Intercontinental Airport","Queretaro","Mexico",20.6173,-100.185997,6296
REX,"General Lucio Blanco International Airport","Reynosa","Mexico",26.0089,-98.2285,139
SJD,"Los Cabos International Airport","San Jose Del Cabo","Mexico",23.15180015563965,-109.72100067138672,374
SFH,"San Felipe International Airport","San Filipe","Mexico",30.930200576782,-114.80899810791,148
SLP,"Ponciano Arriaga International Airport","San Luis Potosi","Mexico",22.254299163800003,-100.930999756,6035
TRC,"Francisco Sarabia International Airport","Torreon","Mexico",25.568300247199996,-103.411003113,3688
TGZ,"Angel Albino Corzo International Airport","Tuxtla Gutierrez","Mexico",16.5636005402,-93.02249908450001,1499
TIJ,"General Abelardo L. Rodríguez International Airport","Tijuana","Mexico",32.541099548339844,-116.97000122070312,489
TAM,"General Francisco Javier Mina International Airport","Tampico","Mexico",22.2964000702,-97.8658981323,80
TSL,"Tamuin Airport","Tamuin","Mexico",22.0383,-98.806502,164
TLC,"Licenciado Adolfo Lopez Mateos International Airport","Toluca","Mexico",19.3370990753,-99.56600189210002,8466
TAP,"Tapachula International Airport","Tapachula","Mexico",14.7943000793,-92.3700027466,97
CUN,"Cancún International Airport","Cancun","Mexico",21.036500930800003,-86.8770980835,22
VSA,"Carlos Rovirosa Pérez International Airport","Villahermosa","Mexico",17.996999740600586,-92.81739807128906,46
VER,"General Heriberto Jara International Airport","Vera Cruz","Mexico",19.1459007263,-96.1873016357,90
ZCL,"General Leobardo C. Ruiz International Airport","Zacatecas","Mexico",22.8971004486,-102.68699646,7141
ZIH,"Ixtapa Zihuatanejo International Airport","Zihuatanejo","Mexico",17.601600647,-101.460998535,26
ZMM,"Zamora Airport","Zamora","Mexico",20.045,-102.276001,5141
ZLO,"Playa De Oro International Airport","Manzanillo","Mexico",19.144800186199998,-104.558998108,30
BEF,"Bluefields Airport","Bluefields","Nicaragua",11.991000175476074,-83.77410125732422,20
MGA,"Augusto C. Sandino (Managua) International Airport","Managua","Nicaragua",12.141500473022461,-86.16819763183594,194
PUZ,"Puerto Cabezas Airport","Puerto Cabezas","Nicaragua",14.047200202941895,-83.38670349121094,52
BOC,"Bocas Del Toro International Airport","Bocas Del Toro","Panama",9.340849876403809,-82.25080108642578,10
CHX,"Cap Manuel Niño International Airport","Changuinola","Panama",9.458962,-82.515062,19
DAV,"Enrique Malek International Airport","David","Panama",8.390999794006348,-82.43499755859375,89
BLB,"Panama Pacific International Airport","Howard","Panama",8.91479,-79.599602,52
PAC,"Marcos A. Gelabert International Airport","Panama","Panama",8.973340034484863,-79.55560302734375,31
SYP,"Ruben Cantu Airport","Santiago","Panama",8.085599899291992,-80.94529724121094,272
PTY,"Tocumen International Airport","Panama City","Panama",9.0713596344,-79.3834991455,135
BAI,"Buenos Aires Airport","Buenos Aires","Costa Rica",9.163949,-83.330171,1214
OTR,"Coto 47 Airport","Coto 47","Costa Rica",8.60155963897705,-82.96859741210938,26
JAP,"Chacarita Airport","Chacarita","Costa Rica",9.98141002655,-84.7726974487,7
GLF,"Golfito Airport","Golfito","Costa Rica",8.654009819030762,-83.18219757080078,49
GPL,"Guapiles Airport","Guapiles","Costa Rica",10.2172002792,-83.79699707030001,883
LIR,"Daniel Oduber Quiros International Airport","Liberia","Costa Rica",10.5933,-85.544403,270
LSL,"Los Chiles Airport","Los Chiles","Costa Rica",11.035300254821777,-84.70610046386719,131
LIO,"Limon International Airport","Limon","Costa Rica",9.95796012878418,-83.02200317382812,7
NOB,"Nosara Airport","Nosara Beach","Costa Rica",9.976490020750001,-85.65299987790002,33
SJO,"Juan Santamaria International Airport","San Jose","Costa Rica",9.993860244750977,-84.20880126953125,3021
PMZ,"Palmar Sur Airport","Palmar Sur","Costa Rica",8.951029777526855,-83.46859741210938,49
XQP,"Quepos Managua Airport","Quepos","Costa Rica",9.443160057067871,-84.12979888916016,85
TOO,"San Vito De Java Airport","San Vito De Jaba","Costa Rica",8.826109886169434,-82.95890045166016,3228
SAL,"Monseñor Óscar Arnulfo Romero International Airport","San Salvador","El Salvador",13.4409,-89.055702,101
CYA,"Les Cayes Airport","Cayes","Haiti",18.271099090576172,-73.78829956054688,203
CAP,"Cap Haitien International Airport","Cap Haitien","Haiti",19.733,-72.194702,10
JAK,"Jacmel Airport","Jacmel","Haiti",18.241100311279297,-72.51850128173828,167
PAP,"Toussaint Louverture International Airport","Port-au-prince","Haiti",18.579999923706055,-72.2925033569336,122
BCA,"Gustavo Rizo Airport","Baracoa Playa","Cuba",20.365299224853516,-74.5062026977539,26
BYM,"Carlos Manuel de Cespedes Airport","Bayamo","Cuba",20.396400451660156,-76.62139892578125,203
AVI,"Maximo Gomez Airport","Ciego De Avila","Cuba",22.027099609375,-78.78959655761719,335
CCC,"Jardines Del Rey Airport","Cunagua","Cuba",22.461000442499998,-78.32839965820001,13
CFG,"Jaime Gonzalez Airport","Cienfuegos","Cuba",22.149999618530273,-80.41419982910156,102
CYO,"Vilo Acuña International Airport","Cayo Largo del Sur","Cuba",21.6165008545,-81.5459976196,10
CMW,"Ignacio Agramonte International Airport","Camaguey","Cuba",21.420299530029297,-77.84750366210938,413
SCU,"Antonio Maceo International Airport","Santiago De Cuba","Cuba",19.96980094909668,-75.83540344238281,249
NBW,"Leeward Point Field","Guantanamo","Cuba",19.906499862671,-75.207099914551,56
GAO,"Mariana Grajales Airport","Guantanamo","Cuba",20.08530044555664,-75.1583023071289,56
HAV,"José Martí International Airport","Havana","Cuba",22.989200592041016,-82.40910339355469,210
HOG,"Frank Pais International Airport","Holguin","Cuba",20.785600662231445,-76.31510162353516,361
LCL,"La Coloma Airport","La Coloma","Cuba",22.33609962463379,-83.64189910888672,131
MOA,"Orestes Acosta Airport","Moa","Cuba",20.653900146484375,-74.92220306396484,16
MZO,"Sierra Maestra Airport","Manzanillo","Cuba",20.28809928894043,-77.08920288085938,112
GER,"Rafael Cabrera Airport","Nueva Gerona","Cuba",21.834699630737305,-82.78379821777344,79
UPB,"Playa Baracoa Airport","Baracoa Playa","Cuba",23.032800674399997,-82.5793991089,102
QPD,"Pinar Del Rio Airport","Pinar Del Rio Norte","Cuba",22.42140007019043,-83.67839813232422,131
SNU,"Abel Santamaria Airport","Santa Clara","Cuba",22.49220085144043,-79.943603515625,338
SZJ,"Siguanea Airport","Siguanea","Cuba",21.642499923706055,-82.9551010131836,39
USS,"Sancti Spiritus Airport","Sancti Spiritus","Cuba",21.9704,-79.442703,295
VRA,"Juan Gualberto Gomez International Airport","Varadero","Cuba",23.034400939941406,-81.435302734375,210
VTU,"Hermanos Ameijeiras Airport","Las Tunas","Cuba",20.987600326538086,-76.93579864501953,328
CYB,"Gerrard Smith International Airport","Cayman Brac","Cayman Islands",19.687000274658203,-79.88279724121094,8
GCM,"Owen Roberts International Airport","Georgetown","Cayman Islands",19.292800903299998,-81.3576965332,8
MAY,"Clarence A. Bain Airport","Clarence Bain","Bahamas",24.287700653076172,-77.68460083007812,19
ASD,"Andros Town Airport","Andros Town","Bahamas",24.697900772094727,-77.79560089111328,5
MHH,"Leonard M Thompson International Airport","Marsh Harbor","Bahamas",26.5114,-77.083503,6
SAQ,"San Andros Airport","San Andros","Bahamas",25.053800582885742,-78.04900360107422,5
AXP,"Spring Point Airport","Spring Point","Bahamas",22.441799163800003,-73.97090148930002,11
TCB,"Treasure Cay Airport","Treasure Cay","Bahamas",26.745300293,-77.3912963867,8
CCZ,"Chub Cay Airport","Chub Cay","Bahamas",25.41710090637207,-77.88089752197266,5
GHC,"Great Harbour Cay Airport","Bullocks Harbour","Bahamas",25.7383,-77.840103,18
BIM,"South Bimini Airport","Alice Town","Bahamas",25.6998996735,-79.2647018433,10
GGT,"Exuma International Airport","Great Exuma","Bahamas",23.5625991821,-75.8779983521,9
ELH,"North Eleuthera Airport","North Eleuthera","Bahamas",25.474899292,-76.6835021973,13
GHB,"Governor's Harbour Airport","Governor's Harbor","Bahamas",25.2847003937,-76.3310012817,26
NMC,"Normans Cay Airport","Norman's Cay","Bahamas",24.59429931640625,-76.82019805908203,8
RSD,"Rock Sound Airport","Rock Sound","Bahamas",24.8950787333,-76.1768817902,10
TYM,"Staniel Cay Airport","Staniel Cay","Bahamas",24.169099807739258,-76.43910217285156,5
FPO,"Grand Bahama International Airport","Freeport","Bahamas",26.5587005615,-78.695602417,7
IGA,"Inagua Airport","Matthew Town","Bahamas",20.975000381469727,-73.66690063476562,8
LGI,"Deadman's Cay Airport","Dead Man's Cay","Bahamas",23.1790008545,-75.09359741210001,9
SML,"Stella Maris Airport","Stella Maris","Bahamas",23.582317,-75.268621,10
MYG,"Mayaguana Airport","Mayaguana","Bahamas",22.379499,-73.013494,11
NAS,"Lynden Pindling International Airport","Nassau","Bahamas",25.0389995575,-77.46620178219999,16
DCT,"Duncan Town Airport","Duncan Town","Bahamas",22.181800842285156,-75.72949981689453,6
RCY,"Rum Cay Airport","Port Nelson","Bahamas",23.68440055847168,-74.83619689941406,15
ZSA,"San Salvador Airport","Cockburn Town","Bahamas",24.06329917907715,-74.52400207519531,24
BZE,"Philip S. W. Goldson International Airport","Belize City","Belize",17.539100646972656,-88.30819702148438,15
AIT,"Aitutaki Airport","Aitutaki","Cook Islands",-18.830900192260742,-159.76400756835938,14
RAR,"Rarotonga International Airport","Avarua","Cook Islands",-21.2026996613,-159.805999756,19
NAN,"Nadi International Airport","Nandi","Fiji",-17.755399703979492,177.4429931640625,59
SUV,"Nausori International Airport","Nausori","Fiji",-18.04330062866211,178.5590057373047,17
TBU,"Fua'amotu International Airport","Tongatapu","Tonga",-21.241199493408203,-175.14999389648438,126
VAV,"Vava'u International Airport","Vava'u","Tonga",-18.58530044555664,-173.96200561523438,236
TRW,"Bonriki International Airport","Tarawa","Kiribati",1.3816399574279785,173.14700317382812,9
TBF,"Tabiteuea North Airport","Tabiteuea North","Kiribati",-1.2244700193405151,174.7760009765625,7
WLS,"Hihifo Airport","Wallis","Wallis and Futuna",-13.2383003235,-176.199005127,79
APW,"Faleolo International Airport","Faleolo","Samoa",-13.829999923706055,-172.00799560546875,58
PPG,"Pago Pago International Airport","Pago Pago","American Samoa",-14.3310003281,-170.710006714,32
RUR,"Rurutu Airport","Rurutu","French Polynesia",-22.434099197387695,-151.36099243164062,18
TUB,"Tubuai Airport","Tubuai","French Polynesia",-23.365400314331055,-149.5240020751953,7
AAA,"Anaa Airport","Anaa","French Polynesia",-17.35260009765625,-145.50999450683594,10
FGU,"Fangatau Airport","Fangatau","French Polynesia",-15.819899559020996,-140.88699340820312,9
TIH,"Tikehau Airport","Tikehau","French Polynesia",-15.119600296020508,-148.2310028076172,6
REA,"Reao Airport","Reao","French Polynesia",-18.465900421142578,-136.44000244140625,12
FAV,"Fakarava Airport","Fakarava","French Polynesia",-16.054100036621094,-145.65699768066406,13
XMH,"Manihi Airport","Manihi","French Polynesia",-14.436800003051758,-146.07000732421875,14
GMR,"Totegegie Airport","Totegegie","French Polynesia",-23.07990074157715,-134.88999938964844,7
KKR,"Kaukura Airport","Kaukura Atoll","French Polynesia",-15.663299560546875,-146.88499450683594,11
MKP,"Makemo Airport","Makemo","French Polynesia",-16.583900451660156,-143.6580047607422,3
PKP,"Puka Puka Airport","Puka Puka","French Polynesia",-14.809499740600586,-138.81300354003906,5
TKP,"Takapoto Airport","Takapoto","French Polynesia",-14.709500312805176,-145.24600219726562,12
AXR,"Arutua Airport","Arutua","French Polynesia",-15.248299598693848,-146.61700439453125,9
MVT,"Mataiva Airport","Mataiva","French Polynesia",-14.8681001663208,-148.7169952392578,11
TKX,"Takaroa Airport","Takaroa","French Polynesia",-14.45580005645752,-145.02499389648438,13
NHV,"Nuku Hiva Airport","Nuku Hiva","French Polynesia",-8.795599937438965,-140.22900390625,220
BOB,"Bora Bora Airport","Bora Bora","French Polynesia",-16.444400787353516,-151.75100708007812,10
RGI,"Rangiroa Airport","Rangiroa","French Polynesia",-14.954299926757812,-147.66099548339844,10
HUH,"Huahine-Fare Airport","Huahine Island","French Polynesia",-16.68720054626465,-151.02200317382812,7
MOZ,"Moorea Airport","Moorea","French Polynesia",-17.49,-149.761993,9
HOI,"Hao Airport","Hao Island","French Polynesia",-18.074800491333008,-140.9459991455078,10
MAU,"Maupiti Airport","Maupiti","French Polynesia",-16.42650032043457,-152.24400329589844,15
RFP,"Raiatea Airport","Raiatea Island","French Polynesia",-16.7229,-151.466003,3
VLI,"Bauerfield International Airport","Port-vila","Vanuatu",-17.699300765991,168.32000732422,70
KNQ,"Koné Airport","Kone","New Caledonia",-21.05430030822754,164.83700561523438,23
KOC,"Koumac Airport","Koumac","New Caledonia",-20.546300888061523,164.25599670410156,42
LIF,"Lifou Airport","Lifou","New Caledonia",-20.774799346923828,167.24000549316406,92
GEA,"Nouméa Magenta Airport","Noumea","New Caledonia",-22.25830078125,166.47300720214844,10
MEE,"Maré Airport","Mare","New Caledonia",-21.481700897216797,168.03799438476562,141
TOU,"Touho Airport","Touho","New Caledonia",-20.790000915527344,165.25900268554688,10
UVE,"Ouvéa Airport","Ouvea","New Caledonia",-20.640600204467773,166.572998046875,23
NOU,"La Tontouta International Airport","Noumea","New Caledonia",-22.01460075378418,166.21299743652344,52
AKL,"Auckland International Airport","Auckland","New Zealand",-37.008098602299995,174.792007446,23
TUO,"Taupo Airport","Taupo","New Zealand",-38.73970031738281,176.08399963378906,1335
AMZ,"Ardmore Airport","Ardmore","New Zealand",-37.029701232910156,174.97300720214844,111
CHC,"Christchurch International Airport","Christchurch","New Zealand",-43.48939895629883,172.53199768066406,123
CHT,"Chatham Islands-Tuuta Airport","Chatham Island","New Zealand",-43.810001373291016,-176.45700073242188,43
DUD,"Dunedin Airport","Dunedin","New Zealand",-45.9281005859375,170.197998046875,4
GIS,"Gisborne Airport","Gisborne","New Zealand",-38.663299560546875,177.97799682617188,15
GTN,"Glentanner Airport","Glentanner","New Zealand",-43.906700134277344,170.1280059814453,1824
HKK,"Hokitika Airfield","Hokitika","New Zealand",-42.713600158691406,170.98500061035156,146
HLZ,"Hamilton International Airport","Hamilton","New Zealand",-37.8666992188,175.332000732,172
KKE,"Kerikeri Airport","Kerikeri","New Zealand",-35.26279830932617,173.91200256347656,492
KAT,"Kaitaia Airport","Kaitaia","New Zealand",-35.06999969482422,173.28500366210938,270
ALR,"Alexandra Airport","Alexandra","New Zealand",-45.211700439453125,169.3730010986328,752
MON,"Mount Cook Airport","Mount Cook","New Zealand",-43.76499938964844,170.13299560546875,2153
TEU,"Manapouri Airport","Manapouri","New Zealand",-45.53310012817383,167.64999389648438,687
MRO,"Hood Airport","Masterton","New Zealand",-40.97330093383789,175.63400268554688,364
NPL,"New Plymouth Airport","New Plymouth","New Zealand",-39.00859832763672,174.1790008544922,97
NSN,"Nelson Airport","Nelson","New Zealand",-41.298301696777344,173.2209930419922,17
IVC,"Invercargill Airport","Invercargill","New Zealand",-46.41239929199219,168.31300354003906,5
OHA,"RNZAF Base Ohakea","Ohakea","New Zealand",-40.20600128173828,175.38800048828125,164
OAM,"Oamaru Airport","Oamaru","New Zealand",-44.970001220703125,171.08200073242188,99
PMR,"Palmerston North Airport","Palmerston North","New Zealand",-40.32059860229492,175.61700439453125,151
PPQ,"Paraparaumu Airport","Paraparaumu","New Zealand",-40.904701232910156,174.98899841308594,22
ZQN,"Queenstown International Airport","Queenstown International","New Zealand",-45.0210990906,168.738998413,1171
ROT,"Rotorua Regional Airport","Rotorua","New Zealand",-38.10919952392578,176.31700134277344,935
TRG,"Tauranga Airport","Tauranga","New Zealand",-37.67190170288086,176.1959991455078,13
TIU,"Timaru Airport","Timaru","New Zealand",-44.302799224853516,171.22500610351562,89
TWZ,"Pukaki Airport","Pukaki","New Zealand",-44.2350006104,170.117996216,1575
BHE,"Woodbourne Airport","Woodbourne","New Zealand",-41.5182991027832,173.8699951171875,109
WKA,"Wanaka Airport","Wanaka","New Zealand",-44.722198486328,169.24600219727,1142
WHK,"Whakatane Airport","Whakatane","New Zealand",-37.92060089111328,176.91400146484375,20
WLG,"Wellington International Airport","Wellington","New Zealand",-41.3272018433,174.804992676,41
WIR,"Wairoa Airport","Wairoa","New Zealand",-39.006900787353516,177.40699768066406,42
WRE,"Whangarei Airport","Whangarei","New Zealand",-35.7682991027832,174.36500549316406,133
WSZ,"Westport Airport","Westport","New Zealand",-41.73809814453125,171.58099365234375,13
WAG,"Wanganui Airport","Wanganui","New Zealand",-39.96220016479492,175.02499389648438,27
HEA,"Herat Airport","Herat","Afghanistan",34.209999084472656,62.22829818725586,3206
JAA,"Jalalabad Airport","Jalalabad","Afghanistan",34.39979934692383,70.49859619140625,1814
KBL,"Hamid Karzai International Airport","Kabul","Afghanistan",34.565899,69.212303,5877
KDH,"Kandahar Airport","Kandahar","Afghanistan",31.505800247192383,65.8478012084961,3337
MMZ,"Maimana Airport","Maimama","Afghanistan",35.93080139160156,64.76090240478516,2743
MZR,"Mazar I Sharif Airport","Mazar-i-sharif","Afghanistan",36.70690155029297,67.20970153808594,1284
OAH,"Shindand Airport","Shindand","Afghanistan",33.3913002014,62.2610015869,3773
UND,"Konduz Airport","Kunduz","Afghanistan",36.66510009765625,68.91079711914062,1457
BAH,"Bahrain International Airport","Bahrain","Bahrain",26.27079963684082,50.63359832763672,6
AHB,"Abha Regional Airport","Abha","Saudi Arabia",18.240400314299997,42.65660095210001,6858
HOF,"Al Ahsa Airport","Al-ahsa","Saudi Arabia",25.28529930114746,49.485198974609375,588
ABT,"Al Baha Airport","El-baha","Saudi Arabia",20.2961006165,41.6343002319,5486
BHH,"Bisha Airport","Bisha","Saudi Arabia",19.984399795532227,42.62089920043945,3887
DMM,"King Fahd International Airport","Dammam","Saudi Arabia",26.471200942993164,49.79790115356445,72
DHA,"King Abdulaziz Air Base","Dhahran","Saudi Arabia",26.265399932900003,50.152000427199994,84
GIZ,"Jizan Regional Airport","Gizan","Saudi Arabia",16.901100158691406,42.58580017089844,20
ELQ,"Gassim Airport","Gassim","Saudi Arabia",26.302799224853516,43.77439880371094,2126
URY,"Gurayat Domestic Airport","Guriat","Saudi Arabia",31.412413,37.278898,1672
HAS,"Ha'il Airport","Hail","Saudi Arabia",27.437901,41.686298,3331
QJB,"Jubail Airport","Jubail","Saudi Arabia",27.038999557495117,49.40510177612305,26
JED,"King Abdulaziz International Airport","Jeddah","Saudi Arabia",21.6796,39.156502,48
KMC,"King Khaled Military City Airport","King Khalid Mil.city","Saudi Arabia",27.9009,45.528198,1352
MED,"Prince Mohammad Bin Abdulaziz Airport","Madinah","Saudi Arabia",24.5534,39.705101,2151
EAM,"Nejran Airport","Nejran","Saudi Arabia",17.611400604248047,44.4192008972168,3982
AQI,"Al Qaisumah/Hafr Al Batin Airport","Hafr Al-batin","Saudi Arabia",28.335199,46.125099,1174
RAH,"Rafha Domestic Airport","Rafha","Saudi Arabia",29.626399993896484,43.4906005859375,1474
RUH,"King Khaled International Airport","Riyadh","Saudi Arabia",24.957599639892578,46.69879913330078,2049
RAE,"Arar Domestic Airport","Arar","Saudi Arabia",30.906600952148438,41.13819885253906,1813
SHW,"Sharurah Airport","Sharurah","Saudi Arabia",17.466899871826172,47.12139892578125,2363
SLF,"Sulayel Airport","Sulayel","Saudi Arabia",20.46470069885254,45.619598388671875,2021
TUU,"Tabuk Airport","Tabuk","Saudi Arabia",28.3654,36.6189,2551
TIF,"Ta’if Regional Airport","Taif","Saudi Arabia",21.483001,40.543442,4848
TUI,"Turaif Domestic Airport","Turaif","Saudi Arabia",31.692188,38.731544,2803
EJH,"Al Wajh Domestic Airport","Wejh","Saudi Arabia",26.19860076904297,36.47639846801758,66
YNB,"Prince Abdulmohsin Bin Abdulaziz Airport","Yenbo","Saudi Arabia",24.144199,38.0634,26
ABD,"Abadan Airport","Abadan","Iran",30.371099472,48.2282981873,10
DEF,"Dezful Airport","Dezful","Iran",32.434399,48.397598,474
AKW,"Aghajari Airport","Aghajari","Iran",30.7444,49.6772,88
GCH,"Gachsaran Airport","Gachsaran","Iran",30.337600708,50.827999115,2414
OMI,"Omidiyeh Airport","Omidyeh","Iran",30.8351993560791,49.5349006652832,85
MRX,"Mahshahr Airport","Bandar Mahshahr","Iran",30.55620002746582,49.15190124511719,8
AWZ,"Ahwaz Airport","Ahwaz","Iran",31.337400436399996,48.7620010376,66
AEU,"Abu Musa Island Airport","Abumusa I.","Iran",25.8757,55.033001,23
BUZ,"Bushehr Airport","Bushehr","Iran",28.9447994232,50.8345985413,68
KIH,"Kish International Airport","Kish Island","Iran",26.5261993408,53.980201721200004,101
BDH,"Bandar Lengeh Airport","Bandar Lengeh","Iran",26.531999588,54.824798584,67
KHK,"Khark Island Airport","Khark Island","Iran",29.260299682617188,50.32389831542969,17
SXI,"Sirri Island Airport","Siri Island","Iran",25.908899307250977,54.539398193359375,43
LVP,"Lavan Island Airport","Lavan Island","Iran",26.810300827026367,53.356300354003906,76
KSH,"Shahid Ashrafi Esfahani Airport","Bakhtaran","Iran",34.3459014893,47.1581001282,4307
SDG,"Sanandaj Airport","Sanandaj","Iran",35.24589920043945,47.00920104980469,4522
IFH,"Hesa Airport","Daran","Iran",32.92890167236328,51.561100006103516,5256
KKS,"Kashan Airport","Kashan","Iran",33.895302,51.577,3465
IFN,"Esfahan Shahid Beheshti International Airport","Esfahan","Iran",32.75080108642578,51.86130142211914,5059
RAS,"Sardar-e-Jangal Airport","Rasht","Iran",37.323333,49.617778,-40
AJK,"Arak Airport","Arak","Iran",34.138099670410156,49.8473014831543,5440
THR,"Mehrabad International Airport","Teheran","Iran",35.68920135498047,51.31340026855469,3962
GZW,"Qazvin Airport","Ghazvin","Iran",36.240101,50.0471,4184
BND,"Bandar Abbas International Airport","Bandar Abbas","Iran",27.218299865722656,56.37779998779297,22
JYR,"Jiroft Airport","Jiroft","Iran",28.726900100699996,57.67029953,2663
KER,"Kerman Airport","Kerman","Iran",30.274400711099997,56.9510993958,5741
HDR,"Havadarya Airport","Bandar Abbas","Iran",27.158300399780273,56.17250061035156,19
SYJ,"Sirjan Airport","Sirjan","Iran",29.550899505615234,55.672698974609375,5846
XBJ,"Birjand Airport","Birjand","Iran",32.898101806640625,59.2661018371582,4952
CKT,"Sarakhs Airport","Sarakhs","Iran",36.50120162963867,61.06489944458008,945
RUD,"Shahroud Airport","Emam Shahr","Iran",36.4253005981,55.104198455799995,4215
TCX,"Tabas Airport","Tabas","Iran",33.6678009033,56.8927001953,2312
KLM,"Kalaleh Airport","Kalaleh","Iran",37.3833007812,55.4519996643,425
RZR,"Ramsar Airport","Ramsar","Iran",36.9099006652832,50.67959976196289,-70
FAZ,"Fasa Airport","Fasa","Iran",28.891799926757812,53.72330093383789,4261
JAR,"Jahrom Airport","Jahrom","Iran",28.586700439499996,53.5791015625,3358
LFM,"Lamerd Airport","Lamerd","Iran",27.3726997375,53.18880081179999,1337
SYZ,"Shiraz Shahid Dastghaib International Airport","Shiraz","Iran",29.539199829101562,52.58980178833008,4920
KHY,"Khoy Airport","Khoy","Iran",38.4275016784668,44.97359848022461,3981
TBZ,"Tabriz International Airport","Tabriz","Iran",38.1338996887207,46.23500061035156,4459
JWN,"Zanjan Airport","Zanjan","Iran",36.7737007141,48.3594017029,5382
AZD,"Shahid Sadooghi Airport","Yazd","Iran",31.9048995972,54.2765007019,4054
ACZ,"Zabol Airport","Zabol","Iran",31.09830093383789,61.54389953613281,1628
ZBR,"Konarak Airport","Chah Bahar","Iran",25.443300247199996,60.3820991516,43
ZAH,"Zahedan International Airport","Zahedan","Iran",29.47570037841797,60.90620040893555,4564
IHR,"Iran Shahr Airport","Iran Shahr","Iran",27.2360992432,60.7200012207,2040
AMM,"Queen Alia International Airport","Amman","Jordan",31.7226009369,35.9931983948,2395
ADJ,"Amman-Marka International Airport","Amman","Jordan",31.972700119018555,35.991600036621094,2555
AQJ,"Aqaba King Hussein International Airport","Aqaba","Jordan",29.611600875854492,35.01810073852539,175
OMF,"King Hussein Air College","Mafraq","Jordan",32.3564,36.259201,2240
KWI,"Kuwait International Airport","Kuwait","Kuwait",29.226600646972656,47.96889877319336,206
BEY,"Beirut Rafic Hariri International Airport","Beirut","Lebanon",33.820899963378906,35.488399505615234,87
KYE,"Rene Mouawad Air Base","Kleiat","Lebanon",34.589298248291016,36.01129913330078,75
AUH,"Abu Dhabi International Airport","Abu Dhabi","United Arab Emirates",24.433000564575195,54.651100158691406,88
AZI,"Bateen Airport","Abu Dhabi","United Arab Emirates",24.428300857543945,54.458099365234375,16
DHF,"Al Dhafra Air Base","Abu Dhabi","United Arab Emirates",24.248199462900004,54.547698974599996,77
DXB,"Dubai International Airport","Dubai","United Arab Emirates",25.2527999878,55.3643989563,62
FJR,"Fujairah International Airport","Fujeirah","United Arab Emirates",25.112199783325195,56.32400131225586,152
RKT,"Ras Al Khaimah International Airport","Ras Al Khaimah","United Arab Emirates",25.613500595092773,55.93880081176758,102
SHJ,"Sharjah International Airport","Sharjah","United Arab Emirates",25.32859992980957,55.5172004699707,111
KHS,"Khasab Air Base","Khasab","Oman",26.17099952697754,56.2406005859375,100
MSH,"Masirah Air Base","Masirah","Oman",20.675399780273438,58.890499114990234,64
MCT,"Muscat International Airport","Muscat","Oman",23.593299865722656,58.284400939941406,48
SLL,"Salalah Airport","Salalah","Oman",17.038700103759766,54.09130096435547,73
TTH,"Thumrait Air Base","Thumrait","Oman",17.666000366210938,54.024600982666016,1570
BHW,"Bhagatanwala Airport","Bhagtanwala","Pakistan",32.056098938,72.94840240479999,600
LYP,"Faisalabad International Airport","Faisalabad","Pakistan",31.364999771118164,72.99479675292969,591
GWD,"Gwadar International Airport","Gwadar","Pakistan",25.233299255371094,62.329498291015625,36
GIL,"Gilgit Airport","Gilgit","Pakistan",35.918800354003906,74.33360290527344,4796
JAG,"Shahbaz Air Base","Jacobsbad","Pakistan",28.28420066833496,68.44969940185547,185
KHI,"Jinnah International Airport","Karachi","Pakistan",24.9065,67.160797,100
LHE,"Alama Iqbal International Airport","Lahore","Pakistan",31.5216007232666,74.40360260009766,712
XJM,"Mangla Airport","Mangla","Pakistan",33.05009841918945,73.63839721679688,902
MFG,"Muzaffarabad Airport","Muzaffarabad","Pakistan",34.3390007019043,73.50859832763672,2691
MWD,"Mianwali Air Base","Mianwali","Pakistan",32.5630989074707,71.5707015991211,690
MJD,"Moenjodaro Airport","Moenjodaro","Pakistan",27.3351993560791,68.14309692382812,154
MUX,"Multan International Airport","Multan","Pakistan",30.20319938659668,71.41909790039062,403
WNS,"Shaheed Benazirabad Airport","Nawabshah","Pakistan",26.2194,68.390099,95
PJG,"Panjgur Airport","Panjgur","Pakistan",26.954500198364258,64.13249969482422,3289
PSI,"Pasni Airport","Pasni","Pakistan",25.29050064086914,63.34510040283203,33
PEW,"Peshawar International Airport","Peshawar","Pakistan",33.993900299072266,71.51460266113281,1158
UET,"Quetta International Airport","Quetta","Pakistan",30.251399993896484,66.93779754638672,5267
RYK,"Shaikh Zaid Airport","Rahim Yar Khan","Pakistan",28.383899688720703,70.27960205078125,271
RAZ,"Rawalakot Airport","Rawala Kot","Pakistan",33.849700927734375,73.79810333251953,5479
SKZ,"Sukkur Airport","Sukkur","Pakistan",27.722000122070312,68.79170227050781,196
SDT,"Saidu Sharif Airport","Saidu Sharif","Pakistan",34.8135986328125,72.35279846191406,3183
SUL,"Sui Airport","Sui","Pakistan",28.645099639892578,69.1769027709961,763
BDN,"Talhar Airport","Talhar","Pakistan",24.84149932861328,68.8384017944336,28
WAF,"Wana Airport","Wana","Pakistan",32.3046989440918,69.57039642333984,4550
PZH,"Zhob Airport","Zhob","Pakistan",31.358400344848633,69.4636001586914,4728
BSR,"Basrah International Airport","Basrah","Iraq",30.549100875854492,47.66210174560547,11
ALP,"Aleppo International Airport","Aleppo","Syria",36.18069839477539,37.22439956665039,1276
DAM,"Damascus International Airport","Damascus","Syria",33.4114990234375,36.51559829711914,2020
DEZ,"Deir ez-Zor Air Base","Deire Zor","Syria",35.2854,40.175999,700
LTK,"Bassel Al-Assad International Airport","Latakia","Syria",35.401100158691406,35.948699951171875,157
PMS,"Palmyra Airport","Palmyra","Syria",34.5574,38.316898,1322
DIA,"Doha International Airport","Doha","Qatar",25.261101,51.565102,35
CIS,"Canton Island Airport","Canton Island","Kiribati",-2.7681200504300003,-171.710006714,9
ROP,"Rota International Airport","Rota","Northern Mariana Islands",14.174300193786621,145.2429962158203,607
SPN,"Saipan International Airport","Saipan","Northern Mariana Islands",15.119,145.729004,215
UAM,"Andersen Air Force Base","Andersen","Guam",13.584,144.929998,627
GUM,"Antonio B. Won Pat International Airport","Agana","Guam",13.4834003448,144.796005249,298
TIQ,"Tinian International Airport","West Tinian","Northern Mariana Islands",14.999199867248535,145.61900329589844,271
MAJ,"Marshall Islands International Airport","Majuro","Marshall Islands",7.064760208129883,171.27200317382812,6
KWA,"Bucholz Army Air Field","Kwajalein","Marshall Islands",8.720120429992676,167.73199462890625,9
CXI,"Cassidy International Airport","Kiritimati","Kiribati",1.9861600399017334,-157.35000610351562,5
MDY,"Henderson Field","Midway","Midway Islands",28.20170021057129,-177.38099670410156,13
TKK,"Chuuk International Airport","Chuuk","Micronesia",7.461870193481445,151.84300231933594,11
PNI,"Pohnpei International Airport","Pohnpei","Micronesia",6.985099792480469,158.20899963378906,10
ROR,"Babelthuap Airport","Babelthuap","Palau",7.36731,134.544236,176
KSA,"Kosrae International Airport","Kosrae","Micronesia",5.35698,162.957993,11
YAP,"Yap International Airport","Yap","Micronesia",9.49891,138.082993,91
KNH,"Kinmen Airport","Kinmen","Taiwan",24.4279,118.359001,93
TTT,"Taitung Airport","Fengnin","Taiwan",22.7549991607666,121.10199737548828,143
GNI,"Lyudao Airport","Green Island","Taiwan",22.673900604248047,121.46600341796875,28
KHH,"Kaohsiung International Airport","Kaohsiung","Taiwan",22.57710075378418,120.3499984741211,31
CYI,"Chiayi Airport","Chiayi","Taiwan",23.46179962158203,120.39299774169922,85
KYD,"Lanyu Airport","Lanyu","Taiwan",22.027000427246094,121.53500366210938,44
RMQ,"Taichung Ching Chuang Kang Airport","Taichung","Taiwan",24.264699935913086,120.62100219726562,663
TNN,"Tainan Airport","Tainan","Taiwan",22.95039939880371,120.20600128173828,63
HSZ,"Hsinchu Air Base","Hsinchu","Taiwan",24.8180007935,120.939002991,26
MZG,"Makung Airport","Makung","Taiwan",23.568700790405273,119.62799835205078,103
PIF,"Pingtung North Airport","Pingtung","Taiwan",22.700199127197266,120.48200225830078,97
TSA,"Taipei Songshan Airport","Taipei","Taiwan",25.069400787353516,121.552001953125,18
TPE,"Taiwan Taoyuan International Airport","Taipei","Taiwan",25.0777,121.233002,106
WOT,"Wang-an Airport","Wang An","Taiwan",23.367372512817383,119.50277709960938,115
HUN,"Hualien Airport","Hualien","Taiwan",24.023099899291992,121.61799621582031,52
NRT,"Narita International Airport","Tokyo","Japan",35.7647018433,140.386001587,141
MMJ,"Matsumoto Airport","Matsumoto","Japan",36.16680145263672,137.92300415039062,2182
IBR,"Hyakuri Airport","Ibaraki","Japan",36.181098938,140.414993286,105
MUS,"Minami Torishima Airport","Minami Tori Shima","Japan",24.2896995544,153.979003906,22
IWO,"Iwo Jima Airport","Iwojima","Japan",24.784000396728516,141.322998046875,384
SHM,"Nanki Shirahama Airport","Nanki-shirahama","Japan",33.6622009277,135.363998413,298
OBO,"Tokachi-Obihiro Airport","Obihiro","Japan",42.7332992554,143.216995239,505
CTS,"New Chitose Airport","Sapporo","Japan",42.77519989013672,141.69200134277344,82
HKD,"Hakodate Airport","Hakodate","Japan",41.7700004578,140.822006226,151
MMB,"Memanbetsu Airport","Memanbetsu","Japan",43.8805999756,144.164001465,135
SHB,"Nakashibetsu Airport","Nakashibetsu","Japan",43.5774993896,144.960006714,234
WKJ,"Wakkanai Airport","Wakkanai","Japan",45.4042015076,141.800994873,30
IKI,"Iki Airport","Iki","Japan",33.7490005493,129.785003662,41
UBJ,"Yamaguchi Ube Airport","Yamaguchi","Japan",33.930000305200004,131.279006958,23
TSJ,"Tsushima Airport","Tsushima","Japan",34.2849006653,129.330993652,213
MBE,"Monbetsu Airport","Monbetsu","Japan",44.303901672399995,143.404006958,80
AKJ,"Asahikawa Airport","Asahikawa","Japan",43.670799255371094,142.44700622558594,721
OIR,"Okushiri Airport","Okushiri","Japan",42.0717010498,139.432998657,161
RIS,"Rishiri Airport","Rishiri Island","Japan",45.2420005798,141.186004639,112
KUM,"Yakushima Airport","Yakushima","Japan",30.3855991364,130.658996582,124
FUJ,"Fukue Airport","Fukue","Japan",32.66630172729492,128.83299255371094,273
FUK,"Fukuoka Airport","Fukuoka","Japan",33.585899353027344,130.4510040283203,32
TNE,"New Tanegashima Airport","Tanegashima","Japan",30.605100631699997,130.990997314,768
KOJ,"Kagoshima Airport","Kagoshima","Japan",31.80340003967285,130.718994140625,906
KMI,"Miyazaki Airport","Miyazaki","Japan",31.877199173,131.449005127,20
OIT,"Oita Airport","Oita","Japan",33.479400634799994,131.736999512,19
KKJ,"Kitakyūshū Airport","Kitakyushu","Japan",33.8459014893,131.035003662,21
KMJ,"Kumamoto Airport","Kumamoto","Japan",32.83729934692383,130.85499572753906,642
NGS,"Nagasaki Airport","Nagasaki","Japan",32.916900634799994,129.914001465,15
ASJ,"Amami Airport","Amami","Japan",28.430599212646484,129.71299743652344,27
OKE,"Okierabu Airport","Okierabu","Japan",27.4255008698,128.701004028,101
TKN,"Tokunoshima Airport","Tokunoshima","Japan",27.83639907836914,128.88099670410156,17
FKJ,"Fukui Airport","Fukui","Japan",36.1427993774,136.223999023,19
QGU,"Gifu Airport","Gifu","Japan",35.394100189208984,136.8699951171875,128
KMQ,"Komatsu Airport","Kanazawa","Japan",36.39459991455078,136.40699768066406,36
OKI,"Oki Airport","Oki Island","Japan",36.18109893798828,133.3249969482422,311
TOY,"Toyama Airport","Toyama","Japan",36.64830017089844,137.18800354003906,95
HIJ,"Hiroshima Airport","Hiroshima","Japan",34.4361000061,132.919006348,1088
OKJ,"Okayama Airport","Okayama","Japan",34.7569007874,133.854995728,806
IZO,"Izumo Airport","Izumo","Japan",35.4136009216,132.88999939,15
YGJ,"Miho Yonago Airport","Miho","Japan",35.4921989440918,133.23599243164062,20
KCZ,"Kōchi Ryōma Airport","Kochi","Japan",33.546101,133.669006,42
MYJ,"Matsuyama Airport","Matsuyama","Japan",33.82720184326172,132.6999969482422,25
ITM,"Osaka International Airport","Osaka","Japan",34.785499572753906,135.43800354003906,50
TTJ,"Tottori Airport","Tottori","Japan",35.5301017761,134.167007446,65
TKS,"Tokushima Airport/JMSDF Air Base","Tokushima","Japan",34.132801,134.606995,26
TAK,"Takamatsu Airport","Takamatsu","Japan",34.214199066199996,134.01600647,607
AOJ,"Aomori Airport","Aomori","Japan",40.73469924926758,140.6909942626953,664
GAJ,"Yamagata Airport","Yamagata","Japan",38.411899566699994,140.371002197,353
SDS,"Sado Airport","Sado","Japan",38.0601997375,138.414001465,88
HHE,"Hachinohe Airport","Hachinoe","Japan",40.556400299072266,141.46600341796875,152
HNA,"Hanamaki Airport","Hanamaki","Japan",39.4286003112793,141.13499450683594,297
AXT,"Akita Airport","Akita","Japan",39.6156005859375,140.218994140625,313
MSJ,"Misawa Air Base","Misawa","Japan",40.703201293899994,141.367996216,119
SDJ,"Sendai Airport","Sendai","Japan",38.1397018433,140.917007446,15
NJA,"Atsugi Naval Air Facility","Atsugi","Japan",35.4546012878418,139.4499969482422,205
HAC,"Hachijojima Airport","Hachijojima","Japan",33.1150016785,139.785995483,303
OIM,"Oshima Airport","Oshima","Japan",34.782001495399996,139.36000061,130
HND,"Tokyo Haneda International Airport","Tokyo","Japan",35.552299,139.779999,35
OKO,"Yokota Air Base","Yokota","Japan",35.74850082397461,139.34800720214844,463
KWJ,"Gwangju Airport","Kwangju","South Korea",35.123173,126.805444,39
CHN,"Jeon Ju Airport (G-703)","Jhunju","South Korea",35.87808,127.119112,96
RSU,"Yeosu Airport","Yeosu","South Korea",34.84230041503906,127.61699676513672,53
KAG,"Gangneung Airport (K-18)","Kangnung","South Korea",37.753601,128.943915,35
CJU,"Jeju International Airport","Cheju","South Korea",33.51129913330078,126.49299621582031,118
CHF,"Jinhae Airbase/Airport (G-813/K-10)","Chinhae","South Korea",35.140248,128.696229,8
PUS,"Gimhae International Airport","Busan","South Korea",35.1795005798,128.93800354,6
USN,"Ulsan Airport","Ulsan","South Korea",35.59349823,129.352005005,45
SSN,"Seoul Air Base (K-16)","Seoul East","South Korea",37.444744,127.112718,92
OSN,"Osan Air Base","Osan","South Korea",37.090599,127.029999,38
GMP,"Gimpo International Airport","Seoul","South Korea",37.5583,126.791,59
SWU,"Suwon Airport","Suwon","South Korea",37.23939895629883,127.00700378417969,88
KPO,"Pohang Airport (G-815/K-3)","Pohang","South Korea",35.987955,129.420383,70
TAE,"Daegu Airport","Taegu","South Korea",35.896872,128.65531,116
YEC,"Yecheon Airbase","Yechon","South Korea",36.630373,128.34971,354
OKA,"Naha Airport","Okinawa","Japan",26.1958007812,127.646003723,12
DNA,"Kadena Air Base","Kadena","Japan",26.3556,127.767998,143
ISG,"New Ishigaki Airport","Ishigaki","Japan",24.396389,124.245,102
UEO,"Kumejima Airport","Kumejima","Japan",26.363500595092773,126.71399688720703,23
MMD,"Minami-Daito Airport","Minami Daito","Japan",25.8465003967,131.263000488,167
MMY,"Miyako Airport","Miyako","Japan",24.782800674399997,125.294998169,150
KTD,"Kitadaito Airport","Kitadaito","Japan",25.9447002411,131.32699585,80
SHI,"Shimojishima Airport","Shimojishima","Japan",24.8267002106,125.144996643,54
TRA,"Tarama Airport","Tarama","Japan",24.653900146499996,124.675003052,36
RNJ,"Yoron Airport","Yoron","Japan",27.0440006256,128.401992798,52
OGN,"Yonaguni Airport","Yonaguni Jima","Japan",24.466899871826172,122.97799682617188,70
MNL,"Ninoy Aquino International Airport","Manila","Philippines",14.5086,121.019997,75
CBO,"Awang Airport","Cotabato","Philippines",7.1652398109436035,124.20999908447266,189
PAG,"Pagadian Airport","Pagadian","Philippines",7.83073144787,123.461179733,5
GES,"General Santos International Airport","Romblon","Philippines",6.05800008774,125.096000671,505
ZAM,"Zamboanga International Airport","Zamboanga","Philippines",6.922420024871826,122.05999755859375,33
BAG,"Loakan Airport","Baguio","Philippines",16.375099182128906,120.62000274658203,4251
DTE,"Daet Airport","Daet","Philippines",14.129199981689453,122.9800033569336,10
SJI,"San Jose Airport","San Jose","Philippines",12.361499786399998,121.04699707,14
MBO,"Mamburao Airport","Mamburao","Philippines",13.208100318908691,120.6050033569336,13
BQA,"Dr.Juan C. Angara Airport","Baler","Philippines",15.729309,121.500034,108
TAC,"Daniel Z. Romualdez Airport","Tacloban","Philippines",11.228035,125.027761,10
BCD,"Bacolod-Silay Airport","Bacolod","Philippines",10.7764,123.014999,82
DGT,"Sibulan Airport","Dumaguete","Philippines",9.3337097168,123.300003052,15
MPH,"Godofredo P. Ramos Airport","Caticlan","Philippines",11.9245,121.954002,7
ILO,"Iloilo International Airport","Iloilo","Philippines",10.833017,122.493358,27
KLO,"Kalibo International Airport","Kalibo","Philippines",11.679400444,122.375999451,14
PPS,"Puerto Princesa Airport","Puerto Princesa","Philippines",9.742119789123535,118.75900268554688,71
EUQ,"Evelio Javier Airport","San Jose","Philippines",10.765999794,121.932998657,23
COC,"Comodoro Pierrestegui Airport","Concordia","Argentina",-31.2969,-57.9966,112
GHU,"Gualeguaychu Airport","Gualeguaychu","Argentina",-33.0103,-58.6131,75
JNI,"Junin Airport","Junin","Argentina",-34.5459,-60.9306,262
PRA,"General Urquiza Airport","Parana","Argentina",-31.7948,-60.4804,242
ROS,"Islas Malvinas Airport","Rosario","Argentina",-32.9036,-60.785,85
SFN,"Sauce Viejo Airport","Santa Fe","Argentina",-31.7117,-60.8117,55
AEP,"Jorge Newbery Airpark","Buenos Aires","Argentina",-34.5592,-58.4156,18
COR,"Ingeniero Ambrosio Taravella Airport","Cordoba","Argentina",-31.323601,-64.208,1604
FDO,"San Fernando Airport","San Fernando","Argentina",-34.4532,-58.5896,10
LPG,"La Plata Airport","La Plata","Argentina",-34.9722,-57.8947,72
EPA,"El Palomar Airport","El Palomar","Argentina",-34.6099,-58.6126,59
HOS,"Chos Malal Airport","Chosmadal","Argentina",-37.444698333699996,-70.2225036621,2788
GNR,"Dr. Arturo H. Illia Airport","Fuerte Gral Roca","Argentina",-39.0007019043,-67.6204986572,852
MDZ,"El Plumerillo Airport","Mendoza","Argentina",-32.8316993713,-68.7929000854,2310
LGS,"Comodoro D.R. Salomón Airport","Malargue","Argentina",-35.493598938,-69.5743026733,4685
AFA,"Suboficial Ay Santiago Germano Airport","San Rafael","Argentina",-34.588299,-68.4039,2470
CTC,"Catamarca Airport","Catamarca","Argentina",-28.5956001282,-65.751701355,1522
SDE,"Vicecomodoro Angel D. La Paz Aragonés Airport","Santiago Del Estero","Argentina",-27.765556335399996,-64.3099975586,656
IRJ,"Capitan V A Almonacid Airport","La Rioja","Argentina",-29.3815994263,-66.7957992554,1437
TUC,"Teniente Benjamin Matienzo Airport","Tucuman","Argentina",-26.8409,-65.104897,1493
UAQ,"Domingo Faustino Sarmiento Airport","San Juan","Argentina",-31.571501,-68.418198,1958
RCU,"Area De Material Airport","Rio Cuarto","Argentina",-33.0850982666,-64.2612991333,1380
VDR,"Villa Dolores Airport","Villa Dolores","Argentina",-31.9451999664,-65.1463012695,1847
VME,"Villa Reynolds Airport","Villa Reynolds","Argentina",-33.7299003601,-65.3873977661,1591
LUQ,"Brigadier Mayor D Cesar Raul Ojeda Airport","San Luis","Argentina",-33.2732009888,-66.3563995361,2328
CNQ,"Corrientes Airport","Corrientes","Argentina",-27.4455,-58.7619,202
RES,"Resistencia International Airport","Resistencia","Argentina",-27.45,-59.0561,173
FMA,"Formosa Airport","Formosa","Argentina",-26.2127,-58.2281,193
IGR,"Cataratas Del Iguazú International Airport","Iguazu Falls","Argentina",-25.737301,-54.4734,916
AOL,"Paso De Los Libres Airport","Paso De Los Libres","Argentina",-29.6894,-57.1521,230
MCS,"Monte Caseros Airport","Monte Caseros","Argentina",-30.2719,-57.6402,170
PSS,"Libertador Gral D Jose De San Martin Airport","Posadas","Argentina",-27.3858,-55.9707,430
PRQ,"Termal Airport","Presidencia R.s.pena","Argentina",-26.753611,-60.492222,308
SLA,"Martin Miguel De Guemes International Airport","Salta","Argentina",-24.856000900299996,-65.4861984253,4088
JUJ,"Gobernador Horacio Guzman International Airport","Jujuy","Argentina",-24.392799,-65.097801,3019
ORA,"Orán Airport","Oran","Argentina",-23.1527996063,-64.3292007446,1171
ELO,"El Dorado Airport","El Dorado","Argentina",-26.3974990845,-54.5746994019,685
OYA,"Goya Airport","Goya","Argentina",-29.1058,-59.2189,128
RCQ,"Reconquista Airport","Reconquista","Argentina",-29.2103,-59.68,160
UZU,"Curuzu Cuatia Airport","Curuzu Cuatia","Argentina",-29.7706,-57.9789,229
EHL,"El Bolson Airport","El Bolson","Argentina",-41.9431991577,-71.5323028564,1141
CRD,"General E. Mosconi Airport","Comodoro Rivadavia","Argentina",-45.7853,-67.4655,189
EQS,"Brigadier Antonio Parodi Airport","Esquel","Argentina",-42.908000946,-71.139503479,2621
REL,"Almirante Marco Andres Zar Airport","Trelew","Argentina",-43.2105,-65.2703,141
VDM,"Gobernador Castello Airport","Viedma","Argentina",-40.8692,-63.0004,20
PMY,"El Tehuelche Airport","Puerto Madryn","Argentina",-42.7592,-65.1027,427
PUD,"Puerto Deseado Airport","Puerto Deseado","Argentina",-47.7353,-65.9041,268
RGA,"Hermes Quijada International Airport","Rio Grande","Argentina",-53.7777,-67.7494,65
RGL,"Piloto Civil N. Fernández Airport","Rio Gallegos","Argentina",-51.6089,-69.3126,61
USH,"Malvinas Argentinas Airport","Ushuaia","Argentina",-54.8433,-68.2958,102
ULA,"Capitan D Daniel Vazquez Airport","San Julian","Argentina",-49.3068,-67.8026,203
PMQ,"Perito Moreno Airport","Perito Moreno","Argentina",-46.537899,-70.978699,1410
RZA,"Santa Cruz Airport","Santa Cruz","Argentina",-50.0165,-68.5792,364
BHI,"Comandante Espora Airport","Bahia Blanca","Argentina",-38.725,-62.1693,246
CSZ,"Brigadier D.H.E. Ruiz Airport","Colonel Suarez","Argentina",-37.446098,-61.889301,767
OVR,"Olavarria Airport","Olavarria","Argentina",-36.8899993896,-60.216598510699995,551
GPO,"General Pico Airport","General Pico","Argentina",-35.6962013245,-63.7583007812,459
OYO,"Tres Arroyos Airport","Tres Arroyos","Argentina",-38.3869,-60.3297,400
MDQ,"Ástor Piazzola International Airport","Mar Del Plata","Argentina",-37.9342,-57.5733,72
NQN,"Presidente Peron Airport","Neuquen","Argentina",-38.949001,-68.155701,895
PEH,"Comodoro Pedro Zanni Airport","Pehuajo","Argentina",-35.8446,-61.8576,278
RSA,"Santa Rosa Airport","Santa Rosa","Argentina",-36.588299,-64.275703,630
BRC,"San Carlos De Bariloche Airport","San Carlos De Bariloche","Argentina",-41.151199,-71.157501,2774
TDL,"Héroes De Malvinas Airport","Tandil","Argentina",-37.2374000549,-59.2279014587,574
VLG,"Villa Gesell Airport","Villa Gesell","Argentina",-37.2354,-57.0292,32
CUT,"Cutral-Co Airport","Cutralco","Argentina",-38.939701080300004,-69.2646026611,2132
CPC,"Aviador C. Campos Airport","San Martin Des Andes","Argentina",-40.075401,-71.137299,2569
CDJ,"Conceição do Araguaia Airport","Conceicao Do Araguaia","Brazil",-8.348349571228027,-49.30149841308594,653
AQA,"Araraquara Airport","Araracuara","Brazil",-21.812000274699997,-48.1329994202,2334
AJU,"Santa Maria Airport","Aracaju","Brazil",-10.984000206,-37.0703010559,23
AFL,"Piloto Osvaldo Marques Dias Airport","Alta Floresta","Brazil",-9.8663892746,-56.1049995422,948
ARU,"Araçatuba Airport","Aracatuba","Brazil",-21.1413002014,-50.4247016907,1361
BEL,"Val de Cans/Júlio Cezar Ribeiro International Airport","Belem","Brazil",-1.3792500495900002,-48.4762992859,54
BGX,"Comandante Gustavo Kraemer Airport","Bage","Brazil",-31.39049911499,-54.112201690674,600
PLU,"Pampulha - Carlos Drummond de Andrade Airport","Belo Horizonte","Brazil",-19.851200103759766,-43.950599670410156,2589
BFH,"Bacacheri Airport","Curitiba","Brazil",-25.4050998688,-49.23199844359999,3057
BSB,"Presidente Juscelino Kubistschek International Airport","Brasilia","Brazil",-15.86916732788086,-47.920833587646484,3497
BAU,"Bauru Airport","Bauru","Brazil",-22.3449993134,-49.0537986755,2025
BVB,"Atlas Brasil Cantanhede Airport","Boa Vista","Brazil",2.84138894081,-60.6922225952,276
BPG,"Barra do Garças Airport","Barra Do Garcas","Brazil",-15.861300468400001,-52.3889007568,1147
CAC,"Cascavel Airport","Cascavel","Brazil",-25.0002994537,-53.500801086399996,2473
CNF,"Tancredo Neves International Airport","Belo Horizonte","Brazil",-19.62444305419922,-43.97194290161133,2715
CGR,"Campo Grande Airport","Campo Grande","Brazil",-20.468700408900002,-54.6725006104,1833
XAP,"Serafin Enoss Bertaso Airport","Chapeco","Brazil",-27.134199142456,-52.656600952148,2146
CLN,"Brig. Lysias Augusto Rodrigues Airport","Carolina","Brazil",-7.32043981552124,-47.45869827270508,565
CCM,"Diomício Freitas Airport","Criciuma","Brazil",-28.7244434357,-49.4213905334,93
CAW,"Bartolomeu Lisandro Airport","Campos","Brazil",-21.698299408,-41.301700592,57
CMG,"Corumbá International Airport","Corumba","Brazil",-19.0119438171,-57.6713905334,461
CWB,"Afonso Pena Airport","Curitiba","Brazil",-25.5284996033,-49.1758003235,2988
CRQ,"Caravelas Airport","Caravelas","Brazil",-17.652299880981,-39.253101348877,36
CXJ,"Hugo Cantergiani Regional Airport","Caxias Do Sul","Brazil",-29.197099685699996,-51.1875,2472
CGB,"Marechal Rondon Airport","Cuiaba","Brazil",-15.6528997421,-56.1166992188,617
CZS,"Cruzeiro do Sul Airport","Cruzeiro do Sul","Brazil",-7.59990978241,-72.7695007324,637
PPB,"Presidente Prudente Airport","President Prudente","Brazil",-22.1751003265,-51.4245986938,1477
MAO,"Eduardo Gomes International Airport","Manaus","Brazil",-3.0386099815368652,-60.04970169067383,264
JCR,"Jacareacanga Airport","Jacare-acanga","Brazil",-6.233160018920898,-57.77690124511719,323
IGU,"Cataratas International Airport","Foz Do Iguacu","Brazil",-25.600278854370117,-54.48500061035156,786
FLN,"Hercílio Luz International Airport","Florianopolis","Brazil",-27.670278549194336,-48.5525016784668,16
FEN,"Fernando de Noronha Airport","Fernando Do Noronha","Brazil",-3.85493,-32.423302,193
FOR,"Pinto Martins International Airport","Fortaleza","Brazil",-3.776279926300049,-38.53260040283203,82
GIG,"Rio Galeão – Tom Jobim International Airport","Rio De Janeiro","Brazil",-22.8099994659,-43.2505569458,28
GJM,"Guajará-Mirim Airport","Guajara-mirim","Brazil",-10.786399841308594,-65.28479766845703,478
GYN,"Santa Genoveva Airport","Goiania","Brazil",-16.631999969482422,-49.220699310302734,2450
GRU,"Guarulhos - Governador André Franco Montoro International Airport","Sao Paulo","Brazil",-23.435556411743164,-46.47305679321289,2459
GUJ,"Guaratinguetá Airport","Guaratingueta","Brazil",-22.79159927368164,-45.20479965209961,1761
ATM,"Altamira Airport","Altamira","Brazil",-3.2539100646973,-52.254001617432,369
ITA,"Itacoatiara Airport","Itaituba","Brazil",-3.1272599697113037,-58.481201171875,142
ITB,"Itaituba Airport","Itaituba","Brazil",-4.2423400878906,-56.000701904297,110
IOS,"Bahia - Jorge Amado Airport","Ilheus","Brazil",-14.815999984741,-39.033199310303,15
IPN,"Usiminas Airport","Ipatinga","Brazil",-19.470699310303,-42.487598419189,784
ITR,"Francisco Vilela do Amaral Airport","Itumbiara","Brazil",-18.4447002411,-49.2134017944,1630
IMP,"Prefeito Renato Moreira Airport","Imperatriz","Brazil",-5.53129,-47.459999,432
JDF,"Francisco de Assis Airport","Juiz De Fora","Brazil",-21.791500091552734,-43.38679885864258,2989
JPA,"Presidente Castro Pinto International Airport","Joao Pessoa","Brazil",-7.145833015440001,-34.9486122131,217
JOI,"Lauro Carneiro de Loyola Airport","Joinville","Brazil",-26.22450065612793,-48.797401428222656,15
CPV,"Presidente João Suassuna Airport","Campina Grande","Brazil",-7.26992,-35.8964,1646
VCP,"Viracopos International Airport","Campinas","Brazil",-23.0074005127,-47.1344985962,2170
LAJ,"Lages Airport","Lajes","Brazil",-27.782100677499997,-50.28150177,3065
LIP,"Lins Airport","Lins","Brazil",-21.663999557495,-49.730499267578,1559
LDB,"Governador José Richa Airport","Londrina","Brazil",-23.333599090599996,-51.1301002502,1867
LAZ,"Bom Jesus da Lapa Airport","Bom Jesus Da Lapa","Brazil",-13.2621002197,-43.4081001282,1454
MAB,"João Correa da Rocha Airport","Maraba","Brazil",-5.36858987808,-49.138000488299994,357
MEU,"Monte Dourado Airport","Almeirim","Brazil",-0.889839,-52.6022,677
MGF,"Regional de Maringá - Sílvio Nane Junior Airport","Maringa","Brazil",-23.479444503799996,-52.01222229,1788
MOC,"Mário Ribeiro Airport","Montes Claros","Brazil",-16.706899642899998,-43.818901062,2191
PLL,"Ponta Pelada Airport","Manaus","Brazil",-3.1460399627685547,-59.98630142211914,267
MCZ,"Zumbi dos Palmares Airport","Maceio","Brazil",-9.510809898376465,-35.79169845581055,387
MCP,"Alberto Alcolumbre Airport","Macapa","Brazil",0.0506640002131,-51.0722007751,56
MVF,"Dix-Sept Rosado Airport","Mocord","Brazil",-5.2019200324999995,-37.3642997742,76
MNX,"Manicoré Airport","Manicore","Brazil",-5.8113799095154,-61.278301239014,174
NVT,"Ministro Victor Konder International Airport","Navegantes","Brazil",-26.879999,-48.651402,18
GEL,"Santo Ângelo Airport","Santo Angelo","Brazil",-28.2817,-54.169102,1056
NAT,"Governador Aluízio Alves International Airport","Natal","Brazil",-5.768056,-35.376111,272
OYK,"Oiapoque Airport","Oioiapoque","Brazil",3.85548996925354,-51.79690170288086,63
POA,"Salgado Filho Airport","Porto Alegre","Brazil",-29.994400024414062,-51.1713981628418,11
PHB,"Prefeito Doutor João Silva Filho Airport","Parnaiba","Brazil",-2.89374995232,-41.73199844359999,16
POO,"Poços de Caldas - Embaixador Walther Moreira Salles Airport","Pocos De Caldas","Brazil",-21.843000411987,-46.567901611328,4135
PFB,"Lauro Kurtz Airport","Passo Fundo","Brazil",-28.243999,-52.326599,2376
PET,"João Simões Lopes Neto International Airport","Pelotas","Brazil",-31.718399,-52.327702,59
PNZ,"Senador Nilo Coelho Airport","Petrolina","Brazil",-9.362409591674805,-40.56909942626953,1263
PNB,"Porto Nacional Airport","Porto Nacional","Brazil",-10.719400405883789,-48.39970016479492,870
PMG,"Ponta Porã Airport","Ponta Pora","Brazil",-22.54960060119629,-55.702598571777344,2156
PVH,"Governador Jorge Teixeira de Oliveira Airport","Porto Velho","Brazil",-8.70928955078125,-63.90230178833008,290
RBR,"Plácido de Castro Airport","Rio Branco","Brazil",-9.868888854980469,-67.89805603027344,633
REC,"Guararapes - Gilberto Freyre International Airport","Recife","Brazil",-8.126489639282227,-34.92359924316406,33
SDU,"Santos Dumont Airport","Rio De Janeiro","Brazil",-22.910499572799996,-43.1631011963,11
RAO,"Leite Lopes Airport","Ribeirao Preto","Brazil",-21.136388778686523,-47.776668548583984,1806
SNZ,"Santa Cruz Air Force Base","Rio De Janeiro","Brazil",-22.9324,-43.719101,10
SJK,"Professor Urbano Ernesto Stumpf Airport","Sao Jose Dos Campos","Brazil",-23.22920036315918,-45.86149978637695,2120
SLZ,"Marechal Cunha Machado International Airport","Sao Luis","Brazil",-2.585360050201416,-44.234100341796875,178
CGH,"Congonhas Airport","Sao Paulo","Brazil",-23.626110076904297,-46.65638732910156,2631
SJP,"Prof. Eribelto Manoel Reino State Airport","Sao Jose Do Rio Preto","Brazil",-20.816600799599996,-49.40650177,1784
SSZ,"Base Aérea de Santos Airport","Santos","Brazil",-23.928056716918945,-46.299720764160156,10
SSA,"Deputado Luiz Eduardo Magalhães International Airport","Salvador","Brazil",-12.9086112976,-38.3224983215,64
TMT,"Trombetas Airport","Oriximina","Brazil",-1.489599943161,-56.396800994873,287
THE,"Senador Petrônio Portela Airport","Teresina","Brazil",-5.0599398613,-42.8235015869,219
TFF,"Tefé Airport","Tefe","Brazil",-3.38294005394,-64.7240982056,188
TRQ,"Tarauacá Airport","Tarauaca","Brazil",-8.1552600860596,-70.783302307129,646
TEC,"Telêmaco Borba Airport","Telemaco Borba","Brazil",-24.317800521850586,-50.6515998840332,2610
TBT,"Tabatinga Airport","Tabatinga","Brazil",-4.2556700706482,-69.93579864502,279
TUR,"Tucuruí Airport","Tucurui","Brazil",-3.7860100269318,-49.72029876709,830
SJL,"São Gabriel da Cachoeira Airport","Sao Gabriel","Brazil",-0.14835,-66.9855,251
PAV,"Paulo Afonso Airport","Paulo Alfonso","Brazil",-9.4008798599243,-38.250598907471,883
URG,"Rubem Berta Airport","Uruguaiana","Brazil",-29.7821998596,-57.0382003784,256
UDI,"Ten. Cel. Aviador César Bombonato Airport","Uberlandia","Brazil",-18.883612,-48.225277,3094
UBA,"Mário de Almeida Franco Airport","Uberaba","Brazil",-19.764722824097,-47.966110229492,2655
VAG,"Major Brigadeiro Trompowsky Airport","Varginha","Brazil",-21.5900993347,-45.4733009338,3025
BVH,"Brigadeiro Camarão Airport","Vilhena","Brazil",-12.694399833679,-60.098300933838,2018
VIX,"Eurico de Aguiar Salles Airport","Vitoria","Brazil",-20.258057,-40.286388,11
QPS,"Campo Fontenelle Airport","Piracununga","Brazil",-21.984600067138672,-47.334800720214844,1968
ARI,"Chacalluta Airport","Arica","Chile",-18.348499,-70.338699,167
BBA,"Balmaceda Airport","Balmaceda","Chile",-45.916099548339844,-71.68949890136719,1722
CCH,"Chile Chico Airport","Chile Chico","Chile",-46.58330154418945,-71.6874008178711,1070
CJC,"El Loa Airport","Calama","Chile",-22.498199462890625,-68.90360260009766,7543
YAI,"Gral. Bernardo O´Higgins Airport","Chillan","Chile",-36.58250045776367,-72.03140258789062,495
PUQ,"Pdte. Carlos Ibañez del Campo Airport","Punta Arenas","Chile",-53.002602,-70.854599,139
GXQ,"Teniente Vidal Airport","Coyhaique","Chile",-45.594200134277344,-72.1061019897461,1020
IQQ,"Diego Aracena Airport","Iquique","Chile",-20.535200119018555,-70.1812973022461,155
SCL,"Comodoro Arturo Merino Benítez International Airport","Santiago","Chile",-33.393001556396484,-70.78579711914062,1555
ANF,"Andrés Sabella Gálvez International Airport","Antofagasta","Chile",-23.444501,-70.445099,455
WPR,"Capitan Fuentes Martinez Airport Airport","Porvenir","Chile",-53.253700256347656,-70.31919860839844,104
FFU,"Futaleufú Airport","Futaleufu","Chile",-43.18920135498047,-71.8510971069336,1148
LSQ,"María Dolores Airport","Los Angeles","Chile",-37.40169906616211,-72.42539978027344,374
WPU,"Guardiamarina Zañartu Airport","Puerto Williams","Chile",-54.93109893798828,-67.62629699707031,88
CCP,"Carriel Sur Airport","Concepcion","Chile",-36.772701,-73.063103,26
IPC,"Mataveri Airport","Easter Island","Chile",-27.1648006439,-109.42199707,227
ZOS,"Cañal Bajo Carlos - Hott Siebert Airport","Osorno","Chile",-40.61119842529297,-73.06099700927734,187
VLR,"Vallenar Airport","Vallenar","Chile",-28.596399307250977,-70.75599670410156,1725
QRC,"De La Independencia Airport","Rancagua","Chile",-34.17369842529297,-70.77570343017578,1446
TNM,"Teniente Rodolfo Marsh Martin Base","Isla Rey Jorge","Antarctica",-62.1907997131,-58.9866981506,147
LSC,"La Florida Airport","La Serena","Chile",-29.916201,-71.199501,481
PZS,"Maquehue Airport","Temuco","Chile",-38.766799926758,-72.637100219727,304
PMC,"El Tepual Airport","Puerto Montt","Chile",-41.438899993896484,-73.09400177001953,294
WCH,"Chaitén Airport","Chaiten","Chile",-42.93280029296875,-72.6990966796875,13
ZAL,"Pichoy Airport","Valdivia","Chile",-39.6500015259,-73.0860977173,59
ATF,"Chachoán Airport","Ambato","Ecuador",-1.2120699882507324,-78.57460021972656,8502
OCC,"Francisco De Orellana Airport","Coca","Ecuador",-0.4628860056400299,-76.98680114746094,834
CUE,"Mariscal Lamar Airport","Cuenca","Ecuador",-2.88947,-78.984398,8306
GPS,"Seymour Airport","Galapagos","Ecuador",-0.45375800132751465,-90.26589965820312,207
GYE,"José Joaquín de Olmedo International Airport","Guayaquil","Ecuador",-2.1574199199699997,-79.88359832760001,19
LTX,"Cotopaxi International Airport","Latacunga","Ecuador",-0.906833,-78.615799,9205
MRR,"Jose Maria Velasco Ibarra Airport","Macara","Ecuador",-4.37823009491,-79.94100189210002,1508
XMS,"Coronel E Carvajal Airport","Macas","Ecuador",-2.2991700172424316,-78.12079620361328,3452
MCH,"General Manuel Serrano Airport","Machala","Ecuador",-3.2689,-79.961601,11
MEC,"Eloy Alfaro International Airport","Manta","Ecuador",-0.9460780024528503,-80.67880249023438,48
PVO,"Reales Tamarindos Airport","Portoviejo","Ecuador",-1.0416500568389893,-80.47219848632812,130
UIO,"Mariscal Sucre International Airport","Quito","Ecuador",-0.129166666667,-78.3575,7841
ETR,"Santa Rosa International Airport","Santa Rosa","Ecuador",-3.441986,-79.996957,20
SNC,"General Ulpiano Paez Airport","Salinas","Ecuador",-2.20499,-80.988899,18
TPC,"Tarapoa Airport","Tarapoa","Ecuador",-0.12295600026845932,-76.33779907226562,814
TUA,"Teniente Coronel Luis a Mantilla Airport","Tulcan","Ecuador",0.8095059990882874,-77.70809936523438,9649
ASU,"Silvio Pettirossi International Airport","Asuncion","Paraguay",-25.239999771118164,-57.52000045776367,292
AYO,"Juan De Ayolas Airport","Ayolas","Paraguay",-27.370554,-56.854064,223
CIO,"Teniente Col Carmelo Peralta Airport","Conception","Paraguay",-23.442363,-57.427253,253
ESG,"Dr. Luis Maria Argaña International Airport","Mariscal Estigarribia","Paraguay",-22.049999237060547,-60.619998931884766,553
PIL,"Carlos Miguel Gimenez Airport","Pilar","Paraguay",-26.881224,-58.318026,249
AXM,"El Eden Airport","Armenia","Colombia",4.45278,-75.7664,3990
PUU,"Tres De Mayo Airport","Puerto Asis","Colombia",0.505228,-76.5008,815
ELB,"Las Flores Airport","El Banco","Colombia",9.04554,-73.9749,111
BGA,"Palonegro Airport","Bucaramanga","Colombia",7.1265,-73.1848,3897
BOG,"El Dorado International Airport","Bogota","Colombia",4.70159,-74.1469,8361
BAQ,"Ernesto Cortissoz International Airport","Barranquilla","Colombia",10.8896,-74.7808,98
BSC,"José Celestino Mutis Airport","Bahia Solano","Colombia",6.20292,-77.3947,80
BUN,"Gerardo Tobar López Airport","Buenaventura","Colombia",3.81963,-76.9898,48
CUC,"Camilo Daza International Airport","Cucuta","Colombia",7.92757,-72.5115,1096
CTG,"Rafael Nuñez International Airport","Cartagena","Colombia",10.4424,-75.513,4
CLO,"Alfonso Bonilla Aragon International Airport","Cali","Colombia",3.54322,-76.3816,3162
TCO,"La Florida Airport","Tumaco","Colombia",1.81442,-78.7492,8
CZU,"Las Brujas Airport","Corozal","Colombia",9.33274,-75.2856,528
EJA,"Yariguíes Airport","Barrancabermeja","Colombia",7.02433,-73.8068,412
FLA,"Gustavo Artunduaga Paredes Airport","Florencia","Colombia",1.58919,-75.5644,803
GIR,"Santiago Vila Airport","Girardot","Colombia",4.27624,-74.7967,900
GPI,"Juan Casiano Airport","Guapi","Colombia",2.57013,-77.8986,164
IBE,"Perales Airport","Ibague","Colombia",4.42161,-75.1333,2999
IPI,"San Luis Airport","Ipiales","Colombia",0.861925,-77.6718,9765
APO,"Antonio Roldan Betancourt Airport","Carepa","Colombia",7.81196,-76.7164,46
MCJ,"Jorge Isaac Airport","La Mina","Colombia",11.2325,-72.4901,281
LET,"Alfredo Vásquez Cobo International Airport","Leticia","Colombia",-4.19355,-69.9432,277
EOH,"Enrique Olaya Herrera Airport","Medellin","Colombia",6.220549,-75.590582,4949
MGN,"Baracoa Airport","Magangue","Colombia",9.28474,-74.8461,178
MTR,"Los Garzones Airport","Monteria","Colombia",8.82374,-75.8258,36
MVP,"Fabio Alberto Leon Bentley Airport","Mitu","Colombia",1.25366,-70.2339,680
MZL,"La Nubia Airport","Manizales","Colombia",5.0296,-75.4647,6871
NVA,"Benito Salas Airport","Neiva","Colombia",2.95015,-75.294,1464
OCV,"Aguas Claras Airport","Ocana","Colombia",8.31506,-73.3583,3850
OTU,"Otu Airport","Otu","Colombia",7.01037,-74.7155,2060
PCR,"German Olano Airport","Puerto Carreno","Colombia",6.18472,-67.4932,177
PEI,"Matecaña International Airport","Pereira","Colombia",4.81267,-75.7395,4416
PTX,"Pitalito Airport","Pitalito","Colombia",1.85777,-76.0857,4212
PPN,"Guillermo León Valencia Airport","Popayan","Colombia",2.4544,-76.6093,5687
PSO,"Antonio Narino Airport","Pasto","Colombia",1.39625,-77.2915,5951
PVA,"El Embrujo Airport","Providencia","Colombia",13.3569,-81.3583,10
MQU,"Mariquita Airport","Mariquita","Colombia",5.21256,-74.8836,1531
MDE,"Jose Maria Córdova International Airport","Rio Negro","Colombia",6.16454,-75.4231,6955
RCH,"Almirante Padilla Airport","Rio Hacha","Colombia",11.5262,-72.926,43
SJE,"Jorge E. Gonzalez Torres Airport","San Jose Del Guaviare","Colombia",2.57969,-72.6394,605
SMR,"Simón Bolívar International Airport","Santa Marta","Colombia",11.1196,-74.2306,22
ADZ,"Gustavo Rojas Pinilla International Airport","San Andres Island","Colombia",12.5836,-81.7112,19
SVI,"Eduardo Falla Solano Airport","San Vincente De Caguan","Colombia",2.15217,-74.7663,920
TME,"Gustavo Vargas Airport","Tame","Colombia",6.45108,-71.7603,1050
AUC,"Santiago Perez Airport","Arauca","Colombia",7.06888,-70.7369,420
UIB,"El Caraño Airport","Quibdo","Colombia",5.69076,-76.6412,204
ULQ,"Heriberto Gíl Martínez Airport","Tulua","Colombia",4.08836,-76.2351,3132
VUP,"Alfonso López Pumarejo Airport","Valledupar","Colombia",10.435,-73.2495,483
VVC,"Vanguardia Airport","Villavicencio","Colombia",4.16787,-73.6138,1394
BJO,"Bermejo Airport","Bermejo","Bolivia",-22.7733001709,-64.31289672850001,1249
CBB,"Jorge Wilsterman International Airport","Cochabamba","Bolivia",-17.421100616455078,-66.1771011352539,8360
CCA,"Chimore Airport","Chapacura","Bolivia",-16.976834,-65.145568,875
CIJ,"Capitán Aníbal Arab Airport","Cobija","Bolivia",-11.040399551400002,-68.7829971313,889
LPB,"El Alto International Airport","La Paz","Bolivia",-16.5132999420166,-68.19229888916016,13355
ORU,"Juan Mendoza Airport","Oruro","Bolivia",-17.962600708,-67.0762023926,12152
POI,"Capitan Nicolas Rojas Airport","Potosi","Bolivia",-19.5431003571,-65.72370147710001,12913
PSZ,"Capitán Av. Salvador Ogaya G. airport","Puerto Suarez","Bolivia",-18.975301,-57.820599,440
SBL,"Santa Ana Del Yacuma Airport","Santa Ana","Bolivia",-13.762200355500001,-65.4352035522,472
SRE,"Juana Azurduy De Padilla Airport","Sucre","Bolivia",-19.007099151611328,-65.2886962890625,9540
TJA,"Capitan Oriel Lea Plaza Airport","Tarija","Bolivia",-21.5557003021,-64.7013015747,6079
TDD,"Teniente Av. Jorge Henrich Arauz Airport","Trinidad","Bolivia",-14.8186998367,-64.9179992676,509
VLM,"Teniente Coronel Rafael Pabón Airport","Villa Montes","Bolivia",-21.255199432399998,-63.4056015015,1305
VVI,"Viru Viru International Airport","Santa Cruz","Bolivia",-17.6448,-63.135399,1224
BYC,"Yacuiba Airport","Yacuiba","Bolivia",-21.960899353027344,-63.65169906616211,2112
PBM,"Johan Adolf Pengel International Airport","Zandery","Suriname",5.4528298377999995,-55.1878013611,59
CAY,"Cayenne-Rochambeau Airport","Cayenne","French Guiana",4.819809913639999,-52.360401153599994,26
OYP,"Saint-Georges-de-l'Oyapock Airport","St.-georges Oyapock","French Guiana",3.89759993553,-51.8041000366,46
AOP,"Alferez FAP Alfredo Vladimir Sara Bauer Airport","Andoas","Peru",-2.79612994194,-76.46659851070001,728
IBP,"Iberia Airport","Iberia","Peru",-11.411600112915039,-69.48870086669922,750
PCL,"Cap FAP David Abenzur Rengifo International Airport","Pucallpa","Peru",-8.37794017791748,-74.57430267333984,513
CHM,"Teniente FAP Jaime A De Montreuil Morales Airport","Chimbote","Peru",-9.149609565734863,-78.5238037109375,69
CIX,"Capitan FAP Jose A Quinones Gonzales International Airport","Chiclayo","Peru",-6.787479877471924,-79.8281021118164,97
AYP,"Coronel FAP Alfredo Mendivil Duarte Airport","Ayacucho","Peru",-13.154800415039062,-74.20439910888672,8917
ANS,"Andahuaylas Airport","Andahuaylas","Peru",-13.706399917602539,-73.35040283203125,11300
ATA,"Comandante FAP German Arias Graziani Airport","Anta","Peru",-9.347439765930176,-77.59839630126953,9097
LIM,"Jorge Chávez International Airport","Lima","Peru",-12.0219,-77.114305,113
JJI,"Juanjui Airport","Juanjui","Peru",-7.169099807739258,-76.72859954833984,1148
JAU,"Francisco Carle Airport","Jauja","Peru",-11.7831001282,-75.47339630130001,11034
JUL,"Inca Manco Capac International Airport","Juliaca","Peru",-15.467100143432617,-70.158203125,12552
ILQ,"Ilo Airport","Ilo","Peru",-17.69499969482422,-71.34400177001953,72
TBP,"Capitan FAP Pedro Canga Rodriguez Airport","Tumbes","Peru",-3.55253005027771,-80.38140106201172,115
YMS,"Moises Benzaquen Rengifo Airport","Yurimaguas","Peru",-5.893770217895508,-76.11820220947266,587
CHH,"Chachapoyas Airport","Chachapoyas","Peru",-6.201809883117676,-77.8561019897461,8333
IQT,"Coronel FAP Francisco Secada Vignetta International Airport","Iquitos","Peru",-3.7847399711608887,-73.30879974365234,306
AQP,"Rodríguez Ballón International Airport","Arequipa","Peru",-16.3411006927,-71.5830993652,8405
TRU,"Capitan FAP Carlos Martinez De Pinillos International Airport","Trujillo","Peru",-8.08141040802002,-79.10880279541016,106
PIO,"Capitán FAP Renán Elías Olivera International Airport","Pisco","Peru",-13.74489974975586,-76.22029876708984,39
TPP,"Cadete FAP Guillermo Del Castillo Paredes Airport","Tarapoto","Peru",-6.508739948272705,-76.37319946289062,869
TCQ,"Coronel FAP Carlos Ciriani Santa Rosa International Airport","Tacna","Peru",-18.053300857500002,-70.2758026123,1538
PEM,"Padre Aldamiz International Airport","Puerto Maldonado","Peru",-12.6135997772,-69.2285995483,659
PIU,"Capitán FAP Guillermo Concha Iberico International Airport","Piura","Peru",-5.20574998856,-80.61640167239999,120
TYL,"Capitan Montes Airport","Talara","Peru",-4.5766401290894,-81.254096984863,282
CUZ,"Alejandro Velasco Astete International Airport","Cuzco","Peru",-13.535699844400002,-71.9387969971,10860
DZO,"Santa Bernardina International Airport","Durazno","Uruguay",-33.3588981628418,-56.49919891357422,305
MVD,"Carrasco International /General C L Berisso Airport","Montevideo","Uruguay",-34.838402,-56.0308,105
STY,"Nueva Hesperides International Airport","Salto","Uruguay",-31.438499450683594,-57.98529815673828,187
AGV,"Oswaldo Guevara Mujica Airport","Acarigua","Venezuela",9.553375244140625,-69.23786926269531,640
AAO,"Anaco Airport","Anaco","Venezuela",9.430225372314453,-64.4707260131836,721
BLA,"General José Antonio Anzoategui International Airport","Barcelona","Venezuela",10.111111,-64.692222,30
BNS,"Barinas Airport","Barinas","Venezuela",8.615,-70.21416667,615
BRM,"Barquisimeto International Airport","Barquisimeto","Venezuela",10.042746543884277,-69.3586196899414,2042
CBL,"Aeropuerto General Tomas de Heres. Ciudad Bolivar","Ciudad Bolivar","Venezuela",8.12216091156,-63.5369567871,197
CXA,"Caicara del Orinoco Airport","Caicara De Orinoco","Venezuela",7.625510215759277,-66.16280364990234,141
CLZ,"Calabozo Airport","Calabozo","Venezuela",8.92465591430664,-67.4170913696289,328
CAJ,"Canaima Airport","Canaima","Venezuela",6.231988906860352,-62.85443115234375,1450
VCR,"Carora Airport","Carora","Venezuela",10.175602912902832,-70.06521606445312,1437
CUP,"General Francisco Bermúdez Airport","Carupano","Venezuela",10.660014152526855,-63.261680603027344,33
CZE,"José Leonardo Chirinos Airport","Coro","Venezuela",11.41494369506836,-69.68090057373047,52
CUM,"Cumaná (Antonio José de Sucre) Airport","Cumana","Venezuela",10.450332641601562,-64.1304702758789,14
EOR,"El Dorado Airport","El Dorado","Venezuela",6.733333110809326,-61.58333206176758,318
EOZ,"Elorza Airport","Elorza","Venezuela",7.0833330154418945,-69.53333282470703,295
GDO,"Guasdalito Airport","Guasdualito","Venezuela",7.233333110809326,-70.80000305175781,426
GUI,"Guiria Airport","Guiria","Venezuela",10.574077606200001,-62.3126678467,42
GUQ,"Guanare Airport","Guanare","Venezuela",9.026944160461426,-69.7551498413086,606
HGE,"Higuerote Airport","Higuerote","Venezuela",10.462474,-66.092779,12
ICC,"Andrés Miguel Salazar Marcano Airport","Isla De Coche","Venezuela",10.794432,-63.98159,10
LSP,"Josefa Camejo International Airport","Paraguana","Venezuela",11.78077507019043,-70.15149688720703,75
LFR,"La Fria Airport","La Fria","Venezuela",8.239167213439941,-72.27102661132812,305
MAR,"La Chinita International Airport","Maracaibo","Venezuela",10.5582084656,-71.7278594971,239
MRD,"Alberto Carnevalli Airport","Merida","Venezuela",8.582078,-71.161041,5007
PMV,"Del Caribe Santiago Mariño International Airport","Porlamar","Venezuela",10.912603378295898,-63.96659851074219,74
CCS,"Simón Bolívar International Airport","Caracas","Venezuela",10.601194,-66.991222,234
MUN,"Maturín Airport","Maturin","Venezuela",9.75452995300293,-63.14739990234375,224
PYH,"Cacique Aramare Airport","Puerto Ayacucho","Venezuela",5.6199898719788,-67.606101989746,245
PBL,"General Bartolome Salom International Airport","Puerto Cabello","Venezuela",10.480500221252441,-68.072998046875,32
SCI,"Paramillo Airport","San Cristobal","Venezuela",7.8013200759887695,-72.2029037475586,3314
PZO,"General Manuel Carlos Piar International Airport","Guayana","Venezuela",8.288530349731445,-62.760398864746094,472
PTM,"Palmarito Airport","Palmarito","Venezuela",7.566669940948486,-70.18329620361328,347
SVZ,"San Antonio Del Tachira Airport","San Antonio","Venezuela",7.840829849243164,-72.439697265625,1312
SBB,"Santa Bárbara de Barinas Airport","Santa Barbara","Venezuela",7.803514003753662,-71.16571807861328,590
SNV,"Santa Elena de Uairen Airport","Santa Ana De Uairen","Venezuela",4.554999828338623,-61.150001525878906,2938
STD,"Mayor Buenaventura Vivas International Airport","Santo Domingo","Venezuela",7.56538,-72.035103,1083
SNF,"Sub Teniente Nestor Arias Airport","San Felipe","Venezuela",10.2787,-68.755203,761
SFD,"San Fernando De Apure Airport","San Fernando De Apure","Venezuela",7.883319854736328,-67.44400024414062,154
SOM,"San Tomé Airport","San Tome","Venezuela",8.9451465606689,-64.151084899902,861
STB,"Santa Bárbara del Zulia Airport","Santa Barbara","Venezuela",8.974550247192383,-71.94325256347656,32
TUV,"Tucupita Airport","Tucupita","Venezuela",9.088994026184082,-62.094173431396484,16
TMO,"Tumeremo Airport","Tumeremo","Venezuela",7.24938,-61.52893,345
VLN,"Arturo Michelena International Airport","Valencia","Venezuela",10.14973258972168,-67.92839813232422,1411
VLV,"Dr. Antonio Nicolás Briceño Airport","Valera","Venezuela",9.34047794342041,-70.58406066894531,2060
VDP,"Valle de La Pascua Airport","Valle De La Pascua","Venezuela",9.22202777863,-65.9935836792,410
LTM,"Lethem Airport","Lethem","Guyana",3.37276,-59.789398,351
ANU,"V.C. Bird International Airport","Antigua","Antigua and Barbuda",17.1367,-61.792702,62
BGI,"Sir Grantley Adams International Airport","Bridgetown","Barbados",13.0746002197,-59.4925003052,169
DCF,"Canefield Airport","Canefield","Dominica",15.336700439453125,-61.3922004699707,13
DOM,"Douglas-Charles Airport","Dominica","Dominica",15.547,-61.299999,73
FDF,"Martinique Aimé Césaire International Airport","Fort-de-france","Martinique",14.590999603271484,-61.00320053100586,16
SFG,"L'Espérance Airport","St. Martin","Guadeloupe",18.099899291992,-63.047199249268,7
PTP,"Pointe-à-Pitre Le Raizet","Pointe-a-pitre","Guadeloupe",16.265301,-61.531799,36
GND,"Point Salines International Airport","Point Salines","Grenada",12.004199981689453,-61.78620147705078,41
STT,"Cyril E. King Airport","St. Thomas","Virgin Islands",18.337299346923828,-64.97339630126953,23
STX,"Henry E Rohlsen Airport","St. Croix Island","Virgin Islands",17.701900482177734,-64.79859924316406,74
BQN,"Rafael Hernandez Airport","Aguadilla","Puerto Rico",18.49489974975586,-67.12940216064453,237
FAJ,"Diego Jimenez Torres Airport","Fajardo","Puerto Rico",18.308900833129883,-65.66190338134766,64
SIG,"Fernando Luis Ribas Dominicci Airport","San Juan","Puerto Rico",18.45680046081543,-66.09809875488281,10
MAZ,"Eugenio Maria De Hostos Airport","Mayaguez","Puerto Rico",18.255699157714844,-67.14849853515625,28
PSE,"Mercedita Airport","Ponce","Puerto Rico",18.00830078125,-66.56300354003906,29
SJU,"Luis Munoz Marin International Airport","San Juan","Puerto Rico",18.4393997192,-66.0018005371,9
SKB,"Robert L. Bradshaw International Airport","Basse Terre","Saint Kitts and Nevis",17.311199188232422,-62.71870040893555,170
SLU,"George F. L. Charles Airport","Castries","Saint Lucia",14.0202,-60.992901,22
UVF,"Hewanorra International Airport","Hewandorra","Saint Lucia",13.7332,-60.952599,14
AUA,"Queen Beatrix International Airport","Oranjestad","Aruba",12.5014,-70.015198,60
BON,"Flamingo International Airport","Kralendijk","Netherlands Antilles",12.130999565124512,-68.26850128173828,20
CUR,"Hato International Airport","Willemstad","Netherlands Antilles",12.1889,-68.959801,29
EUX,"F. D. Roosevelt Airport","Oranjestad","Netherlands Antilles",17.49650001525879,-62.979400634765625,129
SXM,"Princess Juliana International Airport","Philipsburg","Netherlands Antilles",18.041000366200002,-63.1088981628,13
AXA,"Clayton J Lloyd International Airport","The Valley","Anguilla",18.2048,-63.055099,127
TAB,"Tobago-Crown Point Airport","Scarborough","Trinidad and Tobago",11.149700164794922,-60.83219909667969,38
POS,"Piarco International Airport","Port-of-spain","Trinidad and Tobago",10.595399856567383,-61.33720016479492,58
EIS,"Terrance B. Lettsome International Airport","Tortola","British Virgin Islands",18.444799423217773,-64.54299926757812,15
CIW,"Canouan Airport","Canouan Island","Saint Vincent and the Grenadines",12.699,-61.3424,11
MQS,"Mustique Airport","Mustique","Saint Vincent and the Grenadines",12.887900352478027,-61.180198669433594,8
SVD,"Argyle International Airport","Kingstown","Saint Vincent and the Grenadines",13.156695,-61.149945,136
ALA,"Almaty Airport","Alma-ata","Kazakhstan",43.35210037231445,77.04049682617188,2234
BXH,"Balkhash Airport","Balkhash","Kazakhstan",46.8932991027832,75.00499725341797,1446
TSE,"Astana International Airport","Tselinograd","Kazakhstan",51.02220153808594,71.46690368652344,1165
DMB,"Taraz Airport","Dzhambul","Kazakhstan",42.853599548339844,71.30359649658203,2184
FRU,"Manas International Airport","Bishkek","Kyrgyzstan",43.0612983704,74.4776000977,2058
OSS,"Osh Airport","Osh","Kyrgyzstan",40.6090011597,72.793296814,2927
CIT,"Shymkent Airport","Chimkent","Kazakhstan",42.364200592041016,69.47889709472656,1385
URA,"Uralsk Airport","Uralsk","Kazakhstan",51.15079879760742,51.54309844970703,125
PWQ,"Pavlodar Airport","Pavlodar","Kazakhstan",52.19499969482422,77.07389831542969,410
PLX,"Semipalatinsk Airport","Semiplatinsk","Kazakhstan",50.351295,80.234398,761
AKX,"Aktobe Airport","Aktyubinsk","Kazakhstan",50.2458,57.206699,738
GYD,"Heydar Aliyev International Airport","Baku","Azerbaijan",40.467498779296875,50.04669952392578,10
YKS,"Yakutsk Airport","Yakutsk","Russia",62.093299865722656,129.77099609375,325
MJZ,"Mirny Airport","Mirnyj","Russia",62.534698486328125,114.03900146484375,1156
BQS,"Ignatyevo Airport","Blagoveschensk","Russia",50.42539978027344,127.41200256347656,638
KHV,"Khabarovsk-Novy Airport","Khabarovsk","Russia",48.52799987793,135.18800354004,244
PVS,"Provideniya Bay Airport","Provideniya Bay","Russia",64.37809753417969,-173.2429962158203,72
GDX,"Sokol Airport","Magadan","Russia",59.9109992980957,150.72000122070312,574
PWE,"Pevek Airport","Pevek","Russia",69.783302307129,170.59700012207,11
PKC,"Yelizovo Airport","Petropavlovsk","Russia",53.16790008544922,158.45399475097656,131
UUS,"Yuzhno-Sakhalinsk Airport","Yuzhno-sakhalinsk","Russia",46.88869857788086,142.71800231933594,59
VVO,"Vladivostok International Airport","Vladivostok","Russia",43.39899826049805,132.1479949951172,46
HTA,"Chita-Kadala Airport","Chita","Russia",52.026299,113.306,2272
BTK,"Bratsk Airport","Bratsk","Russia",56.370601654052734,101.697998046875,1610
IKT,"Irkutsk Airport","Irkutsk","Russia",52.268001556396,104.38899993896,1675
UUD,"Ulan-Ude Airport (Mukhino)","Ulan-ude","Russia",51.80780029296875,107.43800354003906,1690
KBP,"Boryspil International Airport","Kiev","Ukraine",50.345001220703125,30.894699096679688,427
DOK,"Donetsk International Airport","Donetsk","Ukraine",48.07360076904297,37.73970031738281,791
DNK,"Dnipropetrovsk International Airport","Dnepropetrovsk","Ukraine",48.357200622558594,35.10060119628906,481
SIP,"Simferopol International Airport","Simferopol","Ukraine",45.05220031738281,33.975101470947266,639
IEV,"Kiev Zhuliany International Airport","Kiev","Ukraine",50.40194,30.45194,587
LWO,"Lviv International Airport","Lvov","Ukraine",49.8125,23.956100463867188,1071
ODS,"Odessa International Airport","Odessa","Ukraine",46.42679977416992,30.67650032043457,172
LED,"Pulkovo Airport","St. Petersburg","Russia",59.80030059814453,30.262500762939453,78
MMK,"Murmansk Airport","Murmansk","Russia",68.78170013427734,32.75080108642578,266
GME,"Gomel Airport","Gomel","Belarus",52.527000427246094,31.016700744628906,472
VTB,"Vitebsk Vostochny Airport","Vitebsk","Belarus",55.126499176025,30.349599838257,682
KGD,"Khrabrovo Airport","Kaliningrad","Russia",54.88999938964844,20.592599868774414,42
MHP,"Minsk 1 Airport","Minsk","Belarus",53.864498138427734,27.53969955444336,748
MSQ,"Minsk National Airport","Minsk 2","Belarus",53.882499694824,28.030700683594,670
ABA,"Abakan Airport","Abakan","Russia",53.7400016784668,91.38500213623047,831
BAX,"Barnaul Airport","Barnaul","Russia",53.363800048828125,83.53849792480469,837
KEJ,"Kemerovo Airport","Kemorovo","Russia",55.27009963989258,86.1072006225586,863
OMS,"Omsk Central Airport","Omsk","Russia",54.96699905395508,73.31050109863281,311
KRR,"Krasnodar Pashkovsky International Airport","Krasnodar","Russia",45.034698486328,39.170501708984,118
MCX,"Uytash Airport","Makhachkala","Russia",42.81679916381836,47.65230178833008,12
MRV,"Mineralnyye Vody Airport","Mineralnye Vody","Russia",44.225101470947266,43.08190155029297,1054
STW,"Stavropol Shpakovskoye Airport","Stavropol","Russia",45.10919952392578,42.11280059814453,1486
ROV,"Platov International Airport","Rostov","Russia",47.493888,39.924722,213
AER,"Sochi International Airport","Sochi","Russia",43.449902,39.9566,89
ASF,"Astrakhan Airport","Astrakhan","Russia",46.2832984924,48.0063018799,-65
VOG,"Volgograd International Airport","Volgograd","Russia",48.782501220703125,44.34550094604492,482
CEK,"Chelyabinsk Balandino Airport","Chelyabinsk","Russia",55.305801,61.5033,769
MQF,"Magnitogorsk International Airport","Magnetiogorsk","Russia",53.39310073852539,58.755699157714844,1430
NJC,"Nizhnevartovsk Airport","Nizhnevartovsk","Russia",60.94929885864258,76.48359680175781,177
PEE,"Bolshoye Savino Airport","Perm","Russia",57.914501190186,56.021198272705,404
SGC,"Surgut Airport","Surgut","Russia",61.34370040893555,73.40180206298828,200
SVX,"Koltsovo Airport","Yekaterinburg","Russia",56.743099212646,60.802700042725,764
ASB,"Ashgabat International Airport","Ashkhabad","Turkmenistan",37.986801,58.361,692
KRW,"Turkmenbashi Airport","Krasnovodsk","Turkmenistan",40.063301,53.007198,279
CRZ,"Turkmenabat Airport","Chardzhou","Turkmenistan",39.08330154418945,63.61330032348633,630
DYU,"Dushanbe Airport","Dushanbe","Tajikistan",38.543300628699996,68.8249969482,2575
BHK,"Bukhara Airport","Bukhara","Uzbekistan",39.775001525878906,64.4832992553711,751
SKD,"Samarkand Airport","Samarkand","Uzbekistan",39.70050048828125,66.98380279541016,2224
TAS,"Tashkent International Airport","Tashkent","Uzbekistan",41.257900238,69.2811965942,1417
BZK,"Bryansk Airport","Bryansk","Russia",53.214199,34.176399,663
SVO,"Sheremetyevo International Airport","Moscow","Russia",55.972599,37.4146,622
KLD,"Migalovo Air Base","Tver","Russia",56.82469940185547,35.7577018737793,469
VOZ,"Voronezh International Airport","Voronezh","Russia",51.81420135498047,39.22959899902344,514
VKO,"Vnukovo International Airport","Moscow","Russia",55.5914993286,37.2615013123,685
SCW,"Syktyvkar Airport","Syktyvkar","Russia",61.64699935913086,50.84510040283203,342
KZN,"Kazan International Airport","Kazan","Russia",55.606201171875,49.278701782227,411
REN,"Orenburg Central Airport","Orenburg","Russia",51.795799255371094,55.45669937133789,387
UFA,"Ufa International Airport","Ufa","Russia",54.557498931885,55.874401092529,449
KUF,"Kurumoch International Airport","Samara","Russia",53.504901885986,50.16429901123,477
AMD,"Sardar Vallabhbhai Patel International Airport","Ahmedabad","India",23.0771999359,72.63469696039999,189
AKD,"Akola Airport","Akola","India",20.698999,77.058601,999
IXU,"Aurangabad Airport","Aurangabad","India",19.862699508666992,75.39810180664062,1911
BOM,"Chhatrapati Shivaji International Airport","Mumbai","India",19.0886993408,72.8678970337,39
PAB,"Bilaspur Airport","Bilaspur","India",21.9884,82.111,899
BHJ,"Bhuj Airport","Bhuj","India",23.2877998352,69.6701965332,268
IXG,"Belgaum Airport","Belgaum","India",15.859299659700001,74.6183013916,2487
BDQ,"Vadodara Airport","Baroda","India",22.336201,73.226303,129
BHO,"Raja Bhoj International Airport","Bhopal","India",23.2875003815,77.3374023438,1711
BHU,"Bhavnagar Airport","Bhaunagar","India",21.752199173,72.1852035522,44
NMB,"Daman Airport","Daman","India",20.43440055847168,72.84320068359375,33
GUX,"Guna Airport","Guna","India",24.654699,77.347298,1600
GOI,"Dabolim Airport","Goa","India",15.3808002472,73.8313980103,150
IDR,"Devi Ahilyabai Holkar Airport","Indore","India",22.7217998505,75.8011016846,1850
JLR,"Jabalpur Airport","Jabalpur","India",23.177799224853516,80.052001953125,1624
JGA,"Jamnagar Airport","Jamnagar","India",22.465499877929688,70.01260375976562,69
IXY,"Kandla Airport","Kandla","India",23.1127,70.100304,96
HJR,"Khajuraho Airport","Khajuraho","India",24.817199707,79.91860198970001,728
KLH,"Kolhapur Airport","Kolhapur","India",16.6646995544,74.2893981934,1996
IXK,"Keshod Airport","Keshod","India",21.317100524902344,70.27040100097656,167
NAG,"Dr. Babasaheb Ambedkar International Airport","Nagpur","India",21.092199325561523,79.04720306396484,1033
ISK,"Nashik Airport","Nasik Road","India",20.119101,73.912903,1900
PNQ,"Pune Airport","Pune","India",18.58209991455078,73.9197006225586,1942
PBD,"Porbandar Airport","Porbandar","India",21.6487007141,69.65720367429999,23
RAJ,"Rajkot Airport","Rajkot","India",22.3092002869,70.77950286869999,441
RPR,"Raipur Airport","Raipur","India",21.180401,81.7388,1041
SSE,"Solapur Airport","Sholapur","India",17.6280002594,75.93479919430001,1584
STV,"Surat Airport","Surat","India",21.1140995026,72.7417984009,16
UDR,"Maharana Pratap Airport","Udaipur","India",24.617700576799997,73.89610290530001,1684
CMB,"Bandaranaike International Colombo Airport","Colombo","Sri Lanka",7.180759906768799,79.88410186767578,30
ACJ,"Anuradhapura Air Force Base","Anuradhapura","Sri Lanka",8.30148983002,80.42790222170001,324
BTC,"Batticaloa Airport","Batticaloa","Sri Lanka",7.70576,81.678802,20
RML,"Colombo Ratmalana Airport","Colombo","Sri Lanka",6.821990013122559,79.88619995117188,22
ADP,"Ampara Airport","Galoya","Sri Lanka",7.33776,81.62594,150
JAF,"Kankesanturai Airport","Jaffna","Sri Lanka",9.792329788208008,80.07009887695312,33
TRR,"China Bay Airport","Trinciomalee","Sri Lanka",8.5385103225708,81.18190002441406,6
KZC,"Kampong Chhnang Airport","Kompong Chnang","Cambodia",12.255200386,104.564002991,56
PNH,"Phnom Penh International Airport","Phnom-penh","Cambodia",11.546600341796875,104.84400177001953,40
REP,"Siem Reap International Airport","Siem-reap","Cambodia",13.410699844400002,103.81300354,60
TNX,"Stung Treng Airport","Stung Treng","Cambodia",13.531900405883789,106.01499938964844,203
IXV,"Along Airport","Along","India",28.17530059814453,94.802001953125,900
IXA,"Agartala Airport","Agartala","India",23.8869991302,91.24040222170001,46
AJL,"Lengpui Airport","Aizwal","India",23.840599060099997,92.6196975708,1398
IXB,"Bagdogra Airport","Baghdogra","India",26.68120002746582,88.32859802246094,412
BBI,"Biju Patnaik Airport","Bhubaneswar","India",20.244400024399997,85.8178024292,138
CCU,"Netaji Subhash Chandra Bose International Airport","Kolkata","India",22.654699325561523,88.44670104980469,16
COH,"Cooch Behar Airport","Cooch-behar","India",26.330499649,89.4672012329,138
DBD,"Dhanbad Airport","Dhanbad","India",23.833999633789062,86.42530059814453,847
GAY,"Gaya Airport","Gaya","India",24.744300842285156,84.95120239257812,380
IMF,"Imphal Airport","Imphal","India",24.7600002289,93.896697998,2540
IXW,"Sonari Airport","Jamshedpur","India",22.8132,86.1688,475
JRH,"Jorhat Airport","Jorhat","India",26.7315006256,94.1754989624,311
IXH,"Kailashahar Airport","Kailashahar","India",24.30820083618164,92.0072021484375,79
IXS,"Silchar Airport","Silchar","India",24.9129009247,92.97869873050001,352
IXI,"North Lakhimpur Airport","Lilabari","India",27.295499801635742,94.09760284423828,330
DIB,"Dibrugarh Airport","Mohanbari","India",27.4839000702,95.0168991089,362
MZU,"Muzaffarpur Airport","Mazuffarpur","India",26.11910057067871,85.3136978149414,174
PAT,"Lok Nayak Jayaprakash Airport","Patina","India",25.591299057,85.0879974365,170
IXR,"Birsa Munda Airport","Ranchi","India",23.314300537100003,85.3217010498,2148
RRK,"Rourkela Airport","Rourkela","India",22.256701,84.814598,659
VTZ,"Vishakhapatnam Airport","Vishakhapatnam","India",17.721200943,83.2245025635,15
ZER,"Ziro Airport","Zero","India",27.588301,93.828102,5403
CXB,"Cox's Bazar Airport","Cox's Bazar","Bangladesh",21.452199935913086,91.96389770507812,12
CGP,"Shah Amanat International Airport","Chittagong","Bangladesh",22.24959945678711,91.81330108642578,12
IRD,"Ishurdi Airport","Ishurdi","Bangladesh",24.15250015258789,89.04940032958984,45
JSR,"Jessore Airport","Jessore","Bangladesh",23.183799743652344,89.16079711914062,20
RJH,"Shah Mokhdum Airport","Rajshahi","Bangladesh",24.43720054626465,88.61650085449219,64
SPD,"Saidpur Airport","Saidpur","Bangladesh",25.759199142456055,88.90889739990234,125
ZYL,"Osmany International Airport","Sylhet Osmani","Bangladesh",24.963199615478516,91.8667984008789,50
DAC,"Hazrat Shahjalal International Airport","Dhaka","Bangladesh",23.843347,90.397783,30
HKG,"Hong Kong International Airport","Hong Kong","Hong Kong",22.308901,113.915001,28
AGR,"Agra Airport","Agra","India",27.155799865722656,77.96089935302734,551
IXD,"Allahabad Airport","Allahabad","India",25.440099716186523,81.73390197753906,322
ATQ,"Sri Guru Ram Dass Jee International Airport","Amritsar","India",31.7096004486,74.7973022461,756
BKB,"Nal Airport","Bikaner","India",28.070600509643555,73.20719909667969,750
VNS,"Lal Bahadur Shastri Airport","Varanasi","India",25.4524002075,82.8592987061,266
KUU,"Kullu Manali Airport","Kulu","India",31.876699447631836,77.15440368652344,3573
BUP,"Bhatinda Air Force Station","Bhatinda","India",30.270099639892578,74.75579833984375,662
BEK,"Bareilly Air Force Station","Bareilly","India",28.4221000671,79.45079803470001,580
IXC,"Chandigarh Airport","Chandigarh","India",30.673500061035156,76.78849792480469,1012
KNU,"Kanpur Airport","Kanpur","India",26.404301,80.410103,410
DED,"Dehradun Airport","Dehra Dun","India",30.189699,78.180298,1831
DEL,"Indira Gandhi International Airport","Delhi","India",28.5665,77.103104,777
GWL,"Gwalior Airport","Gwalior","India",26.29330062866211,78.22779846191406,617
HSS,"Hissar Airport","Hissar","India",29.179399490356445,75.75530242919922,700
JDH,"Jodhpur Airport","Jodhpur","India",26.251100540161133,73.04889678955078,717
JAI,"Jaipur International Airport","Jaipur","India",26.8242,75.812202,1263
JSA,"Jaisalmer Airport","Jaisalmer","India",26.888700485229492,70.86499786376953,751
IXJ,"Jammu Airport","Jammu","India",32.6890983582,74.8374023438,1029
KTU,"Kota Airport","Kota","India",25.160200119,75.84559631350001,896
LUH,"Ludhiana Airport","Ludhiaha","India",30.854700088500977,75.95259857177734,834
IXL,"Leh Kushok Bakula Rimpochee Airport","Leh","India",34.1358985901,77.5465011597,10682
LKO,"Chaudhary Charan Singh International Airport","Lucknow","India",26.7605991364,80.8892974854,410
IXP,"Pathankot Airport","Pathankot","India",32.233611,75.634444,1017
PGH,"Pantnagar Airport","Nainital","India",29.03339958190918,79.47370147705078,769
SXR,"Sheikh ul Alam Airport","Srinagar","India",33.987098693847656,74.77420043945312,5429
TNI,"Satna Airport","Satna","India",24.5623,80.854897,1060
LPQ,"Luang Phabang International Airport","Luang Prabang","Laos",19.897300720214844,102.16100311279297,955
PKZ,"Pakse International Airport","Pakse","Laos",15.132100105285645,105.78099822998047,351
ZVK,"Savannakhet Airport","Savannakhet","Laos",16.55660057067871,104.76000213623047,509
NEU,"Sam Neua Airport","Sam Neua","Laos",20.418399810791016,104.06700134277344,3281
VTE,"Wattay International Airport","Vientiane","Laos",17.988300323500003,102.56300354,564
MFM,"Macau International Airport","Macau","Macau",22.149599,113.592003,20
BWA,"Gautam Buddha Airport","Bhairawa","Nepal",27.505685,83.416293,358
JKR,"Janakpur Airport","Janakpur","Nepal",26.708799362199997,85.9224014282,256
KTM,"Tribhuvan International Airport","Kathmandu","Nepal",27.6966,85.3591,4390
PKR,"Pokhara Airport","Pokhara","Nepal",28.200899124145508,83.98210144042969,2712
SIF,"Simara Airport","Simara","Nepal",27.159500122070312,84.9801025390625,450
BIR,"Biratnagar Airport","Biratnagar","Nepal",26.48150062561035,87.26399993896484,236
AGX,"Agatti Airport","Agatti Island","India",10.823699951171875,72.1760025024414,14
BLR,"Kempegowda International Airport","Bangalore","India",13.1979,77.706299,3000
BEP,"Bellary Airport","Bellary","India",15.162799835205078,76.88279724121094,30
VGA,"Vijayawada Airport","Vijayawada","India",16.530399322509766,80.79679870605469,82
CJB,"Coimbatore International Airport","Coimbatore","India",11.029999733,77.0434036255,1324
COK,"Cochin International Airport","Kochi","India",10.152,76.401901,30
CCJ,"Calicut International Airport","Calicut","India",11.1367998123,75.95529937740001,342
CDP,"Kadapa Airport","Cuddapah","India",14.51,78.772778,430
CBD,"Car Nicobar Air Force Station","Carnicobar","India",9.152509689331055,92.8196029663086,5
BPM,"Begumpet Airport","Hyderabad","India",17.4531002045,78.4675979614,1742
IXM,"Madurai Airport","Madurai","India",9.83450984955,78.09339904790001,459
IXE,"Mangalore International Airport","Mangalore","India",12.9612998962,74.8900985718,337
MAA,"Chennai International Airport","Madras","India",12.990005493164062,80.16929626464844,52
IXZ,"Vir Savarkar International Airport","Port Blair","India",11.641200065612793,92.72969818115234,14
PNY,"Pondicherry Airport","Pendicherry","India",11.968,79.812,134
RJA,"Rajahmundry Airport","Rajahmundry","India",17.1103992462,81.81819915770001,151
SXV,"Salem Airport","Salem","India",11.78330039978,78.06559753418,1008
TJV,"Tanjore Air Force Base","Tanjore","India",10.722399711608887,79.10160064697266,253
TIR,"Tirupati Airport","Tirupeti","India",13.632499694800002,79.543296814,350
TRZ,"Tiruchirapally Civil Airport Airport","Tiruchirappalli","India",10.765399932861328,78.70970153808594,288
TRV,"Trivandrum International Airport","Trivandrum","India",8.48211956024,76.9200973511,15
PBH,"Paro Airport","Thimphu","Bhutan",27.403200149499998,89.42459869380001,7332
MLE,"Malé International Airport","Male","Maldives",4.191830158233643,73.52909851074219,6
DMK,"Don Mueang International Airport","Bangkok","Thailand",13.9125995636,100.607002258,9
KDT,"Kamphaeng Saen Airport","Nakhon Pathom","Thailand",14.1020002365,99.9171981812,30
UTP,"U-Tapao International Airport","Pattaya","Thailand",12.679900169372559,101.00499725341797,42
LPT,"Lampang Airport","Lampang","Thailand",18.27090072631836,99.50420379638672,811
PRH,"Phrae Airport","Phrae","Thailand",18.132200241088867,100.16500091552734,538
HHQ,"Hua Hin Airport","Prachuap Khiri Khan","Thailand",12.6361999512,99.951499939,62
TKH,"Takhli Airport","Nakhon Sawan","Thailand",15.277299881,100.29599762,107
PHS,"Phitsanulok Airport","Phitsanulok","Thailand",16.782899856567383,100.27899932861328,154
NAW,"Narathiwat Airport","Narathiwat","Thailand",6.5199198722839355,101.74299621582031,16
KBV,"Krabi Airport","Krabi","Thailand",8.09912014008,98.9861984253,82
SGZ,"Songkhla Airport","Songkhla","Thailand",7.186560153961182,100.60800170898438,12
PAN,"Pattani Airport","Pattani","Thailand",6.785459995269775,101.15399932861328,8
USM,"Samui Airport","Ko Samui","Thailand",9.547789573669998,100.06199646,64
HKT,"Phuket International Airport","Phuket","Thailand",8.1132,98.316902,82
UNN,"Ranong Airport","Ranong","Thailand",9.777620315551758,98.58550262451172,57
HDY,"Hat Yai International Airport","Hat Yai","Thailand",6.93320989609,100.392997742,90
TST,"Trang Airport","Trang","Thailand",7.508739948272705,99.6166000366211,67
UTH,"Udon Thani Airport","Udon Thani","Thailand",17.386400222800003,102.788002014,579
SNO,"Sakon Nakhon Airport","Sakon Nakhon","Thailand",17.195100784301758,104.11900329589844,529
PXR,"Surin Airport","Surin","Thailand",14.868300437927,103.49800109863,478
LOE,"Loei Airport","Loei","Thailand",17.43910026550293,101.72200012207031,860
DAD,"Da Nang International Airport","Danang","Vietnam",16.043899536132812,108.1989974975586,33
HAN,"Noi Bai International Airport","Hanoi","Vietnam",21.221200942993164,105.80699920654297,39
NHA,"Nha Trang Air Base","Nhatrang","Vietnam",12.2275,109.192001,20
HUI,"Phu Bai Airport","Hue","Vietnam",16.401500701899998,107.70300293,48
PQC,"Phu Quoc International Airport","Phuquoc","Vietnam",10.1698,103.9931,37
SGN,"Tan Son Nhat International Airport","Ho Chi Minh City","Vietnam",10.8187999725,106.652000427,33
VBA,"Ann Airport","Ann","Burma",19.769199,94.0261,74
NYU,"Bagan Airport","Bagan","Burma",21.178800582885742,94.9301986694336,312
HEH,"Heho Airport","Heho","Burma",20.746999740600586,96.79199981689453,3858
HOX,"Hommalinn Airport","Hommalin","Burma",24.899599075317383,94.91400146484375,534
KET,"Kengtung Airport","Kengtung","Burma",21.301599502563477,99.63600158691406,2798
KYP,"Kyaukpyu Airport","Kyaukpyu","Burma",19.42639923095703,93.53479766845703,20
LSH,"Lashio Airport","Lashio","Burma",22.9778995513916,97.752197265625,2450
MDL,"Mandalay International Airport","Mandalay","Burma",21.702199935913086,95.97789764404297,300
MGZ,"Myeik Airport","Myeik","Burma",12.439800262451172,98.62149810791016,75
MYT,"Myitkyina Airport","Myitkyina","Burma",25.38360023498535,97.35189819335938,475
MOE,"Momeik Airport","Momeik","Burma",23.092500686645508,96.64530181884766,600
MOG,"Mong Hsat Airport","Mong Hsat","Burma",20.516799926757812,99.25679779052734,1875
NMS,"Namsang Airport","Namsang","Burma",20.890499114990234,97.73590087890625,3100
PAA,"Hpa-N Airport","Hpa-an","Burma",16.893699645996094,97.67459869384766,150
PBU,"Putao Airport","Putao","Burma",27.32990074157715,97.42630004882812,1500
PRU,"Pyay Airport","Pyay","Burma",18.824499130249023,95.26599884033203,120
AKY,"Sittwe Airport","Sittwe","Burma",20.132699966430664,92.87259674072266,27
SNW,"Thandwe Airport","Thandwe","Burma",18.4606990814209,94.30010223388672,20
THL,"Tachileik Airport","Tachilek","Burma",20.483800888061523,99.9354019165039,1280
RGN,"Yangon International Airport","Yangon","Burma",16.907300949099998,96.1332015991,109
UPG,"Hasanuddin International Airport","Ujung Pandang","Indonesia",-5.061629772186279,119.55400085449219,47
BIK,"Frans Kaisiepo Airport","Biak","Indonesia",-1.190019965171814,136.10800170898438,46
NBX,"Nabire Airport","Nabire","Indonesia",-3.36818,135.496002,20
TIM,"Moses Kilangin Airport","Timika","Indonesia",-4.528279781341553,136.88699340820312,103
DJJ,"Sentani International Airport","Jayapura","Indonesia",-2.5769500733,140.5160064698,289
WMX,"Wamena Airport","Wamena","Indonesia",-4.10251,138.957001,5085
MKQ,"Mopah Airport","Merauke","Indonesia",-8.52029037475586,140.41799926757812,10
GTO,"Jalaluddin Airport","Gorontalo","Indonesia",0.63711899519,122.849998474,105
PLW,"Mutiara Airport","Palu","Indonesia",-0.9185420274734497,119.91000366210938,284
MDC,"Sam Ratulangi Airport","Manado","Indonesia",1.5492600202560425,124.9260025024414,264
PSJ,"Kasiguncu Airport","Poso","Indonesia",-1.41674995422,120.657997131,174
OTI,"Pitu Airport","Morotai Island","Indonesia",2.0459899902300003,128.324996948,49
TTE,"Sultan Khairun Babullah Airport","Ternate","Indonesia",0.831413984298706,127.38099670410156,49
LUW,"Syukuran Aminuddin Amir Airport","Luwuk","Indonesia",-1.03892,122.772003,56
FKQ,"Fakfak Airport","Fak Fak","Indonesia",-2.9201900959014893,132.26699829101562,462
KNG,"Kaimana Airport","Kaimana","Indonesia",-3.6445200443267822,133.6959991455078,19
BXB,"Babo Airport","Babo","Indonesia",-2.5322399139404297,133.43899536132812,10
MKW,"Rendani Airport","Manokwari","Indonesia",-0.8918330073356628,134.0489959716797,23
SOQ,"Dominique Edward Osok Airport","Sorong","Indonesia",-0.894,131.287,10
BTU,"Bintulu Airport","Bintulu","Malaysia",3.12385010719,113.019996643,74
KCH,"Kuching International Airport","Kuching","Malaysia",1.4846999645233154,110.34700012207031,89
LMN,"Limbang Airport","Limbang","Malaysia",4.808300018310547,115.01000213623047,14
MUR,"Marudi Airport","Marudi","Malaysia",4.178979873657227,114.3290023803711,103
MYY,"Miri Airport","Miri","Malaysia",4.322010040283203,113.98699951171875,59
SBW,"Sibu Airport","Sibu","Malaysia",2.2616000175476074,111.98500061035156,122
LDU,"Lahad Datu Airport","Lahad Datu","Malaysia",5.032249927520752,118.3239974975586,45
BKI,"Kota Kinabalu International Airport","Kota Kinabalu","Malaysia",5.9372100830078125,116.0510025024414,10
LBU,"Labuan Airport","Labuan","Malaysia",5.300680160522461,115.25,101
TWU,"Tawau Airport","Tawau","Malaysia",4.320159912109375,118.12799835205078,57
BWN,"Brunei International Airport","Bandar Seri Begawan","Brunei",4.944200038909912,114.9280014038086,73
PKU,"Sultan Syarif Kasim Ii (Simpang Tiga) Airport","Pekanbaru","Indonesia",0.46078601479530334,101.44499969482422,102
DUM,"Pinang Kampai Airport","Dumai","Indonesia",1.60919,101.433998,55
CGK,"Soekarno-Hatta International Airport","Jakarta","Indonesia",-6.1255698204,106.65599823,34
GNS,"Binaka Airport","Gunung Sitoli","Indonesia",1.16638,97.704697,20
AEG,"Aek Godang Airport","Padang Sidempuan","Indonesia",1.4001,99.430496,922
PDG,"Minangkabau International Airport","Padang","Indonesia",-0.786917,100.280998,18
MES,"Soewondo Air Force Base","Medan","Indonesia",3.559167,98.671111,114
FLZ,"Dr Ferdinand Lumban Tobing Airport","Sibolga","Indonesia",1.55594,98.888901,33
NPO,"Nanga Pinoh Airport","Nangapinoh","Indonesia",-0.34886899590492,111.74800109863,123
KTG,"Ketapang(Rahadi Usman) Airport","Ketapang","Indonesia",-1.816640019416809,109.96299743652344,46
PNK,"Supadio Airport","Pontianak","Indonesia",-0.15071099996566772,109.40399932861328,10
DJB,"Sultan Thaha Airport","Jambi","Indonesia",-1.6380200386047363,103.64399719238281,82
BKS,"Fatmawati Soekarno Airport","Bengkulu","Indonesia",-3.8637,102.338997,50
PLM,"Sultan Mahmud Badaruddin II Airport","Palembang","Indonesia",-2.8982501029968,104.69999694824,49
RGT,"Japura Airport","Rengat","Indonesia",-0.35280799865722656,102.33499908447266,62
LSX,"Lhok Sukon Airport","Lhok Sukon","Indonesia",5.069509983062744,97.25920104980469,28
BTJ,"Sultan Iskandar Muda International Airport","Banda Aceh","Indonesia",5.522872024010001,95.42063713070002,65
AOR,"Sultan Abdul Halim Airport","Alor Setar","Malaysia",6.189670085906982,100.39800262451172,15
BWH,"Butterworth Airport","Butterworth","Malaysia",5.4659199714660645,100.39099884033203,11
KBR,"Sultan Ismail Petra Airport","Kota Bahru","Malaysia",6.1668500900268555,102.29299926757812,16
KUA,"Kuantan Airport","Kuantan","Malaysia",3.7753899097442627,103.20899963378906,58
KTE,"Kerteh Airport","Kerteh","Malaysia",4.537220001220703,103.427001953125,18
IPH,"Sultan Azlan Shah Airport","Ipoh","Malaysia",4.567969799041748,101.09200286865234,130
JHB,"Senai International Airport","Johor Bahru","Malaysia",1.64131,103.669998,135
KUL,"Kuala Lumpur International Airport","Kuala Lumpur","Malaysia",2.745579957962,101.70999908447,69
LGK,"Langkawi International Airport","Langkawi","Malaysia",6.329730033874512,99.72869873046875,29
MKZ,"Malacca Airport","Malacca","Malaysia",2.2633600235,102.251998901,35
TGG,"Sultan Mahmud Airport","Kuala Terengganu","Malaysia",5.3826398849487305,103.10299682617188,21
PEN,"Penang International Airport","Penang","Malaysia",5.297140121459961,100.2770004272461,11
UAI,"Suai Airport","Suai","East Timor",-9.30331039428711,125.28700256347656,96
DIL,"Presidente Nicolau Lobato International Airport","Dili","East Timor",-8.54640007019,125.526000977,154
BCH,"Cakung Airport","Baucau","East Timor",-8.489029884339999,126.401000977,1771
QPG,"Paya Lebar Air Base","Paya Lebar","Singapore",1.3604199886322021,103.91000366210938,65
TGA,"Tengah Air Base","Tengah","Singapore",1.38725996017,103.708999634,50
XSP,"Seletar Airport","Singapore","Singapore",1.416949987411499,103.86799621582031,36
SIN,"Singapore Changi Airport","Singapore","Singapore",1.35019,103.994003,22
ACF,"Brisbane Archerfield Airport","Brisbane","Australia",-27.5702991486,153.007995605,63
ABM,"Northern Peninsula Airport","Amberley","Australia",-10.9508,142.459,34
ASP,"Alice Springs Airport","Alice Springs","Australia",-23.806699752807617,133.90199279785156,1789
BNE,"Brisbane International Airport","Brisbane","Australia",-27.384199142456055,153.11700439453125,13
OOL,"Gold Coast Airport","Coolangatta","Australia",-28.1644001007,153.505004883,21
CNS,"Cairns International Airport","Cairns","Australia",-16.885799408,145.755004883,10
CTL,"Charleville Airport","Charlieville","Australia",-26.4132995605,146.261993408,1003
ISA,"Mount Isa Airport","Mount Isa","Australia",-20.663900375399997,139.488998413,1121
MCY,"Sunshine Coast Airport","Maroochydore","Australia",-26.6033,153.091003,15
MKY,"Mackay Airport","Mackay","Australia",-21.171699523900003,149.179992676,19
PPP,"Proserpine Whitsunday Coast Airport","Prosserpine","Australia",-20.4950008392,148.552001953,82
ROK,"Rockhampton Airport","Rockhampton","Australia",-23.3819007874,150.475006104,34
TSV,"Townsville Airport","Townsville","Australia",-19.252500534057617,146.76499938964844,18
WEI,"Weipa Airport","Weipa","Australia",-12.6786003113,141.925003052,63
AVV,"Avalon Airport","Avalon","Australia",-38.039398,144.468994,35
ABX,"Albury Airport","Albury","Australia",-36.06779861450195,146.95799255371094,539
MEB,"Melbourne Essendon Airport","Melbourne","Australia",-37.7281,144.901993,282
HBA,"Hobart International Airport","Hobart","Australia",-42.836101532,147.509994507,13
LST,"Launceston Airport","Launceston","Australia",-41.54529953,147.214004517,562
MBW,"Melbourne Moorabbin Airport","Melbourne","Australia",-37.975799560546875,145.1020050048828,50
MEL,"Melbourne International Airport","Melbourne","Australia",-37.673302,144.843002,434
ADL,"Adelaide International Airport","Adelaide","Australia",-34.945,138.531006,20
JAD,"Perth Jandakot Airport","Perth","Australia",-32.09749984741211,115.88099670410156,99
KTA,"Karratha Airport","Karratha","Australia",-20.712200164799995,116.773002625,29
KGI,"Kalgoorlie Boulder Airport","Kalgoorlie","Australia",-30.789400100699996,121.461997986,1203
KNX,"Kununurra Airport","Kununurra","Australia",-15.7781000137,128.707992554,145
LEA,"Learmonth Airport","Learmonth","Australia",-22.235599517799997,114.088996887,19
PHE,"Port Hedland International Airport","Port Hedland","Australia",-20.3777999878,118.625999451,33
PER,"Perth International Airport","Perth","Australia",-31.94029998779297,115.96700286865234,67
UMR,"Woomera Airfield","Woomera","Australia",-31.14419937133789,136.81700134277344,548
XCH,"Christmas Island Airport","Christmas Island","Christmas Island",-10.450599670410156,105.69000244140625,916
BWU,"Sydney Bankstown Airport","Sydney","Australia",-33.924400329589844,150.98800659179688,29
CBR,"Canberra International Airport","Canberra","Australia",-35.30690002441406,149.19500732421875,1886
CFS,"Coffs Harbour Airport","Coff's Harbour","Australia",-30.3206005096,153.115997314,18
CDU,"Camden Airport","Camden","Australia",-34.04029846191406,150.68699645996094,230
DBO,"Dubbo City Regional Airport","Dubbo","Australia",-32.2167015076,148.574996948,935
NLK,"Norfolk Island International Airport","Norfolk Island","Norfolk Island",-29.04159927368164,167.93899536132812,371
XRH,"RAAF Base Richmond","Richmond","Australia",-33.600601,150.781006,67
SYD,"Sydney Kingsford Smith International Airport","Sydney","Australia",-33.94609832763672,151.177001953125,21
TMW,"Tamworth Airport","Tamworth","Australia",-31.0839004517,150.847000122,1334
WGA,"Wagga Wagga City Airport","Wagga Wagga","Australia",-35.1652984619,147.466003418,724
PEK,"Beijing Capital International Airport","Beijing","China",40.080101013183594,116.58499908447266,116
HLD,"Dongshan Airport","Hailar","China",49.2050018311,119.824996948,2169
TSN,"Tianjin Binhai International Airport","Tianjin","China",39.124401092499994,117.346000671,10
TYN,"Taiyuan Wusu Airport","Taiyuan","China",37.74689865112305,112.62799835205078,2575
CAN,"Guangzhou Baiyun International Airport","Guangzhou","China",23.39240074157715,113.29900360107422,50
CSX,"Changsha Huanghua International Airport","Changcha","China",28.189199447599997,113.220001221,217
KWL,"Guilin Liangjiang International Airport","Guilin","China",25.21809959411621,110.03900146484375,570
NNG,"Nanning Wuxu Airport","Nanning","China",22.608299255371094,108.1719970703125,421
SZX,"Shenzhen Bao'an International Airport","Shenzhen","China",22.639299392700195,113.81099700927734,13
CGO,"Zhengzhou Xinzheng International Airport","Zhengzhou","China",34.519699096699995,113.841003418,495
WUH,"Wuhan Tianhe International Airport","Wuhan","China",30.7838,114.208,113
FNJ,"Pyongyang Sunan International Airport","Pyongyang","North Korea",39.224098,125.669998,117
LHW,"Lanzhou Zhongchuan Airport","Lanzhou","China",36.5152015686,103.620002747,6388
XIY,"Xi'an Xianyang International Airport","Xi'an","China",34.447102,108.751999,1572
ULN,"Chinggis Khaan International Airport","Ulan Bator","Mongolia",47.843102,106.766998,4364
JHG,"Xishuangbanna Gasa Airport","Jinghonggasa","China",21.973899841308594,100.76000213623047,1815
KMG,"Kunming Changshui International Airport","Kunming","China",25.1019444,102.9291667,6903
XMN,"Xiamen Gaoqi International Airport","Xiamen","China",24.54400062561035,118.12799835205078,59
KHN,"Nanchang Changbei International Airport","Nanchang","China",28.864999771118164,115.9000015258789,143
FOC,"Fuzhou Changle International Airport","Fuzhou","China",25.935100555419922,119.66300201416016,46
HGH,"Hangzhou Xiaoshan International Airport","Hangzhou","China",30.22949981689453,120.43399810791016,23
NGB,"Ningbo Lishe International Airport","Ninbo","China",29.82670021057129,121.46199798583984,13
NKG,"Nanjing Lukou Airport","Nanjing","China",31.742000579833984,118.86199951171875,49
HFE,"Hefei Luogang International Airport","Hefei","China",31.780000686645508,117.2979965209961,108
TAO,"Liuting Airport","Qingdao","China",36.2661018372,120.374000549,33
SHA,"Shanghai Hongqiao International Airport","Shanghai","China",31.197900772094727,121.33599853515625,10
YNT,"Yantai Laishan Airport","Yantai","China",37.40169906616211,121.37200164794922,59
CKG,"Chongqing Jiangbei International Airport","Chongqing","China",29.719200134277344,106.64199829101562,1365
KWE,"Longdongbao Airport","Guiyang","China",26.53849983215332,106.8010025024414,3736
CTU,"Chengdu Shuangliu International Airport","Chengdu","China",30.578500747680664,103.9469985961914,1625
XIC,"Xichang Qingshan Airport","Xichang","China",27.989099502563477,102.18399810791016,5112
KHG,"Kashgar Airport","Kashi","China",39.5429000854,76.0199966431,4529
HTN,"Hotan Airport","Hotan","China",37.03850173950195,79.86489868164062,4672
URC,"Ürümqi Diwopu International Airport","Urumqi","China",43.907100677490234,87.47419738769531,2125
HRB,"Taiping Airport","Harbin","China",45.6234016418457,126.25,457
MDG,"Mudanjiang Hailang International Airport","Mudanjiang","China",44.5241012573,129.569000244,883
DLC,"Zhoushuizi Airport","Dalian","China",38.9656982421875,121.53900146484375,107
PVG,"Shanghai Pudong International Airport","Shanghai","China",31.143400192260742,121.80500030517578,13
TOD,"Pulau Tioman Airport","Tioman","Malaysia",2.8181800842285156,104.16000366210938,15
SZB,"Sultan Abdul Aziz Shah International Airport","Kuala Lumpur","Malaysia",3.130579948425293,101.54900360107422,90
NTQ,"Noto Airport","Wajima","Japan",37.2930984497,136.962005615,718
HBE,"Borg El Arab International Airport","Alexandria","Egypt",30.917699813842773,29.696399688720703,177
BTI,"Barter Island LRRS Airport","Barter Island","United States",70.1340026855,-143.582000732,2
LUR,"Cape Lisburne LRRS Airport","Cape Lisburne","United States",68.87509918,-166.1100006,16
PIZ,"Point Lay LRRS Airport","Point Lay","United States",69.73290253,-163.0050049,22
ITO,"Hilo International Airport","Hilo","United States",19.721399307250977,-155.04800415039062,38
ORL,"Orlando Executive Airport","Orlando","United States",28.5455,-81.332901,113
BTT,"Bettles Airport","Bettles","United States",66.91390228,-151.529007,647
UTO,"Indian Mountain LRRS Airport","Indian Mountains","United States",65.99279785,-153.7039948,1273
FYU,"Fort Yukon Airport","Fort Yukon","United States",66.57150268554688,-145.25,433
SVW,"Sparrevohn LRRS Airport","Sparrevohn","United States",61.09740067,-155.5740051,1585
FRN,"Bryant Army Heliport","Fort Richardson","United States",61.26639938,-149.6529999,378
TLJ,"Tatalina LRRS Airport","Tatalina","United States",62.894401550299996,-155.977005005,964
CZF,"Cape Romanzof LRRS Airport","Cape Romanzof","United States",61.78030014,-166.0390015,464
BED,"Laurence G Hanscom Field","Bedford","United States",42.47000122,-71.28900146,133
SNP,"St Paul Island Airport","St. Paul Island","United States",57.167301177978516,-170.22000122070312,63
EHM,"Cape Newenham LRRS Airport","Cape Newenham","United States",58.646400451699996,-162.06300354,541
STG,"St George Airport","Point Barrow","United States",56.578300476100004,-169.662002563,125
ILI,"Iliamna Airport","Iliamna","United States",59.75439835,-154.9109955,192
PTU,"Platinum Airport","Port Moller","United States",59.01139831542969,-161.82000732421875,15
BMX,"Big Mountain Airport","Big Mountain","United States",59.3611984253,-155.259002686,663
OSC,"Oscoda Wurtsmith Airport","Oscoda","United States",44.451599,-83.394096,633
OAR,"Marina Municipal Airport","Fort Ord","United States",36.68190002,-121.762001,137
MHR,"Sacramento Mather Airport","Sacramento","United States",38.55390167,-121.2979965,98
BYS,"Bicycle Lake Army Air Field","Fort Irwin","United States",35.2804985046,-116.629997253,2350
FSM,"Fort Smith Regional Airport","Fort Smith","United States",35.33660125732422,-94.36740112304688,469
MRI,"Merrill Field","Anchorage","United States",61.2135009765625,-149.843994140625,137
GNT,"Grants-Milan Municipal Airport","Grants","United States",35.167301178,-107.902000427,6537
PNC,"Ponca City Regional Airport","Ponca City","United States",36.73199844,-97.09980011,1008
SVN,"Hunter Army Air Field","Hunter Aaf","United States",32.00999832,-81.14569855,41
GFK,"Grand Forks International Airport","Grand Forks","United States",47.949299,-97.176102,845
NSE,"Whiting Field Naval Air Station - North","Milton","United States",30.7241993,-87.02189636,199
HNM,"Hana Airport","Hana","United States",20.79560089111328,-156.01400756835938,78
PRC,"Ernest A. Love Field","Prescott","United States",34.65449905,-112.4199982,5045
TTN,"Trenton Mercer Airport","Trenton","United States",40.27669906616211,-74.8134994506836,213
BOS,"General Edward Lawrence Logan International Airport","Boston","United States",42.36429977,-71.00520325,20
SUU,"Travis Air Force Base","Fairfield","United States",38.262699127197,-121.92700195312,62
RME,"Griffiss International Airport","Rome","United States",43.23379898,-75.40699768,504
ENV,"Wendover Airport","Wendover","United States",40.7187004089,-114.03099823,4237
BFM,"Mobile Downtown Airport","Mobile","United States",30.626800537100003,-88.06809997559999,26
OAK,"Metropolitan Oakland International Airport","Oakland","United States",37.721298,-122.221001,9
OMA,"Eppley Airfield","Omaha","United States",41.3032,-95.894096,984
OGG,"Kahului Airport","Kahului","United States",20.8986,-156.429993,54
ICT,"Wichita Eisenhower National Airport","Wichita","United States",37.649899,-97.433098,1333
MCI,"Kansas City International Airport","Kansas City","United States",39.2976,-94.713898,1026
MSN,"Dane County Regional Truax Field","Madison","United States",43.13990020751953,-89.3375015258789,887
DLG,"Dillingham Airport","Dillingham","United States",59.04470062,-158.5050049,81
HRO,"Boone County Airport","Harrison","United States",36.26150131225586,-93.15470123291016,1365
PHX,"Phoenix Sky Harbor International Airport","Phoenix","United States",33.43429946899414,-112.01200103759766,1135
BGR,"Bangor International Airport","Bangor","United States",44.80739974975586,-68.8281021118164,192
FXE,"Fort Lauderdale Executive Airport","Fort Lauderdale","United States",26.1972999573,-80.1707000732,13
GGG,"East Texas Regional Airport","Longview","United States",32.38399887084961,-94.71150207519531,365
AND,"Anderson Regional Airport","Andersen","United States",34.4945983887,-82.70939636230001,782
GEG,"Spokane International Airport","Spokane","United States",47.61989974975586,-117.53399658203125,2376
HWO,"North Perry Airport","Hollywood","United States",26.0012,-80.2407,8
SFO,"San Francisco International Airport","San Francisco","United States",37.61899948120117,-122.375,13
CTB,"Cut Bank International Airport","Cutbank","United States",48.6083984375,-112.375999451,3854
ARA,"Acadiana Regional Airport","Louisiana","United States",30.0378,-91.883904,24
GNV,"Gainesville Regional Airport","Gainesville","United States",29.6900997162,-82.2717971802,152
MEM,"Memphis International Airport","Memphis","United States",35.04240036010742,-89.97669982910156,341
DUG,"Bisbee Douglas International Airport","Douglas","United States",31.4689998627,-109.603996277,4154
BIG,"Allen Army Airfield","Delta Junction","United States",63.9944992065,-145.722000122,1291
CNW,"TSTC Waco Airport","Waco","United States",31.637800216699997,-97.0740966797,470
ANN,"Annette Island Airport","Annette Island","United States",55.04240036010742,-131.57200622558594,119
CAR,"Caribou Municipal Airport","Caribou","United States",46.871498107899995,-68.0178985596,626
LRF,"Little Rock Air Force Base","Jacksonville","United States",34.916900634799994,-92.14969635010002,311
HUA,"Redstone Army Air Field","Redstone","United States",34.67869949,-86.68479919,684
POB,"Pope Field","Fort Bragg","United States",35.1708984375,-79.014503479004,217
DHT,"Dalhart Municipal Airport","Dalhart","United States",36.0225982666,-102.54699707,3991
DLF,"DLF Airport","Del Rio","United States",29.359501,-100.778002,1082
LAX,"Los Angeles International Airport","Los Angeles","United States",33.94250107,-118.4079971,125
ANB,"Anniston Regional Airport","Anniston","United States",33.5882,-85.8581,612
CLE,"Cleveland Hopkins International Airport","Cleveland","United States",41.4117012024,-81.8498001099,791
DOV,"Dover Air Force Base","Dover","United States",39.12950134,-75.46600342,24
CVG,"Cincinnati Northern Kentucky International Airport","Cincinnati","United States",39.0488014221,-84.6678009033,896
FME,"Tipton Airport","Fort Meade","United States",39.08539962769999,-76.7593994141,150
HON,"Huron Regional Airport","Huron","United States",44.38520050048828,-98.22850036621094,1289
JNU,"Juneau International Airport","Juneau","United States",58.35499954223633,-134.5760040283203,21
LFT,"Lafayette Regional Airport","Lafayette","United States",30.20529938,-91.98760223,42
EWR,"Newark Liberty International Airport","Newark","United States",40.692501068115234,-74.168701171875,18
BOI,"Boise Air Terminal/Gowen Field","Boise","United States",43.5644,-116.223,2871
INS,"Creech Air Force Base","Indian Springs","United States",36.587200164799995,-115.672996521,3133
GCK,"Garden City Regional Airport","Garden City","United States",37.9275016785,-100.723999023,2891
MOT,"Minot International Airport","Minot","United States",48.2593994140625,-101.27999877929688,1716
HHI,"Wheeler Army Airfield","Wahiawa","United States",21.48349953,-158.0399933,837
MXF,"Maxwell Air Force Base","Montgomery","United States",32.3829,-86.365799,171
DAL,"Dallas Love Field","Dallas","United States",32.847099,-96.851799,487
FCS,"Butts AAF (Fort Carson) Air Field","Fort Carson","United States",38.67839813,-104.7570038,5838
HLN,"Helena Regional Airport","Helena","United States",46.6068000793457,-111.98300170898438,3877
NKX,"Miramar Marine Corps Air Station - Mitscher Field","Miramar","United States",32.86840057,-117.1429977,477
LUF,"Luke Air Force Base","Phoenix","United States",33.534999847399995,-112.383003235,1085
HHR,"Jack Northrop Field Hawthorne Municipal Airport","Hawthorne","United States",33.922798,-118.334999,66
HUL,"Houlton International Airport","Houlton","United States",46.1231002808,-67.792098999,489
END,"Vance Air Force Base","Enid","United States",36.339199066199996,-97.9164962769,1307
NTD,"Point Mugu Naval Air Station (Naval Base Ventura Co)","Point Mugu","United States",34.120300293,-119.121002197,13
EDW,"Edwards Air Force Base","Edwards Afb","United States",34.905399,-117.884003,2312
LCH,"Lake Charles Regional Airport","Lake Charles","United States",30.126100540161133,-93.22329711914062,15
KOA,"Ellison Onizuka Kona International At Keahole Airport","Kona","United States",19.738783,-156.045603,47
MYR,"Myrtle Beach International Airport","Myrtle Beach","United States",33.6796989441,-78.9282989502,25
NLC,"Lemoore Naval Air Station (Reeves Field) Airport","Lemoore","United States",36.33300018,-119.9520035,232
ACK,"Nantucket Memorial Airport","Nantucket","United States",41.25310135,-70.06020355,47
FAF,"Felker Army Air Field","Fort Eustis","United States",37.132499694799996,-76.60880279540001,12
HOP,"Campbell AAF (Fort Campbell) Air Field","Hopkinsville","United States",36.668598175,-87.49620056150002,573
DCA,"Ronald Reagan Washington National Airport","Washington","United States",38.8521,-77.037697,15
NHK,"Patuxent River Naval Air Station (Trapnell Field)","Patuxent River","United States",38.285999,-76.411797,39
PSX,"Palacios Municipal Airport","Palacios","United States",28.727500915527,-96.250999450684,14
BYH,"Arkansas International Airport","Blytheville","United States",35.9642982483,-89.94400024410001,254
ACY,"Atlantic City International Airport","Atlantic City","United States",39.45759963989258,-74.57720184326172,75
TIK,"Tinker Air Force Base","Oklahoma City","United States",35.414699554443,-97.386596679688,1291
ECG,"Elizabeth City Regional Airport & Coast Guard Air Station","Elizabeth City","United States",36.26060104,-76.17459869,12
PUB,"Pueblo Memorial Airport","Pueblo","United States",38.289100646972656,-104.49700164794922,4726
PQI,"Northern Maine Regional Airport at Presque Isle","Presque Isle","United States",46.68899918,-68.0447998,534
GRF,"Gray Army Air Field","Fort Lewis","United States",47.07920074,-122.5810013,300
ADQ,"Kodiak Airport","Kodiak","United States",57.75,-152.4940033,78
UPP,"Upolu Airport","Opolu","United States",20.265300750732422,-155.86000061035156,96
FLL,"Fort Lauderdale Hollywood International Airport","Fort Lauderdale","United States",26.072599,-80.152702,9
INL,"Falls International Airport","International Falls","United States",48.566200256347656,-93.4030990600586,1185
SLC,"Salt Lake City International Airport","Salt Lake City","United States",40.78839874267578,-111.97799682617188,4227
CDS,"Childress Municipal Airport","Childress","United States",34.4337997437,-100.288002014,1954
BIX,"Keesler Air Force Base","Biloxi","United States",30.4104003906,-88.92440032959999,33
LSF,"Lawson Army Air Field (Fort Benning)","Fort Benning","United States",32.337299346900004,-84.9913024902,232
NQI,"Kingsville Naval Air Station","Kingsville","United States",27.5072002411,-97.8097000122,50
FRI,"Marshall Army Air Field","Fort Riley","United States",39.05530167,-96.76450348,1065
MDT,"Harrisburg International Airport","Harrisburg","United States",40.1935005188,-76.7633972168,310
LNK,"Lincoln Airport","Lincoln","United States",40.85100173950195,-96.75920104980469,1219
LAN,"Capital City Airport","Lansing","United States",42.77870178222656,-84.58740234375,861
MUE,"Waimea Kohala Airport","Kamuela","United States",20.001300811767578,-155.66799926757812,2671
MSS,"Massena International Richards Field","Massena","United States",44.93579864501953,-74.84559631347656,215
HKY,"Hickory Regional Airport","Hickory","United States",35.74110031,-81.38950348,1190
SPG,"Albert Whitted Airport","St. Petersburg","United States",27.7651,-82.626999,7
FMY,"Page Field","Fort Myers","United States",26.58659935,-81.86329650879999,17
IAH,"George Bush Intercontinental Houston Airport","Houston","United States",29.984399795532227,-95.34140014648438,97
ADW,"Joint Base Andrews","Camp Springs","United States",38.810799,-76.866997,280
INT,"Smith Reynolds Airport","Winston-salem","United States",36.13370132446289,-80.22200012207031,969
VCV,"Southern California Logistics Airport","Victorville","United States",34.597499847399995,-117.383003235,2885
CEW,"Bob Sikes Airport","Crestview","United States",30.778799057,-86.522102356,213
PHN,"St Clair County International Airport","Port Huron","United States",42.9109993,-82.52890015,650
BFL,"Meadows Field","Bakersfield","United States",35.43360138,-119.0569992,510
ELP,"El Paso International Airport","El Paso","United States",31.80719948,-106.3779984,3959
HRL,"Valley International Airport","Harlingen","United States",26.228500366210938,-97.65440368652344,36
CAE,"Columbia Metropolitan Airport","Columbia","United States",33.93880081176758,-81.11949920654297,236
DMA,"Davis Monthan Air Force Base","Tucson","United States",32.1665000916,-110.883003235,2704
NPA,"Pensacola Naval Air Station/Forrest Sherman Field","Pensacola","United States",30.35269928,-87.31860352,28
PNS,"Pensacola Regional Airport","Pensacola","United States",30.473400115967,-87.186599731445,121
RDR,"Grand Forks Air Force Base","Red River","United States",47.961101532,-97.4011993408,913
HOU,"William P Hobby Airport","Houston","United States",29.64539909,-95.27890015,46
BFK,"Buckley Air Force Base","Buckley","United States",39.701698303200004,-104.751998901,5662
ORT,"Northway Airport","Northway","United States",62.9612999,-141.9290009,1715
PAQ,"Warren Bud Woods Palmer Municipal Airport","Palmer","United States",61.594898,-149.08901,242
PIT,"Pittsburgh International Airport","Pittsburgh","United States",40.49150085,-80.23290253,1203
BRW,"Wiley Post Will Rogers Memorial Airport","Barrow","United States",71.285402,-156.766008,44
EFD,"Ellington Airport","Houston","United States",29.607299804700002,-95.1587982178,32
NUW,"Whidbey Island Naval Air Station (Ault Field)","Whidbey Island","United States",48.351799,-122.655998,47
ALI,"Alice International Airport","Alice","United States",27.740900039699998,-98.02690124510002,178
VAD,"Moody Air Force Base","Valdosta","United States",30.9678001404,-83.1930007935,233
MIA,"Miami International Airport","Miami","United States",25.79319953918457,-80.29060363769531,8
SEA,"Seattle Tacoma International Airport","Seattle","United States",47.449001,-122.308998,433
CHA,"Lovell Field","Chattanooga","United States",35.035301208496094,-85.20379638671875,683
BDR,"Igor I Sikorsky Memorial Airport","Stratford","United States",41.16350173950195,-73.1261978149414,9
JAN,"Jackson-Medgar Wiley Evers International Airport","Jackson","United States",32.3111991882,-90.0758972168,346
GLS,"Scholes International At Galveston Airport","Galveston","United States",29.265300750732422,-94.86039733886719,6
LGB,"Long Beach /Daugherty Field/ Airport","Long Beach","United States",33.81769943,-118.1520004,60
HDH,"Dillingham Airfield","Dillingham","United States",21.5795001984,-158.197006226,14
IPT,"Williamsport Regional Airport","Williamsport","United States",41.241798400878906,-76.92109680175781,529
IND,"Indianapolis International Airport","Indianapolis","United States",39.7173,-86.294403,797
SZL,"Whiteman Air Force Base","Knobnoster","United States",38.73030090332,-93.547897338867,870
AKC,"Akron Fulton International Airport","Akron","United States",41.0374984741,-81.4669036865,1067
GWO,"Greenwood–Leflore Airport","Greenwood","United States",33.4943008423,-90.0847015381,162
HPN,"Westchester County Airport","White Plains","United States",41.06700134277344,-73.70760345458984,439
FOK,"Francis S Gabreski Airport","West Hampton Beach","United States",40.8437004089,-72.6317977905,67
JBR,"Jonesboro Municipal Airport","Jonesboro","United States",35.83169937133789,-90.64640045166016,262
XSD,"Tonopah Test Range Airport","Tonopah","United States",37.7988014221,-116.78099823,5549
LNA,"Palm Beach County Park Airport","West Palm Beach","United States",26.59300041,-80.08509827,14
NZY,"North Island Naval Air Station-Halsey Field","San Diego","United States",32.69919968,-117.2149963,26
BIF,"Biggs Army Air Field (Fort Bliss)","El Paso","United States",31.84950066,-106.3799973,3946
YUM,"Yuma MCAS/Yuma International Airport","Yuma","United States",32.65660095,-114.6060028,213
CNM,"Cavern City Air Terminal","Carlsbad","United States",32.337501525878906,-104.26300048828125,3295
DLH,"Duluth International Airport","Duluth","United States",46.8420982361,-92.19360351559999,1428
BET,"Bethel Airport","Bethel","United States",60.77980042,-161.8379974,126
LOU,"Bowman Field","Louisville","United States",38.2280006409,-85.6636962891,546
FHU,"Sierra Vista Municipal Libby Army Air Field","Fort Huachuca","United States",31.588499069213867,-110.34400177001953,4719
LIH,"Lihue Airport","Lihue","United States",21.97599983215332,-159.33900451660156,153
HVR,"Havre City County Airport","Havre","United States",48.54299927,-109.762001,2591
MWH,"Grant County International Airport","Grant County Airport","United States",47.20769882,-119.3199997,1189
MPV,"Edward F Knapp State Airport","Montpelier","United States",44.20349884,-72.56230164,1166
RIC,"Richmond International Airport","Richmond","United States",37.50519943237305,-77.3197021484375,167
SHV,"Shreveport Regional Airport","Shreveport","United States",32.446602,-93.8256,258
CDV,"Merle K (Mudhole) Smith Airport","Cordova","United States",60.4917984,-145.4779968,54
ORF,"Norfolk International Airport","Norfolk","United States",36.89459991455078,-76.20120239257812,26
BPT,"Southeast Texas Regional Airport","Beaumont","United States",29.9507999420166,-94.02069854736328,15
SAV,"Savannah Hilton Head International Airport","Savannah","United States",32.12760162,-81.20210266,50
HIF,"Hill Air Force Base","Ogden","United States",41.12403,-111.973086,4789
OME,"Nome Airport","Nome","United States",64.51219940185547,-165.44500732421875,37
PIE,"St Petersburg Clearwater International Airport","St. Petersburg","United States",27.91020012,-82.68740082,11
MNM,"Menominee Regional Airport","Macon","United States",45.126701,-87.638397,625
CXO,"Conroe-North Houston Regional Airport","Conroe","United States",30.351801,-95.414497,245
SCC,"Deadhorse Airport","Deadhorse","United States",70.19470215,-148.4649963,65
SAT,"San Antonio International Airport","San Antonio","United States",29.533700942993164,-98.46980285644531,809
ROC,"Greater Rochester International Airport","Rochester","United States",43.118900299072266,-77.67240142822266,559
COF,"Patrick Air Force Base","Coco Beach","United States",28.2348995209,-80.6100997925,8
TEB,"Teterboro Airport","Teterboro","United States",40.85010147089999,-74.060798645,9
RCA,"Ellsworth Air Force Base","Rapid City","United States",44.14500046,-103.1039963,3276
RDU,"Raleigh Durham International Airport","Raleigh-durham","United States",35.877601623535156,-78.7874984741211,435
DAY,"James M Cox Dayton International Airport","Dayton","United States",39.902400970458984,-84.21939849853516,1009
ENA,"Kenai Municipal Airport","Kenai","United States",60.57310104370117,-151.2449951171875,99
MLC,"Mc Alester Regional Airport","Mcalester","United States",34.882401,-95.783501,770
IAG,"Niagara Falls International Airport","Niagara Falls","United States",43.1072998046875,-78.94619750976562,589
CFD,"Coulter Field","Bryan","United States",30.715700149499998,-96.3313980103,367
LIY,"Wright AAF (Fort Stewart)/Midcoast Regional Airport","Wright","United States",31.889099,-81.562303,45
PHF,"Newport News Williamsburg International Airport","Newport News","United States",37.13190079,-76.49299622,42
ESF,"Esler Regional Airport","Alexandria","United States",31.3948993683,-92.2957992554,112
LTS,"Altus Air Force Base","Altus","United States",34.667098999,-99.2667007446,1382
TUS,"Tucson International Airport","Tucson","United States",32.1161003112793,-110.94100189208984,2643
MIB,"Minot Air Force Base","Minot","United States",48.4156,-101.358002,1667
BAB,"Beale Air Force Base","Marysville","United States",39.136100769,-121.43699646,113
IKK,"Greater Kankakee Airport","Kankakee","United States",41.07139968869999,-87.8462982178,630
GSB,"Seymour Johnson Air Force Base","Goldsboro","United States",35.33940125,-77.96060181,109
PVD,"Theodore Francis Green State Airport","Providence","United States",41.732601,-71.420403,55
SBY,"Salisbury Ocean City Wicomico Regional Airport","Salisbury","United States",38.34049987792969,-75.51029968261719,52
BUR,"Bob Hope Airport","Burbank","United States",34.20069885253906,-118.35900115966797,778
DTW,"Detroit Metropolitan Wayne County Airport","Detroit","United States",42.212398529052734,-83.35340118408203,645
TPA,"Tampa International Airport","Tampa","United States",27.975500106811523,-82.533203125,26
PMB,"Pembina Municipal Airport","Pembina","United States",48.9425010681,-97.2407989502,795
POE,"Polk Army Air Field","Fort Polk","United States",31.0447998,-93.1917038,330
EIL,"Eielson Air Force Base","Fairbanks","United States",64.66570282,-147.102005,547
HIB,"Range Regional Airport","Hibbing","United States",47.38660049,-92.83899689,1354
LFK,"Angelina County Airport","Lufkin","United States",31.2339992523,-94.75,296
MAF,"Midland International Airport","Midland","United States",31.9424991607666,-102.2020034790039,2871
GRB,"Austin Straubel International Airport","Green Bay","United States",44.48509979248047,-88.12960052490234,695
ADM,"Ardmore Municipal Airport","Ardmore","United States",34.30301,-97.0196342,777
WRI,"Mc Guire Air Force Base","Wrightstown","United States",40.0155983,-74.59169769,131
AGS,"Augusta Regional At Bush Field","Bush Field","United States",33.36989974975586,-81.9645004272461,144
ISN,"Sloulin Field International Airport","Williston","United States",48.177898407,-103.641998291,1982
LIT,"Bill & Hillary Clinton National Airport/Adams Field","Little Rock","United States",34.729400634799994,-92.2242965698,262
SWF,"Stewart International Airport","Newburgh","United States",41.50410079956055,-74.10479736328125,491
BDE,"Baudette International Airport","Baudette","United States",48.7284011841,-94.612197876,1086
SAC,"Sacramento Executive Airport","Sacramento","United States",38.5125007629,-121.492996216,24
HOM,"Homer Airport","Homer","United States",59.645599365234375,-151.4770050048828,84
TBN,"Waynesville-St. Robert Regional Forney field","Fort Leonardwood","United States",37.74160004,-92.14070129,1159
MGE,"Dobbins Air Reserve Base","Marietta","United States",33.91540146,-84.51629639,1068
SKA,"Fairchild Air Force Base","Spokane","United States",47.6151008606,-117.65599823,2461
HTL,"Roscommon County - Blodgett Memorial Airport","Houghton Lake","United States",44.359798,-84.671095,1150
PAM,"Tyndall Air Force Base","Panama City","United States",30.0695991516,-85.57540130619999,17
DFW,"Dallas Fort Worth International Airport","Dallas-Fort Worth","United States",32.896801,-97.038002,607
MLB,"Melbourne International Airport","Melbourne","United States",28.102800369262695,-80.64530181884766,33
TCM,"McChord Air Force Base","Tacoma","United States",47.1376991272,-122.475997925,322
AUS,"Austin Bergstrom International Airport","Austin","United States",30.194499969482422,-97.6698989868164,542
LCK,"Rickenbacker International Airport","Columbus","United States",39.813801,-82.927803,744
MQT,"Sawyer International Airport","Gwinn","United States",46.353599548300004,-87.395401001,1221
TYS,"McGhee Tyson Airport","Knoxville","United States",35.81100082,-83.9940033,981
HLR,"Hood Army Air Field","Fort Hood","United States",31.138700485199998,-97.71450042720001,924
STL,"St Louis Lambert International Airport","St. Louis","United States",38.748697,-90.370003,618
MIV,"Millville Municipal Airport","Millville","United States",39.367802,-75.072197,85
SPS,"Sheppard Air Force Base-Wichita Falls Municipal Airport","Wichita Falls","United States",33.9888,-98.491898,1019
LUK,"Cincinnati Municipal Airport Lunken Field","Cincinnati","United States",39.10329819,-84.41860199,483
ATL,"Hartsfield Jackson Atlanta International Airport","Atlanta","United States",33.6367,-84.428101,1026
MER,"Castle Airport","Merced","United States",37.38050079,-120.5680008,191
MCC,"Mc Clellan Airfield","Sacramento","United States",38.66759872,-121.401001,77
GRR,"Gerald R. Ford International Airport","Grand Rapids","United States",42.88079834,-85.52279663,794
INK,"Winkler County Airport","Wink","United States",31.779600143399996,-103.200996399,2822
FAT,"Fresno Yosemite International Airport","Fresno","United States",36.77619934082031,-119.71800231933594,336
VRB,"Vero Beach Regional Airport","Vero Beach","United States",27.6556,-80.417901,24
IPL,"Imperial County Airport","Imperial","United States",32.834201812699995,-115.57900238,-54
BNA,"Nashville International Airport","Nashville","United States",36.1245002746582,-86.6781997680664,599
LRD,"Laredo International Airport","Laredo","United States",27.543800354003906,-99.46160125732422,508
EDF,"Elmendorf Air Force Base","Anchorage","United States",61.250999450683594,-149.8070068359375,212
OTZ,"Ralph Wien Memorial Airport","Kotzebue","United States",66.88469696,-162.598999,14
AOO,"Altoona Blair County Airport","Altoona","United States",40.29639816,-78.31999969,1503
DYS,"Dyess Air Force Base","Abilene","United States",32.4207992554,-99.854598999,1789
ELD,"South Arkansas Regional At Goodwin Field","El Dorado","United States",33.22100067138672,-92.81330108642578,277
LGA,"La Guardia Airport","New York","United States",40.77719879,-73.87259674,21
TLH,"Tallahassee Regional Airport","Tallahassee","United States",30.396499633789062,-84.35030364990234,81
DPA,"Dupage Airport","West Chicago","United States",41.90779877,-88.24859619,759
ACT,"Waco Regional Airport","Waco","United States",31.611299514770508,-97.23049926757812,516
AUG,"Augusta State Airport","Augusta","United States",44.320598602299995,-69.7973022461,352
NIP,"Jacksonville Naval Air Station (Towers Field)","Jacksonville","United States",30.2358,-81.680603,21
MKL,"McKellar-Sipes Regional Airport","Jackson","United States",35.599899,-88.915604,434
MKK,"Molokai Airport","Molokai","United States",21.15290069580078,-157.0959930419922,454
FTK,"Godman Army Air Field","Fort Knox","United States",37.907100677500004,-85.9720993042,756
SJT,"San Angelo Regional Mathis Field","San Angelo","United States",31.35770034790039,-100.49600219726562,1919
CXL,"Calexico International Airport","Calexico","United States",32.6694984436,-115.513000488,4
CIC,"Chico Municipal Airport","Chico","United States",39.79539871,-121.8580017,240
BTV,"Burlington International Airport","Burlington","United States",44.471900939899996,-73.15329742429999,335
JAX,"Jacksonville International Airport","Jacksonville","United States",30.49410057067871,-81.68789672851562,30
DRO,"Durango La Plata County Airport","Durango","United States",37.1515007019,-107.753997803,6685
IAD,"Washington Dulles International Airport","Washington","United States",38.94449997,-77.45580292,312
CLL,"Easterwood Field","College Station","United States",30.58860016,-96.36380005,320
SFF,"Felts Field","Spokane","United States",47.682800292969,-117.32299804688,1953
MKE,"General Mitchell International Airport","Milwaukee","United States",42.947200775146484,-87.89659881591797,723
ABI,"Abilene Regional Airport","Abilene","United States",32.4113006592,-99.68190002440001,1791
COU,"Columbia Regional Airport","Columbia","United States",38.81809997558594,-92.21959686279297,889
PDX,"Portland International Airport","Portland","United States",45.58869934,-122.5979996,31
TNT,"Dade Collier Training and Transition Airport","Miami","United States",25.861799240112,-80.897003173828,13
PBI,"Palm Beach International Airport","West Palm Beach","United States",26.68320083618164,-80.09559631347656,19
FTW,"Fort Worth Meacham International Airport","Fort Worth","United States",32.819801,-97.362396,710
OGS,"Ogdensburg International Airport","Ogdensburg","United States",44.6819000244,-75.46549987790002,297
FMH,"Cape Cod Coast Guard Air Station","Falmouth","United States",41.6584014893,-70.5214004517,131
BFI,"Boeing Field King County International Airport","Seattle","United States",47.529998779296875,-122.302001953125,21
SKF,"Lackland Air Force Base","San Antonio","United States",29.38419914,-98.58110046,691
HNL,"Daniel K Inouye International Airport","Honolulu","United States",21.32062,-157.924228,13
DSM,"Des Moines International Airport","Des Moines","United States",41.534000396728516,-93.66310119628906,958
EWN,"Coastal Carolina Regional Airport","New Bern","United States",35.0730018616,-77.04290008539999,18
SAN,"San Diego International Airport","San Diego","United States",32.7336006165,-117.190002441,17
MLU,"Monroe Regional Airport","Monroe","United States",32.51089859008789,-92.0376968383789,79
SSC,"Shaw Air Force Base","Sumter","United States",33.97269821,-80.47059631,241
ONT,"Ontario International Airport","Ontario","United States",34.055999755859375,-117.60099792480469,944
GVT,"Majors Airport","Greenvile","United States",33.0677986145,-96.0652999878,535
ROW,"Roswell International Air Center Airport","Roswell","United States",33.30160140991211,-104.53099822998047,3671
DET,"Coleman A. Young Municipal Airport","Detroit","United States",42.40919876,-83.00990295,626
BRO,"Brownsville South Padre Island International Airport","Brownsville","United States",25.90679931640625,-97.4259033203125,22
DHN,"Dothan Regional Airport","Dothan","United States",31.321300506591797,-85.44960021972656,401
WWD,"Cape May County Airport","Wildwood","United States",39.008499145500004,-74.9083023071,23
NFL,"Fallon Naval Air Station","Fallon","United States",39.41659927,-118.7009964,3934
MTC,"Selfridge Air National Guard Base Airport","Mount Clemens","United States",42.613463,-82.836919,580
FMN,"Four Corners Regional Airport","Farmington","United States",36.741199493399996,-108.230003357,5506
CRP,"Corpus Christi International Airport","Corpus Christi","United States",27.77039909362793,-97.5011978149414,44
SYR,"Syracuse Hancock International Airport","Syracuse","United States",43.11119842529297,-76.1063003540039,421
NQX,"Naval Air Station Key West/Boca Chica Field","Key West","United States",24.57579994,-81.68890381,6
MDW,"Chicago Midway International Airport","Chicago","United States",41.785999,-87.752403,620
SJC,"Norman Y. Mineta San Jose International Airport","San Jose","United States",37.362598,-121.929001,62
HOB,"Lea County Regional Airport","Hobbs","United States",32.6875,-103.2170029,3661
PNE,"Northeast Philadelphia Airport","Philadelphia","United States",40.081902,-75.010597,120
DEN,"Denver International Airport","Denver","United States",39.861698150635,-104.672996521,5431
PHL,"Philadelphia International Airport","Philadelphia","United States",39.87189865112305,-75.24109649658203,36
SUX,"Sioux Gateway Col. Bud Day Field","Sioux City","United States",42.40259933,-96.38439941,1098
MCN,"Middle Georgia Regional Airport","Macon","United States",32.69279861450195,-83.64920043945312,354
TCS,"Truth Or Consequences Municipal Airport","Truth Or Consequences","United States",33.2369003296,-107.272003174,4853
PMD,"Palmdale Regional/USAF Plant 42 Airport","Palmdale","United States",34.62939835,-118.0849991,2543
RND,"Randolph Air Force Base","San Antonio","United States",29.52969933,-98.27890015,761
NJK,"El Centro NAF Airport (Vraciu Field)","El Centro","United States",32.829201,-115.671996,-42
CMH,"John Glenn Columbus International Airport","Columbus","United States",39.998001,-82.891899,815
FYV,"Drake Field","Fayetteville","United States",36.00510025024414,-94.17009735107422,1251
FSI,"Henry Post Army Air Field (Fort Sill)","Fort Sill","United States",34.64979935,-98.40219879,1189
FFO,"Wright-Patterson Air Force Base","Dayton","United States",39.8260993958,-84.0483016968,823
GAL,"Edward G. Pitka Sr Airport","Galena","United States",64.73619843,-156.9369965,153
MWL,"Mineral Wells Airport","Mineral Wells","United States",32.7816009521,-98.0602035522,974
IAB,"Mc Connell Air Force Base","Wichita","United States",37.62189865,-97.26820374,1371
NBG,"New Orleans NAS JRB/Alvin Callender Field","New Orleans","United States",29.82530022,-90.03500366,2
BFT,"Beaufort County Airport","Beaufort","United States",32.4122009277,-80.6343994141,10
TXK,"Texarkana Regional Webb Field","Texarkana","United States",33.45370101928711,-93.99099731445312,390
PBG,"Plattsburgh International Airport","Plattsburgh","United States",44.650901794433594,-73.46810150146484,234
APG,"Phillips Army Air Field","Aberdeen","United States",39.466202,-76.1688,57
TCC,"Tucumcari Municipal Airport","Tucumcari","United States",35.182800293,-103.602996826,4065
ANC,"Ted Stevens Anchorage International Airport","Anchorage","United States",61.174400329589844,-149.99600219726562,152
GRK,"Robert Gray  Army Air Field Airport","Killeen","United States",31.067199707,-97.82890319820001,1015
BLI,"Bellingham International Airport","Bellingham","United States",48.79280090332031,-122.53800201416016,170
NQA,"Millington-Memphis Airport","Millington","United States",35.356701,-89.8703,320
EKN,"Elkins-Randolph Co-Jennings Randolph Field","Elkins","United States",38.88940048,-79.85710144,1987
HFD,"Hartford Brainard Airport","Hartford","United States",41.736698150635,-72.649398803711,18
SFZ,"North Central State Airport","Smithfield","United States",41.9207992554,-71.49140167239999,441
MOB,"Mobile Regional Airport","Mobile","United States",30.691200256348,-88.242797851562,219
NUQ,"Moffett Federal Airfield","Mountain View","United States",37.4161,-122.049004,32
SAF,"Santa Fe Municipal Airport","Santa Fe","United States",35.617099762,-106.088996887,6348
BKH,"Barking Sands Airport","Barking Sands","United States",22.022800445599998,-159.785003662,23
DRI,"Beauregard Regional Airport","Deridder","United States",30.8316993713,-93.33989715579999,202
BSF,"Bradshaw Army Airfield","Bradshaw Field","United States",19.760099411,-155.554000854,6190
OLS,"Nogales International Airport","Nogales","United States",31.4177,-110.848,3955
MCF,"Mac Dill Air Force Base","Tampa","United States",27.84930038,-82.52120209,14
BLV,"Scott AFB/Midamerica Airport","Belleville","United States",38.5452,-89.835197,459
OPF,"Opa-locka Executive Airport","Miami","United States",25.907,-80.278397,8
DRT,"Del Rio International Airport","Del Rio","United States",29.3742008209,-100.927001953,1002
RSW,"Southwest Florida International Airport","Fort Myers","United States",26.53619956970215,-81.75520324707031,30
AKN,"King Salmon Airport","King Salmon","United States",58.67679977,-156.6490021,73
MUI,"Muir Army Air Field (Fort Indiantown Gap) Airport","Muir","United States",40.434799,-76.569397,488
JHM,"Kapalua Airport","Lahania-kapalua","United States",20.962900161743164,-156.67300415039062,256
JFK,"John F Kennedy International Airport","New York","United States",40.63980103,-73.77890015,13
HST,"Homestead ARB Airport","Homestead","United States",25.48859978,-80.38359833,5
RAL,"Riverside Municipal Airport","Riverside","United States",33.95190048,-117.4449997,819
FLV,"Sherman Army Air Field","Fort Leavenworth","United States",39.3683013916,-94.9147033691,772
WAL,"Wallops Flight Facility Airport","Wallops Island","United States",37.9402008057,-75.4664001465,40
HMN,"Holloman Air Force Base","Alamogordo","United States",32.8525009155,-106.107002258,4093
NXX,"Willow Grove Naval Air Station/Joint Reserve Base","Willow Grove","United States",40.19979858,-75.14820099,358
CYS,"Cheyenne Regional Jerry Olson Field","Cheyenne","United States",41.15570068,-104.8119965,6159
SCK,"Stockton Metropolitan Airport","Stockton","United States",37.894199371338,-121.2379989624,33
CHS,"Charleston Air Force Base-International Airport","Charleston","United States",32.89860153,-80.04049683,46
RNO,"Reno Tahoe International Airport","Reno","United States",39.49909973144531,-119.76799774169922,4415
KTN,"Ketchikan International Airport","Ketchikan","United States",55.35559845,-131.7140045,89
YIP,"Willow Run Airport","Detroit","United States",42.23789978,-83.53040314,716
VBG,"Vandenberg Air Force Base","Lompoc","United States",34.7373008728,-120.583999634,369
BHM,"Birmingham-Shuttlesworth International Airport","Birmingham","United States",33.56290054,-86.75350189,650
NEL,"Lakehurst Maxfield Field Airport","Lakehurst","United States",40.03329849,-74.353302,101
SYA,"Eareckson Air Station","Shemya","United States",52.71229935,174.1139984,95
LSV,"Nellis Air Force Base","Las Vegas","United States",36.2361984253,-115.033996582,1870
RIV,"March ARB Airport","Riverside","United States",33.880699,-117.259003,1536
MOD,"Modesto City Co-Harry Sham Field","Modesto","United States",37.62580109,-120.9540024,97
SMF,"Sacramento International Airport","Sacramento","United States",38.69540023803711,-121.59100341796875,27
UGN,"Waukegan National Airport","Chicago","United States",42.422199249268,-87.867897033691,727
COS,"City of Colorado Springs Municipal Airport","Colorado Springs","United States",38.805801,-104.700996,6187
BUF,"Buffalo Niagara International Airport","Buffalo","United States",42.94049835,-78.73220062,728
SKY,"Griffing Sandusky Airport","Sandusky","United States",41.4333992004,-82.6522979736,580
PAE,"Snohomish County (Paine Field) Airport","Everett","United States",47.90629959,-122.2819977,606
MUO,"Mountain Home Air Force Base","Mountain Home","United States",43.043598,-115.872002,2996
CDC,"Cedar City Regional Airport","Cedar City","United States",37.70100021362305,-113.0989990234375,5622
BDL,"Bradley International Airport","Windsor Locks","United States",41.9388999939,-72.68319702149999,173
MFE,"Mc Allen Miller International Airport","Mcallen","United States",26.17580032,-98.23860168,107
NGU,"Norfolk Naval Station (Chambers Field)","Norfolk","United States",36.937599,-76.289299,17
CEF,"Westover ARB/Metropolitan Airport","Chicopee Falls","United States",42.19400024,-72.53479767,241
LBB,"Lubbock Preston Smith International Airport","Lubbock","United States",33.663601,-101.822998,3282
ORD,"Chicago O'Hare International Airport","Chicago","United States",41.9786,-87.9048,672
BCT,"Boca Raton Airport","Boca Raton","United States",26.3784999847,-80.1076965332,13
FAI,"Fairbanks International Airport","Fairbanks","United States",64.81510162,-147.8560028,439
CVS,"Cannon Air Force Base","Clovis","United States",34.3828010559,-103.321998596,4295
NGF,"Kaneohe Bay MCAS (Marion E. Carl Field) Airport","Kaneohe Bay","United States",21.4505004883,-157.768005371,24
OFF,"Offutt Air Force Base","Omaha","United States",41.118301391602,-95.912498474121,1052
GKN,"Gulkana Airport","Gulkana","United States",62.1548996,-145.4570007,1586
ART,"Watertown International Airport","Watertown","United States",43.99190139770508,-76.02169799804688,325
PSP,"Palm Springs International Airport","Palm Springs","United States",33.8297004699707,-116.50700378417969,477
AMA,"Rick Husband Amarillo International Airport","Amarillo","United States",35.219398,-101.706001,3607
FOD,"Fort Dodge Regional Airport","Fort Dodge","United States",42.55149841,-94.19259644,1156
BAD,"Barksdale Air Force Base","Shreveport","United States",32.5018005371,-93.6626968384,166
FOE,"Topeka Regional Airport - Forbes Field","Topeka","United States",38.950901031499995,-95.66359710690001,1078
COT,"Cotulla-La Salle County Airport","Cotulla","United States",28.45669937,-99.22029877,474
ILM,"Wilmington International Airport","Wilmington","United States",34.270599365234375,-77.90260314941406,32
BTR,"Baton Rouge Metropolitan Airport","Baton Rouge","United States",30.533199,-91.149597,70
TYR,"Tyler Pounds Regional Airport","Tyler","United States",32.35409927368164,-95.40239715576172,544
BWI,"Baltimore/Washington International Thurgood Marshall Airport","Baltimore","United States",39.1754,-76.668297,146
HBR,"Hobart Regional Airport","Hobart","United States",34.991317,-99.051313,1563
LNY,"Lanai Airport","Lanai","United States",20.785600662231445,-156.9510040283203,1308
AEX,"Alexandria International Airport","Alexandria","United States",31.32740020751953,-92.54979705810547,89
WSD,"Condron Army Air Field","White Sands","United States",32.34149933,-106.4029999,3934
CDB,"Cold Bay Airport","Cold Bay","United States",55.20610046386719,-162.72500610351562,96
TUL,"Tulsa International Airport","Tulsa","United States",36.19839859008789,-95.88809967041016,677
SIT,"Sitka Rocky Gutierrez Airport","Sitka","United States",57.04710006713867,-135.36199951171875,21
ISP,"Long Island Mac Arthur Airport","Islip","United States",40.79520035,-73.10019684,99
MSP,"Minneapolis-St Paul International/Wold-Chamberlain Airport","Minneapolis","United States",44.882,-93.221802,841
ILG,"New Castle Airport","Wilmington","United States",39.67869949,-75.60649872,80
DUT,"Unalaska Airport","Unalaska","United States",53.900100708,-166.544006348,22
MSY,"Louis Armstrong New Orleans International Airport","New Orleans","United States",29.99340057373047,-90.25800323486328,4
PWM,"Portland International Jetport Airport","Portland","United States",43.64619827,-70.30930328,76
OKC,"Will Rogers World Airport","Oklahoma City","United States",35.39310073852539,-97.60070037841797,1295
ALB,"Albany International Airport","Albany","United States",42.74829864501953,-73.80169677734375,285
VDZ,"Valdez Pioneer Field","Valdez","United States",61.13389969,-146.2480011,121
LFI,"Langley Air Force Base","Hampton","United States",37.082901001,-76.360496521,11
SNA,"John Wayne Airport-Orange County Airport","Santa Ana","United States",33.67570114,-117.8679962,56
CBM,"Columbus Air Force Base","Colombus","United States",33.6437988281,-88.44380187990001,219
TMB,"Kendall-Tamiami Executive Airport","Kendall-tamiami","United States",25.6478996277,-80.432800293,8
NTU,"Oceana Naval Air Station","Oceana","United States",36.820702,-76.033501,23
GUS,"Grissom Air Reserve Base","Peru","United States",40.648101806599996,-86.1520996094,812
CPR,"Casper-Natrona County International Airport","Casper","United States",42.908001,-106.463997,5350
VPS,"Destin-Ft Walton Beach Airport","Valparaiso","United States",30.4832,-86.525398,87
SEM,"Craig Field","Selma","United States",32.343898773193,-86.987800598145,166
EYW,"Key West International Airport","Key West","United States",24.556100845336914,-81.75959777832031,3
CLT,"Charlotte Douglas International Airport","Charlotte","United States",35.2140007019043,-80.94309997558594,748
LAS,"McCarran International Airport","Las Vegas","United States",36.08010101,-115.1520004,2181
MCO,"Orlando International Airport","Orlando","United States",28.429399490356445,-81.30899810791016,96
FLO,"Florence Regional Airport","Florence","United States",34.18539810180664,-79.7238998413086,146
GTF,"Great Falls International Airport","Great Falls","United States",47.48199844,-111.3710022,3680
YNG,"Youngstown Warren Regional Airport","Youngstown","United States",41.26070023,-80.67910004,1192
FBK,"Ladd AAF Airfield","Fort Wainwright","United States",64.83750153,-147.6139984,454
WRB,"Robins Air Force Base","Macon","United States",32.6400985718,-83.5919036865,294
BKK,"Suvarnabhumi Airport","Bangkok","Thailand",13.681099891662598,100.74700164794922,5
NAH,"Naha Airport","Naha","Indonesia",3.6832098960876465,125.52799987792969,16
MXB,"Andi Jemma Airport","Masamba","Indonesia",-2.55803,120.323997,164
SQR,"Soroako Airport","Soroako","Indonesia",-2.5311999320983887,121.35800170898438,1388
TTR,"Pongtiku Airport","Makale","Indonesia",-3.0447399616241,119.82199859619,2884
KDI,"Wolter Monginsidi Airport","Kendari","Indonesia",-4.081610202789307,122.41799926757812,538
SBG,"Maimun Saleh Airport","Sabang","Indonesia",5.87412977219,95.33969879150001,393
TSY,"Cibeureum Airport","Tasikmalaya","Indonesia",-7.346600055690001,108.246002197,1148
MLG,"Abdul Rachman Saleh Airport","Malang","Indonesia",-7.926559925079999,112.714996338,1726
BDO,"Husein Sastranegara International Airport","Bandung","Indonesia",-6.900629997253418,107.57599639892578,2436
CBN,"Penggung Airport","Cirebon","Indonesia",-6.756140232090001,108.540000916,89
JOG,"Adi Sutjipto International Airport","Yogyakarta","Indonesia",-7.788179874420166,110.43199920654297,350
CXP,"Tunggul Wulung Airport","Cilacap","Indonesia",-7.645060062410001,109.033996582,69
PCB,"Pondok Cabe Air Base","Jakarta","Indonesia",-6.3369598388671875,106.76499938964844,200
SRG,"Achmad Yani Airport","Semarang","Indonesia",-6.97273,110.375,10
BTH,"Hang Nadim International Airport","Batam","Indonesia",1.12102997303,104.119003296,126
TJQ,"Buluh Tumbang (H A S Hanandjoeddin) Airport","Tanjung Pandan","Indonesia",-2.74571990967,107.754997253,164
PGK,"Pangkal Pinang (Depati Amir) Airport","Pangkal Pinang","Indonesia",-2.16219997406,106.138999939,109
TNJ,"Raja Haji Fisabilillah International Airport","Tanjung Pinang","Indonesia",0.922683000565,104.531997681,52
SIQ,"Dabo Airport","Singkep","Indonesia",-0.47918900847435,104.5790023803711,95
BDJ,"Syamsudin Noor Airport","Banjarmasin","Indonesia",-3.4423599243164062,114.76300048828125,66
BTW,"Batu Licin Airport","Batu Licin","Indonesia",-3.4124100208300003,115.995002747,3
PKN,"Iskandar Airport","Pangkalan Bun","Indonesia",-2.70519995689,111.672996521,75
PKY,"Tjilik Riwut Airport","Palangkaraya","Indonesia",-2.22513008118,113.943000793,82
MOF,"Maumere(Wai Oti) Airport","Maumere","Indonesia",-8.64064979553,122.236999512,115
ENE,"Ende (H Hasan Aroeboesman) Airport","Ende","Indonesia",-8.8492898941,121.661003113,49
RTG,"Frans Sales Lega Airport","Ruteng","Indonesia",-8.5970096588135,120.47699737549,3510
KOE,"El Tari Airport","Kupang","Indonesia",-10.171600341796875,123.6709976196289,335
LBJ,"Komodo Airport","Labuhan Bajo","Indonesia",-8.48666,119.889,66
BPN,"Sultan Aji Muhamad Sulaiman Airport","Balikpapan","Indonesia",-1.26827001572,116.893997192,12
TRK,"Juwata Airport","Taraken","Indonesia",3.326667,117.569444,23
SRI,"Temindung Airport","Samarinda","Indonesia",-0.484530985355,117.156997681,33
TSX,"Tanjung Santan Airport","Tanjung Santan","Indonesia",-0.0929730013013,117.45300293,121
AMI,"Selaparang Airport","Mataram","Indonesia",-8.560709953309999,116.095001221,52
BMU,"Muhammad Salahuddin Airport","Bima","Indonesia",-8.5396499633789,118.68699645996,3
WGP,"Umbu Mehang Kunda Airport","Waingapu","Indonesia",-9.66922,120.302002,33
SUB,"Juanda International Airport","Surabaya","Indonesia",-7.3798298835754395,112.78700256347656,9
SOC,"Adi Sumarmo Wiryokusumo Airport","Solo City","Indonesia",-7.516089916229248,110.75700378417969,421
ICN,"Incheon International Airport","Seoul","South Korea",37.46910095214844,126.45099639892578,23
CNX,"Chiang Mai International Airport","Chiang Mai","Thailand",18.766799926799997,98.962600708,1036
CEI,"Chiang Rai International Airport","Chiang Rai","Thailand",19.952299118,99.88289642330001,1280
NST,"Nakhon Si Thammarat Airport","Nakhon Si Thammarat","Thailand",8.539620399475098,99.9447021484375,13
NAK,"Nakhon Ratchasima Airport","Nakhon Ratchasima","Thailand",14.94950008392334,102.31300354003906,765
KOP,"Nakhon Phanom Airport","Nakhon Phanom","Thailand",17.383800506591797,104.64299774169922,587
UBP,"Ubon Ratchathani Airport","Ubon Ratchathani","Thailand",15.2512998581,104.870002747,406
KKC,"Khon Kaen Airport","Khon Kaen","Thailand",16.466600418099997,102.783996582,670
THS,"Sukhothai Airport","Sukhothai","Thailand",17.238000869750977,99.81819915771484,179
DPS,"Ngurah Rai (Bali) International Airport","Denpasar","Indonesia",-8.7481698989868,115.16699981689,14
ATH,"Eleftherios Venizelos International Airport","Athens","Greece",37.9364013672,23.9444999695,308
NGO,"Chubu Centrair International Airport","Nagoya","Japan",34.8583984375,136.80499267578125,15
UKB,"Kobe Airport","Kobe","Japan",34.6328010559082,135.2239990234375,22
PUW,"Pullman Moscow Regional Airport","Pullman","United States",46.7439,-117.110001,2556
LWS,"Lewiston Nez Perce County Airport","Lewiston","United States",46.3745002746582,-117.01499938964844,1442
ELM,"Elmira Corning Regional Airport","Elmira","United States",42.1599006652832,-76.8916015625,954
ITH,"Ithaca Tompkins Regional Airport","Ithaca","United States",42.49100112915039,-76.4583969116211,1099
MRY,"Monterey Peninsula Airport","Monterey","United States",36.58700180053711,-121.84300231933594,257
SBA,"Santa Barbara Municipal Airport","Santa Barbara","United States",34.42620087,-119.8399963,13
DAB,"Daytona Beach International Airport","Daytona Beach","United States",29.179899,-81.058098,34
LPX,"Liepāja International Airport","Liepaja","Latvia",56.51750183105469,21.096900939941406,16
RIX,"Riga International Airport","Riga","Latvia",56.92359924316406,23.971099853515625,36
SQQ,"Šiauliai International Airport","Siauliai","Lithuania",55.89390182495117,23.395000457763672,443
HLJ,"Barysiai Airport","Barysiai","Lithuania",56.07059860229492,23.5580997467041,270
KUN,"Kaunas International Airport","Kaunas","Lithuania",54.96390151977539,24.084800720214844,256
PLQ,"Palanga International Airport","Palanga","Lithuania",55.973201751708984,21.093900680541992,33
VNO,"Vilnius International Airport","Vilnius","Lithuania",54.634102,25.285801,648
PNV,"Panevėžys Air Base","Panevezys","Lithuania",55.729400634765625,24.460800170898438,197
EVN,"Zvartnots International Airport","Yerevan","Armenia",40.1473007202,44.3959007263,2838
LWN,"Gyumri Shirak Airport","Gyumri","Armenia",40.7504005432,43.859298706100006,5000
ASA,"Assab International Airport","Assab","Eritrea",13.071800231933594,42.64500045776367,46
ASM,"Asmara International Airport","Asmara","Eritrea",15.291899681091309,38.910701751708984,7661
MSW,"Massawa International Airport","Massawa","Eritrea",15.670000076293945,39.37009811401367,194
GZA,"Yasser Arafat International Airport","Gaza","Palestine",31.24640083313,34.276100158691,320
BUS,"Batumi International Airport","Batumi","Georgia",41.6102981567,41.5997009277,105
KUT,"Kopitnari Airport","Kutaisi","Georgia",42.176700592,42.4826011658,223
TBS,"Tbilisi International Airport","Tbilisi","Georgia",41.6692008972,44.95470047,1624
RIY,"Mukalla International Airport","Mukalla","Yemen",14.662599563598633,49.375,54
TAI,"Ta'izz International Airport","Taiz","Yemen",13.6859998703,44.139099121099996,4838
HOD,"Hodeidah International Airport","Hodeidah","Yemen",14.753000259399414,42.97629928588867,41
ADE,"Aden International Airport","Aden","Yemen",12.829500198364258,45.02880096435547,7
AXK,"Ataq Airport","Ataq","Yemen",14.551300048828125,46.82619857788086,3735
AAY,"Al Ghaidah International Airport","Al Ghaidah Intl","Yemen",16.191699981689453,52.17499923706055,134
SAH,"Sana'a International Airport","Sanaa","Yemen",15.476300239562988,44.21969985961914,7216
BHN,"Beihan Airport","Beihan","Yemen",14.781999588012695,45.72010040283203,3800
SCT,"Socotra International Airport","Socotra","Yemen",12.63070011138916,53.905799865722656,146
FMM,"Memmingen Allgau Airport","Memmingen","Germany",47.988800048799995,10.2395000458,2077
NAV,"Nevşehir Kapadokya Airport","Nevsehir","Turkey",38.7719,34.5345,3100
EZE,"Ministro Pistarini International Airport","Buenos Aires","Argentina",-34.8222,-58.5358,67
EBL,"Erbil International Airport","Erbil","Iraq",36.23759841918945,43.963199615478516,1341
EMD,"Emerald Airport","Emerald","Australia",-23.5674991608,148.179000854,624
HEW,"Athen Helenikon Airport","Athens","Greece",37.893299,23.726101,69
KIX,"Kansai International Airport","Osaka","Japan",34.42729949951172,135.24400329589844,26
JRB,"Downtown-Manhattan/Wall St Heliport","New York","United States",40.70119858,-74.00900269,7
TAG,"Tagbilaran Airport","Tagbilaran","Philippines",9.665442,123.853533,38
JAV,"Ilulissat Airport","Ilulissat","Greenland",69.2432022095,-51.0570983887,95
JCH,"Qasigiannguit Heliport","Qasigiannguit","Greenland",68.822815547,-51.1734473705,70
JEG,"Aasiaat Airport","Aasiaat","Greenland",68.7218017578,-52.7846984863,74
PMI,"Palma De Mallorca Airport","Palma de Mallorca","Spain",39.551700592,2.73881006241,27
DRW,"Darwin International Airport","Darwin","Australia",-12.41469955444336,130.8769989013672,103
URT,"Surat Thani Airport","Surat Thani","Thailand",9.13259983063,99.135597229,20
TKA,"Talkeetna Airport","Talkeetna","United States",62.320499420166,-150.09399414062,358
GZM,"Xewkija Heliport","Gozo","Malta",36.027199,14.2728,0
HVN,"Tweed New Haven Airport","New Haven","United States",41.26369858,-72.88680267,12
AVL,"Asheville Regional Airport","Asheville","United States",35.43619918823242,-82.54180145263672,2165
GSO,"Piedmont Triad International Airport","Greensboro","United States",36.097801208496094,-79.93730163574219,925
FSD,"Joe Foss Field Airport","Sioux Falls","United States",43.582000732400004,-96.741897583,1429
AYQ,"Ayers Rock Connellan Airport","Uluru","Australia",-25.1861,130.975998,1626
MHT,"Manchester-Boston Regional Airport","Manchester NH","United States",42.932598,-71.435699,266
APF,"Naples Municipal Airport","Naples","United States",26.1525993347,-81.7752990723,8
RDN,"LTS Pulau Redang Airport","Redang","Malaysia",5.765279769897461,103.00700378417969,36
SDF,"Louisville International Standiford Field","Louisville","United States",38.1744,-85.736,501
CHO,"Charlottesville Albemarle Airport","Charlottesville VA","United States",38.13859939575195,-78.4529037475586,639
ROA,"Roanoke–Blacksburg Regional Airport","Roanoke VA","United States",37.3255,-79.975403,1175
LEX,"Blue Grass Airport","Lexington KY","United States",38.0364990234375,-84.60590362548828,979
EVV,"Evansville Regional Airport","Evansville","United States",38.0369987488,-87.5324020386,418
ABQ,"Albuquerque International Sunport","Albuquerque","United States",35.040199,-106.609001,5355
BZN,"Gallatin Field","Bozeman","United States",45.77750015,-111.1529999,4473
BIL,"Billings Logan International Airport","Billings","United States",45.807701110839844,-108.54299926757812,3652
BTM,"Bert Mooney Airport","Butte","United States",45.95479965209961,-112.49700164794922,5550
TVC,"Cherry Capital Airport","Traverse City","United States",44.74140167236328,-85.58219909667969,624
FRS,"Mundo Maya International Airport","Flores","Guatemala",16.913799285899998,-89.86640167239999,427
BHB,"Hancock County-Bar Harbor Airport","Bar Harbor","United States",44.45000076,-68.3615036,83
RKD,"Knox County Regional Airport","Rockland","United States",44.06010056,-69.09919739,56
JAC,"Jackson Hole Airport","Jacksn Hole","United States",43.6072998046875,-110.73799896240234,6451
RFD,"Chicago Rockford International Airport","Rockford","United States",42.19540023803711,-89.09719848632812,742
DME,"Domodedovo International Airport","Moscow","Russia",55.40879821777344,37.90629959106445,588
SYX,"Sanya Phoenix International Airport","Sanya","China",18.302900314331055,109.41200256347656,92
MFN,"Milford Sound Airport","Milford Sound","New Zealand",-44.673301696777344,167.92300415039062,10
LJG,"Lijiang Airport","Lijiang","China",26.6800003052,100.246002197,0
GSP,"Greenville Spartanburg International Airport","Greenville","United States",34.8956985474,-82.2189025879,964
BMI,"Central Illinois Regional Airport at Bloomington-Normal","Bloomington","United States",40.47710037,-88.91590118,871
GPT,"Gulfport Biloxi International Airport","Gulfport","United States",30.40730094909668,-89.07009887695312,28
AZO,"Kalamazoo Battle Creek International Airport","Kalamazoo","United States",42.234901428222656,-85.5521011352539,874
TOL,"Toledo Express Airport","Toledo","United States",41.58679962,-83.80780029,683
FWA,"Fort Wayne International Airport","Fort Wayne","United States",40.97850037,-85.19509888,814
DEC,"Decatur Airport","Decatur","United States",39.834598541259766,-88.8656997680664,682
CID,"The Eastern Iowa Airport","Cedar Rapids","United States",41.884700775146484,-91.71080017089844,869
LSE,"La Crosse Municipal Airport","La Crosse","United States",43.879002,-91.256699,655
CWA,"Central Wisconsin Airport","Wassau","United States",44.7775993347,-89.6668014526,1277
PIA,"General Wayne A. Downing Peoria International Airport","Peoria","United States",40.664199829100006,-89.6932983398,660
ATW,"Appleton International Airport","Appleton","United States",44.258098602299995,-88.5190963745,918
RST,"Rochester International Airport","Rochester","United States",43.90829849243164,-92.5,1317
CMI,"University of Illinois Willard Airport","Champaign","United States",40.03919983,-88.27809906,755
MHK,"Manhattan Regional Airport","Manhattan","United States",39.14099884033203,-96.6707992553711,1057
KGC,"Kingscote Airport","Kingscote","Australia",-35.71390151977539,137.52099609375,24
HVB,"Hervey Bay Airport","Hervey Bay","Australia",-25.3188991547,152.880004883,60
DLU,"Dali Airport","Dali","China",25.649401,100.319,7050
MZV,"Mulu Airport","Mulu","Malaysia",4.048329830169678,114.80500030517578,80
SSH,"Sharm El Sheikh International Airport","Sharm El Sheikh","Egypt",27.9773006439,34.3950004578,143
FKL,"Venango Regional Airport","Franklin","United States",41.3778991699,-79.8603973389,1540
NBO,"Jomo Kenyatta International Airport","Nairobi","Kenya",-1.31923997402,36.9277992249,5330
SEU,"Seronera Airport","Seronera","Tanzania",-2.45806,34.822498,5080
FTE,"El Calafate Airport","El Calafate","Argentina",-50.2803,-72.053101,669
ARM,"Armidale Airport","Armidale","Australia",-30.528099060099997,151.617004395,3556
GJT,"Grand Junction Regional Airport","Grand Junction","United States",39.1223983765,-108.527000427,4858
SGU,"St George Municipal Airport","Saint George","United States",37.036389,-113.510306,2941
DWH,"David Wayne Hooks Memorial Airport","Houston","United States",30.0618000031,-95.55280303960001,152
SRQ,"Sarasota Bradenton International Airport","Sarasota","United States",27.39539909362793,-82.55439758300781,30
BDA,"L.F. Wade International International Airport","Bermuda","Bermuda",32.36399841308594,-64.67870330810547,12
VNY,"Van Nuys Airport","Van Nuys","United States",34.209800720215,-118.48999786377,802
MLI,"Quad City International Airport","Moline","United States",41.44850158691406,-90.50749969482422,590
PFN,"Panama City-Bay Co International Airport","Panama City","United States",30.212099,-85.6828,20
HIR,"Honiara International Airport","Honiara","Solomon Islands",-9.4280004501343,160.05499267578,28
PPT,"Faa'a International Airport","Papeete","French Polynesia",-17.553699,-149.606995,5
INU,"Nauru International Airport","Nauru","Nauru",-0.547458,166.919006,22
FUN,"Funafuti International Airport","Funafuti","Tuvalu",-8.525,179.195999,9
OVB,"Tolmachevo Airport","Novosibirsk","Russia",55.012599945068,82.650703430176,365
XKH,"Xieng Khouang Airport","Phon Savan","Laos",19.450001,103.157997,3445
BIS,"Bismarck Municipal Airport","Bismarck","United States",46.772701263427734,-100.74600219726562,1661
TEX,"Telluride Regional Airport","Telluride","United States",37.9538002,-107.9079971,9070
HGN,"Mae Hong Son Airport","Mae Hong Son","Thailand",19.301300048828125,97.97579956054688,929
RAP,"Rapid City Regional Airport","Rapid City","United States",44.0452995300293,-103.05699920654297,3204
CLD,"Mc Clellan-Palomar Airport","Carlsbad","United States",33.12829971,-117.2799988,331
FNT,"Bishop International Airport","Flint","United States",42.96540069580078,-83.74359893798828,782
DVO,"Francisco Bangoy International Airport","Davao","Philippines",7.1255202293396,125.64600372314453,96
FNC,"Madeira Airport","Funchal","Portugal",32.697899,-16.7745,192
STM,"Maestro Wilson Fonseca Airport","Santarem","Brazil",-2.4247219562530518,-54.785831451416016,198
KOS,"Sihanoukville International Airport","Sihanoukville","Cambodia",10.57970047,103.637001038,33
YOA,"Ekati Airport","Ekati","Canada",64.6988983154,-110.614997864,1536
NPE,"Hawke's Bay Airport","NAPIER","New Zealand",-39.465801,176.869995,6
LEV,"Levuka Airfield","Levuka","Fiji",-17.7110996246,178.759002686,11
LXA,"Lhasa Gonggar Airport","Lhasa","China",29.2978000641,90.91190338130001,11713
RDD,"Redding Municipal Airport","Redding","United States",40.50899887,-122.2929993,505
EUG,"Mahlon Sweet Field","Eugene","United States",44.12459945678711,-123.21199798583984,374
IDA,"Idaho Falls Regional Airport","Idaho Falls","United States",43.514599,-112.070999,4744
MFR,"Rogue Valley International Medford Airport","Medford","United States",42.37419891357422,-122.87300109863281,1335
KBZ,"Kaikoura Airport","Kaikoura","New Zealand",-42.42499923706055,173.60499572753906,20
RDM,"Roberts Field","Redmond-Bend","United States",44.2541008,-121.1500015,3080
PCN,"Picton Aerodrome","Picton","New Zealand",-41.346099853516,173.95599365234,161
WDH,"Hosea Kutako International Airport","Windhoek","Namibia",-22.4799,17.4709,5640
YWH,"Victoria Harbour Seaplane Base","Victoria","Canada",48.4249858939,-123.388867378,0
TNA,"Yaoqiang Airport","Jinan","China",36.857200622558594,117.21600341796875,76
CZX,"Changzhou Benniu Airport","Changzhou","China",31.919701,119.778999,0
YBP,"Yibin Caiba Airport","Yibin","China",28.8005555556,104.545,924
TJM,"Roshchino International Airport","Tyumen","Russia",57.189601898199996,65.3243026733,378
CAK,"Akron Canton Regional Airport","Akron","United States",40.916099548339844,-81.44219970703125,1228
HSV,"Huntsville International Carl T Jones Field","Huntsville","United States",34.637199401855,-86.775100708008,629
PKB,"Mid Ohio Valley Regional Airport","PARKERSBURG","United States",39.34510040283203,-81.43920135498047,858
MGM,"Montgomery Regional (Dannelly Field) Airport","MONTGOMERY","United States",32.30059814,-86.39399719,221
TRI,"Tri-Cities Regional TN/VA Airport","BRISTOL","United States",36.475201,-82.407401,1519
PAH,"Barkley Regional Airport","PADUCAH","United States",37.06079864501953,-88.7738037109375,410
JIB,"Djibouti-Ambouli Airport","Djibouti","Djibouti",11.547300338745117,43.15950012207031,49
HAK,"Haikou Meilan International Airport","Haikou","China",19.934900283813477,110.45899963378906,75
MFA,"Mafia Island Airport","Mafia Island","Tanzania",-7.917478,39.668502,60
PGA,"Page Municipal Airport","Page","United States",36.92610168,-111.447998,4316
UII,"Utila Airport","Utila","Honduras",16.1131,-86.880302,29
FCA,"Glacier Park International Airport","Kalispell","United States",48.31050109863281,-114.25599670410156,2977
MBS,"MBS International Airport","Saginaw","United States",43.532901763916016,-84.07959747314453,668
BGM,"Greater Binghamton/Edwin A Link field","Binghamton","United States",42.20869827,-75.97979736,1636
BGW,"Baghdad International Airport","Baghdad","Iraq",33.262500762900004,44.2346000671,114
NNT,"Nan Airport","Nan","Thailand",18.807899475097656,100.78299713134766,685
ROI,"Roi Et Airport","Roi Et","Thailand",16.11680030822754,103.77400207519531,451
BFV,"Buri Ram Airport","Buri Ram","Thailand",15.229499816894531,103.25299835205078,590
TDX,"Trat Airport","Trat","Thailand",12.274600029,102.319000244,105
BLH,"Blythe Airport","Blythe","United States",33.6192016602,-114.717002869,399
IQA,"Al Asad Air Base","Al Asad","Iraq",33.7855987549,42.4412002563,618
TQD,"Al Taqaddum Air Base","Al Taqaddum","Iraq",33.33810043335,43.597099304199,275
XQC,"Joint Base Balad","Al Bakr","Iraq",33.940200805699995,44.361598968500005,161
CRK,"Diosdado Macapagal International Airport","Angeles City","Philippines",15.186,120.559998,484
SDK,"Sandakan Airport","Sandakan","Malaysia",5.900899887084961,118.05899810791016,46
LXG,"Luang Namtha Airport","Luang Namtha","Laos",20.966999,101.400002,1968
ODY,"Oudomsay Airport","Muang Xay","Laos",20.68269920349121,101.99400329589844,1804
SHE,"Taoxian Airport","Shenyang","China",41.639801025390625,123.48300170898438,198
DOY,"Dongying Shengli Airport","Dongying","China",37.5085983276,118.788002014,15
MNI,"John A. Osborne Airport","Geralds","Montserrat",16.791400909423828,-62.19329833984375,550
PSG,"Petersburg James A Johnson Airport","Petersburg","United States",56.80170059,-132.9450073,111
LYA,"Luoyang Airport","Luoyang","China",34.741100311299995,112.388000488,840
XUZ,"Xuzhou Guanyin Airport","Xuzhou","China",34.059056,117.555278,0
MWQ,"Magway Airport","Magwe","Burma",20.1656,94.941399,279
KHM,"Kanti Airport","Khamti","Burma",25.988300323486328,95.67440032958984,6000
DLI,"Lien Khuong Airport","Dalat","Vietnam",11.75,108.366997,3156
VDH,"Dong Hoi Airport","Dong Hoi","Vietnam",17.515,106.590556,59
VKG,"Rach Gia Airport","Rach Gia","Vietnam",9.95802997234,105.132379532,7
CAH,"Cà Mau Airport","Ca Mau","Vietnam",9.177667,105.177778,6
VCL,"Chu Lai International Airport","Chu Lai","Vietnam",15.403300285299999,108.706001282,10
TBB,"Dong Tac Airport","Tuy Hoa","Vietnam",13.049599647500001,109.333999634,20
PYY,"Mae Hong Son Airport","Pai","Thailand",19.3719997406,98.43699646,1271
BWK,"Bol Airport","Brac","Croatia",43.285701751708984,16.67970085144043,1776
NSI,"Yaoundé Nsimalen International Airport","Yaounde","Cameroon",3.722559928894043,11.553299903869629,2278
CKY,"Conakry International Airport","Conakry","Guinea",9.57689,-13.612,72
AAH,"Aachen-Merzbrück Airport","Aachen","Germany",50.823055267333984,6.186388969421387,623
FKB,"Karlsruhe Baden-Baden Airport","Karlsruhe/Baden-Baden","Germany",48.7793998718,8.08049964905,408
SFB,"Orlando Sanford International Airport","Sanford","United States",28.777599334716797,-81.23750305175781,55
JST,"John Murtha Johnstown Cambria County Airport","Johnstown","United States",40.31610107421875,-78.83390045166016,2284
LUA,"Lukla Airport","Lukla","Nepal",27.686899185180664,86.72969818115234,9380
BHP,"Bhojpur Airport","Bhojpur","Nepal",27.14739990234375,87.05079650878906,4000
LDN,"Lamidanda Airport","Lamidanda","Nepal",27.25309944152832,86.66999816894531,4100
JMO,"Jomsom Airport","Jomsom","Nepal",28.780426,83.723,8976
NGX,"Manang Airport","Manang","Nepal",28.641399,84.089203,11001
PPL,"Phaplu Airport","Phaplu","Nepal",27.517787,86.584454,7918
RUM,"Rumjatar Airport","Rumjatar","Nepal",27.303499221801758,86.55039978027344,4500
DNP,"Tulsipur Airport","Dang","Nepal",28.111099243164062,82.29419708251953,2100
RUK,"Rukum Chaurjahari Airport","Rukumkot","Nepal",28.627001,82.195,2500
JUM,"Jumla Airport","Jumla","Nepal",29.2742,82.193298,7700
TPJ,"Taplejung Airport","Taplejung","Nepal",27.3509,87.69525,7990
TMI,"Tumling Tar Airport","Tumling Tar","Nepal",27.315001,87.193298,1700
SKH,"Surkhet Airport","Surkhet","Nepal",28.586,81.636002,2400
IMK,"Simikot Airport","Simikot","Nepal",29.971099853515625,81.81890106201172,9246
DOP,"Dolpa Airport","Dolpa","Nepal",28.985700607299805,82.81909942626953,8200
BJH,"Bajhang Airport","Bajhang","Nepal",29.538999557495117,81.1854019165039,4100
DHI,"Dhangarhi Airport","Dhangarhi","Nepal",28.753299713134766,80.58190155029297,690
MWX,"Muan International Airport","Muan","South Korea",34.991406,126.382814,35
JTY,"Astypalaia Airport","Astypalaia","Greece",36.5798988342,26.3757991791,165
JIK,"Ikaria Airport","Ikaria","Greece",37.6827011108,26.3470993042,79
JKL,"Kalymnos Airport","Kalymnos","Greece",36.9632987976,26.9405994415,771
MLO,"Milos Airport","Milos","Greece",36.696899,24.4769,10
JNX,"Naxos Airport","Cyclades Islands","Greece",37.0811004639,25.3680992126,10
PAS,"Paros National Airport","Paros","Greece",37.020495,25.113195,131
KZS,"Kastelorizo Airport","Kastelorizo","Greece",36.1417007446,29.576400756799995,489
RMF,"Marsa Alam International Airport","Marsa Alam","Egypt",25.557100296,34.5836982727,251
NRN,"Weeze Airport","Weeze","Germany",51.6024017334,6.14216995239,106
USU,"Francisco B. Reyes Airport","Busuanga","Philippines",12.1215000153,120.099998474,148
BXU,"Bancasi Airport","Butuan","Philippines",8.9515,125.4788,141
DPL,"Dipolog Airport","Dipolog","Philippines",8.60198349877,123.341875076,12
LAO,"Laoag International Airport","Laoag","Philippines",18.1781005859375,120.53199768066406,25
LGP,"Legazpi City International Airport","Legazpi","Philippines",13.1575,123.735,66
OZC,"Labo Airport","Ozamis","Philippines",8.178509712219238,123.84200286865234,75
CEB,"Mactan Cebu International Airport","Cebu","Philippines",10.307499885559,123.97899627686,31
NOD,"Norden-Norddeich Airport","Norden","Germany",53.633056640599996,7.19027805328,3
JUI,"Juist Airport","Juist","Germany",53.68111038208008,7.055832862854004,7
BPS,"Porto Seguro Airport","Porto Seguro","Brazil",-16.438601,-39.080898,168
QIG,"Iguatu Airport","Iguatu","Brazil",-6.346640110015869,-39.293800354003906,699
PMW,"Brigadeiro Lysias Rodrigues Airport","Palmas","Brazil",-10.291500091600001,-48.35699844359999,774
CLV,"Nelson Ribeiro Guimarães Airport","Caldas Novas","Brazil",-17.725299835205,-48.607498168945,2247
MSO,"Missoula International Airport","Missoula","United States",46.91630173,-114.0910034,3206
BKQ,"Blackall Airport","Blackall","Australia",-24.427799224900003,145.429000854,928
BDB,"Bundaberg Airport","Bundaberg","Australia",-24.903900146499996,152.319000244,107
GCN,"Grand Canyon National Park Airport","Grand Canyon","United States",35.95240020751953,-112.14700317382812,6609
SGR,"Sugar Land Regional Airport","Sugar Land","United States",29.622299194336,-95.65650177002,82
APA,"Centennial Airport","Denver","United States",39.57009888,-104.848999,5885
CVN,"Clovis Municipal Airport","Clovis","United States",34.4250984192,-103.07900238,4216
FST,"Fort Stockton Pecos County Airport","Fort Stockton","United States",30.9157009125,-102.916000366,3011
LVS,"Las Vegas Municipal Airport","Las Vegas","United States",35.6542015076,-105.141998291,6877
IWS,"West Houston Airport","Houston","United States",29.818199157699997,-95.67259979250001,111
LRU,"Las Cruces International Airport","Las Cruces","United States",32.289398193359375,-106.9219970703125,4456
BKD,"Stephens County Airport","Breckenridge","United States",32.71900177,-98.89099884030001,1284
TPL,"Draughon Miller Central Texas Regional Airport","Temple","United States",31.15250015258789,-97.40779876708984,682
OZA,"Ozona Municipal Airport","Ozona","United States",30.735300064087,-101.20300292969,2381
KDM,"Kaadedhdhoo Airport","Kaadedhdhoo","Maldives",0.48813098669052124,72.99690246582031,2
LAK,"Aklavik/Freddie Carmichael Airport","Aklavik","Canada",68.223297,-135.00599,23
YWJ,"Déline Airport","Deline","Canada",65.21109771728516,-123.43599700927734,703
ZFN,"Tulita Airport","Tulita","Canada",64.909697,-125.572998,332
YGH,"Fort Good Hope Airport","Fort Good Hope","Canada",66.24079895019531,-128.6510009765625,268
TAH,"Tanna Airport","Tanna","Vanuatu",-19.45509910583496,169.2239990234375,19
YPC,"Paulatuk (Nora Aliqatchialuk Ruben) Airport","Paulatuk","Canada",69.3608381154,-124.075469971,15
SRZ,"El Trompillo Airport","Santa Cruz","Bolivia",-17.8115997314,-63.1715011597,1371
SAB,"Juancho E. Yrausquin Airport","Saba","Netherlands Antilles",17.645000457763672,-63.220001220703125,60
EGE,"Eagle County Regional Airport","Vail","United States",39.64260101,-106.9179993,6548
SKN,"Stokmarknes Skagen Airport","Stokmarknes","Norway",68.578826904297,15.033416748047,11
CGF,"Cuyahoga County Airport","Richmond Heights","United States",41.5651016235,-81.4863967896,879
MFD,"Mansfield Lahm Regional Airport","Mansfield","United States",40.82139968869999,-82.5166015625,1297
CSG,"Columbus Metropolitan Airport","Columbus","United States",32.516300201416016,-84.93890380859375,397
LAW,"Lawton Fort Sill Regional Airport","Lawton","United States",34.5676994324,-98.4166030884,1110
FNL,"Northern Colorado Regional Airport","Fort Collins","United States",40.451804,-105.011,5016
FLG,"Flagstaff Pulliam Airport","Flagstaff","United States",35.13850021,-111.6709976,7014
TVL,"Lake Tahoe Airport","South Lake Tahoe","United States",38.89390182495117,-119.99500274658203,6264
TWF,"Joslin Field Magic Valley Regional Airport","Twin Falls","United States",42.4818,-114.487999,4154
MVY,"Martha's Vineyard Airport","Vineyard Haven MA","United States",41.3931007385,-70.6143035889,67
CON,"Concord Municipal Airport","Concord NH","United States",43.20270157,-71.50229645,342
GON,"Groton New London Airport","Groton CT","United States",41.330101013183594,-72.04509735107422,9
STC,"St Cloud Regional Airport","Saint Cloud","United States",45.546600341796875,-94.05989837646484,1031
BPE,"Qinhuangdao Beidaihe Airport","Bagan","Burma",39.666389,119.058889,46
GTR,"Golden Triangle Regional Airport","Columbus Mississippi","United States",33.450298309299995,-88.5914001465,264
GOJ,"Nizhny Novgorod Strigino International Airport","Nizhniy Novgorod","Russia",56.230098724365,43.784000396729,256
HQM,"Bowerman Airport","Hoquiam","United States",46.971199035599994,-123.93699646,18
ERI,"Erie International Tom Ridge Field","Erie","United States",42.0831270134,-80.1738667488,732
HYA,"Barnstable Municipal Boardman Polando Field","Barnstable","United States",41.66930008,-70.28040314,54
SPR,"San Pedro Airport","San Pedro","Belize",17.9139,-87.9711,4
SDX,"Sedona Airport","Sedona","United States",34.848598480225,-111.78800201416,4830
MGW,"Morgantown Municipal Walter L. Bill Hart Field","Morgantown","United States",39.64289856,-79.91629791,1248
CRW,"Yeager Airport","Charleston","United States",38.37310028076172,-81.59320068359375,981
AVP,"Wilkes Barre Scranton International Airport","Scranton","United States",41.338500976599995,-75.72339630130001,962
BJI,"Bemidji Regional Airport","Bemidji","United States",47.50939941,-94.93370056,1391
THG,"Thangool Airport","Biloela","Australia",-24.493900299072266,150.5760040283203,644
FGI,"Fagali'i Airport","Apia","Samoa",-13.848699569699999,-171.740005493,131
BNK,"Ballina Byron Gateway Airport","Ballina Byron Bay","Australia",-28.8339004517,153.56199646,7
FAR,"Hector International Airport","Fargo","United States",46.92070007324219,-96.81580352783203,902
MKC,"Charles B. Wheeler Downtown Airport","Kansas City","United States",39.123199462890625,-94.5927963256836,759
RBE,"Ratanakiri Airport","Ratanakiri","Cambodia",13.729999542236328,106.98699951171875,0
GCC,"Gillette Campbell County Airport","Gillette","United States",44.348899841299996,-105.539001465,4365
TOF,"Bogashevo Airport","Tomsk","Russia",56.380298614502,85.208297729492,597
NZJ,"El Toro Marine Corps Air Station","Santa Ana","United States",33.67610168457031,-117.73100280761719,383
PHY,"Phetchabun Airport","Phetchabun","Thailand",16.6760005951,101.194999695,450
CJM,"Chumphon Airport","Chumphon","Thailand",10.711199760437012,99.36170196533203,18
JZH,"Jiuzhai Huanglong Airport","Jiuzhaigou","China",32.8533333333,103.682222222,11327
SWA,"Jieyang Chaoshan International Airport","Shantou","China",23.552,116.5033,0
GEO,"Cheddi Jagan International Airport","Georgetown","Guyana",6.498549938201904,-58.25410079956055,95
AGT,"Guarani International Airport","Ciudad del Este","Paraguay",-25.454516,-54.842682,846
OGL,"Eugene F. Correira International Airport","Georgetown","Guyana",6.80628,-58.1059,10
KAI,"Kaieteur International Airport","Kaieteur","Guyana",5.17275476456,-59.491481781,1520
DNH,"Dunhuang Airport","Dunhuang","China",40.16109848022461,94.80919647216797,0
AOI,"Ancona Falconara Airport","Ancona","Italy",43.616299,13.3623,49
TCP,"Taba International Airport","Taba","Egypt",29.587799072299998,34.7780990601,2415
LYB,"Edward Bodden Airfield","Little Cayman","Cayman Islands",19.660161,-80.088826,3
BJV,"Milas Bodrum International Airport","Bodrum","Turkey",37.25059890749999,27.6643009186,21
TBJ,"Tabarka 7 Novembre Airport","Tabarka","Tunisia",36.97999954223633,8.87693977355957,230
SAW,"Sabiha Gökçen International Airport","Istanbul","Turkey",40.898601532,29.3092002869,312
SCE,"University Park Airport","State College Pennsylvania","United States",40.8493003845,-77.84870147710001,1239
BME,"Broome International Airport","Broome","Australia",-17.944700241088867,122.23200225830078,56
NTL,"Newcastle Airport","Newcastle","Australia",-32.79499816894531,151.83399963378906,31
KLU,"Klagenfurt Airport","Klagenfurt","Austria",46.642502,14.3377,1472
HFT,"Hammerfest Airport","Hammerfest","Norway",70.679702758789,23.668600082397,266
HVG,"Valan Airport","Honningsvag","Norway",71.009696960449,25.983600616455,44
MEH,"Mehamn Airport","Mehamn","Norway",71.02970123291,27.826700210571,39
VDS,"Vadsø Airport","Vadsø","Norway",70.065299987793,29.844699859619,127
IKA,"Imam Khomeini International Airport","Tehran","Iran",35.416099548339844,51.152198791503906,3305
MHD,"Mashhad International Airport","Mashhad","Iran",36.235198974609375,59.64099884033203,3263
UIK,"Ust-Ilimsk Airport","Ust Ilimsk","Russia",58.13610076904297,102.56500244140625,1339
MEI,"Key Field","Meridian","United States",32.33259963989258,-88.75189971923828,297
SPI,"Abraham Lincoln Capital Airport","Springfield","United States",39.84410095,-89.67790222,598
CEZ,"Cortez Municipal Airport","Cortez","United States",37.3030014038,-108.627998352,5918
HDN,"Yampa Valley Airport","Hayden","United States",40.48120117,-107.2180023,6606
GUP,"Gallup Municipal Airport","Gallup","United States",35.511100769,-108.789001465,6472
LBL,"Liberal Mid-America Regional Airport","Liberal","United States",37.0442009,-100.9599991,2885
LAA,"Lamar Municipal Airport","Lamar","United States",38.069698333699996,-102.68800354,3706
GLD,"Renner Field-Goodland Municipal Airport","Goodland","United States",39.37060165,-101.6989975,3656
COD,"Yellowstone Regional Airport","Cody","United States",44.520198822,-109.024002075,5102
ISC,"St. Mary's Airport","ST MARY\'S","United Kingdom",49.913299560546875,-6.291669845581055,116
SGF,"Springfield Branson National Airport","Springfield","United States",37.24570084,-93.38860321,1268
NVK,"Narvik Framnes Airport","Narvik","Norway",68.436897277832,17.386699676514,95
BVG,"Berlevåg Airport","Berlevag","Norway",70.871399,29.034201,42
NSK,"Norilsk-Alykel Airport","Norilsk","Russia",69.31109619140625,87.33219909667969,574
AAQ,"Anapa Vityazevo Airport","Anapa","Russia",45.002101898193,37.347301483154,174
JLN,"Joplin Regional Airport","Joplin","United States",37.151798248291016,-94.49829864501953,981
ABE,"Lehigh Valley International Airport","Allentown","United States",40.652099609375,-75.44080352783203,393
XNA,"Northwest Arkansas Regional Airport","Bentonville","United States",36.281898,-94.306801,1287
GUW,"Atyrau Airport","Atyrau","Kazakhstan",47.12189865112305,51.8213996887207,-72
KZO,"Kzyl-Orda Southwest Airport","Kzyl-Orda","Kazakhstan",44.706902,65.592499,433
SBN,"South Bend Regional Airport","South Bend","United States",41.70869827270508,-86.31729888916016,799
BKA,"Bykovo Airport","Moscow","Russia",55.6171989441,38.0600013733,427
ARH,"Talagi Airport","Arkhangelsk","Russia",64.60030364990234,40.71670150756836,62
RTW,"Saratov Central Airport","Saratov","Russia",51.564998626708984,46.04669952392578,499
NUX,"Novy Urengoy Airport","Novy Urengoy","Russia",66.06939697265625,76.52030181884766,210
NOJ,"Noyabrsk Airport","Noyabrsk","Russia",63.18330001831055,75.2699966430664,446
SCO,"Aktau Airport","Aktau","Kazakhstan",43.8601,51.091999,73
UCT,"Ukhta Airport","Ukhta","Russia",63.566898345947266,53.8046989440918,482
USK,"Usinsk Airport","Usinsk","Russia",66.00469970703125,57.3671989440918,262
PEX,"Pechora Airport","Pechora","Russia",65.12110137939453,57.13079833984375,98
NNM,"Naryan Mar Airport","Naryan-Mar","Russia",67.63999938964844,53.12189865112305,36
PKV,"Pskov Airport","Pskov","Russia",57.78390121459961,28.395599365234375,154
KGP,"Kogalym International Airport","Kogalym","Russia",62.190399169921875,74.53379821777344,220
KJA,"Yemelyanovo Airport","Krasnoyarsk","Russia",56.172901,92.493301,942
KGF,"Sary-Arka Airport","Karaganda","Kazakhstan",49.670799255371094,73.33439636230469,1765
URJ,"Uray Airport","Uraj","Russia",60.10329818725586,64.82669830322266,190
IWA,"Ivanovo South Airport","Ivanovo","Russia",56.93939971923828,40.940799713134766,410
CGQ,"Longjia Airport","Changchun","China",43.9962005615,125.684997559,706
KIJ,"Niigata Airport","Niigata","Japan",37.9558982849,139.121002197,29
JON,"Johnston Atoll Airport","Johnston Island","Johnston Atoll",16.7285995483,-169.533996582,7
SMD,"Smith Field","Fort Wayne IN","United States",41.14339828,-85.15280151,835
ACV,"California Redwood Coast-Humboldt County Airport","Arcata CA","United States",40.978101,-124.109,221
OAJ,"Albert J Ellis Airport","Jacksonville NC","United States",34.8292007446,-77.61209869380001,94
TCL,"Tuscaloosa Regional Airport","Tuscaloosa AL","United States",33.220600128174,-87.611396789551,170
DBQ,"Dubuque Regional Airport","Dubuque IA","United States",42.40200043,-90.70950317,1077
HHP,"Shun Tak Heliport","Hong Kong","Hong Kong",22.2893714905,114.152153015,107
ATD,"Uru Harbour Airport","Atoifi","Solomon Islands",-8.87333,161.011002,0
AKS,"Gwaunaru'u Airport","Auki","Solomon Islands",-8.70257,160.682007,5
BAS,"Ballalae Airport","Ballalae","Solomon Islands",-6.990745,155.886656,5
FRE,"Fera/Maringe Airport","Fera Island","Solomon Islands",-8.1075,159.576996,0
MBU,"Babanakira Airport","Mbambanakira","Solomon Islands",-9.7475004196167,159.83900451660156,0
IRA,"Ngorangora Airport","Kirakira","Solomon Islands",-10.449700355500001,161.897994995,54
SCZ,"Santa Cruz/Graciosa Bay/Luova Airport","Santa Cruz/Graciosa Bay/Luova","Solomon Islands",-10.72029972076416,165.7949981689453,18
MUA,"Munda Airport","Munda","Solomon Islands",-8.327969551086426,157.26300048828125,10
GZO,"Nusatupe Airport","Gizo","Solomon Islands",-8.09778022766,156.863998413,13
MNY,"Mono Airport","Stirling Island","Solomon Islands",-7.416940212249756,155.56500244140625,0
RNL,"Rennell/Tingoa Airport","Rennell Island","Solomon Islands",-11.533900260925293,160.06300354003906,0
RUS,"Marau Airport","Marau","Solomon Islands",-9.861669540409999,160.824996948,0
VAO,"Suavanao Airport","Suavanao","Solomon Islands",-7.585559844970703,158.7310028076172,0
KGE,"Kaghau Airport","Kagau Island","Solomon Islands",-7.3305,157.585,30
RBV,"Ramata Airport","Ramata","Solomon Islands",-8.168060302734375,157.64300537109375,0
BUA,"Buka Airport","Buka Island","Papua New Guinea",-5.4223198890686035,154.67300415039062,11
CMU,"Chimbu Airport","Kundiawa","Papua New Guinea",-6.024290084838867,144.9709930419922,4974
DAU,"Daru Airport","Daru","Papua New Guinea",-9.08675956726,143.207992554,20
GUR,"Gurney Airport","Gurney","Papua New Guinea",-10.3114995956,150.333999634,88
PNP,"Girua Airport","Girua","Papua New Guinea",-8.80453968048,148.309005737,311
HKN,"Kimbe Airport","Hoskins","Papua New Guinea",-5.462170124053955,150.40499877929688,66
UNG,"Kiunga Airport","Kiunga","Papua New Guinea",-6.1257100105285645,141.28199768066406,88
KRI,"Kikori Airport","Kikori","Papua New Guinea",-7.424379825592041,144.2500762939453,50
KMA,"Kerema Airport","Kerema","Papua New Guinea",-7.96361017227,145.770996094,10
KVG,"Kavieng Airport","Kavieng","Papua New Guinea",-2.57940006256,150.807998657,7
MDU,"Mendi Airport","Mendi","Papua New Guinea",-6.14774,143.656998,5680
MAS,"Momote Airport","Momote","Papua New Guinea",-2.06189,147.423996,12
MXH,"Moro Airport","Moro","Papua New Guinea",-6.36332988739,143.238006592,2740
MIS,"Misima Island Airport","Misima Island","Papua New Guinea",-10.689200401299999,152.837997437,26
TIZ,"Tari Airport","Tari","Papua New Guinea",-5.84499979019,142.947998047,5500
TBG,"Tabubil Airport","Tabubil","Papua New Guinea",-5.27861,141.225998,1570
RAB,"Tokua Airport","Tokua","Papua New Guinea",-4.34045982361,152.380004883,32
VAI,"Vanimo Airport","Vanimo","Papua New Guinea",-2.6926,141.3028,10
WBM,"Wapenamanda Airport","Wapenamanda","Papua New Guinea",-5.6433000564575195,143.89500427246094,5889
LLU,"Alluitsup Paa Heliport","Alluitsup Paa","Greenland",60.46445,-45.56917,54
CNP,"Neerlerit Inaat Airport","Neerlerit Inaat","Greenland",70.7431030273,-22.6504993439,45
JFR,"Paamiut Heliport","Paamiut","Greenland",61.9921989441,-49.6624984741,63
JGO,"Qeqertarsuaq Heliport","Qeqertarsuaq Airport","Greenland",69.251181993,-53.5148763657,9
JJU,"Qaqortoq Heliport","Qaqortoq","Greenland",60.715684155299996,-46.0299186409,53
JSU,"Maniitsoq Airport","Maniitsoq","Greenland",65.4124984741,-52.9393997192,91
JNN,"Nanortalik Heliport","Nanortalik","Greenland",60.141883975899994,-45.232976675,17
JNS,"Narsaq Heliport","Narsaq","Greenland",60.9172827256,-46.059923172,83
NAQ,"Qaanaaq Airport","Qaanaaq","Greenland",77.4886016846,-69.3887023926,51
JHS,"Sisimiut Airport","Sisimiut","Greenland",66.9513015747,-53.7293014526,33
JUV,"Upernavik Airport","Upernavik","Greenland",72.7901992798,-56.1305999756,414
JQA,"Qaarsut Airport","Uummannaq","Greenland",70.7341995239,-52.6962013245,289
GRY,"Grímsey Airport","Grímsey","Iceland",66.5458,-18.0173,66
THO,"Thorshofn Airport","Thorshofn","Iceland",66.21849822998047,-15.335599899291992,65
VPN,"Vopnafjörður Airport","Vopnafjörður","Iceland",65.72059631347656,-14.850600242614746,16
YWS,"Whistler/Green Lake Water Aerodrome","Whistler","Canada",50.1436004639,-122.948997498,2100
YAA,"Anahim Lake Airport","Anahim Lake","Canada",52.45249938964844,-125.3030014038086,3635
YWM,"Williams Harbour Airport","Williams Harbour","Canada",52.566898345947266,-55.784698486328125,70
YFX,"St. Lewis (Fox Harbour) Airport","St. Lewis","Canada",52.372798919677734,-55.67390060424805,74
YHA,"Port Hope Simpson Airport","Port Hope Simpson","Canada",52.528099060058594,-56.28609848022461,347
YRG,"Rigolet Airport","Rigolet","Canada",54.1796989440918,-58.45750045776367,180
YCK,"Colville Lake Airport","Colville Lake","Canada",67.0392,-126.08,850
YLE,"Whatì Airport","Whatì","Canada",63.13169860839844,-117.24600219726562,882
SUR,"Summer Beaver Airport","Summer Beaver","Canada",52.70859909057617,-88.54190063476562,832
YAX,"Wapekeka Airport","Angling Lake","Canada",53.84920120239258,-89.57939910888672,712
WNN,"Wunnumin Lake Airport","Wunnumin Lake","Canada",52.89390182495117,-89.28919982910156,819
YNO,"North Spirit Lake Airport","North Spirit Lake","Canada",52.4900016784668,-92.97109985351562,1082
XBE,"Bearskin Lake Airport","Bearskin Lake","Canada",53.965599060058594,-91.0271987915039,800
KIF,"Kingfisher Lake Airport","Kingfisher Lake","Canada",53.01250076293945,-89.85530090332031,866
YOG,"Ogoki Post Airport","Ogoki Post","Canada",51.6585998535,-85.9017028809,594
YHP,"Poplar Hill Airport","Poplar Hill","Canada",52.1133,-94.2556,1095
YKU,"Chisasibi Airport","Chisasibi","Canada",53.805599212646484,-78.91690063476562,43
ZTB,"Tête-à-la-Baleine Airport","Tête-à-la-Baleine","Canada",50.674400329589844,-59.38359832763672,107
ZLT,"La Tabatière Airport","La Tabatière","Canada",50.8307991027832,-58.97560119628906,102
YAC,"Cat Lake Airport","Cat Lake","Canada",51.72719955444336,-91.82440185546875,1344
YAG,"Fort Frances Municipal Airport","Fort Frances","Canada",48.65420150756836,-93.439697265625,1125
XKS,"Kasabonika Airport","Kasabonika","Canada",53.52470016479492,-88.6427993774414,672
YKG,"Kangirsuk Airport","Kangirsuk","Canada",60.027198791503906,-69.99919891357422,403
YAT,"Attawapiskat Airport","Attawapiskat","Canada",52.9275016784668,-82.43190002441406,31
YBE,"Uranium City Airport","Uranium City","Canada",59.5614013671875,-108.48100280761719,1044
YBX,"Lourdes de Blanc Sablon Airport","Lourdes-De-Blanc-Sablon","Canada",51.443599700899995,-57.185298919699996,121
YRF,"Cartwright Airport","Cartwright","Canada",53.68280029296875,-57.041900634765625,40
YCS,"Chesterfield Inlet Airport","Chesterfield Inlet","Canada",63.346900939899996,-90.73110198970001,32
YDP,"Nain Airport","Nain","Canada",56.549198150634766,-61.680301666259766,22
YER,"Fort Severn Airport","Fort Severn","Canada",56.01890182495117,-87.67610168457031,48
YFA,"Fort Albany Airport","Fort Albany","Canada",52.20140075683594,-81.6968994140625,48
YFH,"Fort Hope Airport","Fort Hope","Canada",51.5619010925293,-87.90779876708984,899
YMN,"Makkovik Airport","Makkovik","Canada",55.076900482177734,-59.1864013671875,234
YGB,"Texada Gillies Bay Airport","Texada","Canada",49.69419860839844,-124.51799774169922,326
YGO,"Gods Lake Narrows Airport","Gods Lake Narrows","Canada",54.55889892578125,-94.49140167236328,617
YGT,"Igloolik Airport","Igloolik","Canada",69.3647003174,-81.8161010742,174
YGW,"Kuujjuarapik Airport","Kuujjuarapik","Canada",55.281898498535156,-77.76529693603516,34
YGX,"Gillam Airport","Gillam","Canada",56.35749816894531,-94.71060180664062,476
YGZ,"Grise Fiord Airport","Grise Fiord","Canada",76.4261016846,-82.90920257570001,146
YQC,"Quaqtaq Airport","Quaqtaq","Canada",61.0463981628418,-69.6177978515625,103
CXH,"Vancouver Harbour Water Aerodrome","Vancouver","Canada",49.2943992615,-123.111000061,0
YNS,"Nemiscau Airport","Nemiscau","Canada",51.69110107421875,-76.1355972290039,802
YHO,"Hopedale Airport","Hopedale","Canada",55.448299407958984,-60.228599548339844,39
YHR,"Chevery Airport","Chevery","Canada",50.46889877319336,-59.63669967651367,39
YIK,"Ivujivik Airport","Ivujivik","Canada",62.417301177978516,-77.92530059814453,126
YIV,"Island Lake Airport","Island Lake","Canada",53.857200622558594,-94.65360260009766,770
AKV,"Akulivik Airport","Akulivik","Canada",60.818599700927734,-78.14859771728516,75
YKQ,"Waskaganish Airport","Waskaganish","Canada",51.47330093383789,-78.75830078125,80
YPJ,"Aupaluk Airport","Aupaluk","Canada",59.29669952392578,-69.59970092773438,119
YLC,"Kimmirut Airport","Kimmirut","Canada",62.8499984741,-69.88330078119999,175
YLH,"Lansdowne House Airport","Lansdowne House","Canada",52.19559860229492,-87.93419647216797,834
XGR,"Kangiqsualujjuaq (Georges River) Airport","Kangiqsualujjuaq","Canada",58.71139907836914,-65.9927978515625,215
YMH,"Mary's Harbour Airport","Mary's Harbour","Canada",52.302799224853516,-55.847198486328125,38
YMT,"Chapais Airport","Chibougamau","Canada",49.77190017700195,-74.5280990600586,1270
YUD,"Umiujaq Airport","Umiujaq","Canada",56.53609848022461,-76.51830291748047,250
YNC,"Wemindji Airport","Wemindji","Canada",53.01060104370117,-78.83110046386719,66
YNE,"Norway House Airport","Norway House","Canada",53.95830154418945,-97.84420013427734,734
YNL,"Points North Landing Airport","Points North Landing","Canada",58.27669906616211,-104.08200073242188,1605
YOH,"Oxford House Airport","Oxford House","Canada",54.93330001831055,-95.27890014648438,663
YPH,"Inukjuak Airport","Inukjuak","Canada",58.471900939941406,-78.07689666748047,83
YPM,"Pikangikum Airport","Pikangikum","Canada",51.819698333740234,-93.97329711914062,1114
YPO,"Peawanuck Airport","Peawanuck","Canada",54.98809814453125,-85.44329833984375,173
YPW,"Powell River Airport","Powell River","Canada",49.83420181274414,-124.5,425
YQD,"The Pas Airport","The Pas","Canada",53.97140121459961,-101.09100341796875,887
YQN,"Nakina Airport","Nakina","Canada",50.18280029296875,-86.69640350341797,1057
YRA,"Rae Lakes Airport","Gamètì","Canada",64.11609649658203,-117.30999755859375,723
YRL,"Red Lake Airport","Red Lake","Canada",51.066898345947266,-93.79309844970703,1265
YSF,"Stony Rapids Airport","Stony Rapids","Canada",59.250301361083984,-105.84100341796875,805
YSK,"Sanikiluaq Airport","Sanikiluaq","Canada",56.5377998352,-79.2466964722,104
YST,"St. Theresa Point Airport","St. Theresa Point","Canada",53.84560012817383,-94.85189819335938,773
YTL,"Big Trout Lake Airport","Big Trout Lake","Canada",53.81779861450195,-89.89689636230469,729
YVZ,"Deer Lake Airport","Deer Lake","Canada",52.655799865722656,-94.0614013671875,1092
YWP,"Webequie Airport","Webequie","Canada",52.9593933975,-87.3748683929,685
YXN,"Whale Cove Airport","Whale Cove","Canada",62.24000167849999,-92.59809875490001,40
YZG,"Salluit Airport","Salluit","Canada",62.17940139770508,-75.66719818115234,743
ZAC,"York Landing Airport","York Landing","Canada",56.08940124511719,-96.08920288085938,621
ILF,"Ilford Airport","Ilford","Canada",56.0614013672,-95.613899231,642
ZBF,"Bathurst Airport","Bathurst","Canada",47.629699707,-65.738899231,193
ZEM,"Eastmain River Airport","Eastmain River","Canada",52.22639846801758,-78.52249908447266,24
ZFD,"Fond-Du-Lac Airport","Fond-Du-Lac","Canada",59.33440017700195,-107.18199920654297,814
ZGI,"Gods River Airport","Gods River","Canada",54.839698791503906,-94.07859802246094,627
ZJN,"Swan River Airport","Swan River","Canada",52.120601654052734,-101.23600006103516,1100
ZKE,"Kashechewan Airport","Kashechewan","Canada",52.282501220703125,-81.67780303955078,35
MSA,"Muskrat Dam Airport","Muskrat Dam","Canada",53.44139862060547,-91.76280212402344,911
ZMT,"Masset Airport","Masset","Canada",54.02750015258789,-132.125,25
ZPB,"Sachigo Lake Airport","Sachigo Lake","Canada",53.8911018371582,-92.19640350341797,876
ZRJ,"Round Lake (Weagamow Lake) Airport","Round Lake","Canada",52.943599700927734,-91.31279754638672,974
ZSJ,"Sandy Lake Airport","Sandy Lake","Canada",53.06420135498047,-93.34439849853516,951
ZTM,"Shamattawa Airport","Shamattawa","Canada",55.8656005859375,-92.0813980102539,289
ZUM,"Churchill Falls Airport","Churchill Falls","Canada",53.5619010925293,-64.10639953613281,1442
ZWL,"Wollaston Lake Airport","Wollaston Lake","Canada",58.10689926147461,-103.1719970703125,1360
BLJ,"Batna Airport","Batna","Algeria",35.752101898199996,6.308589935300001,2697
CBH,"Béchar Boudghene Ben Ali Lotfi Airport","Béchar","Algeria",31.645700454711914,-2.269860029220581,2661
BMW,"Bordj Badji Mokhtar Airport","Bordj Badji Mokhtar","Algeria",21.375,0.923888981342,1303
ELU,"Guemar Airport","Guemar","Algeria",33.5113983154,6.77679014206,203
KMS,"Kumasi Airport","Kumasi","Ghana",6.714560031890869,-1.5908199548721313,942
HDF,"Heringsdorf Airport","Heringsdorf","Germany",53.8787002563,14.152299881,93
HEI,"Heide-Büsum Airport","Büsum","Germany",54.153331756600004,8.90166664124,7
HGL,"Helgoland-Düne Airport","Helgoland","Germany",54.185279846200004,7.91583299637,8
SJY,"Seinäjoki Airport","Seinäjoki / Ilmajoki","Finland",62.692101,22.8323,302
NQT,"Nottingham Airport","Nottingham","United Kingdom",52.91999816894531,-1.0791699886322021,138
CAL,"Campbeltown Airport","Campbeltown","United Kingdom",55.437198638916016,-5.686389923095703,42
EOI,"Eday Airport","Eday","United Kingdom",59.19060134887695,-2.7722198963165283,10
FIE,"Fair Isle Airport","Fair Isle","United Kingdom",59.53580093383789,-1.628059983253479,223
NRL,"North Ronaldsay Airport","North Ronaldsay","United Kingdom",59.3675003052,-2.43443989754,40
PPW,"Papa Westray Airport","Papa Westray","United Kingdom",59.351699829100006,-2.9002799987800003,91
SOY,"Stronsay Airport","Stronsay","United Kingdom",59.1553001404,-2.64139008522,39
NDY,"Sanday Airport","Sanday","United Kingdom",59.250301361083984,-2.576669931411743,68
LWK,"Lerwick / Tingwall Airport","Lerwick","United Kingdom",60.192199707,-1.24361002445,43
WRY,"Westray Airport","Westray","United Kingdom",59.3502998352,-2.95000004768,29
LEQ,"Land's End Airport","Land's End","United Kingdom",50.102798,-5.67056,398
PZE,"Penzance Heliport","Penzance","United Kingdom",50.128101,-5.51845,14
VLY,"Anglesey Airport","Angelsey","United Kingdom",53.2481002808,-4.53533983231,37
BRR,"Barra Airport","Barra","United Kingdom",57.0228,-7.44306,5
CFN,"Donegal Airport","Dongloe","Ireland",55.0442008972168,-8.340999603271484,30
CNL,"Sindal Airport","Sindal","Denmark",57.503502,10.2294,92
LKN,"Leknes Airport","Leknes","Norway",68.152496337891,13.609399795532,78
OSY,"Namsos Høknesøra Airport","Namsos","Norway",64.472198486328,11.57859992981,7
RET,"Røst Airport","Røst","Norway",67.527801513672,12.103300094604,7
SDN,"Sandane Airport (Anda)","Sandane","Norway",61.830001831055,6.1058301925659,196
SOG,"Sogndal Airport","Sogndal","Norway",61.156101,7.13778,1633
SVJ,"Svolvær Helle Airport","Svolvær","Norway",68.243301391602,14.669199943542,27
SOJ,"Sørkjosen Airport","Sorkjosen","Norway",69.786796569824,20.959400177002,16
VRY,"Værøy Heliport","Værøy","Norway",67.654555,12.727257,12
BZG,"Bydgoszcz Ignacy Jan Paderewski Airport","Bydgoszcz","Poland",53.096801757799994,17.9776992798,235
LCJ,"Łódź Władysław Reymont Airport","Lodz","Poland",51.721900939899996,19.3980998993,604
OSD,"Åre Östersund Airport","Östersund","Sweden",63.194400787354,14.50030040741,1233
HFS,"Hagfors Airport","Hagfors","Sweden",60.02009963989258,13.578900337219238,474
KSD,"Karlstad Airport","Karlstad","Sweden",59.444698333699996,13.337400436400001,352
TYF,"Torsby Airport","Torsby","Sweden",60.1576004028,12.991299629199998,393
AGH,"Ängelholm-Helsingborg Airport","Ängelholm","Sweden",56.29610061645508,12.847100257873535,68
SQO,"Storuman Airport","Mohed","Sweden",64.96089935302734,17.69659996032715,915
HMV,"Hemavan Airport","Hemavan","Sweden",65.80609893798828,15.082799911499023,1503
VNT,"Ventspils International Airport","Ventspils","Latvia",57.35779953,21.5442008972,19
QRA,"Rand Airport","Johannesburg","South Africa",-26.2425003052,28.1511993408,5483
MQP,"Kruger Mpumalanga International Airport","Mpumalanga","South Africa",-25.3831996918,31.1056003571,2829
AAM,"Malamala Airport","Malamala","South Africa",-24.818099975585938,31.544599533081055,1124
MBD,"Mmabatho International Airport","Mafeking","South Africa",-25.798400878900004,25.548000335699996,4181
GNZ,"Ghanzi Airport","Ghanzi","Botswana",-21.6924991607666,21.658100128173828,3730
ORP,"Orapa Airport","Orapa","Botswana",-21.266701,25.3167,3100
SWX,"Shakawe Airport","Shakawe","Botswana",-18.373899459838867,21.832599639892578,3379
TLD,"Limpopo Valley Airport","Tuli Lodge","Botswana",-22.189199447599997,29.126899719199997,1772
DIS,"Ngot Nzoungou Airport","Loubomo","Congo (Brazzaville)",-4.20635,12.6599,1079
CIP,"Chipata Airport","Chipata","Zambia",-13.558300018310547,32.58720016479492,3360
YVA,"Iconi Airport","Moroni","Comoros",-11.710800170899999,43.2439002991,33
WAQ,"Antsalova Airport","Antsalova","Madagascar",-18.701273,44.614921,551
JVA,"Ankavandra Airport","Ankavandra","Madagascar",-18.80501,45.273467,427
BMD,"Belo sur Tsiribihina Airport","Belo sur Tsiribihina","Madagascar",-19.6867008209,44.541900634799994,154
MXT,"Maintirano Airport","Maintirano","Madagascar",-18.049999,44.033001,95
TVA,"Morafenobe Airport","Morafenobe","Madagascar",-17.850083,44.920467,748
WTA,"Tambohorano Airport","Tambohorano","Madagascar",-17.47610092163086,43.972801208496094,23
WTS,"Tsiroanomandidy Airport","Tsiroanomandidy","Madagascar",-18.759677,46.054065,2776
WAM,"Ambatondrazaka Airport","Ambatondrazaka","Madagascar",-17.795378,48.442583,2513
WPB,"Port Bergé Airport","Port Bergé","Madagascar",-15.584286,47.623587,213
DWB,"Soalala Airport","Soalala","Madagascar",-16.10169,45.358837,141
WMP,"Mampikony Airport","Mampikony","Madagascar",-16.0722693402,47.644164562200004,0
WMA,"Mandritsara Airport","Mandritsara","Madagascar",-15.833049,48.833284,1007
MJA,"Manja Airport","Manja","Madagascar",-21.426105,44.316509,787
CBT,"Catumbela Airport","Catumbela","Angola",-12.4792,13.4869,23
DUE,"Dundo Airport","Dundo","Angola",-7.400889873504639,20.818500518798828,2451
VPE,"Ngjiva Pereira Airport","Ondjiva","Angola",-17.0435009003,15.683799743700002,3566
MSZ,"Namibe Airport","Mocamedes","Angola",-15.261199951171875,12.14680004119873,210
KOU,"Koulamoutou Mabimbi Airport","Koulamoutou","Gabon",-1.1846100091934,12.441300392151,1070
MJL,"Mouilla Ville Airport","Mouila","Gabon",-1.845139980316162,11.056699752807617,295
TCH,"Tchibanga Airport","Tchibanga","Gabon",-2.8499999046325684,11.017000198364258,269
VPY,"Chimoio Airport","Chimoio","Mozambique",-19.15130043029785,33.42900085449219,2287
SRH,"Sarh Airport","Sarh","Chad",9.14444,18.374399,1198
CMK,"Club Makokola Airport","Club Makokola","Malawi",-14.306900024414062,35.13249969482422,1587
LUD,"Luderitz Airport","Luderitz","Namibia",-26.687400817871094,15.242899894714355,457
OND,"Ondangwa Airport","Ondangwa","Namibia",-17.878201,15.9526,3599
OMD,"Oranjemund Airport","Oranjemund","Namibia",-28.5847,16.446699,14
SWP,"Swakopmund Airport","Swakopmund","Namibia",-22.66189956665,14.568099975586,207
ERS,"Eros Airport","Windhoek","Namibia",-22.612199783325195,17.080400466918945,5575
BOA,"Boma Airport","Boma","Congo (Kinshasa)",-5.854000091552734,13.064000129699707,26
MAT,"Tshimpi Airport","Matadi","Congo (Kinshasa)",-5.799610137939453,13.440400123596191,1115
INO,"Inongo Airport","Inongo","Congo (Kinshasa)",-1.947219967842102,18.28580093383789,1040
NIO,"Nioki Airport","Nioki","Congo (Kinshasa)",-2.7174999713897705,17.68470001220703,1043
KRZ,"Basango Mboliasa Airport","Kiri","Congo (Kinshasa)",-1.434999942779541,19.02400016784668,1013
BSU,"Basankusu Airport","Basankusu","Congo (Kinshasa)",1.2247200012207031,19.78890037536621,1217
TSH,"Tshikapa Airport","Tshikapa","Congo (Kinshasa)",-6.43833,20.794701,1595
LJA,"Lodja Airport","Lodja","Congo (Kinshasa)",-3.4170000553131104,23.450000762939453,1647
PFR,"Ilebo Airport","Ilebo","Congo (Kinshasa)",-4.329919,20.590124,1450
OUK,"Outer Skerries Airport","Outer Skerries","United Kingdom",60.4252,-0.75,76
GMZ,"La Gomera Airport","La Gomera","Spain",28.029600143432617,-17.214599609375,716
BTE,"Sherbro International Airport","Bonthe","Sierra Leone",7.5324201583862305,-12.518899917602539,14
KBS,"Bo Airport","Bo","Sierra Leone",7.944399833679199,-11.76099967956543,328
KEN,"Kenema Airport","Kenema","Sierra Leone",7.891290187835693,-11.176600456237793,485
OXB,"Osvaldo Vieira International Airport","Bissau","Guinea-Bissau",11.894800186157227,-15.65369987487793,129
SMW,"Smara Airport","Smara","Western Sahara",26.7318,-11.6847,350
VIL,"Dakhla Airport","Dakhla","Western Sahara",23.7183,-15.932,36
ESU,"Mogador Airport","Essadouira","Morocco",31.3974990845,-9.6816701889,384
EUN,"Hassan I Airport","El Aaiún","Western Sahara",27.151699,-13.2192,207
NDR,"Nador International Airport","El Aroui","Morocco",34.988800048799995,-3.0282099247,574
BCO,"Baco Airport","Baco","Ethiopia",5.78287,36.562,4580
BEI,"Beica Airport","Beica","Ethiopia",9.38638973236084,34.52190017700195,5410
DSE,"Combolcha Airport","Dessie","Ethiopia",11.082500457763672,39.71139907836914,6117
DEM,"Dembidollo Airport","Dembidollo","Ethiopia",8.553999900817871,34.858001708984375,5200
GDE,"Gode Airport","Gode","Ethiopia",5.93513011932,43.5786018372,834
GOR,"Gore Airport","Gore","Ethiopia",8.1614,35.5529,6580
ABK,"Kabri Dehar Airport","Kabri Dehar","Ethiopia",6.734,44.252998,1800
MTF,"Mizan Teferi Airport","Mizan Teferi","Ethiopia",6.9571,35.5547,4396
TIE,"Tippi Airport","Tippi","Ethiopia",7.2024,35.415,1100
ALU,"Alula Airport","Alula","Somalia",11.9582,50.748,6
BSA,"Bosaso Airport","Bosaso","Somalia",11.275300025939941,49.14939880371094,3
MGQ,"Aden Adde International Airport","Mogadishu","Somalia",2.0144400596618652,45.3046989440918,29
GLK,"Galcaio Airport","Galcaio","Somalia",6.78082990646,47.45470047,975
BUO,"Burao Airport","Burao","Somalia",9.5275,45.5549,3400
AAC,"El Arish International Airport","El Arish","Egypt",31.073299408,33.8358001709,121
ATZ,"Assiut International Airport","Asyut","Egypt",27.0464992523,31.0119991302,772
ASV,"Amboseli Airport","Amboseli National Park","Kenya",-2.645050048828125,37.25310134887695,3755
LKG,"Lokichoggio Airport","Lokichoggio","Kenya",4.20412015914917,34.348201751708984,2074
MYD,"Malindi Airport","Malindi","Kenya",-3.2293100357055664,40.10169982910156,80
NYK,"Nanyuki Airport","Nanyuki","Kenya",-0.06239889934659004,37.04100799560547,6250
SRX,"Gardabya Airport","Sirt","Libya",31.063499450699997,16.5949993134,267
TOB,"Gamal Abdel Nasser Airport","Tobruk","Libya",31.861,23.907,519
MJI,"Mitiga Airport","Tripoli","Libya",32.894100189208984,13.276000022888184,36
LAQ,"La Abraq Airport","Al Bayda'","Libya",32.788700103759766,21.96430015563965,2157
ATB,"Atbara Airport","Atbara","Sudan",17.710344314575195,34.0570182800293,1181
UYL,"Nyala Airport","Nyala","Sudan",12.053500175476074,24.956199645996094,2106
PZU,"Port Sudan New International Airport","Port Sudan","Sudan",19.4335994720459,37.234100341796875,135
BKZ,"Bukoba Airport","Bukoba","Tanzania",-1.332,31.8212,3784
TKQ,"Kigoma Airport","Kigoma","Tanzania",-4.8862,29.6709,2700
LDI,"Lindi Airport","Lindi","Tanzania",-9.85111,39.757801,100
MUZ,"Musoma Airport","Musoma","Tanzania",-1.503,33.8021,3806
SHY,"Shinyanga Airport","Shinyanga","Tanzania",-3.6093,33.5035,3800
TBO,"Tabora Airport","Tabora","Tanzania",-5.076389789581299,32.83330154418945,3868
RUA,"Arua Airport","Arua","Uganda",3.049999952316284,30.91699981689453,3951
ULU,"Gulu Airport","Gulu","Uganda",2.8055601119995117,32.27180099487305,3510
DIU,"Diu Airport","Diu","India",20.71310043334961,70.92109680175781,31
ABR,"Aberdeen Regional Airport","Aberdeen","United States",45.449100494384766,-98.42179870605469,1302
ABY,"Southwest Georgia Regional Airport","Albany","United States",31.535499572753906,-84.19450378417969,197
AHN,"Athens Ben Epps Airport","Athens","United States",33.94860076904297,-83.32630157470703,808
ALM,"Alamogordo White Sands Regional Airport","Alamogordo","United States",32.8399009705,-105.990997314,4200
ALO,"Waterloo Regional Airport","Waterloo","United States",42.557098388671875,-92.40029907226562,873
ALW,"Walla Walla Regional Airport","Walla Walla","United States",46.09489822,-118.288002,1194
APN,"Alpena County Regional Airport","Alpena","United States",45.0780983,-83.56030273,690
ATY,"Watertown Regional Airport","Watertown","United States",44.91400146,-97.15470123,1749
BFD,"Bradford Regional Airport","Bradford","United States",41.8031005859375,-78.64009857177734,2143
BFF,"Western Neb. Rgnl/William B. Heilig Airport","Scottsbluff","United States",41.87400055,-103.5960007,3967
BKW,"Raleigh County Memorial Airport","Beckley","United States",37.787300109899995,-81.1241989136,2504
BQK,"Brunswick Golden Isles Airport","Brunswick","United States",31.258800506591797,-81.46649932861328,26
BRL,"Southeast Iowa Regional Airport","Burlington","United States",40.783199310302734,-91.12550354003906,698
CEC,"Jack Mc Namara Field Airport","Crescent City","United States",41.78020096,-124.2369995,61
CGI,"Cape Girardeau Regional Airport","Cape Girardeau","United States",37.22529983520508,-89.57080078125,342
CIU,"Chippewa County International Airport","Sault Ste Marie","United States",46.25080108642578,-84.47239685058594,800
CKB,"North Central West Virginia Airport","Clarksburg","United States",39.2966003418,-80.2281036377,1217
CLM,"William R Fairchild International Airport","Port Angeles","United States",48.120201110839844,-123.5,291
CMX,"Houghton County Memorial Airport","Hancock","United States",47.168399810791016,-88.48909759521484,1095
DDC,"Dodge City Regional Airport","Dodge City","United States",37.76340103149414,-99.9655990600586,2594
DUJ,"DuBois Regional Airport","Du Bois","United States",41.17829895,-78.8986969,1817
EAU,"Chippewa Valley Regional Airport","Eau Claire","United States",44.86579895019531,-91.48429870605469,913
EKO,"Elko Regional Airport","Elko","United States",40.82490158081055,-115.79199981689453,5140
EWB,"New Bedford Regional Airport","New Bedford","United States",41.67610168457031,-70.95690155029297,80
FAY,"Fayetteville Regional Grannis Field","Fayetteville","United States",34.9911994934082,-78.88030242919922,189
GGW,"Wokal Field Glasgow International Airport","Glasgow","United States",48.212502,-106.614998,2296
GRI,"Central Nebraska Regional Airport","Grand Island","United States",40.967498779296875,-98.30960083007812,1847
HOT,"Memorial Field","Hot Springs","United States",34.47800064086914,-93.09619903564453,540
HTS,"Tri-State/Milton J. Ferguson Field","Huntington","United States",38.36669922,-82.55799866,828
KIO,"Kili Airport","Kili Island","Marshall Islands",5.644515,169.119507,5
IRK,"Kirksville Regional Airport","Kirksville","United States",40.09349822998047,-92.5448989868164,966
JMS,"Jamestown Regional Airport","Jamestown","United States",46.92969894,-98.67819977,1500
LAR,"Laramie Regional Airport","Laramie","United States",41.31209945678711,-105.67500305175781,7284
LBE,"Arnold Palmer Regional Airport","Latrobe","United States",40.27590179,-79.40480042,1199
LBF,"North Platte Regional Airport Lee Bird Field","North Platte","United States",41.12620163,-100.6839981,2777
LEB,"Lebanon Municipal Airport","Lebanon","United States",43.626098632799994,-72.30419921880001,603
LMT,"Crater Lake-Klamath Regional Airport","Klamath Falls","United States",42.156101,-121.733002,4095
LNS,"Lancaster Airport","Lancaster","United States",40.121700286865234,-76.29609680175781,403
LWT,"Lewistown Municipal Airport","Lewistown","United States",47.04930114746094,-109.46700286865234,4170
LYH,"Lynchburg Regional Preston Glenn Field","Lynchburg","United States",37.326698303222656,-79.20040130615234,938
MKG,"Muskegon County Airport","Muskegon","United States",43.16949844,-86.23819733,629
MLS,"Frank Wiley Field","Miles City","United States",46.428001403808594,-105.88600158691406,2630
MSL,"Northwest Alabama Regional Airport","Muscle Shoals","United States",34.74530029,-87.61019897,551
OTH,"Southwest Oregon Regional Airport","North Bend","United States",43.41709899902344,-124.24600219726562,17
OWB,"Owensboro Daviess County Airport","Owensboro","United States",37.74010086,-87.16680145,407
PIB,"Hattiesburg Laurel Regional Airport","Hattiesburg/Laurel","United States",31.467100143432617,-89.33709716796875,298
PIH,"Pocatello Regional Airport","Pocatello","United States",42.9098014831543,-112.59600067138672,4452
PIR,"Pierre Regional Airport","Pierre","United States",44.38270187,-100.2860031,1744
PLN,"Pellston Regional Airport of Emmet County Airport","Pellston","United States",45.57089996,-84.79669952,721
PSM,"Portsmouth International at Pease Airport","Portsmouth","United States",43.0778999329,-70.8233032227,100
RDG,"Reading Regional Carl A Spaatz Field","Reading","United States",40.378501892089844,-75.96520233154297,344
RHI,"Rhinelander Oneida County Airport","Rhinelander","United States",45.63119888305664,-89.46749877929688,1624
RKS,"Southwest Wyoming Regional Airport","Rock Springs","United States",41.5942,-109.065001,6764
RUT,"Rutland - Southern Vermont Regional Airport","Rutland","United States",43.52939987,-72.94960022,787
SBP,"San Luis County Regional Airport","San Luis Obispo","United States",35.236801147499996,-120.641998291,212
SHR,"Sheridan County Airport","Sheridan","United States",44.76919937133789,-106.9800033569336,4021
SLK,"Adirondack Regional Airport","Saranac Lake","United States",44.38529968261719,-74.2061996459961,1663
SLN,"Salina Municipal Airport","Salina","United States",38.79100036621094,-97.6521987915039,1288
SMX,"Santa Maria Pub/Capt G Allan Hancock Field","Santa Maria","United States",34.89889908,-120.4570007,261
TUP,"Tupelo Regional Airport","Tupelo","United States",34.26810073852539,-88.7698974609375,346
UIN,"Quincy Regional Baldwin Field","Quincy","United States",39.94269943,-91.19460297,768
VCT,"Victoria Regional Airport","Victoria","United States",28.85260009765625,-96.91850280761719,115
VLD,"Valdosta Regional Airport","Valdosta","United States",30.782499313354492,-83.27670288085938,203
WRL,"Worland Municipal Airport","Worland","United States",43.9656982421875,-107.95099639892578,4227
YKM,"Yakima Air Terminal McAllister Field","Yakima","United States",46.56819916,-120.5439987,1099
ECN,"Ercan International Airport","Nicosia","Cyprus",35.154701232910156,33.49610137939453,404
RJL,"Logroño-Agoncillo Airport","Logroño-Agoncillo","Spain",42.4609534888,-2.32223510742,1161
IDY,"Île d'Yeu Airport","Île d'Yeu","France",46.71860122680664,-2.3911099433898926,79
ANE,"Angers-Loire Airport","Angers/Marcé","France",47.560299,-0.312222,194
LTT,"La Môle Airport","La Môle","France",43.205399,6.482,59
JSY,"Syros Airport","Syros Island","Greece",37.4227981567,24.950899124099998,236
PEV,"Pécs-Pogány Airport","Pécs-Pogány","Hungary",45.990898,18.240996,1000
SOB,"Sármellék International Airport","Sármellék","Hungary",46.686391,17.159084,408
AOT,"Aosta Airport","Aosta","Italy",45.738499,7.36872,1791
QSR,"Salerno Costa d'Amalfi Airport","Salerno","Italy",40.620399,14.9113,119
CVU,"Corvo Airport","Corvo","Portugal",39.671501,-31.1136,0
BNX,"Banja Luka International Airport","Banja Luka","Bosnia and Herzegovina",44.94139862060547,17.297500610351562,400
USQ,"Uşak Airport","Usak","Turkey",38.68149948120117,29.47170066833496,2897
KSY,"Kars Airport","Kars","Turkey",40.562198638916016,43.1150016784668,5889
SFQ,"Şanlıurfa Airport","Sanliurfa","Turkey",37.09429931640625,38.84709930419922,1483
KCM,"Kahramanmaraş Airport","Kahramanmaras","Turkey",37.5388259888,36.9535217285,1723
AJI,"Ağrı Airport","Agri","Turkey",39.654541015625,43.025978088378906,5462
ADF,"Adıyaman Airport","Adiyaman","Turkey",37.7313995361,38.4688987732,2216
ISE,"Süleyman Demirel International Airport","Isparta","Turkey",37.8554000854,30.368400573699997,2835
EDO,"Balıkesir Körfez Airport","Balikesir Korfez","Turkey",39.554599762,27.0137996674,50
SZF,"Samsun Çarşamba Airport","Samsun","Turkey",41.254501,36.567101,18
ILZ,"Žilina Airport","Žilina","Slovakia",49.231498718299996,18.6135005951,1020
GDT,"JAGS McCartney International Airport","Cockburn Town","Turks and Caicos Islands",21.444499969482422,-71.14230346679688,13
MDS,"Middle Caicos Airport","Middle Caicos","Turks and Caicos Islands",21.82602,-71.8025,9
SLX,"Salt Cay Airport","Salt Cay","Turks and Caicos Islands",21.333000183099998,-71.1999969482,3
AZS,"Samaná El Catey International Airport","Samana","Dominican Republic",19.2670001984,-69.7419967651,30
JBQ,"La Isabela International Airport","La Isabela","Dominican Republic",18.572500228881836,-69.98560333251953,98
PBR,"Puerto Barrios Airport","Puerto Barrios","Guatemala",15.7309,-88.583801,33
AAZ,"Quezaltenango Airport","Quezaltenango","Guatemala",14.8656,-91.501999,7779
UTK,"Utirik Airport","Utirik Island","Marshall Islands",11.222,169.852005,4
AHS,"Ahuas Airport","Ahuas","Honduras",15.4722,-84.352203,249
PEU,"Puerto Lempira Airport","Puerto Lempira","Honduras",15.2622,-83.781197,33
MIJ,"Mili Island Airport","Mili Island","Marshall Islands",6.08333,171.733002,4
CYW,"Captain Rogelio Castillo National Airport","Celaya","Mexico",20.546,-100.887001,5709
CUA,"Ciudad Constitución Airport","Ciudad Constitución","Mexico",25.053800582886,-111.61499786377,213
GUB,"Guerrero Negro Airport","Guerrero Negro","Mexico",28.0261,-114.024002,59
JAL,"El Lencero Airport","Jalapa","Mexico",19.4750995636,-96.7975006104,3127
CTD,"Alonso Valderrama Airport","Chitré","Panama",7.987840175628662,-80.40969848632812,33
ONX,"Enrique Adolfo Jimenez Airport","Colón","Panama",9.356639862060547,-79.86740112304688,25
JQE,"Jaqué Airport","Jaqué","Panama",7.51777982711792,-78.1572036743164,29
PLP,"Captain Ramon Xatruch Airport","La Palma","Panama",8.406669616699219,-78.1417007446289,30
TTQ,"Aerotortuguero Airport","Roxana","Costa Rica",10.42,-83.6095,92
BCL,"Barra del Colorado Airport","Pococi","Costa Rica",10.768699645996094,-83.58560180664062,3
PBP,"Islita Airport","Nandayure","Costa Rica",9.856109619140625,-85.37079620361328,7
PJM,"Puerto Jimenez Airport","Puerto Jimenez","Costa Rica",8.533329963684082,-83.30000305175781,7
SYQ,"Tobias Bolanos International Airport","San Jose","Costa Rica",9.957050323486328,-84.13980102539062,3287
JEE,"Jérémie Airport","Jeremie","Haiti",18.66309928894043,-74.17030334472656,147
PAX,"Port-de-Paix Airport","Port-de-Paix","Haiti",19.9335994720459,-72.84860229492188,9
TND,"Alberto Delgado Airport","Trinidad","Cuba",21.788299560546875,-79.99720001220703,125
COX,"Congo Town Airport","Andros","Bahamas",24.158701,-77.589798,15
ATC,"Arthur's Town Airport","Arthur's Town","Bahamas",24.6294,-75.673797,18
TBI,"New Bight Airport","Cat Island","Bahamas",24.3153,-75.452301,5
CRI,"Colonel Hill Airport","Colonel Hill","Bahamas",22.745599746699998,-74.1824035645,5
PID,"Nassau Paradise Island Airport","Nassau","Bahamas",25.08300018310547,-77.30000305175781,0
AIU,"Enua Airport","Atiu Island","Cook Islands",-19.96780014038086,-158.11900329589844,36
MGS,"Mangaia Island Airport","Mangaia Island","Cook Islands",-21.895986557006836,-157.9066619873047,45
MHX,"Manihiki Island Airport","Manihiki Island","Cook Islands",-10.376700401306152,-161.0019989013672,0
MUK,"Mauke Airport","Mauke Island","Cook Islands",-20.13610076904297,-157.34500122070312,26
MOI,"Mitiaro Island Airport","Mitiaro Island","Cook Islands",-19.842500686645508,-157.7030029296875,25
PYE,"Tongareva Airport","Penrhyn Island","Cook Islands",-9.01436996459961,-158.03240966796875,8
ICI,"Cicia Airport","Cicia","Fiji",-17.7432994843,-179.341995239,13
PTF,"Malolo Lailai Island Airport","Malolo Lailai Island","Fiji",-17.7779006958,177.197006226,10
KDV,"Vunisea Airport","Vunisea","Fiji",-19.058099746699998,178.156997681,6
MNF,"Mana Island Airport","Mana Island","Fiji",-17.6730995178,177.098007202,0
MFJ,"Moala Airport","Moala","Fiji",-18.566699981699998,179.951004028,13
NGI,"Ngau Airport","Ngau","Fiji",-18.115600585899998,179.339996338,50
LKB,"Lakeba Island Airport","Lakeba Island","Fiji",-18.1991996765,-178.817001343,280
LBS,"Labasa Airport","Lambasa","Fiji",-16.466699600219727,179.33999633789062,44
TVU,"Matei Airport","Matei","Fiji",-16.6905994415,-179.876998901,60
KXF,"Koro Island Airport","Koro Island","Fiji",-17.3458003998,179.42199707,358
RTA,"Rotuma Airport","Rotuma","Fiji",-12.482500076293945,177.0709991455078,22
SVU,"Savusavu Airport","Savusavu","Fiji",-16.8027992249,179.341003418,17
EUA,"Kaufana Airport","Eua Island","Tonga",-21.378299713100002,-174.957992554,325
HPA,"Lifuka Island Airport","Lifuka","Tonga",-19.777000427246094,-174.34100341796875,31
NTT,"Kuini Lavenia Airport","Niuatoputapu","Tonga",-15.977297,-173.791089,30
VBV,"Vanua Balavu Airport","Vanua Balavu","Fiji",-17.268999099731445,-178.9759979248047,76
IUE,"Niue International Airport","Alofi","Niue",-19.079030990600586,-169.92559814453125,209
FUT,"Pointe Vele Airport","Futuna Island","Wallis and Futuna",-14.3114004135,-178.065994263,20
MXS,"Maota Airport","Savaii Island","Samoa",-13.742300033569336,-172.25799560546875,0
APK,"Apataki Airport","Apataki","French Polynesia",-15.5736,-146.414993,8
AHE,"Ahe Airport","Ahe","French Polynesia",-14.428099632263184,-146.2570037841797,11
AUQ,"Hiva Oa-Atuona Airport","Hiva-oa","French Polynesia",-9.76879024506,-139.011001587,1481
UAP,"Ua Pou Airport","Ua Pou","French Polynesia",-9.35167,-140.078003,16
UAH,"Ua Huka Airport","Ua Huka","French Polynesia",-8.93611,-139.552002,160
MTV,"Mota Lava Airport","Ablow","Vanuatu",-13.6660003662,167.712005615,63
SLH,"Sola Airport","Sola","Vanuatu",-13.8516998291,167.537002563,7
TOH,"Torres Airstrip","Loh/Linua","Vanuatu",-13.3280000687,166.638000488,75
EAE,"Siwo Airport","Sangafa","Vanuatu",-17.0902996063,168.343002319,7
CCV,"Craig Cove Airport","Craig Cove","Vanuatu",-16.264999,167.923996,69
LOD,"Longana Airport","Longana","Vanuatu",-15.3066997528,167.966995239,167
SSR,"Sara Airport","Pentecost Island","Vanuatu",-15.4708003998,168.151992798,493
PBJ,"Tavie Airport","Paama Island","Vanuatu",-16.438999176,168.257003784,160
LPM,"Lamap Airport","Lamap","Vanuatu",-16.4611228,167.829253,7
LNB,"Lamen Bay Airport","Lamen Bay","Vanuatu",-16.584199905400002,168.158996582,7
MWF,"Maewo-Naone Airport","Maewo Island","Vanuatu",-15,168.082992554,509
LNE,"Lonorore Airport","Lonorore","Vanuatu",-15.865599632299999,168.17199707,43
NUS,"Norsup Airport","Norsup","Vanuatu",-16.0797,167.401001,23
ZGU,"Gaua Island Airport","Gaua Island","Vanuatu",-14.218099594099998,167.587005615,100
RCL,"Redcliffe Airport","Redcliffe","Vanuatu",-15.472000122099999,167.835006714,36
SON,"Santo Pekoa International Airport","Santo","Vanuatu",-15.505000114399998,167.220001221,184
TGH,"Tongoa Airport","Tongoa Island","Vanuatu",-16.8910999298,168.550994873,443
ULB,"Uléi Airport","Ambryn Island","Vanuatu",-16.3297,168.3011,170
VLS,"Valesdir Airport","Valesdir","Vanuatu",-16.796100616500002,168.177001953,10
SWJ,"Southwest Bay Airport","Malekula Island","Vanuatu",-16.4864,167.4472,68
OLJ,"North West Santo Airport","Olpoi","Vanuatu",-14.881699562099998,166.557998657,50
AUY,"Aneityum Airport","Anelghowhat","Vanuatu",-20.2492008209,169.770996094,7
AWD,"Aniwa Airport","Aniwa","Vanuatu",-19.2346,169.6009,69
DLY,"Dillon's Bay Airport","Dillon's Bay","Vanuatu",-18.7693996429,169.00100708,630
FTA,"Futuna Airport","Futuna Island","Vanuatu",-19.516399383499998,170.231994629,95
IPA,"Ipota Airport","Ipota","Vanuatu",-18.856389,169.283333,23
TGJ,"Tiga Airport","Tiga","New Caledonia",-21.096099853515625,167.8040008544922,128
BMY,"Île Art - Waala Airport","Waala","New Caledonia",-19.720600128173828,163.66099548339844,306
ILP,"Île des Pins Airport","Île des Pins","New Caledonia",-22.588899612426758,167.45599365234375,315
FBD,"Fayzabad Airport","Faizabad","Afghanistan",37.121101,70.518097,3872
AJF,"Al-Jawf Domestic Airport","Al-Jawf","Saudi Arabia",29.78510093688965,40.099998474121094,2261
WAE,"Wadi Al Dawasir Airport","Wadi-al-dawasir","Saudi Arabia",20.504299163800003,45.199600219699995,2062
KHD,"Khoram Abad Airport","Khorram Abad","Iran",33.43539810180664,48.282901763916016,3782
BXR,"Bam Airport","Bam","Iran",29.084199905395508,58.45000076293945,3231
RJN,"Rafsanjan Airport","Rafsanjan","Iran",30.297700881958008,56.05110168457031,5298
BJB,"Bojnord Airport","Bojnourd","Iran",37.49300003051758,57.30820083618164,3499
AFZ,"Sabzevar National Airport","Sabzevar","Iran",36.16809844970703,57.59519958496094,3010
NSH,"Noshahr Airport","Noshahr","Iran",36.663299560546875,51.464698791503906,-61
SRY,"Dasht-e Naz Airport","Dasht-e-naz","Iran",36.635799408,53.193599700899995,35
LRR,"Lar Airport","Lar","Iran",27.6746997833,54.3833007812,2641
ADU,"Ardabil Airport","Ardabil","Iran",38.3256988525,48.4244003296,4315
OMH,"Urmia Airport","Uromiyeh","Iran",37.6680984497,45.0686988831,4343
AAN,"Al Ain International Airport","Al Ain","United Arab Emirates",24.261699676513672,55.60919952392578,869
BNP,"Bannu Airport","Bannu","Pakistan",32.9729,70.527901,1325
BHV,"Bahawalpur Airport","Bahawalpur","Pakistan",29.348100662231445,71.71800231933594,392
CJL,"Chitral Airport","Chitral","Pakistan",35.886600494384766,71.80059814453125,4920
DBA,"Dalbandin Airport","Dalbandin","Pakistan",28.878299713100002,64.3998031616,2800
DEA,"Dera Ghazi Khan Airport","Dera Ghazi Khan","Pakistan",29.961000442504883,70.48590087890625,492
DSK,"Dera Ismael Khan Airport","Dera Ismael Khan","Pakistan",31.909400939941406,70.89659881591797,594
JIW,"Jiwani Airport","Jiwani","Pakistan",25.067800521900004,61.8054008484,186
HDD,"Hyderabad Airport","Hyderabad","Pakistan",25.3181,68.366096,130
KDD,"Khuzdar Airport","Khuzdar","Pakistan",27.790599823,66.6473007202,4012
ORW,"Ormara Airport","Ormara Raik","Pakistan",25.274700164799995,64.58599853519999,10
PAJ,"Parachinar Airport","Parachinar","Pakistan",33.902099609400004,70.0716018677,5800
KDU,"Skardu Airport","Skardu","Pakistan",35.33549880981445,75.53600311279297,7316
SYW,"Sehwan Sharif Airport","Sehwan Sharif","Pakistan",26.473100662231445,67.71720123291016,121
TUK,"Turbat International Airport","Turbat","Pakistan",25.986400604248047,63.03020095825195,498
ISU,"Sulaymaniyah International Airport","Sulaymaniyah","Iraq",35.5617485046,45.316738128699996,2494
KAC,"Kamishly Airport","Kamishly","Syria",37.020599365234375,41.19139862060547,1480
GXF,"Sayun International Airport","Sayun Intl","Yemen",15.9660997391,48.78829956049999,2097
ADK,"Adak Airport","Adak Island","United States",51.87799835205078,-176.64599609375,18
GST,"Gustavus Airport","Gustavus","United States",58.4253006,-135.7070007,35
SGY,"Skagway Airport","Skagway","United States",59.46009826660156,-135.3159942626953,44
HCR,"Holy Cross Airport","Holy Cross","United States",62.18830108642578,-159.77499389648438,70
HNS,"Haines Airport","Haines","United States",59.24380111694336,-135.5240020751953,15
KLG,"Kalskag Airport","Kalskag","United States",61.53630065917969,-160.34100341796875,55
MCG,"McGrath Airport","Mcgrath","United States",62.95289993,-155.6060028,341
MOU,"Mountain Village Airport","Mountain Village","United States",62.095401763916016,-163.6820068359375,337
ANI,"Aniak Airport","Aniak","United States",61.581600189208984,-159.54299926757812,88
VAK,"Chevak Airport","Chevak","United States",61.5409,-165.6005,75
WRG,"Wrangell Airport","Wrangell","United States",56.48429871,-132.3699951,49
OPU,"Balimo Airport","Balimo","Papua New Guinea",-8.05000019073,142.932998657,51
VMU,"Baimuru Airport","Baimuru","Papua New Guinea",-7.49686002731,144.819900513,27
LUP,"Kalaupapa Airport","Molokai","United States",21.21100044,-156.973999,24
ENT,"Eniwetok Airport","Eniwetok Atoll","Marshall Islands",11.340700149536133,162.3280029296875,13
LZN,"Matsu Nangan Airport","Matsu Islands","Taiwan",26.1598,119.958,232
HCN,"Hengchun Airport","Hengchun","Taiwan",22.041099548339844,120.7300033569336,46
MFK,"Matsu Beigan Airport","Matsu Islands","Taiwan",26.224199,120.002998,41
KUH,"Kushiro Airport","Kushiro","Japan",43.041000366199995,144.192993164,327
OKD,"Okadama Airport","Sapporo","Japan",43.117447,141.38134,25
HSG,"Saga Airport","Saga","Japan",33.149700164799995,130.302001953,6
NKM,"Nagoya Airport","Nagoya","Japan",35.255001068115234,136.9239959716797,52
IWJ,"Iwami Airport","Iwami","Japan",34.676399231,131.789993286,184
FKS,"Fukushima Airport","Fukushima","Japan",37.22740173339844,140.43099975585938,1221
ONJ,"Odate Noshiro Airport","Odate Noshiro","Japan",40.1918983459,140.371002197,292
SYO,"Shonai Airport","Shonai","Japan",38.81219863889999,139.787002563,86
MYE,"Miyakejima Airport","Miyakejima","Japan",34.073600769,139.559997559,67
KUV,"Kunsan Air Base","Kunsan","South Korea",35.90380096435547,126.61599731445312,29
MPK,"Mokpo Heliport","Mokpo","South Korea",34.7588996887,126.379997253,23
WJU,"Wonju/Hoengseong Air Base (K-38/K-46)","Wonju","South Korea",37.441201,127.963858,329
YNY,"Yangyang International Airport","Sokcho / Gangneung","South Korea",38.061298,128.669006,241
HIN,"Sacheon Air Base/Airport","Sacheon","South Korea",35.088591,128.071747,25
CJJ,"Cheongju International Airport/Cheongju Air Base (K-59/G-513)","Chongju","South Korea",36.717008,127.498741,191
SFS,"Subic Bay International Airport","Olongapo City","Philippines",14.794400215148926,120.27100372314453,64
CYU,"Cuyo Airport","Cuyo","Philippines",10.858099937438965,121.06900024414062,0
CGM,"Camiguin Airport","Camiguin","Philippines",9.253520011901855,124.70700073242188,53
JOL,"Jolo Airport","Jolo","Philippines",6.0536699295043945,121.01100158691406,118
TWT,"Sanga Sanga Airport","Sanga Sanga","Philippines",5.046991,119.742996,15
SUG,"Surigao Airport","Sangley Point","Philippines",9.755838325629998,125.480947495,20
TDG,"Tandag Airport","Tandag","Philippines",9.072110176086426,126.1709976196289,16
WNP,"Naga Airport","Naga","Philippines",13.58489990234375,123.2699966430664,142
BSO,"Basco Airport","Basco","Philippines",20.4513,121.980003,291
SFE,"San Fernando Airport","San Fernando","Philippines",16.595600128173828,120.3030014038086,13
TUG,"Tuguegarao Airport","Tuguegarao","Philippines",17.6433676823,121.733150482,70
VRC,"Virac Airport","Virac","Philippines",13.576399803161621,124.20600128173828,121
CYP,"Calbayog Airport","Calbayog City","Philippines",12.072699546813965,124.54499816894531,12
CRM,"Catarman National Airport","Catarman","Philippines",12.502400398254395,124.63600158691406,6
MBT,"Moises R. Espinosa Airport","Masbate","Philippines",12.369682,123.630095,49
RXS,"Roxas Airport","Roxas City","Philippines",11.597700119018555,122.75199890136719,10
TTG,"General Enrique Mosconi Airport","Tartagal","Argentina",-22.619600296,-63.7937011719,1472
LHS,"Las Heras Airport","Las Heras","Argentina",-46.53829956049999,-68.9653015137,1082
OES,"Antoine de Saint Exupéry Airport","San Antonio Oeste","Argentina",-40.7512,-65.0343,85
ING,"Lago Argentino Airport","El Calafate","Argentina",-50.336102,-72.248596,732
GGS,"Gobernador Gregores Airport","Gobernador Gregores","Argentina",-48.7831,-70.150002,356
SST,"Santa Teresita Airport","Santa Teresita","Argentina",-36.5423,-56.7218,9
NEC,"Necochea Airport","Necochea","Argentina",-38.4831,-58.8172,72
JDO,"Orlando Bezerra de Menezes Airport","Juazeiro Do Norte","Brazil",-7.21895980835,-39.270099639899996,1392
LEC,"Coronel Horácio de Mattos Airport","Lençóis","Brazil",-12.4822998047,-41.2770004272,1676
MEA,"Macaé Airport","Macaé","Brazil",-22.343000412,-41.7659988403,8
MII,"Frank Miloye Milenkowichi–Marília State Airport","Marília","Brazil",-22.1968994141,-49.926399231,2122
VDC,"Vitória da Conquista Airport","Vitória Da Conquista","Brazil",-14.8627996445,-40.8630981445,3002
RIA,"Santa Maria Airport","Santa Maria","Brazil",-29.711399,-53.688202,287
TOW,"Toledo Airport","Toledo","Brazil",-24.6863,-53.697498,1843
ESR,"Ricardo García Posada Airport","El Salvador","Chile",-26.311100006103516,-69.76519775390625,5240
ZPC,"Pucón Airport","Pucon","Chile",-39.29280090332031,-71.91590118408203,853
SOD,"Sorocaba Airport","Sorocaba","Brazil",-23.478001,-47.490002,2077
SCY,"San Cristóbal Airport","San Cristóbal","Ecuador",-0.910206,-89.617401,62
LOH,"Camilo Ponce Enriquez Airport","La Toma (Catamayo)","Ecuador",-3.99589,-79.371902,4056
ESM,"General Rivadeneira Airport","Esmeraldas","Ecuador",0.9785190224647522,-79.62660217285156,32
PSY,"Port Stanley Airport","Stanley","Falkland Islands",-51.685699462891,-57.777599334717,75
CRC,"Santa Ana Airport","Cartago","Colombia",4.75818,-75.9557,2979
LQM,"Caucaya Airport","Puerto Leguízamo","Colombia",-0.182278,-74.7708,573
LPD,"La Pedrera Airport","La Pedrera","Colombia",-1.32861,-69.5797,590
NQU,"Reyes Murillo Airport","Nuquí","Colombia",5.6964,-77.2806,12
PDA,"Obando Airport","Puerto Inírida","Colombia",3.85353,-67.9062,460
EYP,"El Yopal Airport","Yopal","Colombia",5.31911,-72.384,1028
GYA,"Capitán de Av. Emilio Beltrán Airport","Guayaramerín","Bolivia",-10.820599556,-65.3455963135,557
PUR,"Puerto Rico Airport","Puerto Rico/Manuripi","Bolivia",-11.107663,-67.551155,597
RIB,"Capitán Av. Selin Zeitun Lopez Airport","Riberalta","Bolivia",-11,-66,462
REY,"Reyes Airport","Reyes","Bolivia",-14.3044,-67.353401,935
SRJ,"Capitán Av. German Quiroga G. Airport","San Borja","Bolivia",-14.859199523925781,-66.73750305175781,633
ORG,"Zorg en Hoop Airport","Paramaribo","Suriname",5.81108,-55.190701,10
MVS,"Mucuri Airport","Mucuri","Brazil",-18.048900604248047,-39.864200592041016,276
CJA,"Mayor General FAP Armando Revoredo Iglesias Airport","Cajamarca","Peru",-7.1391801834106445,-78.4894027709961,8781
HUU,"Alferez Fap David Figueroa Fernandini Airport","Huánuco","Peru",-9.878809928894043,-76.20480346679688,6070
NZC,"Maria Reiche Neuman Airport","Nazca","Peru",-14.854000091600001,-74.9615020752,1860
SRA,"Santa Rosa Airport","Santa Rosa","Brazil",-27.9067,-54.520401,984
MYC,"Escuela Mariscal Sucre Airport","Maracay","Venezuela",10.249978065490723,-67.64942169189453,1338
VIG,"Juan Pablo Pérez Alfonso Airport","El Vigía","Venezuela",8.624139,-71.672668,250
JPR,"Ji-Paraná Airport","Ji-Paraná","Brazil",-10.870800018299999,-61.8465003967,598
BBQ,"Codrington Airport","Codrington","Antigua and Barbuda",17.635799,-61.828602,15
DSD,"La Désirade Airport","Grande Anse","Guadeloupe",16.296902,-61.0844,10
BBR,"Baillif Airport","Basse Terre","Guadeloupe",16.0132999420166,-61.7421989440918,59
SFC,"St-François Airport","St-François","Guadeloupe",16.25779914855957,-61.26250076293945,10
GBJ,"Les Bases Airport","Grand Bourg","Guadeloupe",15.86870002746582,-61.27000045776367,16
NEV,"Vance W. Amory International Airport","Charlestown","Saint Kitts and Nevis",17.205699920654297,-62.589900970458984,14
VIJ,"Virgin Gorda Airport","Spanish Town","British Virgin Islands",18.446399688720703,-64.42749786376953,9
BQU,"J F Mitchell Airport","Bequia","Saint Vincent and the Grenadines",12.9884004593,-61.2620010376,15
UNI,"Union Island International Airport","Union Island","Saint Vincent and the Grenadines",12.60013484954834,-61.41194534301758,16
KOV,"Kokshetau Airport","Kokshetau","Kazakhstan",53.329102,69.594597,900
PPK,"Petropavlosk South Airport","Petropavlosk","Kazakhstan",54.77470016479492,69.18389892578125,453
DZN,"Zhezkazgan Airport","Zhezkazgan","Kazakhstan",47.708302,67.733299,1250
UKK,"Ust-Kamennogorsk Airport","Ust Kamenogorsk","Kazakhstan",50.036598205566406,82.49420166015625,939
KSN,"Kostanay West Airport","Kostanay","Kazakhstan",53.20690155029297,63.55030059814453,595
KVD,"Ganja Airport","Ganja","Azerbaijan",40.737701416015625,46.31760025024414,1083
NAJ,"Nakhchivan Airport","Nakhchivan","Azerbaijan",39.18880081176758,45.45840072631836,2863
NER,"Chulman Airport","Neryungri","Russia",56.913898468018,124.91400146484,2812
PYJ,"Polyarny Airport","Yakutia","Russia",66.4003982544,112.029998779,1660
CKH,"Chokurdakh Airport","Chokurdah","Russia",70.62310028076172,147.90199279785156,151
CYX,"Cherskiy Airport","Cherskiy","Russia",68.7406005859375,161.33799743652344,20
IKS,"Tiksi Airport","Tiksi","Russia",71.697700500488,128.90299987793,26
KXK,"Komsomolsk-on-Amur Airport","Komsomolsk-on-Amur","Russia",50.409000396728516,136.9340057373047,92
DYR,"Ugolny Airport","Anadyr","Russia",64.734902,177.740997,194
OHO,"Okhotsk Airport","Okhotsk","Russia",59.410064697265625,143.05650329589844,0
UJE,"Ujae Atoll Airport","Ujae Atoll","Marshall Islands",8.92805957794,165.761993408,29
MPW,"Mariupol International Airport","Mariupol International","Ukraine",47.07609939575195,37.44960021972656,251
VSG,"Luhansk International Airport","Lugansk","Ukraine",48.4174003601,39.3740997314,636
OZH,"Zaporizhzhia International Airport","Zaporozhye","Ukraine",47.867000579833984,35.31570053100586,373
KWG,"Kryvyi Rih International Airport","Krivoy Rog","Ukraine",48.04330062866211,33.209999084472656,408
HRK,"Kharkiv International Airport","Kharkov","Ukraine",49.924800872802734,36.290000915527344,508
IFO,"Ivano-Frankivsk International Airport","Ivano-Frankivsk","Ukraine",48.88420104980469,24.686100006103516,919
CWC,"Chernivtsi International Airport","Chernovtsk","Ukraine",48.259300231933594,25.98080062866211,826
RWN,"Rivne International Airport","Rivne","Ukraine",50.60710144042969,26.141599655151367,755
UDJ,"Uzhhorod International Airport","Uzhgorod","Ukraine",48.634300231933594,22.263399124145508,383
CSH,"Solovki Airport","Solovetsky Islands","Russia",65.0299987793,35.7333335876,60
CEE,"Cherepovets Airport","Cherepovets","Russia",59.273601532,38.015800476100004,377
AMV,"Amderma Airport","Amderma","Russia",69.76329803466797,61.556400299072266,13
KSZ,"Kotlas Airport","Kotlas","Russia",61.235801696777344,46.6974983215332,184
PES,"Petrozavodsk Airport","Petrozavodsk","Russia",61.88520050048828,34.154701232910156,151
GNA,"Hrodna Airport","Hrodna","Belarus",53.60200119018555,24.053800582885742,443
MVQ,"Mogilev Airport","Mogilev","Belarus",53.954898834228516,30.09510040283203,637
EIE,"Yeniseysk Airport","Yeniseysk","Russia",58.47420120239258,92.11250305175781,253
KYZ,"Kyzyl Airport","Kyzyl","Russia",51.66939926147461,94.40059661865234,2123
NOZ,"Spichenkovo Airport","Novokuznetsk","Russia",53.811401,86.877197,1024
HTG,"Khatanga Airport","Khatanga","Russia",71.97810363769531,102.49099731445312,95
IAA,"Igarka Airport","Igarka","Russia",67.43720245361328,86.62190246582031,82
NAL,"Nalchik Airport","Nalchik","Russia",43.512901306152344,43.636600494384766,1461
OGZ,"Beslan Airport","Beslan","Russia",43.2051010132,44.6066017151,1673
ESL,"Elista Airport","Elista","Russia",46.3739013671875,44.33089828491211,501
WKK,"Aleknagik / New Airport","Aleknagik","United States",59.2826004028,-158.617996216,66
BLF,"Mercer County Airport","Bluefield","United States",37.295799255371094,-81.20770263671875,2857
GLH,"Mid Delta Regional Airport","Greenville","United States",33.4828987121582,-90.98560333251953,131
PSC,"Tri Cities Airport","Pasco","United States",46.26470184326172,-119.11900329589844,410
KQA,"Akutan Seaplane Base","Akutan","United States",54.1337704415,-165.778895617,0
LPS,"Lopez Island Airport","Lopez","United States",48.4838981628418,-122.93800354003906,209
SLY,"Salekhard Airport","Salekhard","Russia",66.5907974243164,66.61100006103516,218
HMA,"Khanty Mansiysk Airport","Khanty-Mansiysk","Russia",61.028499603271484,69.08609771728516,76
NYA,"Nyagan Airport","Nyagan","Russia",62.110001,65.614998,361
OVS,"Sovetskiy Airport","Sovetskiy","Russia",61.326622009277344,63.60191345214844,351
IJK,"Izhevsk Airport","Izhevsk","Russia",56.82809829711914,53.45750045776367,531
KVX,"Pobedilovo Airport","Kirov","Russia",58.503299713135,49.348300933838,479
NYM,"Nadym Airport","Nadym","Russia",65.48090362548828,72.69889831542969,49
RAT,"Raduzhny Airport","Raduzhnyi","Russia",62.1585998535,77.32890319820001,250
NFG,"Nefteyugansk Airport","Nefteyugansk","Russia",61.108299255371094,72.6500015258789,115
KRO,"Kurgan Airport","Kurgan","Russia",55.47529983520508,65.41560363769531,240
LBD,"Khudzhand Airport","Khudzhand","Tajikistan",40.21540069580078,69.6947021484375,1450
AZN,"Andizhan Airport","Andizhan","Uzbekistan",40.7276992798,72.2939987183,1515
FEG,"Fergana International Airport","Fergana","Uzbekistan",40.358798980699994,71.7450027466,1980
NMA,"Namangan Airport","Namangan","Uzbekistan",40.9846000671,71.5567016602,1555
NCU,"Nukus Airport","Nukus","Uzbekistan",42.488399505615234,59.62329864501953,246
UGC,"Urgench Airport","Urgench","Uzbekistan",41.58430099487305,60.641700744628906,320
KSQ,"Karshi Khanabad Airport","Khanabad","Uzbekistan",38.8335990906,65.9215011597,1365
TMJ,"Termez Airport","Termez","Uzbekistan",37.28670120239258,67.30999755859375,1027
RYB,"Staroselye Airport","Rybinsk","Russia",58.10419845581055,38.92940139770508,423
EGO,"Belgorod International Airport","Belgorod","Russia",50.643798828125,36.5900993347168,735
URS,"Kursk East Airport","Kursk","Russia",51.7505989074707,36.29560089111328,686
LPK,"Lipetsk Airport","Lipetsk","Russia",52.70280075073242,39.53779983520508,584
VKT,"Vorkuta Airport","Vorkuta","Russia",67.48860168457031,63.993099212646484,604
UUA,"Bugulma Airport","Bugulma","Russia",54.63999938964844,52.801700592041016,991
JOK,"Yoshkar-Ola Airport","Yoshkar-Ola","Russia",56.700599670410156,47.904701232910156,348
CSY,"Cheboksary Airport","Cheboksary","Russia",56.090301513671875,47.3473014831543,558
ULY,"Ulyanovsk East Airport","Ulyanovsk","Russia",54.4010009765625,48.80270004272461,252
OSW,"Orsk Airport","Orsk","Russia",51.0724983215332,58.59560012817383,909
PEZ,"Penza Airport","Penza","Russia",53.110599517822266,45.02109909057617,614
SKX,"Saransk Airport","Saransk","Russia",54.12512969970703,45.212257385253906,676
BWO,"Balakovo Airport","Balakovo","Russia",51.8582992554,47.7456016541,95
HBX,"Hubli Airport","Hubli","India",15.361700058,75.08489990230001,2171
KCT,"Koggala Airport","Koggala","Sri Lanka",5.993680000305176,80.32029724121094,10
WRZ,"Weerawila Airport","Wirawila","Sri Lanka",6.25448989868,81.23519897460001,50
BBM,"Battambang Airport","Battambang","Cambodia",13.095600128173828,103.2239990234375,59
SHL,"Shillong Airport","Shillong","India",25.70359992980957,91.97869873046875,2910
GAU,"Lokpriya Gopinath Bordoloi International Airport","Guwahati","India",26.10610008239746,91.58589935302734,162
DMU,"Dimapur Airport","Dimapur","India",25.883899688699998,93.77110290530001,487
TEZ,"Tezpur Airport","Tezpur","India",26.7091007232666,92.78469848632812,240
BZL,"Barisal Airport","Barisal","Bangladesh",22.801000595092773,90.30120086669922,23
HOE,"Ban Huoeisay Airport","Huay Xai","Laos",20.2572994232,100.43699646,1380
BHR,"Bharatpur Airport","Bharatpur","Nepal",27.678101,84.429398,600
BDP,"Bhadrapur Airport","Chandragarhi","Nepal",26.5708007812,88.07959747310001,300
MEY,"Meghauli Airport","Meghauli","Nepal",27.5774,84.22875,600
KEP,"Nepalgunj Airport","Nepalgunj","Nepal",28.103599548339844,81.66699981689453,540
GAN,"Gan International Airport","Gan Island","Maldives",-0.693342,73.155602,6
HAQ,"Hanimaadhoo Airport","Haa Dhaalu Atoll","Maldives",6.744229793548584,73.17050170898438,4
KDO,"Kadhdhoo Airport","Laamu Atoll","Maldives",1.8591699600219727,73.52189636230469,4
MAQ,"Mae Sot Airport","Tak","Thailand",16.699899673461914,98.54509735107422,690
BMV,"Buon Ma Thuot Airport","Buonmethuot","Vietnam",12.668299675,108.120002747,1729
HPH,"Cat Bi International Airport","Haiphong","Vietnam",20.819400787353516,106.7249984741211,6
CXR,"Cam Ranh Airport","Nha Trang","Vietnam",11.998200416564941,109.21900177001953,40
VCS,"Co Ong Airport","Conson","Vietnam",8.73183,106.633003,20
VCA,"Can Tho International Airport","Can Tho","Vietnam",10.085100174,105.711997986,9
DIN,"Dien Bien Phu Airport","Dienbienphu","Vietnam",21.3974990845,103.008003235,1611
UIH,"Phu Cat Airport","Phucat","Vietnam",13.955,109.042,80
PXU,"Pleiku Airport","Pleiku","Vietnam",14.004500389099121,108.01699829101562,2434
VII,"Vinh Airport","Vinh","Vietnam",18.7376003265,105.67099762,23
BMO,"Banmaw Airport","Banmaw","Burma",24.268999099731445,97.24620056152344,370
TVY,"Dawei Airport","Dawei","Burma",14.103899955749512,98.20359802246094,84
KAW,"Kawthoung Airport","Kawthoung","Burma",10.049300193786621,98.53800201416016,180
LIW,"Loikaw Airport","Loikaw","Burma",19.691499710083008,97.21479797363281,2940
MNU,"Mawlamyine Airport","Mawlamyine","Burma",16.444700241088867,97.66069793701172,52
BSX,"Pathein Airport","Pathein","Burma",16.815201,94.7799,20
PKK,"Pakhokku Airport","Pakhokku","Burma",21.4043,95.11125,151
SWQ,"Sumbawa Besar Airport","Sumbawa Island","Indonesia",-8.48904037475586,117.41200256347656,16
TMC,"Tambolaka Airport","Waikabubak-Sumba Island","Indonesia",-9.40972,119.244003,161
BUI,"Bokondini Airport","Bokondini-Papua Island","Indonesia",-3.6822,138.6755,4550
SEH,"Senggeh Airport","Senggeh-Papua Island","Indonesia",-3.45,140.779,914
TJS,"Tanjung Harapan Airport","Tanjung Selor-Borneo Island","Indonesia",2.83583333333,117.373611111,10
DTD,"Datadawai Airport","Datadawai-Borneo Island","Indonesia",0.8106,114.5306,508
BEJ,"Kalimarau Airport","Tanjung Redep-Borneo Island","Indonesia",2.1555,117.431999,59
TJG,"Warukin Airport","Tanjung-Borneo Island","Indonesia",-2.21655988693,115.435997009,197
SMQ,"Sampit(Hasan) Airport","Sampit-Borneo Island","Indonesia",-2.49919009209,112.974998474,50
LUV,"Dumatumbun Airport","Langgur-Kei Islands","Indonesia",-5.661620140075684,132.7310028076172,10
ARD,"Mali Airport","Alor Island","Indonesia",-8.132340431213379,124.59700012207031,10
BLG,"Belaga Airport","Belaga","Malaysia",2.65000009537,113.766998291,200
LGL,"Long Lellang Airport","Long Datih","Malaysia",3.4210000038099997,115.153999329,1400
ODN,"Long Seridan Airport","Long Seridan","Malaysia",3.9670000076293945,115.05000305175781,607
MKM,"Mukah Airport","Mukah","Malaysia",2.90639,112.080002,13
BKM,"Bakalalan Airport","Bakalalan","Malaysia",3.9739999771118164,115.61799621582031,2900
LWY,"Lawas Airport","Lawas","Malaysia",4.84917,115.407997,5
BBN,"Bario Airport","Bario","Malaysia",3.7338900566101074,115.47899627685547,3350
TMG,"Tomanggong Airport","Tomanggong","Malaysia",5.40257,118.65763,26
KUD,"Kudat Airport","Kudat","Malaysia",6.922500133514404,116.83599853515625,10
TKG,"Radin Inten II (Branti) Airport","Bandar Lampung-Sumatra Island","Indonesia",-5.240556,105.175556,282
HLP,"Halim Perdanakusuma International Airport","Jakarta","Indonesia",-6.266610145568848,106.89099884033203,84
NTX,"Ranai Airport","Ranai-Natuna Besar Island","Indonesia",3.90871,108.388,7
PSU,"Pangsuma Airport","Putussibau-Borneo Island","Indonesia",0.8355780243873596,112.93699645996094,297
SQG,"Sintang(Susilo) Airport","Sintang-Borneo Island","Indonesia",0.06361900269985199,111.4729995727539,98
PDO,"Pendopo Airport","Talang Gudang-Sumatra Island","Indonesia",-3.2860701084136963,103.87999725341797,184
LSW,"Malikus Saleh Airport","Lhok Seumawe-Sumatra Island","Indonesia",5.226679801940918,96.95030212402344,90
PKG,"Pulau Pangkor Airport","Pangkor Island","Malaysia",4.244719982147217,100.5530014038086,19
LBW,"Long Bawan Airport","Long Bawan-Borneo Island","Indonesia",3.9028,115.6921,3165
NNX,"Nunukan Airport","Nunukan-Nunukan Island","Indonesia",4.13333333333,117.666666667,30
LPU,"Long Apung Airport","Long Apung-Borneo Island","Indonesia",1.704486,114.970297,627
ALH,"Albany Airport","Albany","Australia",-34.94329833984375,117.80899810791016,233
GYL,"Argyle Airport","Argyle","Australia",-16.6369,128.451004,522
AUU,"Aurukun Airport","Aurukun","Australia",-13.354067,141.72065,31
BCI,"Barcaldine Airport","Barcaldine","Australia",-23.5652999878,145.307006836,878
BDD,"Badu Island Airport","Badu Island","Australia",-10.149999618499999,142.1734,14
BVI,"Birdsville Airport","Birdsville","Australia",-25.897499084472656,139.34800720214844,159
BHQ,"Broken Hill Airport","Broken Hill","Australia",-32.0013999939,141.472000122,958
HTI,"Hamilton Island Airport","Hamilton Island","Australia",-20.3581008911,148.95199585,15
BEU,"Bedourie Airport","Bedourie","Australia",-24.346099853515625,139.4600067138672,300
BRK,"Bourke Airport","Bourke","Australia",-30.039199829101562,145.95199584960938,352
BUC,"Burketown Airport","Burketown","Australia",-17.748600006103516,139.53399658203125,21
GIC,"Boigu Airport","Boigu","Australia",-9.23278045654,142.218002319,23
OKY,"Oakey Airport","Oakey","Australia",-27.411399841308594,151.73500061035156,1335
BQL,"Boulia Airport","Boulia","Australia",-22.913299560546875,139.89999389648438,542
BHS,"Bathurst Airport","Bathurst","Australia",-33.4094009399,149.651992798,2435
BLT,"Blackwater Airport","Blackwater","Australia",-23.603099822998047,148.8070068359375,657
CVQ,"Carnarvon Airport","Carnarvon","Australia",-24.880211,113.67174,13
CAZ,"Cobar Airport","Cobar","Australia",-31.538299560546875,145.79400634765625,724
CPD,"Coober Pedy Airport","Coober Pedy","Australia",-29.040000915527344,134.7209930419922,740
CNC,"Coconut Island Airport","Coconut Island","Australia",-10.050000190734863,143.07000732421875,3
CNJ,"Cloncurry Airport","Cloncurry","Australia",-20.668600082399998,140.503997803,616
CED,"Ceduna Airport","Ceduna","Australia",-32.13059997558594,133.7100067138672,77
CTN,"Cooktown Airport","Cooktown","Australia",-15.444700241088867,145.1840057373047,26
CMA,"Cunnamulla Airport","Cunnamulla","Australia",-28.030000686645508,145.6219940185547,630
CNB,"Coonamble Airport","Coonamble","Australia",-30.983299255371094,148.37600708007812,604
CUQ,"Coen Airport","Coen","Australia",-13.761133,143.113311,532
OOM,"Cooma Snowy Mountains Airport","Cooma","Australia",-36.3005981445,148.973999023,3088
DMD,"Doomadgee Airport","Doomadgee","Australia",-17.9403,138.822006,153
NLF,"Darnley Island Airport","Darnley Island","Australia",-9.583330154418945,143.76699829101562,0
DPO,"Devonport Airport","Devonport","Australia",-41.1697006226,146.429992676,33
ELC,"Elcho Island Airport","Elcho Island","Australia",-12.019399642899998,135.570999146,101
EPR,"Esperance Airport","Esperance","Australia",-33.684399,121.822998,470
FLS,"Flinders Island Airport","Flinders Island","Australia",-40.0917015076,147.992996216,10
GET,"Geraldton Airport","Geraldton","Australia",-28.796101,114.707001,121
GLT,"Gladstone Airport","Gladstone","Australia",-23.869699,151.223007,64
GTE,"Groote Eylandt Airport","Groote Eylandt","Australia",-13.975000381500001,136.460006714,53
GFF,"Griffith Airport","Griffith","Australia",-34.2508010864,146.067001343,439
HID,"Horn Island Airport","Horn Island","Australia",-10.586400032,142.289993286,43
HOK,"Hooker Creek Airport","Hooker Creek","Australia",-18.3367004395,130.638000488,320
MHU,"Mount Hotham Airport","Mount Hotham","Australia",-37.0475006104,147.333999634,4260
HGD,"Hughenden Airport","Hughenden","Australia",-20.815000534057617,144.22500610351562,1043
JCK,"Julia Creek Airport","Julia Creek","Australia",-20.66830062866211,141.72300720214844,404
KAX,"Kalbarri Airport","Kalbarri","Australia",-27.692813,114.259169,157
KNS,"King Island Airport","King Island","Australia",-39.877498626708984,143.8780059814453,132
KFG,"Kalkgurung Airport","Kalkgurung","Australia",-17.431900024414062,130.80799865722656,646
KRB,"Karumba Airport","Karumba","Australia",-17.45669937133789,140.8300018310547,5
KWM,"Kowanyama Airport","Kowanyama","Australia",-15.485600471496582,141.75100708007812,35
KUG,"Kubin Airport","Kubin","Australia",-10.225000381500001,142.218002319,15
LNO,"Leonora Airport","Leonora","Australia",-28.87809944152832,121.31500244140625,1217
LEL,"Lake Evella Airport","Lake Evella","Australia",-12.498900413513184,135.80599975585938,256
LDH,"Lord Howe Island Airport","Lord Howe Island","Australia",-31.5382995605,159.07699585,5
IRG,"Lockhart River Airport","Lockhart River","Australia",-12.7869,143.304993,77
LSY,"Lismore Airport","Lismore","Australia",-28.8302993774,153.259994507,35
LHG,"Lightning Ridge Airport","Lightning Ridge","Australia",-29.45669937133789,147.98399353027344,540
LRE,"Longreach Airport","Longreach","Australia",-23.4342002869,144.279998779,627
LER,"Leinster Airport","Leinster","Australia",-27.843299865722656,120.7030029296875,1631
LVO,"Laverton Airport","Laverton","Australia",-28.61359977722168,122.42400360107422,1530
UBB,"Mabuiag Island Airport","Mabuiag Island","Australia",-9.949999809265137,142.18299865722656,0
MKR,"Meekatharra Airport","Meekatharra","Australia",-26.6117000579834,118.5479965209961,1713
MIM,"Merimbula Airport","Merimbula","Australia",-36.9085998535,149.901000977,7
MGT,"Milingimbi Airport","Milingimbi","Australia",-12.0944004059,134.893997192,53
MNG,"Maningrida Airport","Maningrida","Australia",-12.0560998917,134.23399353,123
MCV,"McArthur River Mine Airport","McArthur River Mine","Australia",-16.4424991608,136.083999634,131
MQL,"Mildura Airport","Mildura","Australia",-34.229198455799995,142.085998535,167
MMG,"Mount Magnet Airport","Mount Magnet","Australia",-28.116100311279297,117.84200286865234,1354
MRZ,"Moree Airport","Moree","Australia",-29.498899459799997,149.845001221,701
MOV,"Moranbah Airport","Moranbah","Australia",-22.057800293,148.07699585,770
MYA,"Moruya Airport","Moruya","Australia",-35.8978004456,150.143997192,14
MGB,"Mount Gambier Airport","Mount Gambier","Australia",-37.745601654052734,140.78500366210938,212
ONG,"Mornington Island Airport","Mornington Island","Australia",-16.662500381469727,139.17799377441406,33
MYI,"Murray Island Airport","Murray Island","Australia",-9.91666984558,144.054992676,300
MBH,"Maryborough Airport","Maryborough","Australia",-25.5133,152.714996,38
NRA,"Narrandera Airport","Narrandera","Australia",-34.7022018433,146.511993408,474
NAA,"Narrabri Airport","Narrabri","Australia",-30.3192005157,149.82699585,788
NTN,"Normanton Airport","Normanton","Australia",-17.68409,141.069664,73
ZNE,"Newman Airport","Newman","Australia",-23.417800903299998,119.803001404,1724
OLP,"Olympic Dam Airport","Olympic Dam","Australia",-30.485000610399997,136.876998901,343
PUG,"Port Augusta Airport","Argyle","Australia",-32.506900787353516,137.7169952392578,56
PMK,"Palm Island Airport","Palm Island","Australia",-18.755300521850586,146.58099365234375,28
PBO,"Paraburdoo Airport","Paraburdoo","Australia",-23.1711006165,117.745002747,1406
CCK,"Cocos (Keeling) Islands Airport","Cocos Keeling Island","Cocos (Keeling) Islands",-12.1883001328,96.8339004517,10
GOV,"Gove Airport","Gove","Australia",-12.269399642899998,136.817993164,192
PKE,"Parkes Airport","Parkes","Australia",-33.131401062,148.238998413,1069
PLO,"Port Lincoln Airport","Port Lincoln","Australia",-34.6053009033,135.880004883,36
EDR,"Pormpuraaw Airport","Pormpuraaw","Australia",-14.896451,141.60908,10
PQQ,"Port Macquarie Airport","Port Macquarie","Australia",-31.4358005524,152.863006592,12
PTJ,"Portland Airport","Portland","Australia",-38.31809997558594,141.4709930419922,265
ULP,"Quilpie Airport","Quilpie","Australia",-26.612199783325195,144.2530059814453,655
RAM,"Ramingining Airport","Ramingining","Australia",-12.356399536132812,134.8979949951172,206
RMA,"Roma Airport","Roma","Australia",-26.545000076300003,148.774993896,1032
SGO,"St George Airport","St George","Australia",-28.049699783325195,148.59500122070312,656
MJK,"Shark Bay Airport","Shark Bay","Australia",-25.8938999176,113.577003479,111
SBR,"Saibai Island Airport","Saibai Island","Australia",-9.378330230710002,142.625,15
SRN,"Strahan Airport","Strahan","Australia",-42.154998779296875,145.29200744628906,20
XTG,"Thargomindah Airport","Thargomindah","Australia",-27.986400604248047,143.81100463867188,433
TCA,"Tennant Creek Airport","Tennant Creek","Australia",-19.6343994140625,134.18299865722656,1236
VCD,"Victoria River Downs Airport","Victoria River Downs","Australia",-16.402124404907227,131.00497436523438,89
SYU,"Warraber Island Airport","Sue Islet","Australia",-10.20829963684082,142.8249969482422,3
WNR,"Windorah Airport","Windorah","Australia",-25.41309928894043,142.66700744628906,452
WYA,"Whyalla Airport","Whyalla","Australia",-33.05889892578125,137.51400756835938,41
WUN,"Wiluna Airport","Wiluna","Australia",-26.629199981689453,120.22100067138672,1649
WOL,"Wollongong Airport","Wollongong","Australia",-34.561100006103516,150.78900146484375,31
WIN,"Winton Airport","Winton","Australia",-22.36359977722168,143.08599853515625,638
BWT,"Wynyard Airport","Burnie","Australia",-40.9989013671875,145.7310028076172,62
OKR,"Yorke Island Airport","Yorke Island","Australia",-9.752801,143.405673,10
XMY,"Yam Island Airport","Yam Island","Australia",-9.90110969543457,142.7760009765625,0
NAY,"Beijing Nanyuan Airport","Beijing","China",39.782798767089844,116.38800048828125,0
CIF,"Chifeng Airport","Chifeng","China",42.23500061035156,118.90799713134766,0
CIH,"Changzhi Airport","Changzhi","China",36.247501,113.125999,0
DAT,"Datong Airport","Datong","China",40.060299,113.482002,3442
HET,"Baita International Airport","Hohhot","China",40.851398,111.823997,3556
BAV,"Baotou Airport","Baotou","China",40.560001373291016,109.99700164794922,3321
SJW,"Shijiazhuang Daguocun International Airport","Shijiazhuang","China",38.28070068359375,114.6969985961914,233
TGO,"Tongliao Airport","Tongliao","China",43.556702,122.199997,2395
HLH,"Ulanhot Airport","Ulanhot","China",46.195333,122.008333,0
XIL,"Xilinhot Airport","Xilinhot","China",43.91559982299805,115.96399688720703,0
BHY,"Beihai Airport","Beihai","China",21.5394,109.293999,0
CGD,"Changde Airport","Changde","China",28.9188995361,111.63999939,128
DYG,"Dayong Airport","Dayong","China",29.1028,110.443001,692
MXZ,"Meixian Airport","Meixian","China",24.350000381469727,116.13300323486328,0
ZUH,"Zhuhai Jinwan Airport","Zhuhai","China",22.006399,113.375999,23
LZH,"Liuzhou Bailian Airport","Liuzhou","China",24.2075,109.390999,295
ZHA,"Zhanjiang Airport","Zhanjiang","China",21.214399,110.358002,125
ENH,"Enshi Airport","Enshi","China",30.3202991486,109.48500061,1605
NNY,"Nanyang Jiangying Airport","Nanyang","China",32.980801,112.614998,840
XFN,"Xiangyang Liuji Airport","Xiangfan","China",32.1506,112.291,0
YIH,"Yichang Sanxia Airport","Yichang","China",30.55655,111.479988,673
AKA,"Ankang Wulipu Airport","Ankang","China",32.708099,108.931,860
GOQ,"Golmud Airport","Golmud","China",36.4006,94.786102,9334
HZG,"Hanzhong Chenggu Airport","Hanzhong","China",33.134136,107.206014,0
IQN,"Qingyang Airport","Qingyang","China",35.799702,107.602997,0
XNN,"Xining Caojiabu Airport","Xining","China",36.5275,102.042999,7119
ENY,"Yan'an Ershilipu Airport","Yan'an","China",36.636902,109.554001,3100
UYN,"Yulin Yuyang Airport","Yulin","China",38.35971,109.590927,0
AVK,"Arvaikheer Airport","Arvaikheer","Mongolia",46.250301361083984,102.802001953125,5932
LTI,"Altai Airport","Altai","Mongolia",46.376399993896484,96.22109985351562,7260
BYN,"Bayankhongor Airport","Bayankhongor","Mongolia",46.163299560546875,100.7040023803711,6085
DLZ,"Dalanzadgad Airport","Dalanzadgad","Mongolia",43.59170150756836,104.43000030517578,4787
HVD,"Khovd Airport","Khovd","Mongolia",47.9541015625,91.6281967163086,4898
MXV,"Mörön Airport","Muren","Mongolia",49.663299560546875,100.0989990234375,4272
DIG,"Diqing Airport","Shangri-La","China",27.7936,99.6772,10761
LUM,"Mangshi Airport","Luxi","China",24.4011,98.5317,2890
SYM,"Pu'er Simao Airport","Simao","China",22.793301,100.959,0
ZAT,"Zhaotong Airport","Zhaotong","China",27.325599670410156,103.75499725341797,0
KOW,"Ganzhou Airport","Ganzhou","China",25.853333,114.778889,387
JDZ,"Jingdezhen Airport","Jingdezhen","China",29.3386001587,117.176002502,112
JIU,"Jiujiang Lushan Airport","Jiujiang","China",29.476944,115.801111,0
JUZ,"Quzhou Airport","Quzhou","China",28.965799,118.899002,0
LYG,"Lianyungang Airport","Lianyungang","China",34.571667,118.873611,0
HYN,"Huangyan Luqiao Airport","Huangyan","China",28.56220054626465,121.42900085449219,0
LYI,"Shubuling Airport","Linyi","China",35.04610061645508,118.41200256347656,0
JJN,"Quanzhou Jinjiang International Airport","Quanzhou","China",24.7964,118.589996,0
TXN,"Tunxi International Airport","Huangshan","China",29.733299255371094,118.25599670410156,0
WEF,"Weifang Airport","Weifang","China",36.646702,119.119003,0
WEH,"Weihai Airport","Weihai","China",37.18709945678711,122.22899627685547,145
WUX,"Sunan Shuofang International Airport","Wuxi","China",31.494400024399997,120.429000854,24
WUS,"Nanping Wuyishan Airport","Wuyishan","China",27.7019,118.000999,614
WNZ,"Wenzhou Longwan International Airport","Wenzhou","China",27.912201,120.851997,0
YNZ,"Yancheng Airport","Yancheng","China",33.425833,120.203056,0
YIW,"Yiwu Airport","Yiwu","China",29.3446998596,120.031997681,262
HSN,"Zhoushan Airport","Zhoushan","China",29.9342002869,122.361999512,3
BPX,"Qamdo Bangda Airport","Bangda","China",30.553600311279297,97.1082992553711,14219
DAX,"Dachuan Airport","Dazhou","China",31.1302,107.4295,0
GYS,"Guangyuan Airport","Guangyuan","China",32.3911018371582,105.7020034790039,0
LZO,"Luzhou Airport","Luzhou","China",28.85219955444336,105.39299774169922,0
MIG,"Mianyang Airport","Mianyang","China",31.4281005859375,104.74099731445312,0
NAO,"Nanchong Airport","Nanchong","China",30.79545,106.1626,0
LZY,"Nyingchi Airport","Nyingchi","China",29.303300857543945,94.33529663085938,9675
WXN,"Wanxian Airport","Wanxian","China",30.8017,108.433,0
AKU,"Aksu Airport","Aksu","China",41.262501,80.291702,3816
IQM,"Qiemo Yudu Airport","Qiemo","China",38.233611,85.465556,0
KCA,"Kuqa Airport","Kuqa","China",41.677856,82.872917,3524
KRL,"Korla Airport","Korla","China",41.69779968261719,86.12889862060547,0
KRY,"Karamay Airport","Karamay","China",45.46655,84.9527,0
YIN,"Yining Airport","Yining","China",43.955799,81.330299,0
HEK,"Heihe Airport","Heihe","China",50.1716209371,127.308883667,8530
JMU,"Jiamusi Airport","Jiamusi","China",46.84339904789999,130.464996338,262
JNZ,"Jinzhou Airport","Jinzhou","China",41.10139846801758,121.06199645996094,0
NDG,"Qiqihar Sanjiazi Airport","Qiqihar","China",47.239601135253906,123.91799926757812,477
YNJ,"Yanji Chaoyangchuan Airport","Yanji","China",42.8828010559,129.451004028,624
WKL,"Waikoloa Heliport","Waikoloa Village","United States",19.9205,-155.8607,119
WME,"Mount Keith Airport","Mount Keith","Australia",-27.286399841308594,120.55500030517578,1792
LRV,"Los Roques Airport","Los Roques","Venezuela",11.9499998093,-66.66999816890001,17
IOR,"Inishmore Aerodrome","Inis Mor","Ireland",53.1067008972168,-9.653610229492188,24
NNR,"Connemara Regional Airport","Indreabhan","Ireland",53.23030090332031,-9.467780113220215,70
GTI,"Rügen Airport","Ruegen","Germany",54.3833312988,13.3255558014,69
EZV,"Berezovo Airport","Berezovo","Russia",63.92100143432617,65.03050231933594,98
ORH,"Worcester Regional Airport","Worcester","United States",42.26729965209961,-71.87570190429688,1009
AQG,"Anqing Tianzhushan Airport","Anqing","China",30.582199,117.050003,0
SHP,"Shanhaiguan Airport","Qinhuangdao","China",39.968102,119.731003,30
YCU,"Yuncheng Guangong Airport","Yuncheng","China",35.116391,111.031388889,1242
JGN,"Jiayuguan Airport","Jiayuguan","China",39.856899,98.3414,5112
DDG,"Dandong Airport","Dandong","China",40.0247,124.286003,30
DSN,"Ordos Ejin Horo Airport","Dongsheng","China",39.49,109.861388889,4557
PZI,"Bao'anying Airport","Panzhihua","China",26.54,101.79852,1620
PWT,"Bremerton National Airport","Bremerton","United States",47.490200042725,-122.76499938965,444
SPW,"Spencer Municipal Airport","Spencer","United States",43.165500640869,-95.202796936035,1339
JEF,"Jefferson City Memorial Airport","Jefferson City","United States",38.5912017822,-92.15609741210001,549
UNT,"Unst Airport","Unst","United Kingdom",60.74720001220703,-0.8538500070571899,0
PVC,"Provincetown Municipal Airport","Provincetown","United States",42.0718994141,-70.2213973999,9
SBH,"Gustaf III Airport","Gustavia","France",17.904399871826172,-62.84360122680664,49
KMW,"Kostroma Sokerkino Airport","Kostroma","Russia",57.7969017029,41.019401550299996,446
SUI,"Sukhumi Dranda Airport","Sukhumi","Georgia",42.8582000732,41.128101348899996,53
TBW,"Donskoye Airport","Tambow","Russia",52.806098937988,41.482799530029,413
OBN,"Oban Airport","North Connel","United Kingdom",56.4635009765625,-5.399670124053955,20
ERM,"Erechim Airport","Erechim","Brazil",-27.66189956665039,-52.2682991027832,2498
CVF,"Courchevel Airport","Courcheval","France",45.39670181274414,6.6347198486328125,6588
FUL,"Fullerton Municipal Airport","Fullerton","United States",33.8720016479,-117.980003357,96
USA,"Concord-Padgett Regional Airport","Concord","United States",35.387798,-80.709099,705
NVI,"Navoi Airport","Navoi","Uzbekistan",40.1171989440918,65.1707992553711,0
QSF,"Ain Arnat Airport","Setif","Algeria",36.178100585900005,5.3244900703399995,3360
LRH,"La Rochelle-Île de Ré Airport","La Rochelle","France",46.17919921875,-1.1952799558639526,74
SUN,"Friedman Memorial Airport","Hailey","United States",43.50439835,-114.2959976,5318
MCW,"Mason City Municipal Airport","Mason City","United States",43.157798767100005,-93.3312988281,1213
AZA,"Phoenix-Mesa-Gateway Airport","Mesa","United States",33.30780029,-111.6549988,1382
XAU,"Saúl Airport","Saul","French Guiana",3.61361,-53.204201,656
AKP,"Anaktuvuk Pass Airport","Anaktuvuk Pass","United States",68.13359833,-151.7429962,2102
ANV,"Anvik Airport","Anvik","United States",62.646702,-160.190994,291
ATK,"Atqasuk Edward Burnell Sr Memorial Airport","Atqasuk","United States",70.46730041503906,-157.43600463867188,96
GAM,"Gambell Airport","Gambell","United States",63.76679992675781,-171.73300170898438,27
HPB,"Hooper Bay Airport","Hooper Bay","United States",61.52389908,-166.1470032,13
KAL,"Kaltag Airport","Kaltag","United States",64.31909943,-158.7409973,181
KSM,"St Mary's Airport","St Mary's","United States",62.0605011,-163.302002,312
KVL,"Kivalina Airport","Kivalina","United States",67.73619842529297,-164.56300354003906,13
MYU,"Mekoryuk Airport","Mekoryuk","United States",60.37139892578125,-166.27099609375,48
RBY,"Ruby Airport","Ruby","United States",64.72720337,-155.4700012,658
SHH,"Shishmaref Airport","Shishmaref","United States",66.249604,-166.089112,12
SVA,"Savoonga Airport","Savoonga","United States",63.6864013671875,-170.4929962158203,53
WTK,"Noatak Airport","Noatak","United States",67.56610107421875,-162.97500610351562,88
OMC,"Ormoc Airport","Ormoc City","Philippines",11.057999610900879,124.56500244140625,83
YPX,"Puvirnituq Airport","Puvirnituq","Canada",60.05059814453125,-77.28690338134766,74
YTQ,"Tasiujaq Airport","Tasiujaq","Canada",58.66780090332031,-69.95580291748047,122
ARC,"Arctic Village Airport","Arctic Village","United States",68.1147,-145.578995,2092
QOW,"Sam Mbakwe International Airport","Imo","Nigeria",5.427060127258301,7.206029891967773,373
FON,"Arenal Airport","La Fortuna/San Carlos","Costa Rica",10.478,-84.634499,342
TMU,"Tambor Airport","Nicoya","Costa Rica",9.73852,-85.013802,33
CYZ,"Cauayan Airport","Cauayan","Philippines",16.9298992157,121.752998352,200
KVK,"Kirovsk-Apatity Airport","Apatity","Russia",67.46330261230469,33.58829879760742,515
GVR,"Coronel Altino Machado de Oliveira Airport","Governador Valadares","Brazil",-18.89520072937,-41.982200622559,561
KPC,"Port Clarence Coast Guard Station","Port Clarence","United States",65.2537002563,-166.85899353,10
PJA,"Pajala Airport","Pajala","Sweden",67.24559783935547,23.068899154663086,542
QBC,"Bella Coola Airport","Bella Coola","Canada",52.387501,-126.596001,117
HGR,"Hagerstown Regional Richard A Henson Field","Hagerstown","United States",39.707901,-77.72949982,703
ACR,"Araracuara Airport","Araracuara","Colombia",-0.5833,-72.4083,1250
GOP,"Gorakhpur Airport","Gorakhpur","India",26.739700317399997,83.4496994019,259
SDP,"Sand Point Airport","Sand Point","United States",55.314998626708984,-160.5229949951172,21
HMI,"Hami Airport","Hami","China",42.8414,93.669197,2703
WUZ,"Wuzhou Changzhoudao Airport","Wuzhou","China",23.456699,111.248001,89
TBH,"Tugdan Airport","Romblon","Philippines",12.3109998703,122.084999084,10
ACP,"Sahand Airport","Maragheh","Iran",37.347999572753906,46.127899169921875,4396
GBT,"Gorgan Airport","Gorgan","Iran",36.909400939899996,54.4012985229,-24
IIL,"Ilam Airport","Ilam","Iran",33.58660125732422,46.40480041503906,4404
PFQ,"Parsabade Moghan Airport","Parsabad","Iran",39.60359954834,47.881500244141,251
TCG,"Tacheng Airport","Tacheng","China",46.67250061035156,83.3407974243164,0
MQM,"Mardin Airport","Mardin","Turkey",37.223300933800004,40.6316986084,1729
AFS,"Sugraly Airport","Zarafshan","Uzbekistan",41.61389923095703,64.23320007324219,1396
DRG,"Deering Airport","Deering","United States",66.0696029663,-162.76600647,21
LEN,"Leon Airport","Leon","Spain",42.5890007019043,-5.65556001663208,3006
RGS,"Burgos Airport","Burgos","Spain",42.357601,-3.62076,2945
EGM,"Sege Airport","Sege","Solomon Islands",-8.578889846801758,157.87600708007812,0
CQD,"Shahrekord Airport","Shahre Kord","Iran",32.2971992493,50.842201232899995,6723
DHM,"Kangra Airport","Kangra","India",32.16510009765625,76.26339721679688,2525
NDC,"Nanded Airport","Nanded","India",19.1833000183,77.31670379639999,1250
SLV,"Shimla Airport","Shimla","India",31.0818,77.068001,5072
IGG,"Igiugig Airport","Igiugig","United States",59.32400131225586,-155.90199279785156,90
KNW,"New Stuyahok Airport","New Stuyahok","United States",59.4499015808,-157.32800293,364
KVC,"King Cove Airport","King Cove","United States",55.11629867553711,-162.26600646972656,155
PTH,"Port Heiden Airport","Port Heiden","United States",56.95909881591797,-158.63299560546875,95
TOG,"Togiak Airport","Togiak Village","United States",59.052799224853516,-160.39700317382812,21
EGN,"Geneina Airport","Geneina","Sudan",13.48169994354248,22.467199325561523,2650
LKH,"Long Akah Airport","Long Akah","Malaysia",3.299999952316284,114.78299713134766,289
WLH,"Walaha Airport","Walaha","Vanuatu",-15.411999702500001,167.690994263,151
CHG,"Chaoyang Airport","Chaoyang","China",41.538101,120.434998,568
UAS,"Buffalo Spring","Samburu South","Kenya",0.530583,37.534195,3295
BHG,"Brus Laguna Airport","Brus Laguna","Honduras",15.7631,-84.543602,19
YVB,"Bonaventure Airport","Bonaventure","Canada",48.07109832763672,-65.46029663085938,123
SKT,"Sialkot Airport","Sialkot","Pakistan",32.5355567932,74.3638916016,837
PDP,"Capitan Corbeta CA Curbelo International Airport","Punta del Este","Uruguay",-34.855098724365234,-55.09429931640625,95
WVB,"Walvis Bay Airport","Walvis Bay","Namibia",-22.9799,14.6453,299
MPA,"Katima Mulilo Airport","Mpacha","Namibia",-17.634399,24.176701,3144
AOE,"Anadolu Airport","Eskissehir","Turkey",39.809898,30.5194,2588
CKZ,"Çanakkale Airport","Canakkale","Turkey",40.1376991272,26.4267997742,23
MSR,"Muş Airport","Mus","Turkey",38.747798919677734,41.66120147705078,4157
NOP,"Sinop Airport","Sinop","Turkey",42.015800476074,35.066398620605,20
TEQ,"Tekirdağ Çorlu Airport","Çorlu","Turkey",41.13819885253906,27.919099807739258,574
YEI,"Bursa Yenişehir Airport","Yenisehir","Turkey",40.2551994324,29.5625991821,764
LSS,"Terre-de-Haut Airport","Les Saintes","Guadeloupe",15.86439991,-61.5806007385,46
KMV,"Kalay Airport","Kalemyo","Myanmar",23.188800811767578,94.05110168457031,499
VQS,"Vieques Airport","Vieques Island","Puerto Rico",18.115800857500002,-65.4226989746,19
YIF,"St Augustin Airport","St-Augustin","Canada",51.2117004395,-58.6582984924,20
HDM,"Hamadan Airport","Hamadan","Iran",34.86920166015625,48.5525016784668,5755
MRQ,"Marinduque Airport","Gasan","Philippines",13.361000061035156,121.82599639892578,32
GFN,"Grafton Airport","Grafton","Australia",-29.7593994140625,153.02999877929688,110
OAG,"Orange Airport","Orange","Australia",-33.3816986084,149.132995605,3115
TRO,"Taree Airport","Taree","Australia",-31.8885993958,152.514007568,38
COQ,"Choibalsan Airport","Choibalsan","Mongolia",48.13570022583008,114.64600372314453,2457
HOH,"Hohenems-Dornbirn Airport","Hohenems","Austria",47.3849983215,9.69999980927,1352
ESC,"Delta County Airport","Escanaba","United States",45.7226982117,-87.0936965942,609
YAK,"Yakutat Airport","Yakutat","United States",59.5032997131,-139.660003662,33
GUL,"Goulburn Airport","Goulburn","Australia",-34.810298919677734,149.7259979248047,2141
CES,"Cessnock Airport","Cessnock","Australia",-32.787498,151.341995,210
NSO,"Scone Airport","Scone","Australia",-32.037200927734375,150.83200073242188,745
DGE,"Mudgee Airport","Mudgee","Australia",-32.5625,149.610992432,1545
MTL,"Maitland Airport","Maitland","Australia",-32.701265,151.492912,85
CPX,"Benjamin Rivera Noriega Airport","Culebra Island","Puerto Rico",18.313289,-65.304324,49
MWA,"Williamson County Regional Airport","Marion","United States",37.75500107,-89.01110077,472
OCN,"Oceanside Municipal Airport","Fraser Island","Australia",33.217300415039,-117.35399627686,28
KIK,"Kirkuk Air Base","Kirkuk","Iraq",35.46950149536133,44.348899841308594,1061
XJD,"Al Udeid Air Base","Doha","Qatar",25.1173000336,51.3149986267,130
GBZ,"Great Barrier Aerodrome","Claris","New Zealand",-36.24140167236328,175.4720001220703,20
IMT,"Ford Airport","Iron Mountain","United States",45.8184013367,-88.1145019531,1182
AET,"Allakaket Airport","Allakaket","United States",66.5518035889,-152.621994019,441
MGC,"Michigan City Municipal Airport","Michigan City","United States",41.703300476100004,-86.8211975098,655
SWD,"Seward Airport","Seward","United States",60.12689971923828,-149.41900634765625,22
GRM,"Grand Marais Cook County Airport","Grand Marais","United States",47.8382987976,-90.38289642330001,1799
AUW,"Wausau Downtown Airport","Wausau","United States",44.9262008667,-89.6266021729,1201
MYP,"Mary Airport","Mary","Turkmenistan",37.6194,61.896702,728
MVA,"Reykjahlíð Airport","Myvatn","Iceland",65.65579986572266,-16.918100357055664,1030
QSA,"Sabadell Airport","Sabadell","Spain",41.52090072631836,2.1050798892974854,485
WSY,"Whitsunday Island Airport","Airlie Beach","Australia",-20.27611,148.755,40
MIE,"Delaware County Johnson Field","Muncie","United States",40.2422981262207,-85.3958969116211,937
LAF,"Purdue University Airport","Lafayette","United States",40.41230010986328,-86.93689727783203,606
VGT,"North Las Vegas Airport","Las Vegas","United States",36.21070098877,-115.19400024414,2205
ENW,"Kenosha Regional Airport","Kenosha","United States",42.59569931,-87.92780304,742
MTJ,"Montrose Regional Airport","Montrose CO","United States",38.509799957300004,-107.893997192,5759
RIW,"Riverton Regional Airport","Riverton WY","United States",43.064201355,-108.459999084,5525
PDT,"Eastern Oregon Regional At Pendleton Airport","Pendleton","United States",45.695098877,-118.841003418,1497
LYM,"Lympne Airport","Lympne","United Kingdom",51.08,1.013,351
PKH,"Porto Cheli Airport","Porto Heli","Greece",37.297501,23.1478,69
KTR,"Tindal Airport","Katherine","Australia",-14.521100044250488,132.3780059814453,443
NOA,"Nowra Airport","Nowra","Australia",-34.94889831542969,150.53700256347656,400
UCK,"Lutsk Airport","Lutsk","Ukraine",50.678404,25.487165,774
CEJ,"Chernihiv Shestovitsa Airport","Chernigov","Ukraine",51.4021987915,31.1583003998,446
BQT,"Brest Airport","Brest","Belarus",52.108299,23.8981,468
OSH,"Wittman Regional Airport","Oshkosh","United States",43.98440170288086,-88.55699920654297,808
AGE,"Wangerooge Airport","Wangerooge","Germany",53.782779693603516,7.913888931274414,7
BXG,"Bendigo Airport","Bendigo","Australia",-36.7393989563,144.330001831,705
EAT,"Pangborn Memorial Airport","Wenatchee","United States",47.3988990784,-120.207000732,1249
ARE,"Antonio Nery Juarbe Pol Airport","Arecibo","Puerto Rico",18.4500007629,-66.6753005981,23
RIN,"Ringi Cove Airport","Ringi Cove","Solomon Islands",-8.12639045715332,157.14300537109375,0
KCK,"Kirensk Airport","Kirensk","Russia",57.773,108.064,840
UKX,"Ust-Kut Airport","Ust-Kut","Russia",56.8567008972168,105.7300033569336,2188
RMT,"Rimatara Airport","Rimatara","French Polynesia",-22.63725,-152.8059,60
QLS,"Lausanne-Blécherette Airport","Lausanne","Switzerland",46.54529953,6.61667013168,2041
ZJI,"Locarno Airport","Locarno","Switzerland",46.160800933800004,8.87860965729,650
QNC,"Neuchatel Airport","Neuchatel","Switzerland",46.9575004578,6.86471986771,1427
TGK,"Taganrog Yuzhny Airport","Taganrog","Russia",47.1983333,38.8491667,117
GDZ,"Gelendzhik Airport","Gelendzhik","Russia",44.5820926295,38.0124807358,98
ZIA,"Zhukovsky International Airport","Ramenskoe","Russia",55.553299,38.150002,377
IAR,"Tunoshna Airport","Yaroslavl","Russia",57.560699462890625,40.15739822387695,287
OHE,"Gu-Lian Airport","Mohe County","China",52.912777777799995,122.43,1836
JNG,"Jining Qufu Airport","Jining","China",35.292778,116.346667,134
DRK,"Drake Bay Airport","Puntarenas","Costa Rica",8.71889019012,-83.6417007446,12
AAT,"Altay Air Base","Altay","China",47.7498855591,88.08580780030002,2460
TZL,"Tuzla International Airport","Null","Bosnia and Herzegovina",44.45869827270508,18.72480010986328,784
FWH,"NAS Fort Worth JRB/Carswell Field","Dallas","United States",32.76919937,-97.4414978,650
NYT,"Naypyidaw Airport","Naypyidaw","Burma",19.623501,96.200996,302
VBP,"Bokpyinn Airport","Bokepyin","Burma",11.1494,98.735901,100
NZH,"Manzhouli Xijiao Airport","Manzhouli","China",49.566667,117.33,2231
WUA,"Wuhai Airport","Wuhai","China",39.7934,106.7993,3650
GYY,"Gary Chicago International Airport","Gary","United States",41.61629867553711,-87.41280364990234,591
BRD,"Brainerd Lakes Regional Airport","Brainerd","United States",46.39830017,-94.13809967,1232
LWB,"Greenbrier Valley Airport","Lewisburg","United States",37.8582992554,-80.3994979858,2302
PGV,"Pitt Greenville Airport","Greenville","United States",35.6352005,-77.38529968,26
CYF,"Chefornak Airport","Chefornak","United States",60.1492004395,-164.285995483,40
OXR,"Oxnard Airport","Oxnard","United States",34.200801849365,-119.20700073242,45
BKG,"Branson Airport","Branson","United States",36.532082,-93.200544,1302
TEN,"Tongren Fenghuang Airport","Tongren","China",27.883333,109.308889,0
JGS,"Jinggangshan Airport","Jian","China",26.856899261499997,114.736999512,281
NIU,"Naiu Airport","Niau","French Polynesia",-16.1191,-146.3683,50
SCH,"Schenectady County Airport","Scotia NY","United States",42.852500915527,-73.928901672363,378
NBC,"Begishevo Airport","Nizhnekamsk","Russia",55.564701080322266,52.092498779296875,643
QRW,"Warri Airport","Osubi","Nigeria",5.59611,5.81778,242
IAO,"Siargao Airport","Siargao","Philippines",9.8591,126.014,10
LGO,"Langeoog Airport","Langeoog","Germany",53.74250030517578,7.497777938842773,7
NLP,"Nelspruit Airport","Nelspruit","South Africa",-25.5,30.9137992859,2875
CKC,"Cherkasy International Airport","Cherkassy","Ukraine",49.41559982299805,31.99530029296875,375
UST,"Northeast Florida Regional Airport","St. Augustine Airport","United States",29.9592,-81.339798,10
NLV,"Mykolaiv International Airport","Nikolayev","Ukraine",47.057899475097656,31.9197998046875,184
RHP,"Ramechhap Airport","Ramechhap","Nepal",27.393999099731445,86.0614013671875,1555
STS,"Charles M. Schulz Sonoma County Airport","Santa Rosa","United States",38.50899887,-122.8130035,128
ISM,"Kissimmee Gateway Airport","Kissimmee","United States",28.2898006439,-81.4371032715,82
LCQ,"Lake City Gateway Airport","Lake City","United States",30.1819992065,-82.57689666750001,201
LGU,"Logan-Cache Airport","Logan","United States",41.7911987305,-111.851997375,4457
BMC,"Brigham City Regional Airport","Brigham City","United States",41.552399,-112.061996,4229
ASE,"Aspen-Pitkin Co/Sardy Field","Aspen","United States",39.22320175,-106.8690033,7820
ULV,"Ulyanovsk Baratayevka Airport","Ulyanovsk","Russia",54.26829910279999,48.226699829100006,463
ERV,"Kerrville Municipal Louis Schreiner Field","Kerrville","United States",29.9766998291,-99.08570098879999,1617
GED,"Sussex County Airport","Georgetown","United States",38.68920135,-75.35890198,53
ZSW,"Prince Rupert/Seal Cove Seaplane Base","Prince Rupert","Canada",54.33330154418945,-130.2830047607422,0
GBD,"Great Bend Municipal Airport","Great Bend","United States",38.3442993164,-98.8591995239,1887
HYS,"Hays Regional Airport","Hays","United States",38.84220123,-99.27320099,1999
SUS,"Spirit of St Louis Airport","Null","United States",38.662101745605,-90.652000427246,463
LYU,"Ely Municipal Airport","Ely","United States",47.82450104,-91.83070374,1456
GPZ,"Grand Rapids Itasca Co-Gordon Newstrom field","Grand Rapids MN","United States",47.21110153,-93.50980377,1355
TVF,"Thief River Falls Regional Airport","Thief River Falls","United States",48.06570053,-96.18499756,1119
EGV,"Eagle River Union Airport","Eagle River","United States",45.932300567599995,-89.26830291750001,1642
ARV,"Lakeland-Noble F. Lee Memorial field","Minocqua - Woodruff","United States",45.92789841,-89.73090363,1629
YBV,"Berens River Airport","Berens River","Canada",52.358898,-97.018303,728
AVX,"Catalina Airport","Catalina Island","United States",33.4049,-118.416,1602
MHV,"Mojave Airport","Mojave","United States",35.05939865,-118.1520004,2801
ZIN,"Interlaken Air Base","Interlaken","Switzerland",46.6766014,7.8790798,0
INQ,"Inisheer Aerodrome","Inisheer","Ireland",53.064701080322266,-9.510899543762207,40
SWT,"Strezhevoy Airport","Strezhevoy","Russia",60.709400177,77.66000366210001,164
HUT,"Hutchinson Municipal Airport","Hutchinson","United States",38.0654983521,-97.86060333250002,1543
OAI,"Bagram Air Base","Kabul","Afghanistan",34.9460983276,69.26499938959999,4895
AKH,"Prince Sultan Air Base","Al Kharj","Saudi Arabia",24.062700271606445,47.580501556396484,1651
STJ,"Rosecrans Memorial Airport","Rosecrans","United States",39.771900177002,-94.909698486328,826
VOK,"Volk Field","Camp Douglas","United States",43.938999176025,-90.253402709961,912
GUC,"Gunnison Crested Butte Regional Airport","Gunnison","United States",38.53390121,-106.9329987,7680
SIA,"Xi'an Xiguan Airport","Xi\'AN","China",34.376701,109.120003,0
TOA,"Zamperini Field","Torrance","United States",33.803398132324,-118.33999633789,103
MBL,"Manistee Co Blacker Airport","Manistee","United States",44.2723999,-86.24690247,621
PGD,"Charlotte County Airport","Punta Gorda","United States",26.92020035,-81.9905014,26
WFK,"Northern Aroostook Regional Airport","Frenchville","United States",47.2854995728,-68.31279754639999,988
JHW,"Chautauqua County-Jamestown Airport","Jamestown","United States",42.15340042,-79.25800323,1723
YTM,"La Macaza / Mont-Tremblant International Inc Airport","Mont-Tremblant","Canada",46.409400939899996,-74.7799987793,827
SME,"Lake Cumberland Regional Airport","Somerset","United States",37.053398132299996,-84.6158981323,927
SHD,"Shenandoah Valley Regional Airport","Weyers Cave","United States",38.2638015747,-78.8964004517,1201
DVL,"Devils Lake Regional Airport","Devils Lake","United States",48.11420059,-98.90879822,1456
DIK,"Dickinson Theodore Roosevelt Regional Airport","Dickinson","United States",46.7974014282,-102.802001953,2592
SDY,"Sidney - Richland Regional Airport","Sidney","United States",47.706902,-104.193001,1985
CDR,"Chadron Municipal Airport","Chadron","United States",42.837600708,-103.095001221,3297
AIA,"Alliance Municipal Airport","Alliance","United States",42.0531997681,-102.804000854,3931
MCK,"Mc Cook Ben Nelson Regional Airport","McCook","United States",40.20629883,-100.5920029,2583
MTH,"The Florida Keys Marathon Airport","Marathon","United States",24.726101,-81.051399,5
GDV,"Dawson Community Airport","Glendive","United States",47.13869858,-104.8069992,2458
OLF,"L M Clayton Airport","Wolf Point","United States",48.094501495399996,-105.574996948,1986
WYS,"Yellowstone Airport","West Yellowstone","United States",44.68840027,-111.1179962,6649
ALS,"San Luis Valley Regional Bergman Field","Alamosa","United States",37.434898,-105.866997,7539
CNY,"Canyonlands Field","Moab","United States",38.75500107,-109.7549973,4557
ELY,"Ely Airport Yelland Field","Ely","United States",39.29970169,-114.8420029,6259
VEL,"Vernal Regional Airport","Vernal","United States",40.4408989,-109.5100021,5278
RUI,"Sierra Blanca Regional Airport","Ruidoso","United States",33.462799072266,-105.53500366211,6814
SOW,"Show Low Regional Airport","Show Low","United States",34.265499115,-110.005996704,6415
MYL,"McCall Municipal Airport","McCall","United States",44.88970184,-116.1009979,5024
SMN,"Lemhi County Airport","Salmon","United States",45.1237983704,-113.880996704,4043
MMH,"Mammoth Yosemite Airport","Mammoth Lakes","United States",37.62409973,-118.8379974,7135
FRD,"Friday Harbor Airport","Friday Harbor","United States",48.5219993591,-123.024002075,113
ESD,"Orcas Island Airport","Eastsound","United States",48.7081985474,-122.910003662,31
AST,"Astoria Regional Airport","Astoria","United States",46.158000946,-123.878997803,15
ONP,"Newport Municipal Airport","Newport","United States",44.580399,-124.057999,160
EMK,"Emmonak Airport","Emmonak","United States",62.78609848,-164.4909973,13
UNK,"Unalakleet Airport","Unalakleet","United States",63.88840103,-160.798996,27
UUK,"Ugnu-Kuparuk Airport","Kuparuk","United States",70.33080291750001,-149.598007202,67
SHX,"Shageluk Airport","Shageluk","United States",62.6922988892,-159.569000244,79
CHU,"Chuathbaluk Airport","Chuathbaluk","United States",61.579102,-159.216003,244
NUI,"Nuiqsut Airport","Nuiqsut","United States",70.2099990845,-151.005996704,38
EEK,"Eek Airport","Eek","United States",60.21367264,-162.0438843,12
KUK,"Kasigluk Airport","Kasigluk","United States",60.87440109,-162.5240021,48
KWT,"Kwethluk Airport","Kwethluk","United States",60.790298461899994,-161.444000244,25
KWK,"Kwigillingok Airport","Kwigillingok","United States",59.876499,-163.169005,18
MLL,"Marshall Don Hunter Sr Airport","Marshall","United States",61.8642997742,-162.026000977,103
RSH,"Russian Mission Airport","Russian Mission","United States",61.7788848877,-161.319458008,51
KGK,"Koliganek Airport","Koliganek","United States",59.726600647,-157.259002686,269
KMO,"Manokotak Airport","Manokotak","United States",58.990200042699996,-159.050003052,100
CIK,"Chalkyitsik Airport","Chalkyitsik","United States",66.6449966431,-143.740005493,544
EAA,"Eagle Airport","Eagle","United States",64.77639771,-141.151001,908
HUS,"Hughes Airport","Hughes","United States",66.04109955,-154.2630005,299
HSL,"Huslia Airport","Huslia","United States",65.69789886,-156.3509979,220
NUL,"Nulato Airport","Nulato","United States",64.729301,-158.074005,399
VEE,"Venetie Airport","Venetie","United States",67.0086975098,-146.365997314,574
WBQ,"Beaver Airport","Beaver","United States",66.362197876,-147.406997681,359
CEM,"Central Airport","Central","United States",65.57379913,-144.7830048,937
SHG,"Shungnak Airport","Shungnak","United States",66.88809967041,-157.16200256348,197
IYK,"Inyokern Airport","Inyokern","United States",35.65879822,-117.8300018,2457
VIS,"Visalia Municipal Airport","Visalia","United States",36.3186988831,-119.392997742,295
MCE,"Merced Regional Macready Field","Merced","United States",37.28469849,-120.5139999,155
CYR,"Laguna de Los Patos International Airport","Colonia","Uruguay",-34.456401824951,-57.770599365234,66
CPQ,"Amarais Airport","Campinas","Brazil",-22.85919952392578,-47.10820007324219,2008
GYR,"Phoenix Goodyear Airport","Goodyear","United States",33.4225006104,-112.375999451,968
TWB,"Toowoomba Airport","Toowoomba","Australia",-27.542801,151.916,2086
BBL,"Ballera Airport","Ballera","Australia",-27.405633,141.809458,385
AYK,"Arkalyk North Airport","Arkalyk","Kazakhstan",50.318599700927734,66.95279693603516,1266
AGN,"Angoon Seaplane Base","Angoon","United States",57.503601,-134.585007,0
ELV,"Elfin Cove Seaplane Base","Elfin Cove","United States",58.195201873799995,-136.347000122,0
FNR,"Funter Bay Seaplane Base","Funter Bay","United States",58.2543983459,-134.897994995,0
HNH,"Hoonah Airport","Hoonah","United States",58.0961,-135.410111,19
MTM,"Metlakatla Seaplane Base","Metakatla","United States",55.131001,-131.578003,0
HYG,"Hydaburg Seaplane Base","Hydaburg","United States",55.206298828125,-132.8280029296875,0
EGX,"Egegik Airport","Egegik","United States",58.1855010986,-157.375,92
KPV,"Perryville Airport","Perryville","United States",55.905998,-159.162993,29
PIP,"Pilot Point Airport","Pilot Point","United States",57.5803985596,-157.572006226,57
WSN,"South Naknek Nr 2 Airport","South Naknek","United States",58.7033996582,-157.007995605,162
AKK,"Akhiok Airport","Akhiok","United States",56.9387016296,-154.182998657,44
KYK,"Karluk Airport","Karluk","United States",57.5671005249,-154.449996948,137
KLN,"Larsen Bay Airport","Larsen Bay","United States",57.5350990295,-153.977996826,87
ABL,"Ambler Airport","Ambler","United States",67.1063,-157.856989,334
BKC,"Buckland Airport","Buckland","United States",65.9815979004,-161.149002075,31
IAN,"Bob Baker Memorial Airport","Kiana","United States",66.9759979248,-160.43699646,166
OBU,"Kobuk Airport","Kobuk","United States",66.9123001099,-156.897003174,137
ORV,"Robert (Bob) Curtis Memorial Airport","Noorvik","United States",66.81790161,-161.0189972,55
WLK,"Selawik Airport","Selawik","United States",66.60009766,-159.9859924,17
KTS,"Brevig Mission Airport","Brevig Mission","United States",65.3312988281,-166.466003418,38
ELI,"Elim Airport","Elim","United States",64.61470032,-162.2720032,162
GLV,"Golovin Airport","Golovin","United States",64.5504989624,-163.007003784,59
TLA,"Teller Airport","Teller","United States",65.2404022217,-166.339004517,294
WAA,"Wales Airport","Wales","United States",65.622593,-168.095,22
WMO,"White Mountain Airport","White Mountain","United States",64.689201355,-163.412994385,267
KKA,"Koyuk Alfred Adams Airport","Koyuk","United States",64.9394989014,-161.154006958,154
SMK,"St Michael Airport","St. Michael","United States",63.49010086,-162.1100006,98
SKK,"Shaktoolik Airport","Shaktoolik","United States",64.37110138,-161.223999,24
TNC,"Tin City Long Range Radar Station Airport","Tin City","United States",65.56310272,-167.9219971,271
AKB,"Atka Airport","Atka","United States",52.22029877,-174.2059937,57
IKO,"Nikolski Air Station","Nikolski","United States",52.94160079956055,-168.8489990234375,77
CYT,"Yakataga Airport","Yakataga","United States",60.080974,-142.494541,12
AUK,"Alakanuk Airport","Alakanuk","United States",62.680042266799994,-164.659927368,10
KPN,"Kipnuk Airport","Kipnuk","United States",59.932998657199995,-164.031005859,11
KFP,"False Pass Airport","False Pass","United States",54.8474006652832,-163.41000366210938,20
NLG,"Nelson Lagoon Airport","Nelson Lagoon","United States",56.007499694824,-161.16000366211,14
PML,"Port Moller Airport","Cold Bay","United States",56.0060005188,-160.561004639,20
KLW,"Klawock Airport","Klawock","United States",55.579200744599994,-133.076004028,80
KWN,"Quinhagak Airport","Quinhagak","United States",59.7551,-161.845,42
KOT,"Kotlik Airport","Kotlik","United States",63.0306015015,-163.533004761,15
KYU,"Koyukuk Airport","Koyukuk","United States",64.8760986328,-157.727005005,149
SCM,"Scammon Bay Airport","Scammon Bay","United States",61.845298767100005,-165.570999146,14
NNL,"Nondalton Airport","Nondalton","United States",59.980201721191,-154.8390045166,314
KKH,"Kongiganak Airport","Kongiganak","United States",59.960800170899994,-162.880996704,30
NIB,"Nikolai Airport","Nikolai","United States",63.0186,-154.358002,441
AKI,"Akiak Airport","Akiak","United States",60.9029006958,-161.231002808,30
AIN,"Wainwright Airport","Wainwright","United States",70.6380004883,-159.994995117,41
APZ,"Zapala Airport","ZAPALA","Argentina",-38.975498,-70.113602,3330
RDS,"Rincon De Los Sauces Airport","Rincon de los Sauces","Argentina",-37.3905982971,-68.9041976929,1968
PNT,"Tte. Julio Gallardo Airport","Puerto Natales","Chile",-51.67150115966797,-72.52839660644531,217
SGV,"Sierra Grande Airport","Sierra Grande","Argentina",-41.5917015076,-65.33940124509999,688
IGB,"Cabo F.A.A. H. R. Bordón Airport","Ingeniero Jacobacci","Argentina",-41.320899963399995,-69.5748977661,2925
NCN,"Chenega Bay Airport","Chenega","United States",60.0773010254,-147.992004395,72
TKJ,"Tok Junction Airport","Tok","United States",63.32949829,-142.9539948,1639
IRC,"Circle City /New/ Airport","Circle","United States",65.830498,-144.076008,613
SLQ,"Sleetmute Airport","Sleetmute","United States",61.7005004883,-157.166000366,190
LMA,"Minchumina Airport","Lake Minchumina","United States",63.886002,-152.302002,678
MLY,"Manley Hot Springs Airport","Manley Hot Springs","United States",64.99759674069999,-150.643997192,270
YNP,"Natuashish Airport","Natuashish","Canada",55.913898,-61.184399,30
YSO,"Postville Airport","Postville","Canada",54.9105,-59.78507,193
YWB,"Kangiqsujuaq (Wakeham Bay) Airport","Kangiqsujuaq","Canada",61.5886001587,-71.929397583,501
YTF,"Alma Airport","Alma","Canada",48.50889968869999,-71.64189910889999,445
YGV,"Havre St Pierre Airport","Havre-Saint-Pierre","Canada",50.281898498535156,-63.61140060424805,124
YXK,"Rimouski Airport","Rimouski","Canada",48.47809982299805,-68.49690246582031,82
XTL,"Tadoule Lake Airport","Tadoule Lake","Canada",58.7061,-98.512199,923
XLB,"Lac Brochet Airport","Lac Brochet","Canada",58.6175003052,-101.46900177,1211
XSI,"South Indian Lake Airport","South Indian Lake","Canada",56.7928009033,-98.9072036743,951
YBT,"Brochet Airport","Brochet","Canada",57.8894,-101.679001,1136
ZGR,"Little Grand Rapids Airport","Little Grand Rapids","Canada",52.04560089111328,-95.4657974243164,1005
YCR,"Cross Lake (Charlie Sinclair Memorial) Airport","Cross Lake","Canada",54.610599517822266,-97.76080322265625,709
YRS,"Red Sucker Lake Airport","Red Sucker Lake","Canada",54.167198181152344,-93.55719757080078,729
YOP,"Rainbow Lake Airport","Rainbow Lake","Canada",58.49140167236328,-119.40799713134766,1759
YBY,"Bonnyville Airport","Bonnyville","Canada",54.304199,-110.744003,1836
ZNA,"Nanaimo Harbour Water Airport","Nanaimo","Canada",49.1833000183,-123.949996948,0
YGG,"Ganges Seaplane Base","Ganges","Canada",48.8545,-123.4969,0
YDT,"Boundary Bay Airport","Boundary Bay","Canada",49.0742,-123.012001,6
YLY,"Langley Airport","Langley Township","Canada",49.10079956049999,-122.630996704,34
YFJ,"Wekweètì Airport","Wekweeti","Canada",64.190804,-114.077002,1208
RNI,"Corn Island","Corn Island","Nicaragua",12.1628999710083,-83.06379699707031,1
BZA,"San Pedro Airport","Bonanza","Nicaragua",13.949999809265137,-84.5999984741211,600
RFS,"Rosita Airport","Rosita","Nicaragua",13.889699935913086,-84.40889739990234,193
SIU,"Siuna","Siuna","Nicaragua",13.727222442626953,-84.77777862548828,606
WSP,"Waspam Airport","Waspam","Nicaragua",14.7391996383667,-83.96939849853516,98
NCR,"San Carlos","San Carlos","Nicaragua",11.133399963378906,-84.7699966430664,91
PLD,"Playa Samara/Carrillo Airport","Carrillo","Costa Rica",9.8705101013184,-85.481399536133,50
COZ,"Constanza - Expedición 14 de Junio National Airport","Constanza","Dominican Republic",18.907499313354,-70.721900939941,3950
NEG,"Negril Airport","Negril","Jamaica",18.34280014038086,-78.33209991455078,9
NRR,"José Aponte de la Torre Airport","Ceiba","Puerto Rico",18.245300293,-65.6434020996,38
SPB,"Charlotte Amalie Harbor Seaplane Base","Charlotte Amalie","Virgin Islands",18.338600158691406,-64.9406967163086,0
ARR,"D. Casimiro Szlapelis Airport","Alto Rio Senguer","Argentina",-45.013599,-70.812202,2286
JSM,"Jose De San Martin Airport","Jose de San Martin","Argentina",-44.048599243199995,-70.4589004517,2407
UYU,"Uyuni Airport","Uyuni","Bolivia",-20.446300506599997,-66.8483963013,11136
RBQ,"Rurenabaque Airport","Rerrenabaque","Bolivia",-14.427900314299999,-67.4968032837,676
ABF,"Abaiang Airport","Abaiang Atoll","Kiribati",1.798609972000122,173.04100036621094,0
ABN,"Albina Airport","Albina","Suriname",5.512720108032227,-54.05009841918945,19
DRJ,"Drietabbetje Airport","Drietabbetje","Suriname",4.111359,-54.672766,236
MOJ,"Moengo Airstrip","Moengo","Suriname",5.6076,-54.4003,49
ICK,"Nieuw Nickerie Airport","Nieuw Nickerie","Suriname",5.955560207366943,-57.039398193359375,9
OEM,"Vincent Fayks Airport","Paloemeu","Suriname",3.3452799320220947,-55.442501068115234,714
SMZ,"Stoelmanseiland Airport","Stoelmans Eiland","Suriname",4.349999904632568,-54.41666793823242,187
TOT,"Totness Airport","Totness","Suriname",5.865829944610596,-56.32749938964844,10
AGI,"Wageningen Airstrip","Wageningen","Suriname",5.841128,-56.673328,6
ORJ,"Orinduik Airport","Orinduik","Guyana",4.725269794464111,-60.03499984741211,1797
NAI,"Annai Airport","Annai","Guyana",3.959439992904663,-59.12419891357422,301
IMB,"Imbaimadai Airport","Imbaimadai","Guyana",5.7081098556518555,-60.2942008972168,1646
KAR,"Kamarang Airport","Kamarang","Guyana",5.865340232849121,-60.614200592041016,1601
USI,"Mabaruma Airport","Mabaruma","Guyana",8.199999809265137,-59.78329849243164,45
MHA,"Mahdia Airport","Mahdia","Guyana",5.277490139007568,-59.151100158691406,300
PJC,"Dr Augusto Roberto Fuster International Airport","Pedro Juan Caballero","Paraguay",-22.639999389648438,-55.83000183105469,1873
ACD,"Alcides Fernández Airport","Acandi","Colombia",8.51667,-77.3,50
RVE,"Los Colonizadores Airport","Saravena","Colombia",6.951868,-71.857179,680
BQJ,"Batagay Airport","Batagay","Russia",67.648002624512,134.69500732422,696
VGZ,"Villa Garzón Airport","Villa Garzon","Colombia",0.978767,-76.6056,1248
EBG,"El Bagre Airport","El Bagre","Colombia",7.59647,-74.8089,180
CAQ,"Juan H White Airport","Caucasia","Colombia",7.96847,-75.1985,174
COG,"Mandinga Airport","Condoto","Colombia",5.08333,-76.7,213
TLU,"Golfo de Morrosquillo Airport","Tolu","Colombia",9.50945,-75.5854,16
CFB,"Cabo Frio Airport","Cabo Frio","Brazil",-22.921699523900003,-42.074298858599995,23
OPS,"Presidente João Batista Figueiredo Airport","Sinop","Brazil",-11.885000228881836,-55.58610916137695,1227
GRP,"Gurupi Airport","Gurupi","Brazil",-11.73960018157959,-49.132198333740234,1148
CMP,"Santana do Araguaia Airport","Santana do Araguaia","Brazil",-9.31997013092041,-50.32849884033203,597
BVS,"Breves Airport","Breves","Brazil",-1.6365300416946411,-50.443599700927734,98
SFK,"Soure Airport","Soure","Brazil",-0.6994310021400452,-48.520999908447266,43
PIN,"Parintins Airport","Parintins","Brazil",-2.6730198860168457,-56.777198791503906,87
BRA,"Barreiras Airport","Barreiras","Brazil",-12.078900337219238,-45.00899887084961,2447
STZ,"Santa Terezinha Airport","Santa Terezinha","Brazil",-10.4647216796875,-50.518611907958984,663
MQH,"Minaçu Airport","Minacu","Brazil",-13.5491,-48.195301,1401
AUX,"Araguaína Airport","Araguaina","Brazil",-7.22787,-48.240501,771
NVP,"Novo Aripuanã Airport","Novo Aripuana","Brazil",-5.118030071258545,-60.364898681640625,118
FRC,"Tenente Lund Pressoto Airport","Franca","Brazil",-20.592199,-47.3829,3292
DOU,"Dourados Airport","Dourados","Brazil",-22.2019,-54.926601,1503
LBR,"Lábrea Airport","Labrea","Brazil",-7.278969764709473,-64.76950073242188,190
ROO,"Maestro Marinho Franco Airport","Rondonopolis","Brazil",-16.586,-54.7248,1467
GPB,"Tancredo Thomas de Faria Airport","Guarapuava","Brazil",-25.3875007629,-51.520198822,3494
JCB,"Santa Terezinha Airport","Joacaba","Brazil",-27.1714000702,-51.5532989502,2546
RVD,"General Leite de Castro Airport","Rio Verde","Brazil",-17.8347225189209,-50.956111907958984,2464
AAX,"Romeu Zema Airport","Araxa","Brazil",-19.563199996948,-46.960399627686,3276
MBZ,"Maués Airport","Maues","Brazil",-3.37217,-57.7248,69
RBB,"Borba Airport","Borba","Brazil",-4.4063401222229,-59.60240173339844,293
CIZ,"Coari Airport","Coari","Brazil",-4.134059906005859,-63.132598876953125,131
BAZ,"Barcelos Airport","Barcelos","Brazil",-0.981292,-62.919601,112
DMT,"Diamantino Airport","Diamantino","Brazil",-14.376899719238281,-56.40039825439453,1476
GNM,"Guanambi Airport","Guanambi","Brazil",-14.208200454711914,-42.74610137939453,1815
QDJ,"Tsletsi Airport","Djelfa","Algeria",34.6657,3.351,3753
NZA,"Nzagi Airport","Nzagi","Angola",-7.716939926149999,21.358200073200003,2431
LBZ,"Lucapa Airport","Lucapa","Angola",-8.445727348330001,20.7320861816,3029
KNP,"Capanda Airport","Kapanda","Angola",-9.76937007904,15.4553194046,3366
AMC,"Am Timan Airport","Am Timan","Chad",11.0340003967,20.274000167799997,1420
GSQ,"Shark El Oweinat International Airport","Sharq Al-Owainat","Egypt",22.5856990814209,28.71660041809082,859
MRB,"Eastern WV Regional Airport/Shepherd Field","Martinsburg","United States",39.40190125,-77.98459625,565
AWA,"Awassa Airport","Awasa","Ethiopia",7.066999912261963,38.5,5450
JIJ,"Wilwal International Airport","Jijiga","Ethiopia",9.3325,42.9121,5954
MKS,"Mekane Selam Airport","Mekane Selam","Ethiopia",10.7254,38.7415,8405
DBM,"Debra Marcos Airport","Debre Marqos","Ethiopia",10.350000381469727,37.71699905395508,8136
DBT,"Debre Tabor Airport","Debre Tabor","Ethiopia",11.967000007629395,38,8490
QHR,"Harar Meda Airport","Debre Zeyit","Ethiopia",8.7163,39.0059,6201
GOB,"Robe Airport","Goba","Ethiopia",7.1160634,40.0463033,7892
MYB,"Mayumba Airport","Mayumba","Gabon",-3.4584197998046875,10.674076080322266,13
MRE,"Mara Serena Lodge Airstrip","Masai Mara","Kenya",-1.406111,35.008057,5200
JJM,"Mulika Lodge Airport","Meru National Park","Kenya",0.165083006024,38.1951408386,2000
RBX,"Rumbek Airport","Rumbek","Sudan",6.8249998092699995,29.6690006256,1378
CPA,"Cape Palmas Airport","Greenville","Liberia",4.3790202140808105,-7.6969499588012695,20
IHC,"Inhaca Airport","Inhaca","Mozambique",-25.9971446991,32.929351806599996,10
MAX,"Ouro Sogui Airport","Matam","Senegal",15.593600273132324,-13.322799682617188,85
BDI,"Bird Island Airport","Bird Island","Seychelles",-3.72472,55.205299,6
WHF,"Wadi Halfa Airport","Wadi Halfa","Sudan",21.802698135375977,31.521577835083008,961
NBE,"Enfidha - Hammamet International Airport","Enfidha","Tunisia",36.075833,10.438611,21
HTY,"Hatay Airport","Hatay","Turkey",36.36277771,36.282222747800006,269
RVV,"Raivavae Airport","Raivavae","French Polynesia",-23.885200500499998,-147.662002563,7
FUO,"Foshan Shadi Airport","Foshan","China",23.083299636799996,113.069999695,6
HUZ,"Huizhou Airport","Huizhou","China",23.0499992371,114.599998474,50
ILD,"Lleida-Alguaire Airport","Lleida","Spain",41.728185,0.535023,1170
BIU,"Bildudalur Airport","Bildudalur","Iceland",65.64129638671875,-23.546199798583984,18
GJR,"Gjögur Airport","Gjogur","Iceland",65.99530029296875,-21.326900482177734,83
SAK,"Sauðárkrókur Airport","Saudarkrokur","Iceland",65.73169708249999,-19.572799682599996,8
IIA,"Inishmaan Aerodrome","Inishmaan","Ireland",53.09299850463867,-9.568059921264648,15
ULG,"Ulgii Mongolei Airport","Olgii","Mongolia",48.9933013916,89.9225006104,5732
KQT,"Qurghonteppa International Airport","Kurgan Tyube","Tajikistan",37.86640167236328,68.86470031738281,1473
VGD,"Vologda Airport","Vologda","Russia",59.282501220703125,39.944400787353516,387
ONK,"Olenyok Airport","Olenyok","Russia",68.514999,112.480003,847
SYS,"Saskylakh Airport","Saskylakh","Russia",71.92790222168,114.08000183105,0
LDG,"Leshukonskoye Airport","Arkhangelsk","Russia",64.8960037231,45.7229995728,220
HSK,"Huesca/Pirineos Airport","Huesca","Spain",42.0760993958,-0.316666990519,1768
CQM,"Ciudad Real Central Airport","Ciudad Real","Spain",38.8563888889,-3.97,0
NJF,"Al Najaf International Airport","Najaf","Iraq",31.989853,44.404317,103
CSA,"Colonsay Airstrip","Colonsay","United Kingdom",56.0574989319,-6.243060112,44
RKH,"Rock Hill - York County Airport","Rock Hill","United States",34.9878006,-81.05719757,666
AGC,"Allegheny County Airport","Pittsburgh","United States",40.354400634765625,-79.9301986694336,1252
VQQ,"Cecil Airport","Jacksonville","United States",30.2187004089,-81.876701355,81
FTY,"Fulton County Airport Brown Field","Atlanta","United States",33.7790985107,-84.5214004517,841
TII,"Tarin Kowt Airport","Tarin Kowt","Afghanistan",32.604198455799995,65.8657989502,4429
ZAJ,"Zaranj Airport","Zaranj","Afghanistan",30.972222,61.865833,1572
CCN,"Chakcharan Airport","Chaghcharan","Afghanistan",34.53300094604492,65.26699829101562,7383
FUG,"Fuyang Xiguan Airport","Fuyang","China",32.882157,115.734364,104
LCX,"Longyan Guanzhishan Airport","Longyan","China",25.6746997833,116.747001648,1225
BSD,"Baoshan Yunduan Airport","Baoshan","China",25.053301,99.168297,5453
ACX,"Xingyi Airport","Xingyi","China",25.0863888889,104.959444444,4150
HZH,"Liping Airport","Liping","China",26.32217,109.1499,1620
OSU,"The Ohio State University Airport - Don Scott Field","Columbus","United States",40.0798,-83.072998,905
ADS,"Addison Airport","Addison","United States",32.9686012268,-96.8364028931,644
DSI,"Destin Executive Airport","Destin","United States",30.40010071,-86.47149658,23
KHE,"Kherson International Airport","Kherson","Ukraine",46.6758,32.506401,148
SZS,"Ryan's Creek Aerodrome","Stewart Island","New Zealand",-46.8997,168.100998,62
HJJ,"Zhijiang Airport","Zhijiang","China",27.4411111111,109.7,882
YQI,"Yarmouth Airport","Yarmouth","Canada",43.826900482177734,-66.08809661865234,141
ISO,"Kinston Regional Jetport At Stallings Field","Kinston","United States",35.331401825,-77.60880279540001,93
FFA,"First Flight Airport","Kill Devil Hills","United States",36.0181999207,-75.67130279540001,13
LNJ,"Lintsang Airfield","Lincang","China",23.738100051900002,100.025001526,6230
CKS,"Carajás Airport","Parauapebas","Brazil",-6.11527776718,-50.0013885498,2064
MWK,"Tarempa Airport","Anambas Islands","Indonesia",3.3481199741363525,106.25800323486328,10
PGU,"Persian Gulf International Airport","Khalije Fars","Iran",27.379601,52.737701,27
YES,"Yasouj Airport","Yasuj","Iran",30.700500488281,51.545101165771,5939
OSM,"Mosul International Airport","Mosul","Iraq",36.305801,43.1474,719
TJH,"Tajima Airport","Toyooka","Japan",35.51279830932617,134.78700256347656,584
AXJ,"Amakusa Airport","Amakusa","Japan",32.482498,130.158997,340
KKX,"Kikai Airport","Kikai","Japan",28.321300506599997,129.927993774,21
AGJ,"Aguni Airport","Aguni","Japan",26.5925006866,127.240997314,38
ULZ,"Donoi Airport","Uliastai","Mongolia",47.7093,96.5258,5800
UGA,"Bulgan Airport","Bulgan","Mongolia",48.85499954223633,103.47599792480469,4311
ULO,"Ulaangom Airport","Ulaangom","Mongolia",50.066588,91.938273,0
LBX,"Lubang Airport","Lubang","Philippines",13.855400085449219,120.1050033569336,43
TJU,"Kulob Airport","Kulyab","Tajikistan",37.98809814453125,69.80500030517578,2293
CMJ,"Chi Mei Airport","Cimei","Taiwan",23.2131004333,119.417999268,63
TAZ,"Daşoguz Airport","Dasoguz","Turkmenistan",41.761101,59.826698,272
BWB,"Barrow Island Airport","Barrow Island","Australia",-20.86440086364746,115.40599822998047,26
DRB,"Derby Airport","Derby","Australia",-17.3700008392334,123.66100311279297,24
WGE,"Walgett Airport","Walgett","Australia",-30.032800674438477,148.12600708007812,439
BRT,"Bathurst Island Airport","Bathurst Island","Australia",-11.769200325012207,130.6199951171875,67
DKI,"Dunk Island Airport","Dunk Island","Australia",-17.9416999817,146.13999939,6
LZR,"Lizard Island Airport","Lizard Island","Australia",-14.673273,145.454571,70
HLT,"Hamilton Airport","Hamilton","Australia",-37.64889907836914,142.06500244140625,803
HCQ,"Halls Creek Airport","Halls Creek","Australia",-18.23390007019043,127.66999816894531,1346
FIZ,"Fitzroy Crossing Airport","Fitzroy Crossing","Australia",-18.181900024414062,125.55899810791016,368
RVT,"Ravensthorpe Airport","Ravensthorpe","Australia",-33.7971992493,120.208000183,197
PVU,"Provo Municipal Airport","Provo","United States",40.219200134277,-111.72299957275,4497
SBS,"Steamboat Springs Bob Adams Field","Steamboat Springs","United States",40.5163002,-106.8659973,6882
DTA,"Delta Municipal Airport","Delta","United States",39.3805999756,-112.508003235,4759
PUC,"Carbon County Regional/Buck Davis Field","Price","United States",39.61389923,-110.7509995,5957
LAM,"Los Alamos Airport","Los Alamos","United States",35.8797988892,-106.268997192,7171
HII,"Lake Havasu City Airport","Lake Havasu City","United States",34.571098,-114.358002,783
INW,"Winslow Lindbergh Regional Airport","Winslow","United States",35.021900177,-110.722999573,4941
DGL,"Douglas Municipal Airport","Douglas","United States",31.3425998688,-109.505996704,4173
MZK,"Marakei Airport","Marakei","Kiribati",2.058609962463379,173.27099609375,10
AEA,"Abemama Atoll Airport","Abemama","Kiribati",0.49083301424980164,173.82899475097656,8
AAK,"Buariki Airport","Buariki","Kiribati",0.1852779984474182,173.63699340820312,0
KUC,"Kuria Airport","Kuria","Kiribati",0.2186110019683838,173.44200134277344,0
AIS,"Arorae Island Airport","Arorae","Kiribati",-2.61611008644104,176.80299377441406,0
TMN,"Tamana Island Airport","Tamana","Kiribati",-2.485830068588257,175.97000122070312,0
BEZ,"Beru Airport","Beru Island","Kiribati",-1.3547199964523315,176.0070037841797,6
NIG,"Nikunau Airport","Nikunau","Kiribati",-1.31444001198,176.410003662,6
BBG,"Butaritari Atoll Airport","Butaritari","Kiribati",3.08583,172.811005,5
MTK,"Makin Island Airport","Makin","Kiribati",3.3744399547576904,172.99200439453125,0
MNK,"Maiana Airport","Maiana","Kiribati",1.0036100149154663,173.031005859375,8
NON,"Nonouti Airport","Nonouti","Kiribati",-0.6397219896316528,174.42799377441406,10
TSU,"Tabiteuea South Airport","Tabiteuea","Kiribati",-1.4744399785995483,175.06399536132812,0
WTZ,"Whitianga Airport","Whitianga","New Zealand",-36.83169937133789,175.6790008544922,10
KTF,"Takaka Airport","Takaka","New Zealand",-40.81330108642578,172.77499389648438,102
AFT,"Afutara Aerodrome","Afutara","Solomon Islands",-9.19138888889,160.948611111,23
RNA,"Ulawa Airport","Ulawa","Solomon Islands",-9.86054358262,161.979546547,40
CHY,"Choiseul Bay Airport","Choiseul Bay","Solomon Islands",-6.711944,156.396111,0
NNB,"Santa Ana Airport","Santa Ana","Solomon Islands",-10.847994,162.454108,3
XYA,"Yandina Airport","Yandina","Solomon Islands",-9.092816,159.21841,60
BPF,"Batuna Aerodrome","Batuna","Solomon Islands",-8.56202777778,158.119305556,24
BOW,"Bartow Municipal Airport","Bartow","United States",27.943399429299998,-81.78340148930002,125
FTI,"Fitiuta Airport","Fiti\'uta","American Samoa",-14.2172,-169.425003,110
LVK,"Livermore Municipal Airport","Livermore","United States",37.6934013367,-121.819999695,400
RMY,"Mariposa Yosemite Airport","Mariposa","United States",37.5108985901,-120.040000916,2254
GFY,"Grootfontein Airport","Grootfontein","Namibia",-19.60219955444336,18.122699737548828,4636
NDU,"Rundu Airport","Rundu","Namibia",-17.956499099731,19.719400405884,3627
TRM,"Jacqueline Cochran Regional Airport","Palm Springs","United States",33.62670135498,-116.16000366211,-115
SMO,"Santa Monica Municipal Airport","Santa Monica","United States",34.015800476100004,-118.450996399,177
UDD,"Bermuda Dunes Airport","Palm Springs","United States",33.748401641846,-116.27500152588,73
SCF,"Scottsdale Airport","Scottsdale","United States",33.622898101807,-111.91100311279,1510
OLM,"Olympia Regional Airport","Olympia","United States",46.9693985,-122.9029999,209
RIL,"Garfield County Regional Airport","Rifle","United States",39.526299,-107.726997,5548
SAA,"Shively Field","SARATOGA","United States",41.444901,-106.823997,7012
PDK,"DeKalb Peachtree Airport","Atlanta","United States",33.8755989075,-84.3020019531,1003
BMG,"Monroe County Airport","Bloomington","United States",39.145999908447266,-86.61669921875,846
SUA,"Witham Field","Stuart","United States",27.18169975,-80.22109985,16
MMU,"Morristown Municipal Airport","Morristown","United States",40.799400329589844,-74.41490173339844,187
APC,"Napa County Airport","Napa","United States",38.2132,-122.280998,35
SDM,"Brown Field Municipal Airport","San Diego","United States",32.572299957275,-116.98000335693,526
VNC,"Venice Municipal Airport","Venice","United States",27.071599960327,-82.440299987793,18
PHK,"Palm Beach County Glades Airport","Pahokee","United States",26.78499985,-80.69339752,16
ECP,"Northwest Florida Beaches International Airport","Panama City","United States",30.357106,-85.795414,69
SBD,"San Bernardino International Airport","San Bernardino","United States",34.0954017639,-117.23500061,1159
VAL,"Valença Airport","Valenca","Brazil",-13.2965,-38.992401,21
CAU,"Caruaru Airport","Caruaru","Brazil",-8.282389640808105,-36.01350021362305,1891
AWK,"Wake Island Airfield","Wake island","Wake Island",19.282100677490234,166.63600158691406,14
QNV,"Aeroclube Airport","Nova Iguacu","Brazil",-22.74530029296875,-43.46030044555664,164
SQL,"San Carlos Airport","San Carlos","United States",37.511901855469,-122.25,5
RWI,"Rocky Mount Wilson Regional Airport","Rocky Mount","United States",35.856300354003906,-77.89189910888672,159
SXQ,"Soldotna Airport","Soldotna","United States",60.47570037841797,-151.03399658203125,113
SEE,"Gillespie Field","El Cajon","United States",32.826198577881,-116.97200012207,388
PHA,"Phan Rang Airport","Phan Rang","Vietnam",11.6335000992,108.952003479,101
SQH,"Na-San Airport","Son-La","Vietnam",21.216999053955078,104.03299713134766,2133
TKF,"Truckee Tahoe Airport","Truckee","United States",39.319999694799996,-120.13999939,5900
FRJ,"Fréjus Airport","Frejus","France",43.4175,6.7357,33
GEX,"Geelong Airport","Geelong","Australia",-38.224998474121094,144.33299255371094,43
LVM,"Mission Field","Livingston-Montana","United States",45.6994018555,-110.447998047,4660
GMV,"Monument Valley Airport","Monument Valley","United States",37.016700744599994,-110.200996399,5192
JRA,"West 30th St. Heliport","New York","United States",40.754501,-74.007103,7
LAL,"Lakeland Linder International Airport","Lakeland","United States",27.988899,-82.018602,142
SYH,"Syangboche Airport","Syangboche","Nepal",27.8112,86.7124,12400
RBK,"French Valley Airport","Murrieta-Temecula","United States",33.5741996765,-117.127998352,1350
FNU,"Oristano-Fenosu Airport","Oristano","Italy",39.895308,8.642661,36
MYQ,"Mysore Airport","Mysore","India",12.23,76.655833,2349
MGY,"Dayton-Wright Brothers Airport","Dayton","United States",39.5890007019,-84.224899292,957
FDY,"Findlay Airport","Findley","United States",41.013500213600004,-83.66870117190001,813
PEA,"Penneshaw Airport","Penneshaw","Australia",-35.7558462874,137.962875366,0
EMP,"Emporia Municipal Airport","Kempten","Germany",38.3320999146,-96.19120025630001,1208
HYC,"Wycombe Air Park","Wycombe","United Kingdom",51.6116981506,-0.8083329796790001,515
BBP,"Bembridge Airport","Bembridge","United Kingdom",50.6781005859,-1.10943996906,53
SPF,"Black Hills Airport-Clyde Ice Field","Spearfish-South Dakota","United States",44.48030090332,-103.78299713135,3931
QYD,"Oksywie Military Air Base","Gdynia","Poland",54.57970047,18.51720047,144
OLV,"Olive Branch Airport","Olive Branch","United States",34.9786987305,-89.78690338130001,402
KNA,"Viña del mar Airport","Vina del Mar","Chile",-32.9496,-71.4786,461
ONQ,"Zonguldak Airport","Zonguldak","Turkey",41.506401062,32.0886001587,39
BJC,"Rocky Mountain Metropolitan Airport","Broomfield-CO","United States",39.90879822,-105.1169968,5673
SLE,"Salem Municipal Airport/McNary Field","Salem","United States",44.90950012,-123.0029984,214
UTM,"Tunica Municipal Airport","Tunica","United States",34.680999755859,-90.346702575684,194
ZKB,"Kasaba Bay Airport","Kasaba Bay","Zambia",-8.524999618530273,30.663000106811523,2780
LND,"Hunt Field","Lindau","Germany",42.8152008057,-108.730003357,5586
MWC,"Lawrence J Timmerman Airport","Milwaukee","United States",43.110401,-88.034401,745
JVL,"Southern Wisconsin Regional Airport","Janesville","United States",42.620300293,-89.0416030884,808
LZU,"Gwinnett County Briscoe Field","Lawrenceville","United States",33.97809982,-83.96240234,1061
BWG,"Bowling Green Warren County Regional Airport","Bowling Green","United States",36.964500427199994,-86.41970062259999,547
RVS,"Richard Lloyd Jones Jr Airport","Tulsa","United States",36.039600372314,-95.984596252441,638
NHD,"Al Minhad Air Base","Minhad AB","United Arab Emirates",25.0268001556,55.3661994934,165
KGO,"Kirovograd Airport","Kirovograd","Ukraine",48.54280090332031,32.28499984741211,568
DBB,"El Alamein International Airport","Dabaa City","Egypt",30.92449951171875,28.46139907836914,143
BCE,"Bryce Canyon Airport","Bryce Canyon","United States",37.706401825,-112.144996643,7590
CKL,"Chkalovskiy Air Base","Shchyolkovo","Russia",55.8783,38.061699,499
TCZ,"Tengchong Tuofeng Airport","Tengchong","China",24.9380555556,98.48583333330001,6250
UKS,"Belbek Airport","Sevastopol","Ukraine",44.688999176,33.570999145500004,344
OAZ,"Camp Bastion Airport","Camp Bastion","Afghanistan",31.863800048799998,64.2246017456,2943
JCI,"New Century Aircenter Airport","Olathe","United States",38.8308982849,-94.890296936,1087
ESN,"Easton Newnam Field","Easton","United States",38.8041992188,-76.06900024410001,72
HMR,"Stafsberg Airport","Hamar","Norway",60.81809997558594,11.067999839782715,713
MYV,"Yuba County Airport","Yuba City","United States",39.09780121,-121.5699997,64
DUC,"Halliburton Field","Duncan","United States",34.47090149,-97.9598999,1114
UVA,"Garner Field","Uvalde","United States",29.2112998962,-99.743598938,942
LOT,"Lewis University Airport","Lockport","United States",41.6072998,-88.09619904,679
CCR,"Buchanan Field","Concord","United States",37.9897003174,-122.056999207,26
OCA,"Ocean Reef Club Airport","Ocean Reef Club Airport","United States",25.325399398804,-80.274803161621,8
YUS,"Yushu Batang Airport","Yushu","China",32.836388888900004,97.0363888889,12816
HIA,"Lianshui Airport","Huai An","China",33.7908333333,119.125,28
YOO,"Toronto/Oshawa Executive Airport","Oshawa","Canada",43.922798,-78.894997,460
LHA,"Lahr Airport","Lahr","Germany",48.3693008423,7.82772016525,511
NYW,"Monywar Airport","Monywa","Burma",22.221638,95.093479,298
ATO,"Ohio University Snyder Field","Athens","United States",39.2109985352,-82.23139953610001,766
SGH,"Springfield-Beckley Municipal Airport","Springfield","United States",39.840301513672,-83.840202331543,1051
HEX,"Herrera Airport","Santo Domingo","Dominican Republic",18.4696998596,-69.9693984985,190
CDA,"Cooinda Airport","Cooinda","Australia",-12.903300285339355,132.53199768066406,13
JAB,"Jabiru Airport","Jabiru","Australia",-12.658300399780273,132.89300537109375,85
HGS,"Hastings Airport","Freetown","Sierra Leone",8.397130012512207,-13.12909984588623,60
TOP,"Philip Billard Municipal Airport","Topeka","United States",39.068698883057,-95.622497558594,881
MQY,"Smyrna Airport","Smyrna","United States",36.0089988708,-86.5201034546,543
UOS,"Franklin County Airport","Sewanee","United States",35.205101013184,-85.898101806641,1953
NGQ,"Ngari Gunsa Airport","Shiquanhe","China",32.1,80.0530555556,14022
CSO,"Cochstedt Airport","Cochstedt","Germany",51.8563995361,11.42029953,594
PWK,"Chicago Executive Airport","Chicago-Wheeling","United States",42.114222,-87.901494,647
KLS,"Southwest Washington Regional Airport","Kelso","United States",46.11800003049999,-122.898002625,20
ZTA,"Tureia Airport","Tureia","French Polynesia",-20.78969955444336,-138.57000732421875,12
PUE,"Puerto Obaldia Airport","Puerto Obaldia","Panama",8.667,-77.418,223
KHC,"Kerch Airport","Kerch","Ukraine",45.372501373291016,36.40140151977539,171
UKA,"Ukunda Airstrip","Ukunda","Kenya",-4.29333,39.571098,98
ILN,"Wilmington Airpark","Wilmington","United States",39.427898407,-83.792098999,1077
AVW,"Marana Regional Airport","Tucson","United States",32.4095993042,-111.218002319,2031
CGZ,"Casa Grande Municipal Airport","Casa Grande","United States",32.954899,-111.766998,1464
BXK,"Buckeye Municipal Airport","Buckeye","United States",33.42039871,-112.685997,1033
MMI,"McMinn County Airport","Athens","United States",35.39730072,-84.56259918,875
STK,"Sterling Municipal Airport","Sterling","United States",40.61529922,-103.2649994,4040
RWL,"Rawlins Municipal Airport/Harvey Field","Rawlins","United States",41.80559921,-107.1999969,6813
CDW,"Essex County Airport","Caldwell","United States",40.875198364300005,-74.2814025879,173
AIZ,"Lee C Fine Memorial Airport","Kaiser Lake Ozark","United States",38.0960006714,-92.54949951170002,869
TVI,"Thomasville Regional Airport","Thomasville","United States",30.901599884033,-83.881301879883,264
HSH,"Henderson Executive Airport","Henderson","United States",35.9728012085,-115.134002686,2492
GML,"Gostomel Airport","Kiev","Ukraine",50.60350036621094,30.1919002532959,517
TMA,"Henry Tift Myers Airport","Tifton","United States",31.4290008545,-83.4885025024,355
RDO,"Radom Airport","RADOM","Poland",51.3891983032,21.213300705,610
DVT,"Phoenix Deer Valley Airport","Phoenix ","United States",33.6883010864,-112.083000183,1478
YRV,"Revelstoke Airport","Revelstoke","Canada",50.9667015076,-118.182998657,1459
FRG,"Republic Airport","Farmingdale","United States",40.7288017273,-73.4133987427,82
ZHY,"Zhongwei Shapotou Airport","Zhongwei","China",37.573125,105.154454,8202
MCL,"McKinley National Park Airport","McKinley Park","United States",63.7326011658,-148.910995483,1720
PPC,"Prospect Creek Airport","Prospect Creek","United States",66.814102172852,-150.64399719238,1095
KHW,"Khwai River Lodge Airport","Khwai River","Botswana",-19.149999618530273,23.783000946044922,3000
TXG,"Taichung Airport","Taichung","Taiwan",24.18630027770996,120.65399932861328,369
HLG,"Wheeling Ohio County Airport","Wheeling","United States",40.1749992371,-80.6463012695,1195
XYE,"Ye Airport","Ye","Burma",15.300000190734863,97.86699676513672,30
DWC,"Al Maktoum International Airport","Dubai","United Arab Emirates",24.896356,55.161389,114
RKP,"Aransas County Airport","Rockport","United States",28.0867996216,-97.0446014404,24
MVV,"Megève Airport","Verdun","France",45.82080078125,6.652219772338867,4823
MFX,"Méribel Altiport","Ajaccio","France",45.407003,6.577942,5636
AEB,"Baise Youjiang Airport","Baise","China",23.7206001282,106.959999084,490
OKF,"Okaukuejo Airport","Okaukuejo","Namibia",-19.149200439453125,15.91189956665039,3911
OKU,"Mokuti Lodge Airport","Mokuti Lodge","Namibia",-18.81279945373535,17.05940055847168,3665
KOQ,"Köthen Airport","Koethen","Germany",51.7211112976,11.952777862500001,305
PSH,"St. Peter-Ording Airport","Sankt Peter-Ording","Germany",54.30888748168945,8.686944007873535,7
TTD,"Portland Troutdale Airport","Troutdale","United States",45.54940032959,-122.40100097656,39
HIO,"Portland Hillsboro Airport","Hillsboro","United States",45.540401,-122.949997,208
KHT,"Khost Airport","Khost","Afghanistan",33.3334007263,69.952003479,3756
NMT,"Namtu Airport","Naypyidaw","Burma",23.083,97.383003,2000
BNO,"Burns Municipal Airport","Burns","United States",43.5918998718,-118.955001831,4148
PRZ,"Prineville Airport","Prineville","United States",44.286998748779,-120.90399932861,3250
RBL,"Red Bluff Municipal Airport","Red Bluff","United States",40.1506996155,-122.251998901,352
NOT,"Marin County Airport - Gnoss Field","Novato","United States",38.143600463867,-122.55599975586,2
LKV,"Lake County Airport","Lakeview","United States",42.161098480199996,-120.399002075,4733
OTK,"Tillamook Airport","Tillamook","United States",45.4182014465,-123.814002991,36
ONO,"Ontario Municipal Airport","Ontario","United States",44.020500183105,-117.01399993896,2193
DLS,"Columbia Gorge Regional the Dalles Municipal Airport","The Dalles","United States",45.6184997559,-121.166999817,247
GAI,"Montgomery County Airpark","Gaithersburg","United States",39.168300628699996,-77.1660003662,539
OAS,"Sharana Airstrip","Sharona","Afghanistan",33.12575,68.838517,7340
YTA,"Pembroke Airport","Pembroke","Canada",45.86439895629883,-77.25170135498047,529
TSB,"Tsumeb Airport","Tsumeb","Namibia",-19.26189994812,17.732500076294,4353
YSD,"Suffield Heliport","Suffield","Canada",50.266700744628906,-111.18299865722656,2525
BNU,"Blumenau Airport","BLUMENAU","Brazil",-26.83060073852539,-49.090301513671875,60
YCC,"Cornwall Regional Airport","Cornwall","Canada",45.09280014038086,-74.56330108642578,175
IZA,"Zona da Mata Regional Airport","Juiz de Fora","Brazil",-21.5130558014,-43.1730575562,1348
MVL,"Morrisville Stowe State Airport","Morrisville","United States",44.53459930419999,-72.6139984131,732
RBD,"Dallas Executive Airport","Dallas","United States",32.6809005737,-96.8682022095,660
BXY,"Krainiy Airport","Baikonur","Kazakhstan",45.621994,63.210773,317
WST,"Westerly State Airport","Washington County","United States",41.3496017456,-71.8033981323,81
BID,"Block Island State Airport","Block Island","United States",41.1680984497,-71.577796936,108
NME,"Nightmute Airport","Nightmute","United States",60.471000671387,-164.70100402832,4
OOK,"Toksook Bay Airport","Toksook Bay","United States",60.54140091,-165.0870056,59
OBY,"Ittoqqortoormiit Heliport","Ittoqqortoormiit","Greenland",70.4882288244,-21.971679925900002,238
VIN,"Vinnytsia/Gavyryshivka Airport","Vinnitsa","Ukraine",49.242531,28.613778,961
BGE,"Decatur County Industrial Air Park","Bainbridge","United States",30.9715004,-84.63739777,141
ZGS,"La Romaine Airport","La Romaine","Canada",50.259701,-60.679401,90
ZKG,"Kegaska Airport","Kegaska","Canada",50.1958007812,-61.265800476100004,32
YBI,"Black Tickle Airport","Black Tickle","Canada",53.4693984985,-55.784999847399995,57
WHP,"Whiteman Airport","Los Angeles","United States",34.2593002319,-118.413002014,1003
MAE,"Madera Municipal Airport","Madera","United States",36.9886016846,-120.111999512,255
YZZ,"Trail Airport","Trail","Canada",49.0555992126,-117.60900116,1427
YAB,"Old Arctic Bay Airport","Arctic Bay","Canada",73.0058922479,-85.0325489044,100
GSI,"Grand-Santi Airport","Grand-Santi","French Guiana",4.285833,-54.373056,207
MPY,"Maripasoula Airport","Maripasoula","French Guiana",3.6575,-54.037201,406
LDX,"Saint-Laurent-du-Maroni Airport","Saint-Laurent-du-Maroni","French Guiana",5.48306,-54.034401,16
KJI,"Kanas Airport","Burqin","China",48.2223,86.9959,3921
CPB,"Capurganá Airport","Capurgana","Colombia",8.63333,-77.35,49
HMB,"Sohag International Airport","Sohag","Egypt",26.342778,31.742778,310
RVY,"Presidente General Don Oscar D. Gestido International Airport","Rivera","Uruguay",-30.974599838256836,-55.476200103759766,712
POJ,"Patos de Minas Airport","Patos de Minas","Brazil",-18.672800064086914,-46.4911994934082,2793
JTC,"Bauru - Arealva Airport","Bauru","Brazil",-22.166859140899998,-49.0502866745,1949
OIA,"Ourilândia do Norte Airport","Ourilandia do Norte","Brazil",-6.763100147250001,-51.0499000549,901
RDC,"Redenção Airport","Redencao","Brazil",-8.033289909362793,-49.97990036010742,670
SXX,"São Félix do Xingu Airport","Sao Felix do Xingu","Brazil",-6.6413,-51.9523,656
BYO,"Bonito Airport","Bointo","Brazil",-21.247299,-56.452499,1180
SXO,"São Félix do Araguaia Airport","Sao Felix do Araguaia","Brazil",-11.632399559020996,-50.68960189819336,650
CFC,"Caçador Airport","Cacador","Brazil",-26.78840065,-50.9398002625,3376
CAF,"Carauari Airport","Carauari","Brazil",-4.871520042419434,-66.89749908447266,355
ERN,"Eirunepé Airport","Eirunepe","Brazil",-6.639530181884766,-69.87979888916016,412
CCI,"Concórdia Airport","Concordia","Brazil",-27.180599212646484,-52.05270004272461,2461
FBE,"Francisco Beltrão Airport","Francisco Beltrao","Brazil",-26.059200286865234,-53.063499450683594,2100
CFO,"Confresa Airport","Confresa","Brazil",-10.634400367736816,-51.5635986328125,781
AAF,"Apalachicola Regional Airport","Apalachicola","United States",29.72750092,-85.02749634,20
UMU,"Umuarama Airport","Umuarama","Brazil",-23.7987003326416,-53.31380081176758,1558
DTI,"Diamantina Airport","Diamantina","Brazil",-18.232000351,-43.650398254399995,4446
FBA,"Fonte Boa Airport","Fonte Boa","Brazil",-2.5326099395800004,-66.0831985474,207
OLC,"Senadora Eunice Micheles Airport","Sao Paulo de Olivenca","Brazil",-3.46792950765,-68.9204120636,335
HUW,"Humaitá Airport","Humaita","Brazil",-7.532120227810001,-63.072101593,230
IRZ,"Tapuruquara Airport","Santa Isabel do Rio Negro","Brazil",-0.3786,-64.9923,223
ORX,"Oriximiná Airport","Oriximina","Brazil",-1.7140799760818481,-55.83620071411133,262
UNA,"Hotel Transamérica Airport","Una","Brazil",-15.355199813799999,-38.9990005493,20
TEF,"Telfer Airport","Telfer","Australia",-21.71500015258789,122.22899627685547,970
GZP,"Gazipaşa Airport","Alanya","Turkey",36.299217,32.300598,86
OAA,"Shank Air Base","Shank","Afghanistan",33.9225,69.07722222219999,6890
FPR,"St Lucie County International Airport","Fort Pierce","United States",27.49510002,-80.36830139,24
PYM,"Plymouth Municipal Airport","Plymouth","United States",41.909,-70.728798,148
NCO,"Quonset State Airport","North Kingstown","United States",41.597099304199,-71.412101745605,18
OWD,"Norwood Memorial Airport","Norwood","United States",42.1904983521,-71.1728973389,49
BAF,"Westfield-Barnes Regional Airport","Westfield","United States",42.157799,-72.715599,271
MGJ,"Orange County Airport","Montgomery","United States",41.50999832,-74.26460266,364
HAR,"Capital City Airport","Harrisburg","United States",40.2170982361,-76.85150146480001,347
DXR,"Danbury Municipal Airport","Danbury","United States",41.371498107899995,-73.48220062259999,458
ASH,"Boire Field","Nashua","United States",42.7817001343,-71.51480102539999,199
LWM,"Lawrence Municipal Airport","Lawrence","United States",42.717201232899995,-71.1233978271,148
OXC,"Waterbury Oxford Airport","Oxford","United States",41.47859954834,-73.135200500488,726
RMG,"Richard B Russell Airport","Rome","United States",34.3506011963,-85.15799713130001,644
GAD,"Northeast Alabama Regional Airport","Gadsden","United States",33.972599,-86.088996,569
WDR,"Barrow County Airport","Winder","United States",33.98289871,-83.66739655,943
DNN,"Dalton Municipal Airport","Dalton","United States",34.72290039,-84.87020111,709
LGC,"LaGrange Callaway Airport","LaGrange","United States",33.0089,-85.072601,693
PIM,"Harris County Airport","Pine Mountain","United States",32.8406982422,-84.8824005127,902
GVL,"Lee Gilmer Memorial Airport","Gainesville","United States",34.27259827,-83.8302002,1276
PHD,"Harry Clever Field","New Philadelpha","United States",40.470901489258,-81.419700622559,894
HHH,"Hilton Head Airport","Hilton Head Island","United States",32.2243995667,-80.6975021362,19
DNL,"Daniel Field","Augusta","United States",33.4664993286,-82.0393981934,423
MRN,"Foothills Regional Airport","Morganton","United States",35.820202,-81.611397,1270
PVL,"Pike County-Hatcher Field","Pikeville","United States",37.5617981,-82.56639862,1473
TOC,"Toccoa Airport - R.G. Letourneau Field","Toccoa","United States",34.59379959,-83.29579926,996
PLV,"Suprunovka Airport","Poltava","Ukraine",49.568599700927734,34.39720153808594,505
WUU,"Wau Airport","Wau","Sudan",7.7258300781199996,27.9750003815,1529
HUE,"Humera Airport","Humera","Ethiopia",14.25,36.58300018310547,1930
OYL,"Moyale Airport","Moyale","Kenya",3.46972,39.101398,2790
OZG,"Zagora Airport","Zagora","Morocco",30.3202991486,-5.86667013168,2631
WYE,"Yengema Airport","Yengema","Sierra Leone",8.610469818115234,-11.04539966583252,1300
GBK,"Gbangbatok Airport","Gbangbatok","Sierra Leone",7.767000198364258,-12.383000373840332,75
THX,"Turukhansk Airport","Turukhansk","Russia",65.797203064,87.9353027344,128
TGP,"Podkamennaya Tunguska Airport","Bor","Russia",61.589699,89.994003,213
AFW,"Fort Worth Alliance Airport","Fort Worth","United States",32.9875984192,-97.31880187990001,722
RMK,"Renmark Airport","Renmark","Australia",-34.1963996887207,140.6739959716797,115
LGH,"Leigh Creek Airport","Leigh Creek","Australia",-30.59830093383789,138.42599487304688,856
RTS,"Rottnest Island Airport","Rottnest Island","Australia",-32.006699,115.540001,12
FOS,"Forrest Airport","Forrest","Australia",-30.83810043334961,128.11500549316406,511
KEW,"Keewaywin Airport","Keewaywin","Canada",52.991100311299995,-92.8364028931,988
YSP,"Marathon Airport","Marathon","Canada",48.75529861450195,-86.34439849853516,1035
YHF,"Hearst René Fontaine Municipal Airport","Hearst","Canada",49.71419906616211,-83.68609619140625,827
YHN,"Hornepayne Municipal Airport","Hornepayne","Canada",49.19309997558594,-84.75890350341797,1099
YKX,"Kirkland Lake Airport","Kirkland Lake","Canada",48.21030044555664,-79.98139953613281,1157
YMG,"Manitouwadge Airport","Manitouwadge","Canada",49.083900451660156,-85.86060333251953,1198
YXZ,"Wawa Airport","Wawa","Canada",47.96670150756836,-84.78669738769531,942
YEM,"Manitoulin East Municipal Airport","Manitowaning","Canada",45.84280014038086,-81.85810089111328,869
LWC,"Lawrence Municipal Airport","Lawrence","United States",39.01119995,-95.21659851,833
PPM,"Pompano Beach Airpark","Pompano Beach","United States",26.247100830078,-80.111099243164,19
XMC,"Mallacoota Airport","Mallacoota","Australia",-37.59830093383789,149.72000122070312,31
ULH,"Majeed Bin Abdulaziz Airport","Al-Ula","Saudi Arabia",26.48,38.1288888889,2050
YUE,"Yuendumu Airport","Yuendumu ","Australia",-22.254199981689453,131.78199768066406,2205
LOP,"Lombok International Airport","Praya","Indonesia",-8.757322,116.276675,319
ZMH,"South Cariboo Region / 108 Mile Airport","108 Mile Ranch","Canada",51.736099243199995,-121.333000183,3126
HDG,"Handan Airport","Handan","China",36.5258333333,114.425555556,229
LOZ,"London-Corbin Airport/Magee Field","London","United States",37.0821990967,-84.08489990230001,1212
FBG,"Simmons Army Air Field","Fredericksburg","United States",35.13180161,-78.93669891,244
WMI,"Modlin Airport","Warsaw","Poland",52.451099,20.6518,341
JXA,"Jixi Xingkaihu Airport","Jixi","China",45.293,131.193,760
JDG,"Jeongseok Airport","Seogwipo","South Korea",33.3996009827,126.711997986,1171
YGM,"Gimli Industrial Park Airport","Gimli","Canada",50.62810134887695,-97.04329681396484,753
EYK,"Beloyarskiy Airport","Beloyarsky","Russia",63.686901,66.698601,82
RAC,"John H Batten Airport","Racine","United States",42.7606010437,-87.8152008057,674
RZP,"Cesar Lim Rodriguez Airport","Taytay","Philippines",10.81874,119.507697,80
RKZ,"Shigatse Air Base","Shigatse","China",29.3519,89.311401,3782
TIW,"Tacoma Narrows Airport","Tacoma","United States",47.26789856,-122.5780029,294
GUF,"Jack Edwards Airport","Gulf Shores","United States",30.29050064,-87.67179871,17
IBB,"General Villamil Airport","Isabela","Ecuador",-0.942628026009,-90.9530029297,35
HMJ,"Khmelnytskyi Airport","Khmeinitskiy","Ukraine",49.359699,26.933399,1150
HIW,"Hiroshimanishi Airport","Hiroshima","Japan",34.36690139770508,132.41400146484375,15
KYI,"Yalata Mission Airport","Yalata","Australia",-31.470600128173828,131.8249969482422,0
HZL,"Hazleton Municipal Airport","Hazleton","United States",40.986801147499996,-75.9949035645,1603
CBE,"Greater Cumberland Regional Airport","Cumberland","United States",39.615398407,-78.7609024048,775
WYN,"Wyndham Airport","Wyndham","Australia",-15.51140022277832,128.1529998779297,14
YBO,"Bob Quinn Lake Airport","Bob Quinn Lake","Canada",56.9667015076,-130.25,2000
KLF,"Grabtsevo Airport","Kaluga","Russia",54.5499992371,36.3666687012,656
LNR,"Tri-County Regional Airport","Lone Rock","United States",43.2117004395,-90.181602478,717
JOT,"Joliet Regional Airport","Joliet","United States",41.51779938,-88.17549896,582
VYS,"Illinois Valley Regional Airport-Walter A Duncan Field","Peru","United States",41.351898,-89.153099,654
JXN,"Jackson County Reynolds Field","Jackson","United States",42.259799957300004,-84.45939636230001,1001
BBX,"Wings Field","Philadelphia","United States",40.1375007629,-75.2650985718,302
OBE,"Okeechobee County Airport","Okeechobee","United States",27.262800216699997,-80.8498001099,34
SEF,"Sebring Regional Airport","Sebring","United States",27.45639992,-81.3423996,62
AVO,"Avon Park Executive Airport","Avon Park","United States",27.59119987,-81.52780151,160
GIF,"Winter Haven Regional Airport - Gilbert Field","Winter Haven","United States",28.062901,-81.753304,145
ZPH,"Zephyrhills Municipal Airport","Zephyrhills","United States",28.2282009125,-82.15589904790001,90
OCF,"Ocala International Airport - Jim Taylor Field","Ocala","United States",29.17259979,-82.22419739,90
AIK,"Aiken Regional Airport","Aiken","United States",33.649399,-81.684998,528
CDN,"Woodward Field","Camden","United States",34.2835998535,-80.56490325930001,302
LBT,"Lumberton Regional Airport","Lumberton","United States",34.6099014282,-79.05940246579999,126
SOP,"Moore County Airport","Pinehurst-Southern Pines","United States",35.23740005,-79.3911972,455
SVH,"Statesville Regional Airport","Statesville","United States",35.765300750732,-80.953903198242,968
LHV,"William T. Piper Memorial Airport","Lock Haven","United States",41.13560104,-77.42230225,556
BKL,"Burke Lakefront Airport","Cleveland","United States",41.51750183105469,-81.68329620361328,583
DKK,"Chautauqua County-Dunkirk Airport","Dunkirk","United States",42.49330139,-79.27200317,693
LLY,"South Jersey Regional Airport","Mount Holly","United States",39.942901611299995,-74.845703125,53
LDJ,"Linden Airport","Linden","United States",40.617401123,-74.2445983887,23
ANQ,"Tri State Steuben County Airport","Angola","United States",41.639702,-85.083504,995
CLW,"Clearwater Air Park","Clearwater","United States",27.9766998291,-82.7586975098,71
CGX,"Chicago Meigs Airport","Chicago","United States",41.85879898071289,-87.60790252685547,593
CRE,"Grand Strand Airport","North Myrtle Beach","United States",33.8116989136,-78.72389984130001,32
BXO,"Buochs Airport","Buochs","Switzerland",46.974444,8.396944,1475
WBW,"Wilkes Barre Wyoming Valley Airport","Wilkes-Barre","United States",41.2971992493,-75.8511962891,545
LNN,"Willoughby Lost Nation Municipal Airport","Willoughby","United States",41.683998107899995,-81.3897018433,626
UMD,"Uummannaq Heliport","Uummannaq","Greenland",70.6804279261,-52.111630439799995,50
RLK,"Bayannur Tianjitai Airport","Bayannur","China",40.926,107.7428,3400
FFT,"Capital City Airport","Frankfort","United States",38.18249893,-84.90470123,806
LEW,"Auburn Lewiston Municipal Airport","Lewiston","United States",44.048500061,-70.2835006714,288
MRK,"Marco Island Executive Airport","Marco Island Airport","United States",25.995001,-81.672501,5
DRE,"Drummond Island Airport","Drummond Island","United States",46.0093002319,-83.74389648440001,668
GDW,"Gladwin Zettel Memorial Airport","Gladwin","United States",43.9706001282,-84.47499847410002,776
MFI,"Marshfield Municipal Airport","Marshfield","United States",44.6369018555,-90.18930053710001,1277
ISW,"Alexander Field South Wood County Airport","Wisconsin Rapids","United States",44.3602981567,-89.83899688720001,1021
CWI,"Clinton Municipal Airport","Clinton","United States",41.8311004639,-90.3291015625,708
BVY,"Beverly Municipal Airport","Beverly","United States",42.584201812699995,-70.91649627689999,107
OSF,"Ostafyevo International Airport","Moscow","Russia",55.511667,37.507222,568
YRQ,"Trois-Rivières Airport","Trois Rivieres","Canada",46.35279846191406,-72.67939758300781,199
POF,"Poplar Bluff Municipal Airport","Poplar Bluff","United States",36.773899078369,-90.324897766113,331
EOK,"Keokuk Municipal Airport","Keokuk","United States",40.459899902299995,-91.4284973145,671
PSL,"Perth/Scone Airport","Perth","United Kingdom",56.43920135498047,-3.372220039367676,397
STP,"St Paul Downtown Holman Field","St. Paul","United States",44.93450164794922,-93.05999755859375,705
SOO,"Söderhamn Airport","Soderhamn","Sweden",61.26150131225586,17.09910011291504,88
VNA,"Saravane Airport","Saravane","Laos",15.709439207700001,106.410698891,574
DKS,"Dikson Airport","Dikson","Russia",73.51780700683594,80.37966918945312,47
BYT,"Bantry Aerodrome","Bantry","Ireland",51.66859817504883,-9.484169960021973,7
ADY,"Alldays Airport","Alldays","South Africa",-22.6790008545,29.0555000305,2600
HAO,"Butler Co Regional Airport - Hogan Field","Hamilton","United States",39.363800048799995,-84.5220031738,633
GAS,"Garissa Airport","Garissa","Kenya",-0.4635080099105835,39.64830017089844,475
HOA,"Hola Airport","Hola","Kenya",-1.5219999551773071,40.00400161743164,195
KEY,"Kericho Airport","Kericho","Kenya",-0.3899,35.242093,6446
ILU,"Kilaguni Airport","Kilaguni","Kenya",-2.9106099605560303,38.06520080566406,2750
ATJ,"Antsirabe Airport","Antsirabe","Madagascar",-19.8392214824,47.063713073699994,4997
OVA,"Bekily Airport","Bekily","Madagascar",-24.235694754699995,45.3045272827,1270
UTS,"Ust-Tsylma Airport","Ust-Tsylma","Russia",65.43729400630001,52.20033645629999,262
RGK,"Gorno-Altaysk Airport","Gorno-Altaysk","Russia",51.9667015076,85.8332977295,965
FLD,"Fond du Lac County Airport","Fond du Lac","United States",43.7711982727,-88.48840332030001,808
STE,"Stevens Point Municipal Airport","Stevens Point","United States",44.5452003479,-89.530296325684,1110
MQJ,"Moma Airport","Honuu","Russia",66.450861,143.261551,656
PEF,"Peenemünde Airport","Peenemunde","Germany",54.1577796936,13.774443626399998,7
CJN,"Nusawiru Airport","Nusawiru","Indonesia",-7.719895,108.488995,16
GQQ,"Galion Municipal Airport","Galion","United States",40.7533988953,-82.7238006592,1224
TPN,"Tiputini Airport","Tiputini","Ecuador",-0.7761110067367554,-75.52639770507812,997
PTZ,"Rio Amazonas Airport","Pastaza","Ecuador",-1.5052399635299998,-78.0626983643,3465
CKV,"Clarksville–Montgomery County Regional Airport","Clarksville","United States",36.6218986511,-87.4150009155,550
LPC,"Lompoc Airport","Lompoc","United States",34.665599823,-120.468002319,88
CTH,"Chester County G O Carlson Airport","Coatesville","United States",39.97900009,-75.8655014,660
BST,"Bost Airport","Lashkar Gah","Afghanistan",31.55970001220703,64.36499786376953,2464
LLK,"Lankaran International Airport","Lankaran","Azerbaijan",38.746398925799994,48.8180007935,30
GBB,"Gabala International Airport","Qabala","Azerbaijan",40.826667,47.7125,935
ZTU,"Zaqatala International Airport","Zaqatala","Azerbaijan",41.562222,46.667221,1279
LKP,"Lake Placid Airport","Lake Placid","United States",44.2644996643,-73.96189880370001,1747
KDY,"Typliy Klyuch Airport","Khandyga","Russia",62.7890014648,136.854995728,925
GYG,"Magan Airport","Yakutsk","Russia",62.103484,129.545288,577
JIQ,"Qianjiang Wulingshan Airport","Qianjiang","China",29.5133333333,108.831111111,2075
AOH,"Lima Allen County Airport","Lima","United States",40.706902,-84.026703,975
DSO,"Sondok Airport","Hamhung","North Korea",39.745201,127.473999,12
SSI,"Malcolm McKinnon Airport","Brunswick","United States",31.15180016,-81.39129639,19
BFP,"Beaver County Airport","Beaver Falls","United States",40.7724990845,-80.39140319820001,1253
GGE,"Georgetown County Airport","Georgetown","United States",33.3116989136,-79.3196029663,39
HDI,"Hardwick Field","Cleveland","United States",35.22010040283203,-84.8323974609375,874
RNT,"Renton Municipal Airport","Renton","United States",47.4930992126,-122.216003418,32
POC,"Brackett Field","La Verne","United States",34.091598510742,-117.78199768066,1011
CTY,"Cross City Airport","Cross City","United States",29.6354999542,-83.10479736330001,42
CEU,"Oconee County Regional Airport","Clemson","United States",34.6719017,-82.8864975,892
BEC,"Beech Factory Airport","Wichita","United States",37.694499969499994,-97.21499633790002,1408
QFO,"Duxford Aerodrome","Duxford","United Kingdom",52.090801,0.131944,125
SNY,"Sidney Municipal-Lloyd W Carr Field","Sidney","United States",41.10129929,-102.9850006,4313
GKL,"Great Keppel Is Airport","Great Keppel Island","Australia",-23.1833000183,150.942001343,21
RPB,"Roper Bar Airport","Roper Bar","Australia",-14.734814,134.525485,92
IFL,"Innisfail Airport","Innisfail","Australia",-17.55940055847168,146.01199340820312,46
JRF,"Kalaeloa Airport","Kapolei","United States",21.3074,-158.070009,30
BIN,"Bamiyan Airport","Bamyan","Afghanistan",34.81700134277344,67.81700134277344,8367
NBS,"Changbaishan Airport","Baishan","China",42.066944,127.602222,2874
RGO,"Orang Airport","Chongjin","North Korea",41.428538,129.647555,12
MOO,"Moomba Airport","Moomba","Australia",-28.09939956665039,140.19700622558594,143
LUZ,"Lublin Airport","Lublin","Poland",51.240278,22.713611,633
ECA,"Iosco County Airport","East Tawas","United States",44.312801,-83.422302,606
VAM,"Villa Airport","Maamigili","Maldives",3.47055555556,72.8358333333,6
LLF,"Lingling Airport","Yongzhou","China",26.338661,111.610043,340
LSZ,"Lošinj Island Airport","Mali Losinj","Croatia",44.5657997131,14.3930997849,151
ONS,"Onslow Airport","Onslow","Australia",-21.668300628662,115.1129989624,7
TDR,"Theodore Airport","Theodore","Australia",-24.99329948425293,150.09300231933594,171
WBU,"Boulder Municipal Airport","Boulder","United States",40.0393981934,-105.225997925,5288
BBJ,"Bitburg Airport","Birburg","Germany",49.945278,6.565,1220
PAO,"Palo Alto Airport of Santa Clara County","Palo Alto","United States",37.461101532,-122.114997864,4
USR,"Ust-Nera Airport","Ust-Nera","Russia",64.550003051758,143.11500549316,1805
MSC,"Falcon Field","Mesa","United States",33.4608001709,-111.727996826,1394
YTY,"Yangzhou Taizhou Airport","Yangzhou","China",32.5634,119.7198,7
PTK,"Oakland County International Airport","Pontiac","United States",42.665500640869,-83.420097351074,980
KSI,"Kissidougou Airport","Kissidougou","Guinea",9.1605596542358,-10.124400138855,1808
EEN,"Dillant Hopkins Airport","Keene","United States",42.898399353027344,-72.27079772949219,488
THQ,"Tianshui Maijishan Airport","Tianshui","China",34.5593986511,105.86000061,3590
VRO,"Kawama Airport","Kawama","Cuba",23.1240005493,-81.3015975952,16
GKK,"Kooddoo Airport","Kooddoo","Maldives",0.7324,73.4336,29
RCS,"Rochester Airport","Rochester","United Kingdom",51.351898193359375,0.5033329725265503,436
RHD,"Termas de Río Hondo international Airport","Rio Hondo","Argentina",-27.4966,-64.93595,935
KMP,"Keetmanshoop Airport","Keetmanshoop","Namibia",-26.5398006439209,18.111400604248047,3506
KGT,"Kangding Airport","Kangding","China",30.1575,101.734722,14042
VUS,"Velikiy Ustyug Airport","Veliky Ustyug","Russia",60.788299560546875,46.2599983215332,331
IOW,"Iowa City Municipal Airport","Iowa City","United States",41.639198303200004,-91.5465011597,668
TLQ,"Turpan Jiaohe Airport","Turpan","China",43.0308,89.0987,934
ANP,"Lee Airport","Annapolis","United States",38.942902,-76.568398,34
FXO,"Cuamba Airport","Cuamba","Mozambique",-14.815,36.529999,1919
ODO,"Bodaybo Airport","Bodaibo","Russia",57.866100311299995,114.242996216,919
ZTR,"Zhytomyr Airport","Zhytomyr","Ukraine",50.270556,28.738611,0
HRI,"Mattala Rajapaksa International Airport","Mattala","Sri Lanka",6.284467,81.124128,157
PEQ,"Pecos Municipal Airport","Pecos","United States",31.382400512695,-103.51100158691,2613
HBG,"Hattiesburg Bobby L Chain Municipal Airport","Hattiesburg","United States",31.26479912,-89.25279999,151
QCJ,"Botucatu - Tancredo de Almeida Neves Airport","Botucatu","Brazil",-22.939501,-48.467999,3012
QSC,"Mário Pereira Lopes–São Carlos Airport","Sao Carlos","Brazil",-21.875401,-47.903703,2649
YKN,"Chan Gurney Municipal Airport","Yankton","United States",42.916698455811,-97.385902404785,1306
XSB,"Sir Bani Yas Airport","Sir Bani Yas Island","United Arab Emirates",24.283611,52.580278,25
ZBM,"Bromont (Roland Desourdy) Airport","Bromont","Canada",45.2907981873,-72.74140167239999,375
KTI,"Kratie Airport","Kratie","Cambodia",12.48799991607666,106.05500030517578,0
GYU,"Guyuan Liupanshan Airport","Guyuan","China",36.0788888889,106.216944444,5696
CNI,"Changhai Airport","Changhai","China",39.2666666667,122.666944444,80
KRH,"Redhill Aerodrome","Redhill","United Kingdom",51.2136001587,-0.138611003757,222
JGD,"Jiagedaqi Airport","Jiagedaqi District","China",50.371389,124.1175,1205
CCL,"Chinchilla Airport","Chinchilla","Australia",-26.774999618530273,150.61700439453125,1028
HWD,"Hayward Executive Airport","Hayward","United States",37.659198761,-122.122001648,52
MZP,"Motueka Airport","Motueka","New Zealand",-41.12329864501953,172.98899841308594,39
JHQ,"Shute Harbour Airport","Shute Harbour","Australia",-20.277221,148.755556,12
ARB,"Ann Arbor Municipal Airport","Ann Arbor","United States",42.2229995728,-83.74559783939999,839
SHT,"Shepparton Airport","Shepparton","Australia",-36.42890167236328,145.39300537109375,374
TEM,"Temora Airport","Temora","Australia",-34.4213981628418,147.51199340820312,921
GAH,"Gayndah Airport","Gayndah","Australia",-25.61440086364746,151.61900329589844,369
WIO,"Wilcannia Airport","Wilcannia","Australia",-31.526399612426758,143.375,250
BFJ,"Bijie Feixiong Airport","Bijie","China",27.267066,105.472097,4751
ULK,"Lensk Airport","Lensk","Russia",60.7206001282,114.825996399,801
KVR,"Kavalerovo Airport","Kavalerovo","Russia",44.2726,135.029,730
IGD,"Iğdır Airport","Igdir","Turkey",39.9766273499,43.8766479492,3101
GNY,"Şanlıurfa GAP Airport","Sanliurfa","Turkey",37.445663,38.895592,2708
KZR,"Zafer Airport","Kutahya","Turkey",39.113079,30.128111,3327
VLU,"Velikiye Luki Airport","Velikiye Luki","Russia",56.381099700927734,30.60810089111328,328
BEO,"Lake Macquarie Airport","Lake Macquarie","Australia",-33.0667,151.647995,2
BMP,"Brampton Island Airport","Brampton Island","Australia",-20.803300857543945,149.27000427246094,11
NGZ,"Alameda Naval Air Station","Alameda","United States",37.78889846801758,-122.31999969482422,10
YCN,"Cochrane Airport","Cochrane","Canada",49.10559844970703,-81.01360321044922,861
BJP,"Estadual Arthur Siqueira Airport","Braganca Paulista","Brazil",-22.979162,-46.537508,2887
BQB,"Busselton Regional Airport","Brusselton","Australia",-33.6884231567,115.401596069,55
SEK,"Srednekolymsk Airport","Srednekolymsk","Russia",67.4805,153.7364,60
IVR,"Inverell Airport","Inverell","Australia",-29.888299942,151.143997192,2667
GLI,"Glen Innes Airport","Glen Innes","Australia",-29.674999237060547,151.68899536132812,3433
IMM,"Immokalee Regional Airport","Immokalee ","United States",26.43320084,-81.40100098,37
TQQ,"Maranggo Airport","Sulawesi Tenggara","Indonesia",-5.7645702362061,123.91699981689,169
YIC,"Yichun Mingyueshan Airport","Yichun","China",27.8025,114.3062,430
PTB,"Dinwiddie County Airport","Petersburg","United States",37.183799743652,-77.507400512695,193
SBM,"Sheboygan County Memorial Airport","Sheboygan","United States",43.76959991,-87.85140228,755
KFE,"Fortescue - Dave Forrest Aerodrome","Cloudbreak","Australia",-22.290754,119.437143,1555
BJU,"Bajura Airport","Bajura","Nepal",29.50200080871582,81.66899871826172,4300
MZJ,"Pinal Airpark","Marana","United States",32.5106010437,-111.32800293,1893
SAD,"Safford Regional Airport","Safford","United States",32.85480118,-109.6350021,3179
SLJ,"Solomon Airport","Solomon","Australia",-22.2554,117.7627,2030
KJP,"Kerama Airport","Kerama","Japan",26.168300628699996,127.292999268,156
EKB,"Ekibastuz Airport","Ekibastuz","Kazakhstan",51.590999603271484,75.21499633789062,621
SIK,"Sikeston Memorial Municipal Airport","Sikeston","United States",36.898899078369,-89.561798095703,315
TTI,"Tetiaroa Airport","Tetiaroa","French Polynesia",-17.0132999420166,-149.58700561523438,7
GFL,"Floyd Bennett Memorial Airport","Queensbury","United States",43.3412017822,-73.6102981567,328
MTN,"Martin State Airport","Baltimore","United States",39.325699,-76.413803,21
FRY,"Eastern Slopes Regional Airport","Fryeburg","United States",43.991100311299995,-70.9478988647,454
NEW,"Lakefront Airport","New Orleans","United States",30.042400360107,-90.028297424316,8
COE,"Coeur D'Alene - Pappy Boyington Field","Coeur d'Alene","United States",47.77429962,-116.8199997,2320
BMT,"Beaumont Municipal Airport","Beaumont","United States",30.0706996918,-94.21579742430002,32
DNV,"Vermilion Regional Airport","Danville","United States",40.19919968,-87.59590149,697
COJ,"Coonabarabran Airport","Coonabarabran","Australia",-31.332500457763672,149.26699829101562,2117
TIX,"Space Coast Regional Airport","Titusville","United States",28.514799118042,-80.799201965332,34
BZH,"Bumi Airport","Bumi Hills","Zimbabwe",-16.8169994354,28.3500003815,1650
UAR,"Bouarfa Airport","Bouarfa","Morocco",32.5143055556,-1.98305555556,3630
NYE,"Nyeri Airport","NYERI","Kenya",-0.3644140064716339,36.978485107421875,5830
AAP,"Andrau Airpark","Houston","United States",29.722499847399998,-95.58830261230001,79
FCM,"Flying Cloud Airport","Eden Prairie","United States",44.8272018433,-93.45709991460001,906
LIX,"Likoma Island Airport","Likoma Island","Malawi",-12.075833,34.737222,1600
OJC,"Johnson County Executive Airport","Olathe","United States",38.84759903,-94.73760223,1096
GIU,"Sigiriya Air Force Base","Sigiriya","Sri Lanka",7.956669807430001,80.7285003662,630
EUM,"Neumünster Airport","Neumuenster","Germany",54.079444885253906,9.941389083862305,72
TKT,"Tak Airport","Tak","Thailand",16.895999908447266,99.25330352783203,478
YLK,"Barrie-Orillia (Lake Simcoe Regional Airport)","Barrie-Orillia","Canada",44.4852981567,-79.55560302730001,972
YCM,"Niagara District Airport","Saint Catherines","Canada",43.19169998168945,-79.17169952392578,321
YPD,"Parry Sound Area Municipal Airport","Parry Sound","Canada",45.2575,-79.829697,832
MNZ,"Manassas Regional Airport/Harry P. Davis Field","Manassas","United States",38.72140121,-77.51540375,192
LJN,"Texas Gulf Coast Regional Airport","Angleton","United States",29.1086006165,-95.462097168,25
BGG,"Bingöl Çeltiksuyu Airport","Bingol","Turkey",38.8592605591,40.5959625244,3506
KFS,"Kastamonu Airport","Kastamonu","Turkey",41.31420135498047,33.795799255371094,3520
LLV,"Lüliang Airport","Lvliang","China",37.683333,111.142778,0
DCY,"Daocheng Yading Airport","Daocheng","China",29.323056,100.053333,14472
GXH,"Gannan Xiahe Airport","Xiahe city","China",34.8105,102.6447,10510
CIY,"Comiso Airport","Comiso","Italy",36.994601,14.607182,623
KVM,"Markovo Airport","Markovo","Russia",64.667,170.417007,0
ZKP,"Zyryanka Airport","Zyryanka","Russia",65.7485,150.8889,140
UMS,"Ust-Maya Airport","Ust-Maya","Russia",60.356998443604,134.43499755859,561
ADH,"Aldan Airport","Aldan","Russia",58.60279846191406,125.40899658203125,2241
OLZ,"Olyokminsk Airport","Olekminsk","Russia",60.397499,120.471001,656
NLT,"Xinyuan Nalati Airport","Xinyuan","China",43.4318,83.3786,3050
PTA,"Port Alsworth Airport","Port alsworth","United States",60.201681,-154.325863,280
BOR,"Fontaine Airport","Belfort","France",47.655601501465,7.0108299255371,1208
OBC,"Obock Airport","Obock","Djibouti",11.967000007629395,43.266998291015625,69
TDJ,"Tadjoura Airport","Tadjoura","Djibouti",11.782999992370605,42.91699981689453,246
AQB,"Santa Cruz del Quiche Airport","Santa Cruz des Quiche","Guatemala",15.012200355529785,-91.15059661865234,6631
NOR,"Norðfjörður Airport","Nordfjordur","Iceland",65.13189697265625,-13.746399879455566,13
BTZ,"Bursa Airport","Bursa","Turkey",40.233299255371094,29.009199142456055,331
WAR,"Waris Airport","Waris-Papua Island","Indonesia",-3.235,140.994,1500
EWK,"Newton City-County Airport","Newton","United States",38.058200836199994,-97.2744979858,1533
BSJ,"Bairnsdale Airport","Bairnsdale","Australia",-37.88750076293945,147.5679931640625,165
TZR,"Taszár Air Base","Columbus","United States",46.39310073852539,17.917499542236328,531
FBR,"Fort Bridger Airport","Fort Bridger","United States",41.3918991089,-110.406997681,7034
CLS,"Chehalis Centralia Airport","Chehalis","United States",46.676998138399995,-122.983001709,176
EVW,"Evanston-Uinta County Airport-Burns Field","Evanston","United States",41.27479935,-111.0350037,7143
EUF,"Weedon Field","Eufala","United States",31.9512996674,-85.1288986206,285
MEO,"Dare County Regional Airport","Manteo","United States",35.91899872,-75.69550323,13
AUO,"Auburn University Regional Airport","Auburn","United States",32.615101,-85.433998,777
DBN,"W H 'Bud' Barron Airport","Dublin","United States",32.56439972,-82.98529816,309
PUK,"Pukarua Airport","Pukarua","French Polynesia",-18.29560089111328,-137.01699829101562,5
CVO,"Corvallis Municipal Airport","Corvallis","United States",44.49720001,-123.2900009,250
PXH,"Prominent Hill Airport","Prominent Hill","Australia",-29.716,135.5244,745
CWT,"Cowra Airport","Chatsworth","Australia",-33.84469985961914,148.6490020751953,966
OGD,"Ogden Hinckley Airport","Ogden","United States",41.195899963379,-112.0120010376,4473
AKO,"Colorado Plains Regional Airport","Akron","United States",40.1755981445,-103.222000122,4714
SHN,"Sanderson Field","Shelton","United States",47.233600616455,-123.14800262451,273
WNA,"Napakiak Airport","Napakiak","United States",60.69029998779297,-161.97900390625,17
PKA,"Napaskiak Airport","Napaskiak","United States",60.70289993,-161.7779999,24
YBW,"Bedwell Harbour Seaplane Base","Bedwell Harbour","Canada",48.75,-123.233001709,0
WSO,"Washabo Airport","Washabo","Suriname",5.215277,-57.185302,68
WKR,"Abaco I Walker C Airport","Walker's Cay","Bahamas",27.266700744628906,-78.39969635009766,10
GFO,"Bartica A Airport","Bartica","Guyana",6.358864,-58.655207,3
DYL,"Doylestown Airport","Doylestown","United States",40.3330001831,-75.1222991943,394
TGI,"Tingo Maria Airport","Tingo Maria","Peru",-9.133000373840332,-75.94999694824219,2010
TJL,"Plínio Alarcom Airport","Tres Lagoas","Brazil",-20.754199981689,-51.684200286865,1050
YZY,"Zhangye Ganzhou Airport","Zhangye","China",38.8018989563,100.675003052,5280
OAL,"Cacoal Airport","Cacoal","Brazil",-11.496,-61.4508,778
OCW,"Warren Field","Washington","United States",35.570499420166,-77.049797058105,38
MHC,"Mocopulli Airport","Castro","Chile",-42.340388,-73.715693,528
SWO,"Stillwater Regional Airport","Stillwater","United States",36.161201477051,-97.08570098877,1000
OKM,"Okmulgee Regional Airport","Okmulgee","United States",35.668098449707,-95.948699951172,720
CUH,"Cushing Municipal Airport","Cushing","United States",35.9499015808,-96.7731018066,916
CSM,"Clinton Sherman Airport","Clinton","United States",35.3398017883,-99.20050048830001,1922
WLD,"Strother Field","Winfield","United States",37.168598175,-97.0375976562,1160
PWA,"Wiley Post Airport","Oklahoma City","United States",35.53419876,-97.64710236,1300
DTN,"Shreveport Downtown Airport","Shreveport","United States",32.5401992798,-93.7450027466,179
SEP,"Stephenville Clark Regional Airport","Stephenville","United States",32.215301513672,-98.177696228027,1321
ADT,"Ada Regional Airport","Ada","United States",34.804298,-96.671303,1016
IRB,"Iraan Municipal Airport","Iraan","United States",30.9057006836,-101.891998291,2200
YEL,"Elliot Lake Municipal Airport","ELLIOT LAKE","Canada",46.351398468,-82.5614013672,1087
IKB,"Wilkes County Airport","North Wilkesboro","United States",36.2228012085,-81.09829711910001,1301
DAN,"Danville Regional Airport","Danville","United States",36.572898864746094,-79.33609771728516,571
ERG,"Yerbogachen Airport","Yerbogachen","Russia",61.2750015259,108.029998779,400
HCW,"Cheraw Municipal Airport/Lynch Bellinger Field","Cheraw","United States",34.71289825,-79.95700073,239
BEM,"Beni Mellal Airport","Beni Mellal","Morocco",32.401895,-6.315905,1694
NKT,"Şırnak Şerafettin Elçi Airport","Cizre","Turkey",37.3647,42.0582,2038
SUY,"Suntar Airport","Suntar","Russia",62.185001373291,117.63500213623,452
OUZ,"Tazadit Airport","Zouerat","Mauritania",22.756399154663086,-12.483599662780762,1129
ABB,"Asaba International Airport","Asaba","Nigeria",6.204167,6.665278,305
QUO,"Akwa Ibom International Airport","Uyo","Nigeria",4.8725,8.093,170
KAA,"Kasama Airport","Kasama","Zambia",-10.216699600219727,31.13330078125,4541
SGX,"Songea Airport","Songea","Tanzania",-10.682999610900879,35.58300018310547,3445
JUH,"Jiuhuashan Airport","Chizhou","China",30.7403,117.6856,60
AOG,"Anshan Air Base","Anshan","China",41.105301,122.853996,0
DQA,"Saertu Airport","Daqing","China",46.7463888889,125.140555556,496
ZYI,"Zunyi Xinzhou Airport","Zunyi","China",27.5895,107.0007,2920
LDS,"Lindu Airport","Yinchun","China",47.7520555556,129.019125,791
AVA,"Anshun Huangguoshu Airport","Anshun","China",26.2605555556,105.873333333,4812
KSS,"Sikasso Airport","Sikasso","Mali",11.333000183105469,-5.699999809265137,1378
WTB,"Toowoomba Wellcamp Airport","Toowoomba","Australia",-27.558332,151.793335,1509
TNH,"Tonghua Sanyuanpu Airport","Tonghua","China",42.2538888889,125.703333333,1200
SZV,"Suzhou Guangfu Airport","Suzhou","China",31.2631,120.401001,0
LII,"Mulia Airport","Mulia","Indonesia",-3.7018,137.957,6527
NTI,"Stenkol Airport","Bintuni","Indonesia",-2.1033,133.5164,57
WSR,"Wasior Airport","Wasior","Indonesia",-2.721,134.5061,49
DTB,"Silangit Airport","Siborong-Borong","Indonesia",2.25973,98.991898,4700
MEQ,"Seunagan Airport","Nagan Raya","Indonesia",4.25,96.21700286865234,10
BUW,"Betoambari Airport","Bau-Bau","Indonesia",-5.486879825592041,122.56900024414062,164
KAZ,"Kao Airport","Kao","Indonesia",1.1852799654006958,127.89600372314453,27
MNA,"Melangguane Airport","Melonguane","Indonesia",4.00694,126.672997,3
SGQ,"Sanggata/Sangkimah Airport","Sanggata","Indonesia",0.3847,117.543,60
BUU,"Muara Bungo Airport","Muara Bungo","Indonesia",-1.1278,102.135,214
ILA,"Illaga Airport","Illaga","Indonesia",-3.97648,137.6225,7989
OKL,"Oksibil Airport","Oksibil","Indonesia",-4.9071,140.6277,4315
KOX,"Kokonau Airport","Kokonau","Indonesia",-4.71075,136.43515,59
CMQ,"Clermont Airport","Clermont","Australia",-22.773099899291992,147.62100219726562,908
WMB,"Warrnambool Airport","Warrnambool","Australia",-38.2952995300293,142.44700622558594,242
RCM,"Richmond Airport","Richmond","Australia",-20.701900482177734,143.11500549316406,676
DCN,"RAAF Base Curtin","Derby","Australia",-17.5813999176,123.82800293,300
KNO,"Kualanamu International Airport","Medan","Indonesia",3.642222,98.885278,23
AMN,"Gratiot Community Airport","Kamloops","Canada",43.322101593,-84.68800354,754
HMY,"Seosan Air Base","Seosan","South Korea",36.703999,126.486,39
EMT,"San Gabriel Valley Airport","El Monte","United States",34.086102,-118.035004,296
FAH,"Farah Airport","Farah","Afghanistan",32.367000579833984,62.18299865722656,3083
IXT,"Pasighat Airport","Pasighat","India",28.066099166870117,95.33560180664062,477
KRQ,"Kramatorsk Airport","Kramatorsk","Ukraine",48.70560073852539,37.62889862060547,646
QKX,"Kautokeino Air Base","Kautokeino","Norway",69.04029846191406,23.034000396728516,1165
SSF,"Stinson Municipal Airport","Stinson","United States",29.336999893188,-98.471099853516,577
JAS,"Jasper County Airport-Bell Field","Jasper","United States",30.88570023,-94.03489685,213
MRF,"Marfa Municipal Airport","Marfa","United States",30.371099,-104.017997,4849
ALE,"Alpine Casparis Municipal Airport","Alpine","United States",30.384199142499998,-103.683998108,4515
BQE,"Bubaque Airport","Bubaque","Guinea-Bissau",11.297355651855469,-15.838079452514648,0
CZA,"Chichen Itza International Airport","Chichen Itza","Mexico",20.6413002014,-88.4461975098,102
BUY,"Bunbury Airport","Bunbury","Australia",-33.378299713134766,115.677001953125,53
CCB,"Cable Airport","Upland","United States",34.1115989685,-117.68800354,1444
EKI,"Elkhart Municipal Airport","Elkhart","United States",41.7193984985,-86.00319671630001,778
CUB,"Jim Hamilton L.B. Owens Airport","Columbia","United States",33.970500946,-80.9952011108,193
GDC,"Donaldson Field Airport","Greenville","United States",34.758301,-82.376404,955
HVS,"Hartsville Regional Airport","Hartsville","United States",34.4030990601,-80.11920166019999,364
SZT,"San Cristobal de las Casas Airport","San Cristobal de las Casas","Mexico",16.690299987793,-92.530097961426,7707
DU9,"Dunnville Airport","Dunnville","Canada",42.872200012200004,-79.5958023071,600
RIH,"Scarlett Martinez International Airport","Rio Hato","Panama",8.375880241394,-80.127899169922,105
LEE,"Leesburg International Airport","Leesburg","United States",28.82309914,-81.80870056,76
PPY,"Pouso Alegre Airport","Pouso Alegre","Brazil",-22.289199829101562,-45.91910171508789,2904
DIQ,"Brigadeiro Cabral Airport","Divinopolis","Brazil",-20.180700302124,-44.870899200439,2608
EIK,"Yeysk Airport","Eysk","Russia",46.68,38.21,60
ERD,"Berdyansk Airport","Berdyansk","Ukraine",46.814998626708984,36.75809860229492,171
BWX,"Blimbingsari Airport","Banyuwangi","Indonesia",-8.31015,114.3401,112
ERL,"Erenhot Saiwusu International Airport","Erenhot","China",43.4225,112.096667,3301
CNO,"Chino Airport","Chino","United States",33.97470093,-117.637001,650
HTR,"Hateruma Airport","Taketomi","Japan",24.0589008331,123.805999756,43
BWW,"Las Brujas Airport","Cayo Santa Maria","Cuba",22.621299743699996,-79.1472015381,13
PRB,"Paso Robles Municipal Airport","Paso Robles","United States",35.67290115,-120.6269989,840
PKX,"Beijing Daxing International Airport","Beijing","China",39.509945,116.41092,98
HAF,"Half Moon Bay Airport","Half Moon Bay","United States",37.513401031499995,-122.500999451,66
HCJ,"Hechi Jinchengjiang Airport","Hechi","China",24.805,107.6997,2221
WJF,"General WM J Fox Airfield","Lancaster","United States",34.74110031,-118.2190018,2351
CJF,"Coondewanna Airport","Coondewanna","Australia",-22.96669960022,118.81300354004,2300
GUZ,"Guarapari Airport","Guarapari","Brazil",-20.646499633800005,-40.491901397700005,28
UBT,"Ubatuba Airport","Ubatuba","Brazil",-23.441099166870117,-45.075599670410156,13
BOX,"Borroloola Airport","Borroloola","Australia",-16.075300216674805,136.302001953125,55
QUG,"Chichester/Goodwood Airport","Goodwood","United Kingdom",50.85940170288086,-0.7591670155525208,98
TNW,"Jumandy Airport","Tena","Ecuador",-1.059722,-77.583333,1234
FYJ,"Dongji Aiport","Fuyuan","China",48.199494,134.366447,0
PZL,"Zulu Inyala Airport","Phinda","South Africa",-27.84939956665039,32.30970001220703,160
LPF,"Liupanshui Yuezhao Airport","Liupanshui","China",26.609417,104.979,0
KJH,"Kaili Airport","Kaili","China",26.972,107.988,3115
HPG,"Shennongjia Hongping Airport","Shennongjia","China",31.626,110.34,8365
ZQZ,"Zhangjiakou Ningyuan Airport","Zhangjiakou","China",40.7386016846,114.930000305,2347
YIE,"Arxan Yi'ershi Airport","Arxan","China",47.3106,119.9117,2925
HNY,"Hengyang Nanyue Airport","Hengyang","China",26.9053,112.627998,0
AHJ,"Hongyuan Airport","Ngawa","China",32.53154,102.35224,11600
WOS,"Wonsan Kalma International Airport","Wonsan","North Korea",39.166801,127.486,7
IGT,"Magas Airport","Magas","Russia",43.322299957300004,45.0125999451,1165
ASN,"Talladega Municipal Airport","Talladega","United States",33.569900512699995,-86.05090332030001,529
GMU,"Greenville Downtown Airport","Greenville","United States",34.847900390599996,-82.34999847410002,1048
NGD,"Captain Auguste George Airport","Anegada","British Virgin Islands",18.72719955444336,-64.32969665527344,9
TOI,"Troy Municipal Airport at N Kenneth Campbell Field","Troy","United States",31.860399,-86.012101,398
ETS,"Enterprise Municipal Airport","Enterprise","United States",31.29969978,-85.89990234,361
EFG,"Efogi Airport","Efogi","Papua New Guinea",-9.15380555556,147.659805556,3900
KGW,"Kagi Airport","Kagi","Papua New Guinea",-9.135916666670001,147.669444444,4200
NDN,"Nadunumu Airport","Nadunumu","Papua New Guinea",-9.14355555556,147.68425,5100
BNM,"Bodinumu Airport","Bodinumu","Papua New Guinea",-9.107777777779999,147.666722222,3700
ALX,"Thomas C Russell Field","Alexander City","United States",32.914699554399995,-85.9629974365,686
PKT,"Port Keats Airport","Wadeye","Australia",-14.25,129.5290069580078,91
GPN,"Garden Point Airport","Pirlangimpi","Australia",-11.40250015258789,130.4219970703125,90
DOH,"Hamad International Airport","Doha","Qatar",25.273056,51.608056,13
HZP,"Fort Mackay / Horizon Airport","Wood Buffalo","Canada",57.3816986084,-111.700996399,916
HDE,"Brewster Field","Holdredge","United States",40.452099,-99.336502,2313
PTT,"Pratt Regional Airport","Pratt","United States",37.70159912,-98.74690247,1953
LXN,"Jim Kelly Field","Lexington","United States",40.791000366199995,-99.7772979736,2413
CBF,"Council Bluffs Municipal Airport","Council Bluffs","United States",41.2592010498,-95.760597229,1253
OKK,"Kokomo Municipal Airport","Kokomo","United States",40.528198242188,-86.05899810791,830
GBG,"Galesburg Municipal Airport","Galesburg","United States",40.937999725299996,-90.431098938,764
GUY,"Guymon Municipal Airport","Guymon","United States",36.6851005554,-101.508003235,3123
IDP,"Independence Municipal Airport","Independence","United States",37.1584014893,-95.77839660640001,825
BBC,"Bay City Municipal Airport","Bay City","United States",28.9733009338,-95.8635025024,45
PRX,"Cox Field","Paris","United States",33.636600494385,-95.450798034668,547
CFV,"Coffeyville Municipal Airport","Coffeyville","United States",37.09400177,-95.5718994141,754
GXY,"Greeley–Weld County Airport","Greeley","United States",40.4374008179,-104.633003235,4697
OEL,"Oryol Yuzhny Airport","Oakley","United States",52.934700012200004,36.0022010803,656
FET,"Fremont Municipal Airport","Fremont","United States",41.44910049,-96.52020264,1204
LGD,"La Grande/Union County Airport","La Grande","United States",45.2901992798,-118.007003784,2717
SZY,"Olsztyn-Mazury Airport","Szczytno-Szymany","Poland",53.481899,20.9377,463
MPO,"Pocono Mountains Municipal Airport","Mount Pocono","United States",41.137503,-75.378897,1915
UKT,"Quakertown Airport","Quakertown","United States",40.435199737549,-75.381896972656,526
YBA,"Banff Airport","Banff","Canada",51.207340469900004,-115.541861057,4583
BNG,"Banning Municipal Airport","Banning","United States",33.9230995178,-116.850997925,2219
OFK,"Karl Stefan Memorial Airport","Norfolk  Nebraska","United States",41.985500335693,-97.435096740723,1573
TFL,"Juscelino Kubitscheck Airport","Teofilo Otoni","Brazil",-17.89229965209961,-41.51359939575195,1572
TPF,"Peter O Knight Airport","Tampa","United States",27.915599822998,-82.44930267334,8
BZC,"Umberto Modiano Airport","Buzios","Brazil",-22.770999908447266,-41.96289825439453,10
ITP,"Itaperuna Airport","Itaperuna","Brazil",-21.219299316399997,-41.8759002686,410
REZ,"Resende Airport","Resende","Brazil",-22.4785003662,-44.4803009033,1320
KBN,"Tunta Airport","Kabinda","Congo (Kinshasa)",-6.132999897,24.4829998016,2766
IKL,"Ikela Airport","Ikela","Congo (Kinshasa)",-1.048109,23.372501,1283
AIR,"Aripuanã Airport","Aripuana","Brazil",-10.188278,-59.457273,623
JRN,"Juruena Airport","Juruena","Brazil",-10.305832862854004,-58.489444732666016,525
JIA,"Juína Airport","Juina","Brazil",-11.419444,-58.701668,1083
VLP,"Vila Rica Airport","Vila Rica","Brazil",-9.979443550109863,-51.1422233581543,892
JUA,"Inácio Luís do Nascimento Airport","Juara","Brazil",-11.2966,-57.5495,870
CCX,"Cáceres Airport","Caceres","Brazil",-16.04360008239746,-57.62990188598633,492
TGQ,"Tangará da Serra Airport","Tangara da Serra","Brazil",-14.661999702500001,-57.4435005188,1460
CQA,"Canarana Airport","Canarana","Brazil",-13.574443817138672,-52.27055740356445,1314
MTG,"Vila Bela da Santíssima Trindade Airport","Vila Bela da Santissima Trindade ","Brazil",-14.9942,-59.9458,660
BMB,"Bumbar Airport","Bumba","Congo (Kinshasa)",2.18278,22.481701,0
APQ,"Arapiraca Airport","Arapiraca","Brazil",-9.775360107421875,-36.62919998168945,886
FLB,"Cangapara Airport","Floriano","Brazil",-6.8463897705078125,-43.077301025390625,689
PCS,"Picos Airport","Picos","Brazil",-7.0620598793029785,-41.52370071411133,1050
BNC,"Beni Airport","Beni","Congo (Kinshasa)",0.575,29.4739,3517
BNB,"Boende Airport","Boende","Congo (Kinshasa)",-0.21699999272823334,20.850000381469727,1168
MTP,"Montauk Airport","Montauk","United States",41.0765,-71.920797,6
VPZ,"Porter County Municipal Airport","Valparaiso IN","United States",41.45399857,-87.00710297,770
DRV,"Dharavandhoo Airport","DHARAVANDHOO","Maldives",5.1561,73.1302,6
SXK,"Saumlaki/Olilit Airport","Saumlaki","Indonesia",-7.9886097908,131.305999756,218
MLZ,"Cerro Largo International Airport","Melo","Uruguay",-32.33789825439453,-54.21670150756836,364
PDU,"Tydeo Larre Borges Airport","Paysandu","Uruguay",-32.36330032348633,-58.0619010925293,138
ATI,"Artigas International Airport","Artigas ","Uruguay",-30.400699615478516,-56.50790023803711,410
HSM,"Horsham Airport","Horsham","Australia",-36.669700622558594,142.17300415039062,445
SWH,"Swan Hill Airport","Swan Hill","Australia",-35.37580108642578,143.5330047607422,234
TTL,"Turtle Island Seaplane Base","Turtle Island","Fiji",-16.966,177.368,0
KWB,"Dewadaru - Kemujan Island","Karimunjawa","Indonesia",-5.80091,110.47838,35
KOO,"Kongolo Airport","Kongolo","Congo (Kinshasa)",-5.39444,26.99,1850
AOU,"Attopeu Airport","Attopeu","Laos",14.814715357,106.821699142,344
SQX,"São Miguel do Oeste Airport","Sao Miguel do Oeste","Brazil",-26.781600952148438,-53.503501892089844,2180
LDM,"Mason County Airport","Ludington","United States",43.96250153,-86.40789795,646
RHV,"Reid-Hillview Airport of Santa Clara County","San Jose","United States",37.332901001,-121.819000244,135
OHS,"Sohar Airport","Sohar","Oman",24.38604,56.62541,20
KCF,"Kadanwari Airport","Kadanwari","Pakistan",27.1667003632,69.31670379639999,248
RZS,"Sawan Airport","Sindh","Pakistan",26.9662,68.878098,160
TMF,"Thimarafushi Airport","Thimarafushi","Maldives",2.211,73.1533,6
IFU,"Ifuru Airport","Ifuru","Maldives",5.7083,73.025,20
KZF,"Kaintiba Airport","Kieta","Papua New Guinea",-7.50025,146.033833333,2050
OGU,"Ordu Giresun Airport","Ordu-Giresun","Turkey",40.966047,38.080994,11
YKO,"Hakkari Yüksekova Airport","Hakkari","Turkey",37.5497,44.2381,6400
BUT,"Bathpalathang Airport","Jakar","Bhutan",27.5622,90.7471,8485
TLI,"Sultan Bantilan Airport","Toli-Toli","Indonesia",1.123428,120.793658,40
TQL,"Tarko-Sale Airport","Tarko-Sale","Russia",64.9308013916,77.81809997559999,82
JIC,"Jinchuan Airport","Jinchuan","China",38.542222222199996,102.348333333,4740
BPL,"Alashankou Bole (Bortala) airport","Bole","China",44.895,82.3,1253
FYN,"Fuyun Koktokay Airport","Fuyun","China",46.804169,89.512006,3081
ACS,"Achinsk Airport","Achinsk","Russia",56.2682991027832,90.57080078125,1033
LFQ,"Linfen Qiaoli Airport","LINFEN","China",36.132629,111.641236,1483
YJP,"Hinton/Jasper-Hinton Airport","Hinton","Canada",53.3191986084,-117.752998352,4006
WVI,"Watsonville Municipal Airport","Watsonville","United States",36.9356994629,-121.790000916,163
GLU,"Gelephu Airport","Gelephu","Bhutan",26.88456,90.46412,980
HLI,"Hollister Municipal Airport","Hollister","United States",36.8932991028,-121.410003662,230
DLK,"Dulkaninna Airport","Dulkaninna","Australia",-29.0132999420166,138.4810028076172,0
YBS,"Opapimiskan Lake Airport","Musselwhite Mine","Canada",52.6067008972,-90.3768997192,1023
RIZ,"Rizhao Shanzihe Airport","Rizhao","China",35.405033,119.324403,121
SQJ,"Shaxian Airport","Sanming","China",26.4263,117.8336,830
XTO,"Taroom Airport","Taroom","Australia",-25.801700592041016,149.89999389648438,240
YSE,"Squamish Airport","Squamish","Canada",49.7817001343,-123.162002563,171
YAH,"La Grande-4 Airport","La Grande-4","Canada",53.754699707,-73.6753005981,1005
YAL,"Alert Bay Airport","Alert Bay","Canada",50.58219909667969,-126.91600036621094,240
YCE,"Centralia / James T. Field Memorial Aerodrome","Centralia","Canada",43.285599,-81.508301,824
YCQ,"Chetwynd Airport","Chetwynd","Canada",55.687198638916016,-121.62699890136719,2000
XRR,"Ross River Airport","Ross River","Canada",61.9706001282,-132.42300415,2314
YDO,"Dolbeau St Felicien Airport","Dolbeau-St-Félicien","Canada",48.778499603271,-72.375,372
YEY,"Amos/Magny Airport","Amos","Canada",48.563903,-78.249702,1068
YHE,"Hope Airport","Hope","Canada",49.3683013916,-121.498001099,128
YHT,"Haines Junction Airport","Haines Junction","Canada",60.78919982910156,-137.54600524902344,2150
YDG,"Digby / Annapolis Regional Airport","Digby","Canada",44.5458450365,-65.7854247093,499
YJF,"Fort Liard Airport","Fort Liard","Canada",60.235801696799996,-123.46900177,708
YKJ,"Key Lake Airport","Key Lake","Canada",57.256099700927734,-105.61799621582031,1679
YLR,"Leaf Rapids Airport","Leaf Rapids","Canada",56.513301849365234,-99.98529815673828,959
YME,"Matane Airport","Matane","Canada",48.85689926147461,-67.45330047607422,102
YML,"Charlevoix Airport","Charlevoix","Canada",47.59749984741211,-70.2238998413086,977
YOS,"Owen Sound / Billy Bishop Regional Airport","Owen Sound","Canada",44.5903015137,-80.8375015259,1007
YPS,"Port Hawkesbury Airport","Port Hawkesbury","Canada",45.6567001343,-61.3680992126,377
YQS,"St Thomas Municipal Airport","St Thomas","Canada",42.77000045776367,-81.11080169677734,778
YRO,"Ottawa / Rockcliffe Airport","Ottawa","Canada",45.4603004456,-75.64610290530001,188
YSH,"Smiths Falls-Montague (Russ Beach) Airport","Smiths Falls","Canada",44.94580078125,-75.94059753417969,416
YSL,"St Leonard Airport","St Leonard","Canada",47.157501220703125,-67.83470153808594,793
YVE,"Vernon Airport","Vernon","Canada",50.24810028076172,-119.33100128173828,1140
YXQ,"Beaver Creek Airport","Beaver Creek","Canada",62.410301208496094,-140.86700439453125,2131
YSN,"Shuswap Regional Airport","Salmon Arm","Canada",50.682802,-119.228996,1751
KES,"Kelsey Airport","Kelsey","Canada",56.0374984741,-96.50969696039999,600
XPK,"Pukatawagan Airport","Pukatawagan","Canada",55.7491989136,-101.26599884,958
ZGF,"Grand Forks Airport","Grand Forks","Canada",49.01559829711914,-118.43099975585938,1720
ZJG,"Jenpeg Airport","Jenpeg","Canada",54.51890182495117,-98.04609680175781,729
YTD,"Thicket Portage Airport","Thicket Portage","Canada",55.31890106201172,-97.70780181884766,678
PIW,"Pikwitonei Airport","Pikwitonei","Canada",55.58890151977539,-97.16419982910156,630
XPP,"Poplar River Airport","Poplar River","Canada",52.9965258788,-97.2741937637,728
WPC,"Pincher Creek Airport","Pincher Creek","Canada",49.520599365200006,-113.997001648,3903
ZST,"Stewart Airport","Stewart","Canada",55.935410448,-129.982434511,24
ZUC,"Ignace Municipal Airport","Ignace","Canada",49.4296989440918,-91.7177963256836,1435
FNB,"Neubrandenburg Airport","Neubrandenburg","Germany",53.6022,13.306,228
FSS,"RAF Kinloss","Kinloss","United Kingdom",57.6493988037,-3.56064009666,22
BXP,"Biała Podlaska Airfield","Biała Podlaska","Poland",52.00078,23.1325278,485
DGP,"Daugavpils Intrenational Airport","Daugavpils","Latvia",55.944721221900004,26.6650009155,398
LMR,"Lime Acres Finsch Mine Airport","Lime Acres","South Africa",-28.36009979248047,23.43910026550293,4900
SXN,"Sua Pan Airport","Sowa","Botswana",-20.5534,26.115801,2985
NDD,"Sumbe Airport","Sumbe","Angola",-11.167900085449219,13.84749984741211,36
MAI,"Mangochi Airport","Mangochi","Malawi",-14.482999801635742,35.266998291015625,1580
ADI,"Arandis Airport","Arandis","Namibia",-22.462200164794922,14.979999542236328,1905
MWE,"Merowe New Airport","Merowe","Sudan",18.4433333333,31.8433333333,897
ALN,"St Louis Regional Airport","Alton/St Louis","United States",38.89030075069999,-90.0459976196,544
AXN,"Chandler Field","Alexandria","United States",45.8662986755,-95.39469909670001,1425
CLU,"Columbus Municipal Airport","Columbus","United States",39.2619018555,-85.8963012695,656
BBD,"Curtis Field","Brady","United States",31.1793003082,-99.3238983154,1827
BIH,"Eastern Sierra Regional Airport","Bishop","United States",37.3731002808,-118.363998413,4124
BKE,"Baker City Municipal Airport","Baker City","United States",44.837299346900004,-117.808998108,3373
BPI,"Miley Memorial Field","Big Piney","United States",42.58509827,-110.1110001,6990
WMH,"Ozark Regional Airport","Mountain Home","United States",36.3689002991,-92.47049713130001,928
BTL,"W K Kellogg Airport","Battle Creek","United States",42.307300567599995,-85.2515029907,952
BYI,"Burley Municipal Airport","Burley","United States",42.542598724399994,-113.772003174,4150
CCY,"Northeast Iowa Regional Airport","Charles City","United States",43.0726013184,-92.6108016968,1125
CNU,"Chanute Martin Johnson Airport","Chanute","United States",37.668800354,-95.4850997925,1002
CRG,"Jacksonville Executive at Craig Airport","Jacksonville","United States",30.3362998962,-81.51439666750001,41
CSV,"Crossville Memorial Whitson Field","Crossville","United States",35.9513015747,-85.08499908450001,1881
DAA,"Davison Army Air Field","Fort Belvoir","United States",38.715000152600005,-77.1809997559,73
DAG,"Barstow Daggett Airport","Daggett","United States",34.85369873,-116.7870026,1930
DMN,"Deming Municipal Airport","Deming","United States",32.262298584,-107.721000671,4314
DRA,"Desert Rock Airport","Mercury","United States",36.6194,-116.032997,3314
EED,"Needles Airport","Needles","United States",34.7663002014,-114.623001099,983
EGI,"Duke Field","Crestview","United States",30.65040016,-86.52290344,191
EKA,"Murray Field","Eureka","United States",40.803398132299996,-124.112998962,7
HYR,"Sawyer County Airport","Hayward","United States",46.025199890100005,-91.44429779050002,1216
JCT,"Kimble County Airport","Junction","United States",30.5112991333,-99.7634963989,1749
LOL,"Derby Field","Lovelock","United States",40.0663986206,-118.565002441,3904
MBG,"Mobridge Municipal Airport","Mobridge","United States",45.54650116,-100.4079971,1716
MCB,"Mc Comb/Pike County Airport/John E Lewis Field","Mc Comb","United States",31.17849922,-90.47190094,413
MDH,"Southern Illinois Airport","Carbondale/Murphysboro","United States",37.778099060058594,-89.25199890136719,411
MMT,"Mc Entire Joint National Guard Base","Eastover","United States",33.92079926,-80.80130005,254
NHZ,"Brunswick Executive Airport","Brunswick","United States",43.89220047,-69.93859863,72
NRB,"Naval Station Mayport (Admiral David L. Mcdonald Field)","Mayport","United States",30.39109993,-81.42469788,15
OGB,"Orangeburg Municipal Airport","Orangeburg","United States",33.456798553467,-80.859497070312,195
OTM,"Ottumwa Regional Airport","Ottumwa","United States",41.10660172,-92.44789886,845
OZR,"Cairns AAF (Fort Rucker) Air Field","Fort Rucker/Ozark","United States",31.27569962,-85.71340179,301
PWY,"Ralph Wenz Field","Pinedale","United States",42.79550171,-109.8069992,7102
POU,"Dutchess County Airport","Poughkeepsie","United States",41.6265983581543,-73.88420104980469,165
RSL,"Russell Municipal Airport","Russell","United States",38.872100830078,-98.811798095703,1862
RWF,"Redwood Falls Municipal Airport","Redwood Falls","United States",44.54719925,-95.08229828,1024
SNS,"Salinas Municipal Airport","Salinas","United States",36.662799835205,-121.60600280762,85
TPH,"Tonopah Airport","Tonopah","United States",38.06019974,-117.086998,5430
UKI,"Ukiah Municipal Airport","Ukiah","United States",39.125999450684,-123.20099639893,614
UOX,"University Oxford Airport","Oxford","United States",34.384300231934,-89.536796569824,452
HTV,"Huntsville Regional Airport","Huntsville","United States",30.7469005585,-95.5871963501,363
VTN,"Miller Field","Valentine","United States",42.85779953,-100.5479965,2596
WMC,"Winnemucca Municipal Airport","Winnemucca","United States",40.8965988159,-117.805999756,4308
WWR,"West Woodward Airport","Woodward","United States",36.438,-99.5226667,2189
ZZV,"Zanesville Municipal Airport","Zanesville","United States",39.9444007874,-81.89209747310001,900
ECV,"Cuatro Vientos Airport","Madrid","Spain",40.370701,-3.78514,2269
CDT,"Castellón-Costa Azahar Airport","Castellón de la Plana","Spain",40.213889,0.073333,1145
TEV,"Teruel Airport","Teruel","Spain",40.403,-1.2183,3380
QLP,"Sarzana-Luni Air Base","Sarzana (SP)","Italy",44.088001,9.98795,45
BJY,"Batajnica Air Base","Batajnica","Serbia",44.935299,20.2575,265
RUV,"Rubelsanto Airport","Rubelsanto","Guatemala",15.991999626159668,-90.44529724121094,426
XPL,"Coronel Enrique Soto Cano Air Base","Comayagua","Honduras",14.3824,-87.621201,2061
UPL,"Upala Airport","Upala","Costa Rica",10.8922,-85.016197,184
QSN,"San Nicolas De Bari Airport","San Nicolás","Cuba",22.756099700927734,-81.9208984375,49
SNJ,"San Julian Air Base","Pinar Del Rio","Cuba",22.095300674438477,-84.1520004272461,98
DWD,"King Salman Abdulaziz Airport","","Saudi Arabia",24.4499,44.121201,3026
KMX,"King Khaled Air Base","","Saudi Arabia",18.297300338745117,42.80350112915039,6778
XXN,"Riyadh Air Base","Riyadh","Saudi Arabia",24.709800720214844,46.72520065307617,2082
KNR,"Jam Airport","Kangan","Iran",27.820499420166016,52.35219955444336,2173
PYK,"Payam International Airport","Karaj","Iran",35.776100158691,50.826698303223,4170
XIJ,"Ahmed Al Jaber Air Base","Ahmed Al Jaber AB","Kuwait",28.9347991943,47.791900634799994,409
ATG,"Minhas Air Base","Kamra","Pakistan",33.8690986633,72.4009017944,1023
SGI,"Mushaf Air Base","Sargodha","Pakistan",32.04859924316406,72.66500091552734,614
RQW,"Qayyarah West Airport","Qayyarah","Iraq",35.76720047,43.125099182099994,749
ENN,"Nenana Municipal Airport","Nenana","United States",64.54730224609375,-149.07400512695312,362
WWA,"Wasilla Airport","Wasilla","United States",61.5717010498,-149.539993286,354
IWK,"Iwakuni Marine Corps Air Station","Iwakuni","Japan",34.143902,132.235992,7
IEJ,"Ie Jima Airport","Ie","Japan",26.7220001221,127.785003662,246
AAV,"Allah Valley Airport","Surallah","Philippines",6.366819858551025,124.7509994506836,659
BPH,"Bislig Airport","","Philippines",8.19594955444336,126.3219985961914,12
MXI,"Mati National Airport","","Philippines",6.949091,126.27368,156
BAT,"Chafei Amsei Airport","Barretos","Brazil",-20.584499359131,-48.594100952148,1898
QHP,"Base de Aviação de Taubaté Airport","Taubaté","Brazil",-23.04010009765625,-45.51599884033203,1908
TOQ,"Barriles Airport","Tocopilla","Chile",-22.14109992980957,-70.06289672851562,3475
CNR,"Chañaral Airport","Chañaral","Chile",-26.332500457763672,-70.6072998046875,97
TLX,"Panguilemo Airport","Talca","Chile",-35.37779998779297,-71.60169982910156,371
ZIC,"Victoria Airport","Victoria","Chile",-38.245601654052734,-72.34860229492188,1148
TTC,"Las Breas Airport","Taltal","Chile",-25.564300537109375,-70.37590026855469,2580
API,"Gomez Nino Apiay Air Base","Apiay","Colombia",4.07607,-73.5627,1207
CVE,"Coveñas Airport","Coveñas","Colombia",9.40092,-75.6913,31
PAL,"German Olano Air Base","La Dorada","Colombia",5.48361,-74.6574,566
PZA,"Paz De Ariporo Airport","Paz De Ariporo","Colombia",5.87615,-71.8866,900
TQS,"Tres Esquinas Air Base","Tres Esquinas","Colombia",0.7459,-75.234,585
RIJ,"Juan Simons Vela Airport","Rioja","Peru",-6.067860126495361,-77.16000366210938,2707
JAE,"Shumba Airport","Jaén","Peru",-5.59248,-78.774002,2477
IKU,"Issyk-Kul International Airport","Tamchy","Kyrgyzstan",42.58792,76.713046,5425
VYI,"Vilyuisk Airport","Vilyuisk","Russia",63.75666809082,121.69333648682,361
BGN,"Belaya Gora Airport","","Russia",68.556602,146.231506,118
GVN,"Maygatka Airport.","Sovetskaya Gavan","Russia",48.926998138399995,140.033996582,768
NLI,"Nikolayevsk-na-Amure Airport","Nikolayevsk-na-Amure Airport","Russia",53.154999,140.649994,170
VLK,"Volgodonsk Airport","","Russia",47.682098388671875,42.07279968261719,276
INA,"Inta Airport","Inta","Russia",66.0548324584961,60.110321044921875,184
ZIX,"Zhigansk Airport","Zhigansk","Russia",66.7965011597,123.361000061,292
RTC,"Ratnagiri Airport","","India",17.013599,73.327797,305
HIM,"Hingurakgoda Air Force Base","Polonnaruwa Town","Sri Lanka",8.04981,80.9814,170
RDP,"Kazi Nazrul Islam Airport","Durgapur","India",23.6225,87.243,300
PUT,"Sri Sathya Sai Airport","Puttaparthi","India",14.1492996216,77.7910995483,1558
LNX,"Smolensk North Airport","Smolensk","Russia",54.824,32.025,820
ABH,"Alpha Airport","Alpha","Australia",-23.646099,146.584,1255
ARY,"Ararat Airport","","Australia",-37.30939865112305,142.98899841308594,1008
BLN,"Benalla Airport","","Australia",-36.55189895629883,146.0070037841797,569
BZD,"Balranald Airport","","Australia",-34.623600006103516,143.5780029296875,210
BWQ,"Brewarrina Airport","","Australia",-29.973899841308594,146.81700134277344,414
CVC,"Cleve Airport","","Australia",-33.70970153808594,136.5050048828125,589
CWW,"Corowa Airport","","Australia",-35.99470138549805,146.35699462890625,469
CYG,"Corryong Airport","","Australia",-36.18280029296875,147.88800048828125,963
CMD,"Cootamundra Airport","","Australia",-34.6239013671875,148.0279998779297,1110
DRN,"Dirranbandi Airport","","Australia",-28.591699600219727,148.2169952392578,567
DNQ,"Deniliquin Airport","Deniliquin","Australia",-35.5593986511,144.945999146,316
DYA,"Dysart Airport","","Australia",-22.62220001220703,148.36399841308594,670
ECH,"Echuca Airport","","Australia",-36.15719985961914,144.76199340820312,323
FRB,"Forbes Airport","Forbes","Australia",-33.363602,147.934998,760
GUH,"Gunnedah Airport","","Australia",-30.96109962463379,150.25100708007812,863
HXX,"Hay Airport","","Australia",-34.53139877319336,144.8300018310547,305
HTU,"Hopetoun Airport","","Australia",-35.715301513671875,142.36000061035156,256
KRA,"Kerang Airport","","Australia",-35.751399993896484,143.93899536132812,254
KPS,"Kempsey Airport","","Australia",-31.074399948120117,152.77000427246094,54
KGY,"Kingaroy Airport","","Australia",-26.580799102783203,151.84100341796875,1492
TGN,"Latrobe Valley Airport","Morwell","Australia",-38.207199,146.470001,180
MRG,"Mareeba Airport","","Australia",-17.06920051574707,145.41900634765625,1560
RPM,"Ngukurr Airport","","Australia",-14.722800254821777,134.7469940185547,45
QRM,"Narromine Airport","","Australia",-32.214698791503906,148.22500610351562,782
PPI,"Port Pirie Airport","","Australia",-33.23889923095703,137.9949951171875,40
SIO,"Smithton Airport","","Australia",-40.834999084472656,145.08399963378906,31
SNB,"Snake Bay Airport","","Australia",-11.422800064086914,130.6540069580078,173
SWC,"Stawell Airport","","Australia",-37.07170104980469,142.74099731445312,807
TYB,"Tibooburra Airport","","Australia",-29.451099395751953,142.05799865722656,584
TUM,"Tumut Airport","","Australia",-35.26279830932617,148.24099731445312,878
WGT,"Wangaratta Airport","","Australia",-36.41579818725586,146.3070068359375,504
WKB,"Warracknabeal Airport","","Australia",-36.32109832763672,142.41900634765625,397
QRR,"Warren Airport","","Australia",-31.733299255371094,147.80299377441406,669
SXE,"West Sale Airport","Sale","Australia",-38.090827,146.965335,72
WWY,"West Wyalong Airport","West Wyalong","Australia",-33.9371986389,147.190994263,859
NGA,"Young Airport","","Australia",-34.25559997558594,148.2480010986328,1267
LHK,"Guangzhou MR Air Base","Guanghua","China",32.389400482177734,111.69499969482422,0
WDS,"Shiyan Wudangshan Airport","Shiyan","China",32.591667,110.907778,0
HTT,"Huatugou Airport","Mengnai","China",38.201984,90.841495,2945
UUN,"Baruun Urt Airport","","Mongolia",46.660301208496094,113.28500366210938,3205
BFU,"Bengbu Airport","Bengbu","China",32.8477333333,117.320244444,100
RUG,"Rugao Air Base","Rugao","China",32.25788497924805,120.50165557861328,0
WHU,"Wuhu Air Base","Wuhu","China",31.3906,118.408997,0
SXJ,"Shanshan Airport","Shanshan","China",42.91170120239258,90.24749755859375,0
YKH,"Yingkou Lanqi Airport","Yingkou","China",40.542524,122.3586,0
BQG,"Bogorodskoye Airport","Bogorodskoe","Russia",52.38,140.448,0
HYD,"Rajiv Gandhi International Airport","Hyderabad","India",17.2313175201,78.4298553467,2024
PKO,"Parakou Airport","Parakou","Benin",9.35768985748291,2.609679937362671,1266
KDC,"Kandi Airport","Kandi","Benin",11.14479,2.940381,951
HMG,"Hermannsburg Airport","Hermannsburg","Australia",-23.93000030517578,132.80499267578125,593
BIB,"Baidoa Airport","Baidoa","Somalia",3.102220058441162,43.62860107421875,1820
KCS,"Kings Creek Airport","Petermann","Australia",-24.42329978942871,131.8350067138672,615
BMR,"Baltrum Airport","Baltrum","Germany",53.72472381591797,7.373332977294922,7
MVW,"Skagit Regional Airport","Skagit","United States",48.4709014893,-122.42099762,144
GOO,"Goondiwindi Airport","Goondiwindi","Australia",-28.521400451660156,150.32000732421875,714
APT,"Marion County Brown Field","Jasper","United States",35.060699,-85.585297,641
DCU,"Pryor Field Regional Airport","Decatur","United States",34.652698516799994,-86.94539642330001,592
GLW,"Glasgow Municipal Airport","Glasgow","United States",37.03179932,-85.9536972,716
DKV,"Docker River Airport","Docker River","Australia",-24.860000610351562,129.07000732421875,589
RNZ,"Jasper County Airport","Rensselaer","United States",40.9478988647,-87.1826019287,698
SBT,"Sabetta International Airport","Sabetta","Russia",71.219167,72.052222,46
AXF,"Alxa Left Banner Bayanhot Airport","Alxa Left Banner","China",38.74831,105.58858,4560
NIS,"Simberi Airport","Simberi Island","Papua New Guinea",-2.66222222222,151.997777778,10
BUL,"Bulolo Airport","Bulolo","Papua New Guinea",-7.216286671410001,146.649541855,2240
TBR,"Statesboro Bulloch County Airport","Statesboro","United States",32.4827003479,-81.73690032959999,187
AMT,"Amata Airport","Amata","Australia",-26.108299255371094,131.20700073242188,695
EDD,"Erldunda Airport","Erldunda","Australia",-25.205799102800004,133.253997803,0
FIK,"Finke Airport","Finke","Australia",-25.5946998596,134.582992554,0
JJG,"Humberto Ghizzo Bortoluzzi Regional Airport","Jaguaruna","Brazil",-28.6753,-49.0596,120
WKI,"Hwange (Town) Airport","Hwange","Zimbabwe",-18.362967,26.519791,2500
KLJ,"Klaipėda Airport","Klaipeda","Lithuania",55.7118988037,21.242799758900002,59
ETB,"West Bend Municipal Airport","WEST BEND","United States",43.4221992493,-88.1278991699,887
GLR,"Gaylord Regional Airport","GAYLORD","United States",45.013500213600004,-84.7035980225,1328
AID,"Anderson Municipal Darlington Field","ANDERSON","United States",40.10860061649999,-85.6129989624,919
QND,"Cenej Airport","Novi Sad","Serbia",45.385799,19.839199,266
GUU,"Grundarfjörður Airport","Grundarfjordur","Iceland",64.99140167236328,-23.224700927734375,17
PCD,"Prairie Du Chien Municipal Airport","Prairie du Chien","United States",43.019298553467,-91.12370300293,661
OTJ,"Otjiwarongo Airport","Otjiwarongo","Namibia",-20.434700012207,16.660800933838,4859
TSM,"Taos Regional Airport","Taos","United States",36.45819855,-105.6719971,7095
RTN,"Raton Municipal-Crews Field","Raton","United States",36.74150085,-104.5019989,6352
PPA,"Perry Lefors Field","Pampa","United States",35.612998962402,-100.99600219727,3245
FLP,"Marion County Regional Airport","Flippin","United States",36.29090118,-92.59030151,719
BGD,"Hutchinson County Airport","Borger","United States",35.700901031499995,-101.393997192,3055
HLE,"St. Helena Airport","Longwood","United Kingdom",-15.957725,-5.645943,1017
BNJ,"Bonn-Hangelar Airport","Sankt-Augustin","Germany",50.7688903809,7.16333293915,197
NGK,"Nogliki Airport","Nogliki","Russia",51.780102,143.139008,109
SQA,"Santa Ynez Airport","Santa Ynez","United States",34.60680008,-120.0759964,674
HXD,"Delingha Airport","Haixi","China",37.125286,97.268658,9843
BAR,"Qionghai Bo'ao Airport","Qionghai","China",19.13824,110.454775,30
ZBO,"Bowen Airport","Bowen","Australia",-20.018299102783203,148.21499633789062,8
UCB,"Ulanqab Jining Airport","Wulanchabu","China",41.129722,113.108056,0
KEO,"Odienne Airport","Odienne","Cote d'Ivoire",9.5,-7.566999912261963,1365
GII,"Siguiri Airport","Siguiri","Guinea",11.432999610901,-9.1669998168945,1296
NZE,"Nzérékoré Airport","Nzerekore","Guinea",7.8060193061829,-8.7017974853516,1657
OCM,"Boolgeeda","Brockman","Australia",-22.54,117.275,1871
WGN,"Shaoyang Wugang Airport","Shaoyang","China",26.802,110.642,1444
TXF,"9 de Maio - Teixeira de Freitas Airport","Teixeira de Freitas","Brazil",-17.524499893188,-39.66849899292,344
SPA,"Spartanburg Downtown Memorial Airport","Spartangurg","United States",34.915699005127,-81.956497192383,801
BJW,"Bajawa Soa Airport","Bajawa","Indonesia",-8.70743498008,121.057426929,4326
NBN,"Annobón Airport","San Antonio de Pale","Equatorial Guinea",-1.410277,5.621944,82
OLL,"Oyo Ollombo Airport","Oyo","Congo (Brazzaville)",-1.226666,15.91,1073
PPF,"Tri-City Airport","Parsons","United States",37.32989883,-95.5062027,900
PCQ,"Boun Neau Airport","Phongsaly","Laos",21.6475,101.9,3050
AYS,"Waycross Ware County Airport","Waycross","United States",31.2490997314,-82.39550018310001,142
DSS,"Blaise Diagne International Airport","Diass","Senegal",14.67,-17.073333,290
PMH,"Greater Portsmouth Regional Airport","Portsmouth","United States",38.8404998779,-82.84729766850002,663
NAC,"Naracoorte Airport","Naracoorte","Australia",-36.98529815673828,140.72500610351562,169
PGZ,"Ponta Grossa Airport - Comandante Antonio Amilton Beraldo","Ponta Grossa","Brazil",-25.1847,-50.1441,2588
PQM,"Palenque International Airport","Palenque","Mexico",17.533153,-92.015484,200
CUD,"Caloundra Airport","Caloundra","Australia",-26.799999237060547,153.10000610351562,12
CLP,"Clarks Point Airport","Clarks Point","United States",58.83369827,-158.529007,80
JOJ,"Doris Lake","Doris Lake","Canada",68.1252746582,-106.585281372,50
ECI,"Costa Esmeralda Airport","Tola","Nicaragua",11.427542,-86.033361,84
QGQ,"Attu Heliport","Attu","Greenland",67.9406628551,-53.6218696833,32
QPW,"Kangaatsiaq Heliport","Kangaatsiaq","Greenland",68.3126574861,-53.4602075815,17
QJE,"Kitsissuarsuit Heliport","Kitsissuarsuit","Greenland",68.85792599759999,-53.123295307199996,18
XIQ,"Ilimanaq Heliport","Ilimanaq","Greenland",69.0809150007,-51.1143153906,52
QQT,"Qeqertaq Heliport","Qeqertaq","Greenland",69.9958611087,-51.3009166718,69
QJI,"Ikamiut Heliport","Ikamiut","Greenland",68.6342530984,-51.8322622776,49
QFG,"Eqalugaarsuit Heliport","Eqalugaarsuit","Greenland",60.6197196536,-45.9140619636,9
QRY,"Ikerassaarsuk Heliport","Ikerasaarsuk","Greenland",68.14088100629999,-53.4414589405,165
NPR,"Novo Progresso Airport","Novo Progresso","Brazil",-7.125833,-55.400833,794
SMT,"Adolino Bedin Regional Airport","Sorriso","Brazil",-12.479177,-55.672341,1266
ENO,"Encarnación Airport","Encarnacion","Paraguay",-27.227366,-55.837495,659
UZR,"Urzhar Airport","Urzhar","Kazakhstan",47.09115,81.66521,0
NYR,"Nyurba Airport","Nyurba","Russia",63.294998,118.336998,394
SUK,"Sakkyryr Airport","Batagay-Alyta","Russia",67.792,130.394,1686
UKG,"Ust-Kuyga Airport","Ust-Kuyga","Russia",70.011001586914,135.64500427246,315
VHV,"Verkhnevilyuisk Airport","Verkhnevilyuysk","Russia",63.458057403564,120.26916503906,411
DEE,"Mendeleyevo Airport","Yuzhno-Kurilsk","Russia",43.9584007263,145.682998657,584
EKS,"Shakhtyorsk Airport","Shakhtyorsk","Russia",49.1903,142.082993,50
TLK,"Talakan Airport","Talakan","Russia",59.876389,111.044444,1329
RDB,"Red Dog Airport","Red Dog","United States",68.03209686279999,-162.899002075,969
ION,"Impfondo Airport","Impfondo","Congo (Brazzaville)",1.6169999837875366,18.066999435424805,1099
EBH,"El Bayadh Airport","El Bayadh","Algeria",33.721666666699996,1.0925,4493
ZIS,"Alzintan Airport","Zintan","Libya",31.774878,12.25006,2080
MYZ,"Monkey Bay Airport","Monkey Bay","Malawi",-14.083600044299999,34.9197006226,1580
BCU,"Sir Abubakar Tafawa Balewa International Airport","Bauchi","Nigeria",10.482833,9.744,1965
GMO,"Gombe Lawanti International Airport","Gombe","Nigeria",10.298333333299999,10.896388888899999,1590
KDA,"Kolda North Airport","Kolda","Senegal",12.898500442504883,-14.968099594116211,33
SHO,"King Mswati III International Airport","Manzini","Swaziland",-26.358611,31.716944,1092
KIY,"Kilwa Masoko Airport","Kilwa Masoko","Tanzania",-8.91123,39.508619,50
QSI,"Moshi Airport","Moshi","Tanzania",-3.3633298873901367,37.326900482177734,2801
MNS,"Mansa Airport","Mansa","Zambia",-11.13700008392334,28.872600555419922,4101
GZI,"Ghazni Airport","Ghazni","Afghanistan",33.5312004089,68.412902832,7150
DBC,"Baicheng Chang'an Airport","Baicheng","China",45.505278,123.019722,480
LNL,"Longnan Chengzhou Airport","Longnan","China",33.788,105.797,3707
SQD,"Shangrao Sanqingshan Airport","Shangrao","China",28.3797,117.9643,340
YSQ,"Songyuan Chaganhu Airport","Songyuan","China",44.938114,124.550178,459
JSJ,"Jiansanjiang Airport","Jiansanjiang","China",47.11,132.660278,0
WMT,"Zunyi Maotai Airport","Zunyi","China",27.81638,106.33268,4068
LLB,"Libo Airport","Libo","China",25.4525,107.961667,0
CDE,"Chengde Puning Airport","Chengde","China",41.1225,118.073889,0
DTU,"Wudalianchi Dedu Airport","Wudalianchi","China",48.445,126.133,984
EJN,"Ejin Banner-Taolai Airport","Ejin Banner","China",42.0155,101.0005,3077
RHT,"Alxa Right Banner Badanjilin Airport","Alxa Right Banner","China",39.225,101.546,4659
HUO,"Holingol Huolinhe Airport","Holingol","China",45.487222,119.407222,0
GMQ,"Golog Maqin Airport","Golog","China",34.418066,100.301144,12426
QSZ,"Yeerqiang Airport","Yarkant","China",38.281055,77.075192,4232
TEI,"Tezu Airport","Tezu","India",27.9412002563,96.1343994141,800
CWJ,"Cangyuan Washan Airport","Cangyuan","China",23.273889,99.373611,0
JMJ,"Lancang Jingmai Airport","Lancang Lahu","China",22.415833,99.786389,0
NLH,"Ninglang Luguhu Airport","Ninglang","China",27.5403,100.7593,10804
PBQ,"Pimenta Bueno Airport","Pimenta Bueno","Brazil",-11.641599655151367,-61.179100036621094,682
WUT,"Xinzhou Wutaishan Airport","Xinzhou","China",38.597456,112.969173,2527
NZL,"Chengjisihan Airport","Zhalantun","China",47.865833,122.767503,928
AIP,"Adampur Airport","Adampur","India",31.4338,75.758797,775
VDY,"Vijayanagar Aerodrome (JSW)","Toranagallu","India",15.1749666667,76.6349472222,1670
SAG,"Shirdi Airport","Shirdi","India",19.688611,74.378889,1926
PYB,"Jeypore Airport","Jeypore","India",18.8799991607666,82.552001953125,1952
SUP,"Trunojoyo Airport","Sumenep","Indonesia",-7.0242,113.89023,10
RKO,"Rokot Airport","Sipora","Indonesia",-2.0991199016571045,99.70069885253906,1
PPR,"Pasir Pangaraan Airport","Pasir Pangaraian","Indonesia",0.8454310297966003,100.37000274658203,151
TJB,"Sei Bati Airport","Tanjung Balai Karimun","Indonesia",1.0527,103.3931,33
KRC,"Departi Parbo Airport","Kerinci Regency","Indonesia",-2.093,101.4683,2600
NRE,"Namrole Airport","Buru Island","Indonesia",-3.8548,126.7012,31
NAM,"Namlea Airport","Namlea","Indonesia",-3.235569953918457,127.0999984741211,41
DOB,"Rar Gwamar Airport","Dobo","Indonesia",-5.7722201347399995,134.212005615,61
SQN,"Emalamo Sanana Airport","Sanana","Indonesia",-2.080509901046753,125.96700286865234,39
AYW,"Ayawasi Airport","Ayawasi","Indonesia",-1.1593,132.4633,1560
BYQ,"Bunyu Airport","Bunyu","Indonesia",3.45571994781,117.866996765,118
UOL,"Buol Airport","Buol","Indonesia",1.1027,121.4141,27
RAQ,"Sugimanuru Airport","Raha","Indonesia",-4.760557,122.569371,132
JSK,"Jask Airport","Jask","Iran",25.653601,57.799301,19
ZBY,"Sayaboury Airport","Sainyabuli","Laos",19.2436,101.7093,962
BGL,"Baglung Airport","Baglung","Nepal",28.212799072265625,83.66629791259766,3320
RJB,"Rajbiraj Airport","Rajbiraj","Nepal",26.510066,86.733902,250
DQM,"Duqm International Airport","Duqm","Oman",19.501944,57.634167,364
CKI,"Croker Island Airport","Croker Island","Australia",-11.164999961853027,132.48300170898438,16
BYP,"Barimunya Airport","Barimunya","Australia",-22.673900604248,119.16600036621,2082
LUC,"Laucala Island Airport","Laucala","Fiji",-16.74810028076172,-179.66700744628906,10
YAS,"Yasawa Island Airport","Yasawa Island","Fiji",-16.758899688720703,177.5449981689453,37
WIK,"Waiheke Reeve Airport","Waiheke Island","New Zealand",-36.80889892578125,175.08599853515625,226
DEX,"Nop Goliat Airport","Dekai","Indonesia",-4.8557,139.482006,198
NAU,"Napuka Island Airport","Napuka","French Polynesia",-14.176799774169922,-141.26699829101562,7
FAC,"Faaite Airport","Faaite","French Polynesia",-16.68670082092285,-145.32899475097656,7
NUK,"Nukutavake Airport","Nukutavake","French Polynesia",-19.28499984741211,-138.77200317382812,17
VHZ,"Vahitahi Airport","Vahitahi","French Polynesia",-18.780000686645508,-138.85299682617188,9
HHZ,"Hikueru Atoll Airport","Hikueru","French Polynesia",-17.544700622558594,-142.61399841308594,5
RRR,"Raroia Airport","Raroia","French Polynesia",-16.045,-142.476944,18
KHZ,"Kauehi Airport","Kauehi","French Polynesia",-15.780799865722656,-145.12399291992188,13
TKV,"Tatakoto Airport","Tatakoto","French Polynesia",-17.355300903320312,-138.44500732421875,12
TDS,"Sasereme Airport","Sasereme","Papua New Guinea",-7.6217,142.868,121
TMH,"Tanah Merah Airport","Boven Digoel","Indonesia",-6.099219799041748,140.29800415039062,57
NKB,"Noonkanbah Airport","Noonkanbah","Australia",-18.4946994781,124.851997375,0
AEI,"Algeciras Heliport","Algeciras","Spain",36.12888,-5.441118,98
KSE,"Kasese Airport","Kasese","Uganda",0.18299999833106995,30.100000381469727,3146
NCJ,"Sunchales Aeroclub Airport","Sunchales","Argentina",-30.9575,-61.5283,311
IST,"Istanbul Airport","Istanbul","Turkey",41.275278,28.751944,325
SOV,"Seldovia Airport","Seldovia","United States",59.442401885986,-151.70399475098,29
YSG,"Lutselk'e Airport","Lutselk'e","Canada",62.418303,-110.681998,596
DWA,"Dwangwa Airport","Dwangwa","Malawi",-12.5183,34.131901,1605
KQH,"Kishangarh Airport","Ajmer","India",26.601473,74.814147,0
CNN,"Kannur International Airport","Kannur","India",11.918614,75.547211,330
ZCO,"La Araucanía Airport","Temuco","Chile",-38.9259,-72.6515,333
ASS,"Arathusa Safari Lodge Airport","Arathusa","South Africa",-24.744165,31.522499,1200
VDI,"Vidalia Regional Airport","Vidalia","United States",32.192699432373,-82.371200561523,275
ISB,"New Islamabad International Airport","Islamabad","Pakistan",33.560713,72.851613,1646
MHE,"Mitchell Municipal Airport","Mitchell","United States",43.774799346900004,-98.03859710690001,1304
GIT,"Mchauru Airport","Geita","Tanzania",-2.813667,32.172472,3955
GID,"Gitega Airport","Gitega","Burundi",-3.417209,29.911308,5741
RMU,"Región de Murcia International Airport","Murcia","Spain",37.803,-1.125,632
CQS,"Costa Marques Airport","COSTA MARQUES","Brazil",-12.421099662780762,-64.25160217285156,555
ZXT,"Zabrat Airport","Baku","Azerbaijan",40.4955422161,49.9768066406,36
JAM,"Bezmer Air Base","Yambol","Bulgaria",42.4548988342,26.3521995544,509
YUA,"Yuanmou Air Base","Yuanmou","China",25.737499237061,101.88200378418,3810
XEN,"Xingcheng Air Base","","China",40.580299377399996,120.697998047,30
GEC,"Lefkoniko Airport","Geçitkale","Cyprus",35.235947,33.724358,146
MBI,"Songwe Airport","Mbeya","Tanzania",-8.919942,33.273981,4412
UGU,"Bilogai-Sugapa Airport","Sugapa-Papua Island","Indonesia",-3.73956,137.031998,7348
ETM,"Ramon Airport","Eilat","Israel",29.723694,35.011416,288
MNH,"Rustaq Airport","Al Masna'ah","Oman",23.640556,57.4875,349
CGY,"Laguindingan Airport","Cagayan de Oro City","Philippines",8.612203,124.456496,190
CPO,"Desierto de Atacama Airport","Copiapo","Chile",-27.2611999512,-70.7791976929,670