GEOID,name,state,total_population,median_age,pct_white,pct_black,pct_hispanic,pct_asian,pct_bachelors_or_higher,median_household_income,pct_below_poverty,pct_owner_occupied,median_rent,total_housing_units,land_area
10001,Kent County,Delaware,185043,38.5,57.6,26.4,7.9,2.2,26.7,72872,11.3,71,1285,74997,586.061
10003,New Castle County,Delaware,573030,39.2,53.5,24.6,11.4,5.9,39.2,89901,10.2,68.5,1379,235057,426.337
10005,Sussex County,Delaware,247799,51.4,72.8,10.2,11.2,1.2,32.6,78162,11.5,81.3,1221,147904,936.146
11001,District of Columbia,District of Columbia,672079,34.9,36.6,42.5,11.6,4,63.6,106287,14.5,41.1,1900,356101,61.126
12001,Alachua County,Florida,281751,32.2,58.3,19,12.2,5.8,47.7,59659,19.7,54.1,1255,125702,875.645
12003,Baker County,Florida,28186,38.1,77.7,11.5,3.7,0.8,15.3,70833,13.1,83.2,1011,10013,585.23
12005,Bay County,Florida,181368,41.4,73.7,9.8,8.4,1.9,28,70188,11.7,68.3,1424,106209,758.598
12007,Bradford County,Florida,27888,40.5,72.6,17.3,4.9,0.9,15,59740,19.1,70.9,838,10826,293.966
12009,Brevard County,Florida,620533,46.8,71.3,9.2,11.7,2.4,33.5,75817,9.9,76.9,1456,294461,1014.97
12011,Broward County,Florida,1946127,41.3,31.9,27.6,31.9,3.6,35.8,74534,12.2,63.3,1804,863128,1202.909
12013,Calhoun County,Florida,13593,41.8,76,11.6,5,0.7,13.1,46901,21.2,76.9,680,5663,567.336
12015,Charlotte County,Florida,195083,60,82.4,5.1,7.8,1.3,25.3,66154,9.6,83.2,1289,114821,681.118
12017,Citrus County,Florida,158693,56.9,85.7,2.1,6.5,1.4,20.4,55355,15.5,84.8,1069,83417,581.912
12019,Clay County,Florida,223436,40.2,69.1,11.1,11,2.9,28.7,86094,9.1,76.2,1464,87165,604.598
12021,Collier County,Florida,387681,53.1,62.4,6.4,27.5,1.5,39.5,86173,10.5,76,1752,234732,1996.848
12023,Columbia County,Florida,70755,40.7,70.7,16.2,7.4,0.9,16.3,55070,17,70.9,915,30066,797.377
12027,DeSoto County,Florida,34719,42.8,55.5,12.7,29.8,0,11,50868,23.1,71.3,910,15713,636.695
12029,Dixie County,Florida,16952,45.8,83.1,6.3,4.5,0.4,8.1,47655,19.3,83.8,792,9365,705.035
12031,Duval County,Florida,1007189,36.7,49.3,28.5,11.8,4.8,33.1,68447,14.6,58.1,1385,445946,762.617
12033,Escambia County,Florida,323275,38.1,62.2,21,6.6,2.8,28.9,65715,14.5,64,1234,147678,656.994
12035,Flagler County,Florida,121710,52.6,73.3,9.2,11.2,2.2,30.4,72923,9.4,81.5,1687,58520,486.191
12037,Franklin County,Florida,12418,49.2,78.9,10.7,5.4,0.3,25.3,62734,17.3,77.2,1044,8476,544.999
12039,Gadsden County,Florida,43642,42,31.5,54.6,11.9,0.1,20.1,46047,27.7,72.9,792,19100,516.375
12041,Gilchrist County,Florida,18494,42.7,85.9,3,7.5,0.2,14.5,61070,11.2,83.7,855,7697,349.695
12043,Glades County,Florida,12324,45.8,55.1,14.7,25.1,0.3,12.7,38905,21.2,79.7,927,6612,806.822
12045,Gulf County,Florida,14772,47.3,77.3,13.8,4.4,0.5,24.5,67361,11.6,80.3,1161,9142,553.461
12047,Hamilton County,Florida,13445,40.6,55.2,30.8,11,0.5,11.2,47696,27.3,74.9,819,5638,514.295
12049,Hardee County,Florida,25508,35.9,47.1,6.4,42,1.1,12.3,54231,24.3,71.4,954,9884,637.569
12051,Hendry County,Florida,40798,35.7,29.1,10.6,56.6,1.1,10.7,53044,21.6,72.4,958,15639,1155.95
12053,Hernando County,Florida,201512,48.1,73.4,4.7,16.1,1.4,20.4,63193,12,81.8,1209,90991,472.966
12055,Highlands County,Florida,103808,54.2,64.2,9.2,21.5,1.5,19.7,55581,15.4,78.9,980,58086,1017.66
12057,Hillsborough County,Florida,1489634,37.8,45.8,15.6,29.7,4.3,37.2,75011,13.2,61.1,1543,618220,1022.502
12059,Holmes County,Florida,19626,42.4,84.4,6.6,3.6,0.4,12.1,48236,14.4,76.7,823,8642,478.857
12061,Indian River County,Florida,163856,55,73.1,8,13.4,1.4,33.4,71049,11.4,79.3,1284,85093,502.527
12063,Jackson County,Florida,47652,42.9,64.5,25.3,5.1,0.6,14.6,47327,18.8,74.5,846,20061,918.23
12065,Jefferson County,Florida,14713,47,60.1,30,4.8,0.7,18.8,56984,20.3,75.1,790,6815,598.079
12067,Lafayette County,Florida,8035,41.8,69.5,17.5,11.9,0,7.9,60692,17.8,81.4,880,3334,543.345
12069,Lake County,Florida,398696,46.7,65.3,9.8,17.9,2.1,26.8,69956,9.5,76.6,1468,182666,952.13
12071,Lee County,Florida,792692,49.3,63.7,7.6,23.6,1.7,30.8,73099,11.7,74,1597,430243,781.026
12073,Leon County,Florida,295335,31.9,53.9,30.4,7.9,3.4,48.6,65074,18.5,51.9,1230,135906,668.428
12075,Levy County,Florida,44276,47.1,77.1,8.2,9.9,0.8,16.2,53805,17.2,79.8,826,21197,1118.254
12077,Liberty County,Florida,7650,39.1,74.9,12.9,7.1,0.2,15.8,53824,20.8,79.5,968,3209,835.563
12079,Madison County,Florida,18113,44.9,53.9,35.9,5.5,0.1,12.5,48176,20.9,72,819,8392,696.529
12081,Manatee County,Florida,416020,49.4,68.4,7.8,17.9,2.1,34.3,75792,10.4,74.7,1549,214510,742.762
12083,Marion County,Florida,387697,48.2,66.8,12.2,15.9,1.5,22.4,58535,14.6,76.7,1174,183453,1588.422
12085,Martin County,Florida,160464,53.2,75.5,4.9,15.4,1.4,36.6,80701,11.4,80.1,1499,82297,543.822
12086,Miami-Dade County,Florida,2685296,40.8,12.9,14.6,68.8,1.5,33.2,68694,14.9,52.2,1731,1085414,1899.925
12087,Monroe County,Florida,81840,48.9,64.8,6.7,24,1.1,37.8,82430,10.4,63.4,1959,54418,983.034
12089,Nassau County,Florida,94653,46.3,84.3,5.5,5.3,1.3,34.5,88900,9.2,83,1335,43565,648.681
12091,Okaloosa County,Florida,214281,37.3,70.1,9.2,10.8,3.2,34.2,79097,9.3,67.8,1475,102475,929.862
12093,Okeechobee County,Florida,40249,40.7,62.7,7.7,25.5,0.9,16.1,52288,19,74.6,974,18532,769.286
12095,Orange County,Florida,1440471,36.4,36.8,19.3,33.2,5.2,38.4,77011,13,57.4,1675,576450,902.992
12097,Osceola County,Florida,406943,37,28.5,9.6,55,2.7,28.3,68711,12.5,66.2,1651,164195,1327.542
12099,Palm Beach County,Florida,1507453,45.4,50.8,18,23.8,2.8,39.6,81115,11.1,69.9,1818,713855,1964.292
12101,Pasco County,Florida,588758,43.7,69.3,5.8,17.7,3.1,28,67384,11.1,75.5,1372,265118,746.604
12103,Pinellas County,Florida,960565,48.9,71.6,9.5,10.9,3.6,35.8,70293,11.4,69.4,1525,518180,273.782
12105,Polk County,Florida,760961,39.6,52.6,14.2,27.7,1.7,22.6,63644,14.7,70,1272,329750,1798.119
12107,Putnam County,Florida,74235,45,70,15.1,10.9,0.6,14.1,47256,23.9,72.6,902,36614,728.354
12109,St. Johns County,Florida,292243,44,78.6,4.9,8.7,3.4,48.6,106169,6.7,82.1,1775,127144,600.641
12111,St. Lucie County,Florida,346237,45.3,52.6,20.1,21.1,2,25.4,69027,11.6,77.7,1489,154930,571.873
12113,Santa Rosa County,Florida,193719,40,79.1,5.5,6.6,2.1,31,88968,8.4,80,1445,78275,1012.401
12115,Sarasota County,Florida,449011,57.3,80.6,4,10.2,1.9,39.7,80633,8.2,76.3,1715,260272,556.006
12117,Seminole County,Florida,474912,39.8,56.1,11.1,23.2,5.1,42.4,83030,9.2,65.8,1686,197167,309.379
12119,Sumter County,Florida,137536,68.4,84.1,6.7,6.1,1,35.1,73297,9.1,88.1,1225,80371,557.144
12121,Suwannee County,Florida,44484,42.5,73.3,9.8,11.3,0.7,16.4,55479,14.2,74.5,849,19063,688.586
12123,Taylor County,Florida,21422,43.8,72,19.7,4.1,0.1,15.1,44985,17.3,72.6,878,11177,1043.337
12125,Union County,Florida,15551,40.1,71.3,16,5.1,0.2,10,64922,18.7,73.6,846,4772,243.555
12127,Volusia County,Florida,568229,46.6,68.6,10.3,15.7,1.8,27.2,66581,12.2,72.8,1368,277851,1101.116
12129,Wakulla County,Florida,34608,42.5,76.9,13.9,4.7,0.5,21.3,74183,5.6,83.8,1155,14184,606.418
12131,Walton County,Florida,79846,43.8,81.5,3.8,8.2,1.1,34.2,79281,11.4,77.2,1674,58894,1038.298
12133,Washington County,Florida,25259,41.6,76.9,13.5,3.9,0.9,12.5,52723,18.9,79.8,884,10962,584.677
13001,Appling County,Georgia,18426,39.9,67.7,17.7,10.4,0.5,9.9,43728,23.8,71.8,711,8526,508.262
13003,Atkinson County,Georgia,8261,36.2,54.8,15.2,26.4,0,9.8,38438,25,64.6,620,3509,342.718
13005,Bacon County,Georgia,11129,39,72.8,15,8.3,0.7,11,50310,20.9,73.9,789,4830,284.082
13007,Baker County,Georgia,2830,48.1,48.8,40.6,2.6,5.7,16.9,44405,29.4,72.7,643,1419,341.957
13009,Baldwin County,Georgia,43669,36.4,51.7,41.6,2.8,1.7,24.1,55413,22,64.2,865,20180,258.699
13011,Banks County,Georgia,18757,42.4,86.6,1.7,6.9,1.4,17.3,68830,12.8,76.7,788,7373,232.616
13013,Barrow County,Georgia,86982,36.4,65,13.1,14.2,4.1,21,77477,10.2,79.5,1197,31298,161.037
13015,Bartow County,Georgia,111153,38,74.1,10.6,10.3,0.8,22.9,79431,10.1,73.9,1202,43877,458.912
13017,Ben Hill County,Georgia,17138,38.5,53.8,37.7,6.5,0.4,12.1,39081,25.7,59.8,692,8135,250.118
13019,Berrien County,Georgia,18257,39.8,79.4,10.6,5.9,1.1,12.8,50414,22.1,69,771,8065,453.376
13021,Bibb County,Georgia,156543,36.6,34.9,54.3,4.5,2.2,26,50747,24.8,51.5,1026,71869,249.383
13023,Bleckley County,Georgia,12414,37.4,68,26,3.7,0.7,18.3,53005,20.5,73.3,765,5235,215.878
13025,Brantley County,Georgia,18171,40.9,91.3,2.9,2.1,0.7,10.9,47801,16.9,77.3,714,8237,443.235
13027,Brooks County,Georgia,16285,43,54.2,34,6.4,0.9,13.6,47656,25.4,70.4,752,7342,493.184
13029,Bryan County,Georgia,46681,34.7,70.3,14,7.9,2.1,34.6,94234,7.2,75.6,1584,17325,437.564
13031,Bulloch County,Georgia,81372,30.2,61.8,28.2,5,1.4,30.8,56832,22.5,53.3,968,33607,675.963
13033,Burke County,Georgia,24427,38.4,48,45,3.4,0.5,14.3,50739,19.2,72.7,763,11201,827.04
13035,Butts County,Georgia,26074,38.5,64.9,27.5,3.6,0.1,13.9,59221,12.9,71.1,952,9640,183.69
13037,Calhoun County,Georgia,5528,39.7,32.9,59.6,4.8,0.3,12.1,55714,22.7,62.9,638,2033,280.384
13039,Camden County,Georgia,56036,34.6,68.7,17.6,7.3,1.6,22.4,72399,15,63.8,1167,23192,630.272
13043,Candler County,Georgia,10972,41,59.9,22.6,12.7,0.6,13.6,50431,17.5,62.5,706,4653,243.059
13045,Carroll County,Georgia,122187,35.3,67.3,20.3,8.3,0.9,22.4,72327,15.6,69.3,1124,47170,499.135
13047,Catoosa County,Georgia,68356,40.8,88.4,2.2,3.8,1.6,24.5,72425,8.7,75.1,953,28275,162.162
13049,Charlton County,Georgia,12711,38,54.4,24.9,15.5,0.8,11.4,48534,22.5,78.1,895,4708,780.087
13051,Chatham County,Georgia,298143,37.1,45.7,38.8,8,2.8,36.8,69575,14.3,56.3,1382,135983,432.716
13053,Chattahoochee County,Georgia,9181,23.9,54.1,18,17.4,3,27.6,59221,16.2,36,1235,2902,248.737
13055,Chattooga County,Georgia,24975,41.1,81.5,9.4,5.4,0.1,10.7,47785,20.1,67.4,789,10883,313.327
13057,Cherokee County,Georgia,274539,40,74.6,7,12.1,2.1,39.5,105442,6.5,77.4,1703,103923,421.019
13059,Clarke County,Georgia,129267,29.4,54.4,26.2,11.4,4.2,48.7,52267,25.9,41.2,1162,56913,119.3
13061,Clay County,Georgia,2853,46.1,39.6,59.5,0.1,0,22.6,48715,23,76.9,578,1936,195.404
13063,Clayton County,Georgia,298771,33.3,8.2,68.7,14.3,4.9,21.3,58507,16.8,53.2,1307,114818,141.756
13065,Clinch County,Georgia,6722,38.8,64.1,25.6,5.6,0.2,13,55549,22.9,70.1,505,3031,814.996
13067,Cobb County,Georgia,769152,37.4,47.8,26.5,14.7,5.4,50.4,98712,8.5,67,1640,311556,339.706
13069,Coffee County,Georgia,43161,36.6,56.3,28,12.9,0.7,13.5,50175,19.8,63.1,713,17426,592.247
13071,Colquitt County,Georgia,45907,37.2,54.3,22.8,19.7,0.8,15.7,49691,23.9,63.4,779,19288,547.032
13073,Columbia County,Georgia,159638,37.5,64.3,17.8,7.8,4.4,37.8,96122,6.8,78.5,1330,60412,290.194
13075,Cook County,Georgia,17363,37.5,61.8,27.9,7,0.2,16.7,50133,20.5,64.1,901,7399,228.451
13077,Coweta County,Georgia,150071,39,68.2,18.2,7.9,2.1,34.7,94142,8.2,77.6,1397,58186,441.071
13079,Crawford County,Georgia,12183,46,72.3,21.5,3.8,0,14,60905,13.3,84.5,751,5215,324.914
13081,Crisp County,Georgia,19995,40.4,48.5,45,3.5,1,15.5,42745,24.1,53.7,743,9902,272.68
13083,Dade County,Georgia,16196,42.2,91.8,1.6,2.3,1.1,19,58936,8.5,77.9,843,7413,174.076
13085,Dawson County,Georgia,28704,43.9,87.2,1.6,6.7,0.9,35.8,88986,9.2,78.4,1425,12531,210.828
13087,Decatur County,Georgia,29118,38.7,49,41.7,6.8,0.7,14.6,50485,24.8,61.8,860,13106,597.239
13089,DeKalb County,Georgia,762105,36.3,28.1,51.1,10.4,6.1,46.7,77683,13.5,58.5,1591,328614,267.683
13091,Dodge County,Georgia,19909,42.4,63.7,30.7,3.4,0,15.2,50152,22.2,68.4,688,8584,495.963
13093,Dooly County,Georgia,11026,45.9,40.9,47.7,7.7,0,13.4,56545,19.7,66.6,761,4796,392.631
13095,Dougherty County,Georgia,83915,36.6,23.3,70.2,3.1,0.7,23.2,46784,26.4,46.5,905,40631,328.644
13097,Douglas County,Georgia,146141,36.8,32.8,48.5,11.7,1.9,30.8,80764,11.3,66.4,1447,55208,200.206
13099,Early County,Georgia,10683,40.7,43.3,51.6,2.1,0.3,16.1,53750,21.1,70.3,774,4933,512.6
13101,Echols County,Georgia,3705,31.2,57.6,4.2,27.3,6.3,14.4,61723,12.4,76.8,833,1474,420.407
13103,Effingham County,Georgia,67265,36.6,74.1,14.2,6.1,0.7,26.8,85465,7.4,78.5,1116,25256,478.83
13105,Elbert County,Georgia,19725,42.4,62.8,25.6,5.6,1.2,14.9,49727,20.6,68.6,849,9370,351.103
13107,Emanuel County,Georgia,22961,38.6,58.2,32.2,4.6,0.8,12.8,50053,24.7,59.8,742,9990,680.574
13109,Evans County,Georgia,10740,36.9,55.2,27.3,12.1,1,15.1,53908,18.4,64,720,4676,182.895
13111,Fannin County,Georgia,25605,54,92,0.7,3.1,0.3,22.6,58073,12,78.2,876,18128,387.105
13113,Fayette County,Georgia,120689,43.3,56.9,25.2,8.3,4.7,48.1,108986,5.5,81,1787,45896,194.567
13115,Floyd County,Georgia,98985,37.8,69.4,13.5,12,1.3,24.9,62540,16.8,62.1,971,40763,509.833
13117,Forsyth County,Georgia,260062,39.4,63.8,4,10,17.9,56.6,138000,4.5,85,1937,90537,224.632
13119,Franklin County,Georgia,23840,40.2,81.5,8.4,5.2,1.6,16.9,52264,20.4,76.1,778,10767,261.342
13121,Fulton County,Georgia,1068507,36.2,37.4,42.6,8.1,7.5,58,91490,12.9,54.1,1635,500404,526.74
13123,Gilmer County,Georgia,31976,50,84.6,0.4,12,0.4,22.7,72542,14.7,80.7,955,18159,426.216
13125,Glascock County,Georgia,2913,43.2,86.9,11.8,0.7,0,14.9,55250,12.2,74.2,813,1412,143.746
13127,Glynn County,Georgia,84987,43.3,62.1,24.5,7.5,1.2,30.4,68546,16.3,67,1060,42928,419.636
13129,Gordon County,Georgia,58336,38.8,76.3,3.4,16.1,1.1,17.7,61997,12.9,72.6,872,23210,356.443
13131,Grady County,Georgia,26056,39.4,56.4,29.3,12.9,0,15.3,54312,20.6,64.1,789,11601,454.462
13133,Greene County,Georgia,19586,52.3,59,30.4,6.9,1.2,36.4,84530,8.8,79.1,936,10503,387.517
13135,Gwinnett County,Georgia,966972,35.9,32,27.8,23.2,12.8,38.7,84823,10.5,66.7,1713,336078,431.124
13137,Habersham County,Georgia,46948,39.6,76,3.4,15.6,2.1,24.2,65622,13.6,74.7,939,18774,276.867
13139,Hall County,Georgia,208395,38.2,58.9,6.6,28.6,2.1,26.7,77430,12.7,68.9,1247,79233,392.628
13141,Hancock County,Georgia,8630,47.3,26.4,71.4,0.6,0.5,8.4,33182,31.5,77.5,671,4945,471.067
13143,Haralson County,Georgia,30720,38.8,89.8,4.7,1.9,0.6,17.4,65016,15.1,71.1,884,12573,282.165
13145,Harris County,Georgia,35509,43.3,74.9,15.7,4.7,0.6,34.7,89184,7.4,88.3,941,14506,463.813
13147,Hart County,Georgia,26484,44.7,73.9,17,4,1.4,18.1,57241,11.5,75.1,814,13019,232.422
13149,Heard County,Georgia,11616,41.2,84.5,7.9,2.6,0.8,11.4,62907,18.7,72,855,4797,295.973
13151,Henry County,Georgia,245417,37,34.6,49.8,8,3.2,28,81612,9.4,72.5,1538,89281,318.701
13153,Houston County,Georgia,166902,36.2,52.6,31.3,7.3,3,32.3,80743,10.1,67.1,1143,68336,376.046
13155,Irwin County,Georgia,9385,40.4,65.9,25.3,7,0.2,16.6,53915,18.1,71.2,824,4185,354.363
13157,Jackson County,Georgia,80640,38.1,77.1,7.7,9.9,2.1,27.3,85012,8.3,79.8,1048,29389,339.576
13159,Jasper County,Georgia,15345,43.1,74.1,17.1,4.8,0.2,19.9,59574,14,84.2,983,6452,368.406
13161,Jeff Davis County,Georgia,14838,40.5,68.8,13.9,13.7,0.1,11.5,40879,26.6,68.4,674,6379,330.919
13163,Jefferson County,Georgia,15468,40.7,42,52.3,3.4,0.5,11.2,46561,18.8,67.9,723,7165,526.555
13165,Jenkins County,Georgia,8674,42.3,56.7,38,4.2,0,7.8,36906,23.6,87.4,544,4427,347.378
13167,Johnson County,Georgia,9192,44.1,61.8,33.4,2.1,0,9.1,54183,17.5,75.2,661,3571,303.019
13169,Jones County,Georgia,28526,41.4,69.8,25.1,2,0.3,18.4,68259,13.5,85.4,917,11759,393.942
13171,Lamar County,Georgia,19098,38.7,66.2,28.5,0.8,0.7,19.5,68457,10.5,76.2,913,7738,183.501
13173,Lanier County,Georgia,10094,36.7,65.8,24.4,6.7,1,19.1,44361,27.7,71.8,878,4134,196.538
13175,Laurens County,Georgia,49619,39.9,56.5,37.5,3.1,0.9,17.8,49705,22.4,65.3,769,22008,807.336
13177,Lee County,Georgia,33337,37.2,67.7,23.2,3.2,2.3,33.5,88024,7,73.5,1147,12862,355.844
13179,Liberty County,Georgia,66826,28.7,37.4,41.4,12.4,1.8,19.9,59013,14.5,49.9,1203,27228,516.463
13181,Lincoln County,Georgia,7773,48.3,67.9,27.3,1.3,0.1,16.1,50688,18.1,79.1,732,4487,210.381
13183,Long County,Georgia,17512,33.6,54.1,24.6,12.7,0.2,12.8,64747,16,63.3,931,6605,400.399
13185,Lowndes County,Georgia,119055,31.3,51,37,6.9,1.7,27.1,55887,20.3,56.1,1002,50323,497.239
13187,Lumpkin County,Georgia,33931,36.9,89,1.6,5.6,0.9,31.5,72388,15.7,78.4,1090,13325,282.944
13189,McDuffie County,Georgia,21687,39.1,53,41,3.6,0.4,17.8,54058,19,65.2,813,9466,257.372
13191,McIntosh County,Georgia,11187,52.1,62.8,29.7,2.5,0.3,18.6,50348,22.4,80.2,781,6796,431.347
13193,Macon County,Georgia,11953,39.9,32.8,59.1,4.4,1.6,11,37177,25.5,61.1,624,5148,400.662
13195,Madison County,Georgia,30914,39.8,78.5,9.2,6.9,1.9,20.2,58784,18.9,75.6,951,12371,282.324
13197,Marion County,Georgia,7474,43.9,57.8,28.5,7.9,0.8,13.6,50484,16.9,77.1,717,3541,365.721
13199,Meriwether County,Georgia,20757,43.6,56.6,38.2,2.7,0.3,13,56458,19.7,70.5,899,9642,500.907
13201,Miller County,Georgia,5873,42.8,65.6,27.3,3.1,0.7,21.9,58407,24.1,68.2,699,2851,282.423
13205,Mitchell County,Georgia,21441,39.9,45.7,45.7,5,0,12.9,51908,25.5,65.4,776,9042,512.158
13207,Monroe County,Georgia,28919,42.5,72.1,21.6,2.7,1.1,28.7,82863,11.4,83,881,11354,396.092
13209,Montgomery County,Georgia,8675,38.2,65.4,22.8,7.1,0.6,20.2,51188,16.4,76,732,3776,241.145
13211,Morgan County,Georgia,20614,42.3,73.2,21.1,3.6,0.5,30.1,85692,7.4,74.8,1090,8699,347.411
13213,Murray County,Georgia,40282,39.3,80.3,0.5,15.6,0.4,13.7,67880,13,73.3,828,16163,344.494
13215,Muscogee County,Georgia,204383,35.1,37.4,45.9,8.3,2.5,29.7,56622,18.8,50.2,1072,91288,216.5
13217,Newton County,Georgia,115530,36.4,40.4,47.1,6.8,1.4,23.6,73732,12.3,73.9,1331,42836,273.814
13219,Oconee County,Georgia,42788,40.7,82.6,3.1,5.8,4.2,54.9,115925,6.1,81.6,1347,15384,184.342
13221,Oglethorpe County,Georgia,15221,42.6,73.6,15.9,6.3,0.8,24.5,69784,11.2,81.5,832,6450,439.062
13223,Paulding County,Georgia,174292,36.7,63.6,21.7,8.2,1.4,27.4,94557,6.1,80.3,1622,61504,312.385
13225,Peach County,Georgia,28269,37.8,43.4,42.9,9.1,0.3,24.3,68365,17.7,70.5,901,12114,150.284
13227,Pickens County,Georgia,34197,46.1,92.1,0.5,3.8,0.5,24.9,75293,13.3,77.9,1079,15245,232.059
13229,Pierce County,Georgia,19996,40.3,82.1,9.8,5.2,0,18.3,56691,13.2,78.1,794,8459,340.456
13231,Pike County,Georgia,19540,39.9,86.4,8.5,2.1,0.4,21.4,84184,9.6,84.8,1056,7262,216.086
13233,Polk County,Georgia,43365,38.5,70.8,11.9,13.5,1,14.5,55308,19.4,64.5,870,17301,310.34
13235,Pulaski County,Georgia,9893,43.7,57.4,33,6.5,1.3,12,47688,18.3,67.6,789,4240,249.261
13237,Putnam County,Georgia,22524,47.4,64.7,25.6,7,0.5,28.3,64163,18.6,82.5,1063,13341,344.682
13239,Quitman County,Georgia,2092,59.4,47.8,49.9,1.2,0,9,36838,15.5,78.7,734,1715,151.237
13241,Rabun County,Georgia,17107,49.9,87.2,0.9,8.7,0.8,29.9,61466,14.8,77.4,1016,12142,370.134
13243,Randolph County,Georgia,6270,37.6,27.3,67.7,3.6,0.1,15,25425,26.8,49.5,554,3573,428.236
13245,Richmond County,Georgia,206040,35,31.9,55.3,5.6,1.6,24.1,53197,21.1,51.4,1087,92652,324.34
13247,Rockdale County,Georgia,94293,39.2,25.4,57.1,10.6,1.8,29.1,72349,10.7,65.8,1341,35822,129.819
13249,Schley County,Georgia,4539,41.6,77.9,17.2,2.1,0,19,59647,13.2,79.2,746,1985,166.909
13251,Screven County,Georgia,14057,42.7,55.1,39.5,2.5,0,14.7,53017,18.1,71.4,629,6545,645.821
13253,Seminole County,Georgia,9117,45.7,61.9,33.5,2.9,0.4,15.8,49559,19,74.5,819,5061,237.546
13255,Spalding County,Georgia,68215,39.2,54.6,35.3,5.8,0.7,17.9,60217,18.7,63.7,1053,28338,195.97
13257,Stephens County,Georgia,26842,41.2,81,10.6,3.7,1,14.9,52264,13.9,72.1,817,12344,178.862
13259,Stewart County,Georgia,4978,36.7,24.6,59.7,10.8,1.7,12.3,35000,27.8,58.4,588,2113,458.748
13261,Sumter County,Georgia,29174,37,38.6,49.8,6.2,1.3,21.3,41877,22.7,55,847,13499,482.877
13263,Talbot County,Georgia,5753,50.5,40.2,55.2,1.1,0,15,45098,21.6,83.9,950,3069,391.377
13265,Taliaferro County,Georgia,1740,44.8,40.1,44.7,5.8,0.1,9.9,48036,21.4,79,715,984,194.607
13267,Tattnall County,Georgia,24215,38.1,57.3,27.4,10.5,0.5,14.6,52351,22.7,72.4,660,9378,480.84
13269,Taylor County,Georgia,7786,42.9,58.4,38.7,0.8,0.7,18.1,41743,29.4,61.6,665,3932,376.686
13271,Telfair County,Georgia,12174,39.4,47.5,35.7,15.5,0.2,10.1,44948,31,71.1,614,4756,437.307
13273,Terrell County,Georgia,8941,41.4,36.4,59.6,2.4,1.2,11.5,43812,33,56.5,727,4241,335.791
13275,Thomas County,Georgia,45696,39.9,57.2,35.7,3.8,0.9,23.6,60140,17.9,61.9,996,20957,544.633
13277,Tift County,Georgia,41322,37.3,53.5,28.8,12.9,1.1,20.2,53165,20.9,61,799,17564,260.89
13279,Toombs County,Georgia,26943,37.2,58.1,23.7,11.7,0.8,19.5,54130,19.7,65.7,714,12081,364.013
13281,Towns County,Georgia,12739,56.9,93,1.5,3.3,0,32.8,58400,12.9,80,822,8719,166.479
13283,Treutlen County,Georgia,6387,39.6,64.1,31.3,0.6,0,12.8,43750,25,60.2,668,2652,199.431
13285,Troup County,Georgia,69821,37.2,54.2,36.5,4.4,2.4,22.5,54905,18.5,57.9,1044,29255,414.009
13287,Turner County,Georgia,8915,37.4,54.2,37.6,4.7,0,11.1,39565,21.6,63.9,655,3921,285.417
13289,Twiggs County,Georgia,7869,47.2,55,40.6,0.8,0.7,10.9,55439,14.9,89.7,618,4053,359.26
13291,Union County,Georgia,25598,55.9,92.8,0.7,3.6,0.2,25.7,65697,10.4,82.7,842,14952,322.083
13293,Upson County,Georgia,27856,41.4,66.3,26.5,2.5,0.4,14.8,50904,21.3,62.7,779,12373,323.467
13295,Walker County,Georgia,68449,41.8,89.5,4.2,2.7,0.6,20.1,55887,13.8,75.7,867,29452,446.286
13297,Walton County,Georgia,100361,39.7,69.7,19.6,6.1,1.4,24.9,82381,12.2,79.2,1231,36613,326.82
13299,Ware County,Georgia,35958,38,61.7,29.7,4.8,1.2,15,44833,22.8,61.5,786,15926,899.24
13301,Warren County,Georgia,5175,45.3,38.8,57.2,1.1,0.3,12.7,46776,21.8,75,676,2572,284.358
13303,Washington County,Georgia,19893,40.6,41.7,51.5,2,0.5,17.5,44009,15.5,66.9,836,8696,678.526
13305,Wayne County,Georgia,30519,38.9,70.8,19.7,6.1,1,14,49562,20.5,65.9,839,12590,641.813
13307,Webster County,Georgia,2348,42.8,41.6,49,7.1,0,11.3,40764,26.4,82.6,663,1163,209.657
13309,Wheeler County,Georgia,7434,39.5,56.5,38.1,4.2,0,12.2,45262,21.5,68.8,551,2434,295.49
13311,White County,Georgia,28454,45.4,89.8,2,3.5,0.7,24.3,69747,11.7,77.8,1015,13822,240.744
13313,Whitfield County,Georgia,103118,36.6,56.5,3.3,36.6,1.5,19.3,64262,13.7,68,907,39454,290.445
13315,Wilcox County,Georgia,8784,41.3,59.4,33.4,3.7,0,14.1,48036,23.1,73,612,3457,377.811
13317,Wilkes County,Georgia,9553,46.3,51.8,40.9,4.6,0,15.7,52542,17,66.7,759,5210,469.501
13319,Wilkinson County,Georgia,8795,43.2,55.3,38.2,3.1,0,12.7,46673,20.3,83,766,4298,449.214
13321,Worth County,Georgia,20575,43,66.7,24.1,2.3,0.7,11.3,57201,20.2,72.5,855,9296,570.691
15001,Hawaii County,Hawaii,203684,44.1,30,0.7,11.5,20.8,30.9,77215,14.6,73.1,1411,89786,4028.431
15003,Honolulu County,Hawaii,1003666,39.4,17.4,2.3,9.3,42,37.7,104264,9.1,59.5,2054,372329,600.786
15005,Kalawao County,Hawaii,43,39.9,16.3,0,9.3,32.6,32.6,86250,31.7,0,1300,95,11.991
15007,Kauai County,Hawaii,73610,42.7,29,0.6,10.5,29,30.2,93612,8.8,67.3,1810,30392,619.84
15009,Maui County,Hawaii,164632,42.9,29.4,0.7,10.5,27.8,30.1,95076,9.8,65,1863,72303,1161.54
16001,Ada County,Idaho,508052,38.3,81.6,1.2,9.5,2.5,43.9,88907,8.5,71.4,1465,205068,1052.016
16003,Adams County,Idaho,4599,54.3,88.8,0.2,4.6,0,21.3,59286,15,83.1,823,2666,1362.805
16005,Bannock County,Idaho,88457,35,81.1,0.8,9.6,1.5,30.2,64080,12.2,68.6,879,35683,1112.489
16007,Bear Lake County,Idaho,6552,40.2,93.1,0.3,3.7,0.3,20.3,67304,10.2,85,687,3943,975.728
16009,Benewah County,Idaho,9913,46,84.2,0.7,3.6,0,19.8,56553,15,75.7,853,4706,776.931
16011,Bingham County,Idaho,48993,34.8,74.1,0.3,17.6,0.4,20.8,76842,11,80.6,845,17268,2093.732
16013,Blaine County,Idaho,24579,45.5,72.7,0.4,21.2,0.5,45.5,84470,7.4,75.5,1217,15769,2637.738
16015,Boise County,Idaho,8045,53.5,85.1,0.2,4.8,1.5,29.9,77349,8.2,88,854,5592,1899.556
16017,Bonner County,Idaho,49456,48.2,90.1,0.3,3.6,0.6,28.9,65168,10.7,77.6,1059,26623,1733.225
16019,Bonneville County,Idaho,127056,33.3,80.8,0.3,14.2,0.8,32.2,76646,9.5,71.6,1054,46425,1865.96
16021,Boundary County,Idaho,12695,42.8,87,0.7,5.6,1.6,19.6,62438,17.2,78,867,5535,1268.679
16023,Butte County,Idaho,2654,39.2,88.3,0,7.8,0,13.8,43281,21.3,77.4,525,1275,2236.487
16025,Camas County,Idaho,1155,34.9,76.2,0,14.2,0,27.4,55536,6.7,75.8,992,694,1074.234
16027,Canyon County,Idaho,242405,34.8,67.7,0.6,25.8,0.8,22.8,72355,10.1,75.1,1259,85583,587.05
16029,Caribou County,Idaho,7118,38,90.8,0,5.6,0,15.5,66653,7.3,82,800,3137,1764.194
16031,Cassia County,Idaho,25165,33.1,65.2,0.1,29.4,0.3,20.9,67042,10.3,70,920,8992,2565.61
16033,Clark County,Idaho,776,33.4,59.3,0,30.7,0,17.3,52083,12.7,63.9,771,442,1763.145
16035,Clearwater County,Idaho,8921,52,88.4,0.2,4.2,1,19.4,57961,12.5,81.6,847,4603,2457.314
16037,Custer County,Idaho,4411,59.5,89.4,0.3,3,2.7,25.2,56957,11.5,77.7,744,3164,4922.177
16039,Elmore County,Idaho,29046,32.5,70.6,2.7,18,2.7,21.2,58976,12.4,65.3,1111,12168,3075.079
16041,Franklin County,Idaho,14715,32.5,89.8,0,7.3,0,21.5,65991,8.4,75.2,831,5122,663.019
16043,Fremont County,Idaho,13701,39.9,83.5,0.3,12.1,0.1,21.8,72767,9.8,84.2,803,8669,1863.96
16045,Gem County,Idaho,19854,42.8,84,0.2,9.3,0.2,22.3,66245,10.4,76.6,887,7788,559.769
16047,Gooding County,Idaho,15740,38.4,64.1,0.1,31,0.7,17.1,62395,15.3,71.4,859,6100,729.322
16049,Idaho County,Idaho,17120,49.6,89.9,0.1,3.8,0.5,22,60975,10.8,80.1,797,8881,8477.499
16051,Jefferson County,Idaho,32234,32.3,86.1,0.1,10.8,0.1,27.2,82952,9.2,82.4,1098,10499,1093.681
16053,Jerome County,Idaho,24788,33.6,57.5,0.1,38.5,0.1,13.4,69338,13.9,75.5,862,8725,597.543
16055,Kootenai County,Idaho,177736,40.8,86.3,0.3,5.4,0.8,28.8,77034,9.3,72.2,1330,78013,1237.78
16057,Latah County,Idaho,40315,30.7,85.6,1,5.1,2.1,44.9,65179,15.3,60.6,905,17429,1075.867
16059,Lemhi County,Idaho,8166,53.1,91.7,0,1.8,0.1,22.9,52057,11.8,81.3,721,4636,4563.695
16061,Lewis County,Idaho,3649,48.9,82.2,1.7,4.1,0.9,20,49643,17.4,74.2,708,1823,478.822
16063,Lincoln County,Idaho,5276,37.2,63.3,0.6,32,0.4,11.6,66038,9.4,76.9,860,1973,1201.364
16065,Madison County,Idaho,53578,21.4,84.5,0.9,9.7,1.4,40.3,58259,26.8,40.2,965,14769,469.267
16067,Minidoka County,Idaho,21922,34.5,59.7,0.3,36.7,0.2,16.8,70060,14.9,72.8,909,8478,756.996
16069,Nez Perce County,Idaho,42477,40.9,86.1,0.1,4.3,0.8,26.8,71466,13.1,72.2,936,18496,848.32
16071,Oneida County,Idaho,4681,40.2,92.2,0.4,4.4,0,26.2,72563,11.8,87.2,1009,2062,1198.951
16073,Owyhee County,Idaho,12284,38.3,68.9,0.5,24.8,0.1,13.7,59773,13.4,70.9,771,4803,7668.204
16075,Payette County,Idaho,26190,38.8,76.3,0.1,17.5,0.5,19.6,65723,9,74.5,874,9950,406.893
16077,Power County,Idaho,8018,33.9,60.9,0.9,33.8,0,16.7,59760,8.1,74.6,729,2960,1403.826
16079,Shoshone County,Idaho,13580,45.1,89.3,0.9,4,0.3,11.5,49975,15.1,73.8,880,7036,2637.425
16081,Teton County,Idaho,12101,39.8,79.8,0,17.1,0,48.3,90740,9.4,79.8,1196,6199,449.091
16083,Twin Falls County,Idaho,92121,35.8,76.2,0.7,17.5,1.3,23,65338,10.7,69.6,1011,35749,1921.714
16085,Valley County,Idaho,12136,49,94,0,5.1,0.1,35.4,76125,14.2,85.8,1011,12601,3665.119
16087,Washington County,Idaho,10866,44.6,78.5,0.1,16,0.2,19,53608,15.3,73.3,919,4586,1452.852
17001,Adams County,Illinois,65166,41.1,90.3,3.5,2,0.7,27,64962,12.3,72.5,826,30283,855.151
17003,Alexander County,Illinois,5042,45.8,63.1,31.9,1.3,0.3,12.6,43523,21,77.7,540,2964,235.394
17005,Bond County,Illinois,16627,40.4,86.4,6.7,3.8,0.5,21.2,61603,12.7,73.9,735,6892,380.336
17007,Boone County,Illinois,53316,39.5,68.9,1.9,24.9,1,23.2,81638,10.5,83,1011,20238,280.741
17009,Brown County,Illinois,6320,40.9,75,17.1,5.1,0,15.1,72288,8.9,73.6,724,2321,305.727
17011,Bureau County,Illinois,33027,44.1,85.4,0.6,9.8,0.9,21.4,65894,12.6,76.2,838,15646,869.071
17013,Calhoun County,Illinois,4406,48.5,94.8,1,1,0,18.4,92095,5.8,89.1,479,2298,253.829
17015,Carroll County,Illinois,15621,44.9,88.4,3.7,5.1,0.7,18.2,60871,13.6,77.8,784,8190,445.406
17017,Cass County,Illinois,12826,38.1,71.2,3.7,21.9,0.8,20,64907,10.9,74.9,723,5665,375.754
17019,Champaign County,Illinois,206098,30.9,63.6,13.1,8.1,10.7,46.6,63091,18,53.4,1018,94351,996.104
17021,Christian County,Illinois,33684,42.7,91.4,2.6,3.2,0.7,16.5,59253,11.1,74.3,729,15190,709.483
17023,Clark County,Illinois,15328,42,95.6,0.7,1.8,0.2,24.3,70625,9.5,81.7,828,7333,501.375
17025,Clay County,Illinois,13173,41.5,95,0.7,0.7,0.3,15.6,57266,16.7,80.7,709,6147,468.351
17027,Clinton County,Illinois,36899,41.4,90.5,3.1,3.9,0.6,24.4,82314,7.5,79.3,934,15677,473.941
17029,Coles County,Illinois,46689,38.2,88.6,3.7,3.7,1.2,27.1,56040,18.4,60.4,793,22717,508.272
17031,Cook County,Illinois,5185812,37.8,40.5,22.1,26.5,7.7,41.9,81797,13.3,57.5,1381,2270349,944.925
17033,Crawford County,Illinois,18588,42.4,90.5,3.5,2.5,0.2,20.6,67614,11.6,80.4,761,8461,443.643
17035,Cumberland County,Illinois,10378,42.3,96,0.1,0.3,0.1,18.6,69826,9.9,83.5,756,4720,345.944
17037,DeKalb County,Illinois,100512,32.6,72.4,7.7,14,2.1,32.7,69022,15.9,60.9,1041,41499,631.337
17039,De Witt County,Illinois,15461,44,93.2,1,3.4,0.2,21.4,64802,10.1,76.8,857,7312,397.561
17041,Douglas County,Illinois,19686,38.9,87.9,1.2,8.1,0.5,20.2,74186,8.9,79.1,818,8492,416.647
17043,DuPage County,Illinois,927263,40,63.1,4.9,15.7,12.6,51.4,110502,6.4,73.1,1628,366099,327.835
17045,Edgar County,Illinois,16637,46.4,96.1,0.5,1.4,0.2,20.1,56909,11.8,72.7,757,8236,623.324
17047,Edwards County,Illinois,6118,44.6,95,0.2,1.3,0.3,13.9,59386,17,79.2,746,3045,222.4
17049,Effingham County,Illinois,34505,39.5,94.6,0.7,2.6,0.7,26,75380,10.6,78.1,734,15336,478.769
17051,Fayette County,Illinois,21380,41.7,88.6,3.8,2.9,0.1,16.6,57113,16.5,80.2,740,8849,716.443
17053,Ford County,Illinois,13396,42.5,90.5,0.6,4.6,0.7,19.4,60782,12.7,74.1,836,6263,485.597
17055,Franklin County,Illinois,37541,43.4,94.5,0.4,1.9,0.4,17.1,53471,16.9,74.8,771,18468,408.927
17057,Fulton County,Illinois,33259,43.7,92.1,2.5,2.4,0.3,17.6,58617,12.6,77.9,808,15883,865.683
17059,Gallatin County,Illinois,4857,47.3,95.3,0.7,0.8,0.3,15.3,54626,15.6,80.4,500,2506,322.941
17061,Greene County,Illinois,11837,43.1,96,0.7,1,0.3,16.3,60976,14.2,76.8,800,5801,543.144
17063,Grundy County,Illinois,52920,38.6,83.3,2.1,11.5,0.4,24.2,93060,6.3,75.8,1137,21324,418.128
17065,Hamilton County,Illinois,7972,43.5,94.9,0.1,1.3,0.9,18.5,61520,12.5,78.3,566,3809,434.647
17067,Hancock County,Illinois,17434,46.3,94.6,0.8,2,0.3,24.2,65044,12.7,81.3,755,8959,793.748
17069,Hardin County,Illinois,3623,55,95.6,1.2,1.2,0,12.2,57155,10.5,80.7,342,2285,177.389
17071,Henderson County,Illinois,6284,49.8,94.1,0.3,1.9,0,19.2,65651,11.6,85.5,834,3374,378.793
17073,Henry County,Illinois,48948,43.4,87.3,2,6.7,0.4,24.3,69912,8.1,80.4,837,22208,823.061
17075,Iroquois County,Illinois,26746,44.4,87.8,0.7,8,0.4,16.7,62439,13.4,78.5,793,12818,1117.395
17077,Jackson County,Illinois,52706,32.9,72.2,14.3,5.3,3.6,35.1,45572,21.8,49.3,746,27750,583.57
17079,Jasper County,Illinois,9233,44.2,97,0.1,1.1,0.2,20.6,71094,8.7,82.8,766,4227,494.614
17081,Jefferson County,Illinois,36808,41.1,84.3,6.2,2.7,0.9,18.4,61102,14.2,71.9,862,16650,571.235
17083,Jersey County,Illinois,21336,43.2,95,0.6,1.5,0.5,20.5,79104,10,77.9,794,9884,369.555
17085,Jo Daviess County,Illinois,21918,50.9,92.2,0.8,4,0.5,28.8,74954,8,81.8,795,13425,600.924
17087,Johnson County,Illinois,13350,42.7,81,7.5,4.2,0.2,18.8,65203,16.7,84.7,634,5538,343.736
17089,Kane County,Illinois,516097,38.6,54.7,4.9,33.1,3.9,37.5,100678,8.3,75.7,1404,189918,519.364
17091,Kankakee County,Illinois,106833,39,68.9,14.6,12.1,1,20.4,68325,12.5,68.8,1075,45396,676.49
17093,Kendall County,Illinois,135053,36,63.4,8.2,21.7,3.1,36.4,110474,4.9,84.2,1763,45775,320.238
17095,Knox County,Illinois,49294,42.4,80.8,7.7,6.3,1,20.3,53291,15.9,69.8,725,23788,716.385
17097,Lake County,Illinois,711885,38.9,57.1,6.3,24.4,8.4,47,108917,8.1,74.4,1434,270083,443.605
17099,LaSalle County,Illinois,109049,42.1,83,2.6,10.8,0.9,18.7,72281,13.5,73.9,906,49838,1135.138
17101,Lawrence County,Illinois,15137,40.6,84.4,6.7,2.3,0.5,14.6,53438,14.7,75,810,6358,372.179
17103,Lee County,Illinois,34058,43,84.3,5.4,7.2,0.5,19.4,68459,11.7,73.3,853,14993,724.769
17105,Livingston County,Illinois,35659,41.9,88.2,3.5,5.5,0.5,18.5,70796,10,73.9,855,15930,1043.628
17107,Logan County,Illinois,27870,40.5,86.5,5.9,3.3,0.4,19.9,64188,13.7,69.3,804,11984,618.052
17109,McDonough County,Illinois,27102,35.1,85.8,5.7,3.4,2,31.8,50434,19.9,62.1,730,13598,589.323
17111,McHenry County,Illinois,311366,40.4,76.9,1.4,15.6,2.8,35.2,102836,6.1,82.6,1358,120605,603.397
17113,McLean County,Illinois,170882,34.2,77,8.3,6.3,4.9,46.9,78329,13,65.2,992,75120,1183.248
17115,Macon County,Illinois,102591,40.9,73.9,17,2.7,1.4,24.1,62449,14.6,69.8,797,49699,580.548
17117,Macoupin County,Illinois,44566,44.3,94.3,1.2,1.3,0.4,18.8,68518,14.4,77.7,789,21108,862.974
17119,Madison County,Illinois,264631,40.2,82.4,8.5,4.2,1,30.8,74800,11.3,73.6,969,118942,715.515
17121,Marion County,Illinois,37294,41.3,89.6,4.2,2.1,0.7,17.3,60839,16.2,74.5,771,17379,572.538
17123,Marshall County,Illinois,11715,45.9,92.4,0.4,3.2,0.1,18.7,69818,11.7,79.7,767,5824,386.822
17125,Mason County,Illinois,12878,45.5,95.5,0.6,1.5,0.1,17.1,62127,14,80.6,760,6615,539.352
17127,Massac County,Illinois,13958,45,86.7,6.2,2.8,0.4,16.3,62584,14.9,79,793,6824,237.151
17129,Menard County,Illinois,12169,42.8,95.1,0.5,1.5,0.4,26.5,81334,9.8,79.4,780,5602,314.391
17131,Mercer County,Illinois,15619,44.5,93.5,0.6,3.3,0.3,18.9,71710,7.9,82.7,757,7279,561.24
17133,Monroe County,Illinois,34969,42.5,95.3,0.6,1.9,0.5,38.2,101635,4.6,83.8,996,14665,385.301
17135,Montgomery County,Illinois,28078,42.6,92,2.7,2.1,0.5,18.2,61863,13.8,76.3,715,12528,703.766
17137,Morgan County,Illinois,32621,41.5,87.6,5.3,2.8,0.7,23.3,65175,12.5,71.6,710,15033,568.959
17139,Moultrie County,Illinois,14469,40.4,95.7,1.1,1.6,0.1,18.8,71676,9.8,77.4,773,6205,335.958
17141,Ogle County,Illinois,51536,42,83.8,1.2,11.5,0.4,24,79244,8.9,74.5,901,22625,758.654
17143,Peoria County,Illinois,179831,38.1,67,17.5,5.8,4.5,34.5,64938,15.4,67,946,84992,618.695
17145,Perry County,Illinois,20810,42.2,85.5,8,3.5,0.6,12.3,59286,16.9,78.9,714,9166,441.928
17147,Piatt County,Illinois,16702,42.5,95.1,1.5,1.6,0.2,31.9,87516,5.9,85.4,950,7380,439.188
17149,Pike County,Illinois,14625,42.9,95,0.5,1.9,0.3,18.8,58029,15.3,78.5,659,7296,831.352
17151,Pope County,Illinois,3757,50.8,89.2,5,2.6,0,16.8,62500,14.3,86.1,438,2273,368.867
17153,Pulaski County,Illinois,5074,42.7,61.7,32.3,1.9,0.1,11.9,43227,26.1,67.5,625,2845,199.268
17155,Putnam County,Illinois,5600,47.2,90.4,0.2,6.4,0.6,24.6,77526,9.9,80.7,804,3069,160.097
17157,Randolph County,Illinois,30142,43,85.8,7.9,3.6,0.6,14.2,68870,12.3,76.8,760,13400,575.367
17159,Richland County,Illinois,15675,42.5,93.7,0.3,1.9,0.3,18.9,60404,11.9,73.6,754,7366,360.034
17161,Rock Island County,Illinois,142995,40.3,68.5,10.4,14,2.5,24.1,66768,15.4,68.6,863,66742,427.496
17163,St. Clair County,Illinois,254777,39.5,59.5,27.8,4.9,1.5,30.7,70178,13.6,67.8,1032,115348,657.735
17165,Saline County,Illinois,23387,43.2,91.7,2.8,2.1,0.7,20.2,54945,17.1,74.9,711,11578,379.991
17167,Sangamon County,Illinois,195217,40.8,78.1,12.5,2.8,2.1,35.1,74114,12.9,70.6,954,93151,868.23
17169,Schuyler County,Illinois,6826,48.8,90.7,4.4,2.5,0.7,18.9,66059,19.3,79.5,836,3317,437.3
17171,Scott County,Illinois,4847,44.3,95.7,1.1,1.5,0.4,22.2,73013,10.6,79.1,669,2393,250.79
17173,Shelby County,Illinois,20867,45.5,96.3,0.1,1.2,0.3,17.6,68457,10,78.5,762,10054,758.509
17175,Stark County,Illinois,5324,44.6,92.3,1,2.5,0.7,19.3,62284,12,77.6,765,2584,288.106
17177,Stephenson County,Illinois,44042,45.2,80,8.4,5.3,0.8,21.7,61943,13.1,71,764,21375,564.247
17179,Tazewell County,Illinois,130555,41.7,92.6,1.4,2.6,1,28.4,76704,8.7,77.5,898,58664,646.469
17181,Union County,Illinois,16972,44.3,90.1,0.8,5.2,0.4,20.9,56420,19.4,76.8,658,7861,413.412
17183,Vermilion County,Illinois,73179,41.2,77.1,14.8,5.4,0.9,16.2,54537,17.2,69.2,802,34390,898.319
17185,Wabash County,Illinois,11199,43,93.7,1,1.9,1.3,18.7,53650,14.1,75.4,774,5416,223.323
17187,Warren County,Illinois,16576,38.7,81.7,2.8,10.8,2.4,22,64650,12.8,78.1,694,7598,542.384
17189,Washington County,Illinois,13682,44.2,95.1,0.5,1.6,0.2,24.4,75652,7.8,81.2,776,6402,562.597
17191,Wayne County,Illinois,15994,43.1,95.7,0.2,1.6,0.5,16.2,53107,13.8,78.9,632,7699,713.83
17193,White County,Illinois,13708,44.4,95.8,0.7,1.5,0.2,14.9,53097,16.4,76.3,706,6751,494.983
17195,Whiteside County,Illinois,55192,43.4,82.1,1,13.1,0.5,20.1,64536,12.1,75.5,808,25850,684.099
17197,Will County,Illinois,698450,38.9,59.8,11.5,19.3,6,36.5,107799,7,82.5,1413,252684,835.875
17199,Williamson County,Illinois,66902,41.4,88.2,3.5,2.8,1.5,27.5,65521,14.3,71.1,897,31957,420.21
17201,Winnebago County,Illinois,283289,39.7,64.8,12.9,15,2.8,24.6,64363,16,65.2,986,124959,513.05
17203,Woodford County,Illinois,38348,40.5,94,0.6,2,0.5,36.1,85629,7.6,83.5,907,15745,527.557
18001,Adams County,Indiana,35995,33.2,92.8,0.4,4.7,0.3,15.2,63128,12.4,82.2,799,13250,338.925
18003,Allen County,Indiana,388791,36.2,70.6,10.7,8.8,5,31.1,68839,12.2,69.1,976,164456,657.146
18005,Bartholomew County,Indiana,82881,37.7,77.6,1.8,9,7.5,35.4,80365,12,69.9,1110,35517,406.94
18007,Benton County,Indiana,8708,40.3,89.5,1.5,7,0.1,18.8,61811,12.1,80.5,834,3778,406.418
18009,Blackford County,Indiana,12007,44,94.2,0.5,2.2,0.2,13.5,47560,17.5,73.6,635,5863,165.082
18011,Boone County,Indiana,72827,38.3,87.2,2.4,4.1,3.4,50.5,104865,5.1,79.3,1283,29019,422.882
18013,Brown County,Indiana,15543,50.9,94.6,0.6,2,0.5,26,72644,8.6,85.9,960,8540,311.987
18015,Carroll County,Indiana,20443,42.9,92.6,0.7,4.4,0.1,15.5,64003,8.4,80.7,874,9539,372.225
18017,Cass County,Indiana,37703,41.1,74.7,1.3,18.1,1.5,15.6,56525,12.7,75.3,778,16389,412.144
18019,Clark County,Indiana,122800,39.8,80.3,6.9,6.6,1.1,25.5,72298,9.3,75,1058,53854,372.487
18021,Clay County,Indiana,26431,41.2,94.3,0.3,1.9,0.2,17,67676,10.7,77.5,837,11648,357.6
18023,Clinton County,Indiana,32967,36.5,78.4,0.6,19,0.5,16.7,63690,8.5,73.8,915,13496,405.067
18025,Crawford County,Indiana,10494,45.6,95.3,0.3,0.3,0,11.1,48993,23.8,81.2,629,5890,305.613
18027,Daviess County,Indiana,33442,34.7,87.9,1.6,6.4,0.3,15.1,68561,10.4,71.5,837,12781,429.514
18029,Dearborn County,Indiana,50828,41.8,94.6,0.2,1.5,0.5,26,82693,8.1,84.7,848,20965,305.087
18031,Decatur County,Indiana,26411,40.4,93.5,0.3,2.4,0.1,20.1,74228,9.3,75.2,828,11619,372.568
18033,DeKalb County,Indiana,43584,38.4,93.9,0.2,2.9,0.5,20.1,70080,10.1,82.3,828,18280,362.834
18035,Delaware County,Indiana,112109,35.7,85,5.3,3.2,1.5,25.7,56932,19.9,66.5,874,51611,392.109
18037,Dubois County,Indiana,43563,40.1,87.4,0.9,9.7,0.6,24.3,71918,9.5,76,801,18715,427.267
18039,Elkhart County,Indiana,206868,35.5,70.7,4.8,19.5,1.1,19.7,65617,12.5,71.2,1023,80102,463.161
18041,Fayette County,Indiana,23390,43.9,93.9,1.1,1.4,0.2,16.4,56659,16.7,70.6,779,10900,215.021
18043,Floyd County,Indiana,80512,40.1,85.8,5.1,4,1.2,31.3,78179,10,73.1,990,34603,148.484
18045,Fountain County,Indiana,16546,42.8,94,0.8,2.9,0.3,13.7,62526,12.4,74.7,837,7823,395.668
18047,Franklin County,Indiana,22929,42.3,96,0.1,1.1,0.6,19.5,79702,8.5,81.5,803,9749,384.426
18049,Fulton County,Indiana,20411,42.2,89.9,0.4,5.4,0.1,16.2,62878,12.6,78.1,861,9564,368.393
18051,Gibson County,Indiana,32986,40.8,90.7,2.2,2.1,0.5,19,67763,10.2,75.8,914,14762,487.378
18053,Grant County,Indiana,66377,39.3,83.2,4.8,5.3,0.9,20.4,54007,18.8,71.8,799,29878,414.089
18055,Greene County,Indiana,30954,43.1,95.5,0.4,2,0.2,14.6,59753,13.3,75.3,788,14366,542.467
18057,Hamilton County,Indiana,357176,38,79.7,4.1,5.4,6.7,61.8,117957,4.3,76.3,1468,140389,394.381
18059,Hancock County,Indiana,82013,40.2,89.3,3.1,3.2,0.9,34.2,91326,4.5,79.6,1121,33398,305.957
18061,Harrison County,Indiana,39785,43,94.5,0.9,2.3,0.6,22,72468,7.5,84.4,861,16842,484.081
18063,Hendricks County,Indiana,179379,38.6,79.2,9,4.9,3.3,39.6,99988,5,77.8,1364,68433,406.894
18065,Henry County,Indiana,48896,42.1,92.4,2.3,2.2,0.5,16.7,60144,13,75.9,807,20968,391.877
18067,Howard County,Indiana,83610,41,83.1,7.8,3.9,1.5,20,62496,12.5,71.9,915,39795,293.074
18069,Huntington County,Indiana,36757,40.8,93.3,0.8,3,0.6,23.1,62734,10.1,76.2,866,16275,382.639
18071,Jackson County,Indiana,46319,38.8,80.7,1.1,13.6,2.2,20.3,70208,11.2,73.5,946,19231,509.978
18073,Jasper County,Indiana,33198,41.4,87.4,0.7,7.3,0.3,18.1,79634,6.9,83.2,926,13708,559.68
18075,Jay County,Indiana,20281,39.6,93,0.3,4.5,0.3,12.7,54114,13.2,78,766,8908,383.905
18077,Jefferson County,Indiana,33074,41.6,91.7,1.1,3.4,0.7,18.1,59987,11.2,69.4,865,14446,360.698
18079,Jennings County,Indiana,27584,40.1,93.5,0.5,3.3,0.5,13.6,68476,12.5,79,906,11691,376.597
18081,Johnson County,Indiana,163983,38.1,84.9,3,4.1,4.7,33.3,87227,7.2,73.9,1208,64800,320.415
18083,Knox County,Indiana,36108,39.1,90.1,1.6,2.8,0.9,17.8,58863,13.4,65.9,782,16965,515.831
18085,Kosciusko County,Indiana,80357,39,85.7,0.7,9.5,1.5,24.6,73922,9.7,77,995,38587,531.446
18087,LaGrange County,Indiana,40596,32.5,93.5,0.3,4.4,0,11.1,83741,5.7,81.8,816,15023,379.631
18089,Lake County,Indiana,498990,39.6,52,22.9,20.5,1.5,24.9,68985,14.6,70.9,1094,216330,498.89
18091,LaPorte County,Indiana,112141,40.8,76.8,10.2,7.4,0.7,21.7,70452,14,74.6,926,49878,598.289
18093,Lawrence County,Indiana,45077,43.5,94.2,0.4,1.9,0.6,20.5,65551,11.3,80,800,20530,449.146
18095,Madison County,Indiana,130949,40.8,82.6,6.3,5.1,0.6,20.1,62632,12.9,70,926,59075,451.921
18097,Marion County,Indiana,971822,34.3,50.5,27.3,13.4,3.9,34.1,63450,15.1,55.9,1107,439034,395.99
18099,Marshall County,Indiana,46225,39.6,85.4,0.5,11.6,0.7,20.4,68041,10.9,76.5,936,19959,443.62
18101,Martin County,Indiana,9854,41.8,94.5,0.2,1.2,0.1,13.2,65345,16.4,78.2,643,4583,335.761
18103,Miami County,Indiana,35772,41,87.3,3.7,3.6,0.6,16.1,61130,15.2,75,794,14927,373.842
18105,Monroe County,Indiana,139822,31.4,81.6,3.5,4.6,6.6,49.1,63372,20.2,54.8,1151,64850,394.522
18107,Montgomery County,Indiana,38155,40,89.1,0.5,6.1,0.5,19.5,66571,11.9,77.8,827,16534,504.647
18109,Morgan County,Indiana,72202,41.6,94.1,0.5,2,0.6,20.6,79088,8.5,82.9,988,29749,403.833
18111,Newton County,Indiana,13859,43,87.2,1,7.8,0.3,13.7,68596,13.5,80.2,927,6059,401.755
18113,Noble County,Indiana,47417,39.5,85.4,0.3,11.2,0.6,17.8,70908,8.5,76.2,776,20212,410.846
18115,Ohio County,Indiana,5993,46,95,0.4,0,0.6,19,67942,8.9,77.1,852,2755,86.15
18117,Orange County,Indiana,19746,43,93.1,1.5,1.7,0.4,15.2,64758,13.3,78.8,838,9083,398.379
18119,Owen County,Indiana,21434,45.3,95.2,0.6,1.5,0.6,17,59586,11.9,80.8,912,9868,385.295
18121,Parke County,Indiana,16346,42.5,94.4,2.2,1.6,0,14.2,66776,17.2,81.6,731,7625,444.721
18123,Perry County,Indiana,19218,41.1,93,2.1,1.4,0.7,16.5,61099,12.8,74.9,676,8544,381.74
18125,Pike County,Indiana,12187,43.5,95.6,0.3,1.5,0,15.7,66250,12.2,85.5,676,5592,334.351
18127,Porter County,Indiana,174150,40.6,80,4.1,11.3,1.3,30.1,85828,9.2,77.2,1146,72102,418.113
18129,Posey County,Indiana,25163,43.1,93.7,0.7,1.5,0.3,25.3,79124,9.9,82.1,744,11081,409.385
18131,Pulaski County,Indiana,12441,42.4,91.9,0.3,3.9,0.4,13.7,59956,11.8,75.1,715,5830,433.675
18133,Putnam County,Indiana,37091,38.4,91,3.4,2.2,1.4,19.9,76182,8.1,73.6,883,15148,480.537
18135,Randolph County,Indiana,24425,42.1,90.8,0.8,5,0.4,14.4,61121,15,77.5,741,11407,452.379
18137,Ripley County,Indiana,29039,40.9,94.7,0.2,1.9,0.5,19.4,71084,9.6,77.8,799,12398,446.427
18139,Rush County,Indiana,16734,42.7,94.7,0.7,1.8,0.1,16.8,64393,13,73.4,831,7364,408.137
18141,St. Joseph County,Indiana,272574,36.7,69.6,12.4,10.2,2.5,32.6,64885,14.6,68.8,1030,118329,457.781
18143,Scott County,Indiana,24468,41.2,94,0.3,2.5,0,12.4,54583,14.7,72.1,790,10774,190.403
18145,Shelby County,Indiana,45104,41.2,90.5,1.2,5.4,0.9,19.4,71301,11.5,73.8,956,19576,411.136
18147,Spencer County,Indiana,19871,44.2,93.4,0.6,3.5,0.3,21.2,70890,6.6,81.2,697,8685,396.888
18149,Starke County,Indiana,23300,41.9,92.1,0.4,4.1,0.3,12.6,62933,14.8,83.7,690,11214,309.144
18151,Steuben County,Indiana,34648,43.6,91.9,0.8,4.3,0.1,24.7,71483,8.8,80.2,921,19055,308.78
18153,Sullivan County,Indiana,20766,41.3,90.7,3.3,1.8,0.7,14.3,54985,13.5,75.6,813,8798,447.196
18155,Switzerland County,Indiana,9914,42.1,94.6,0.3,1,1,10,65148,11.1,79.8,720,4399,220.668
18157,Tippecanoe County,Indiana,187399,28.8,72.5,5.9,10.1,7.8,40.1,58622,19,53.9,1088,79327,498.898
18159,Tipton County,Indiana,15329,44.5,93.3,0.8,3.1,0.3,24.9,78309,11.5,81.8,854,6836,260.541
18161,Union County,Indiana,7028,43.7,95.3,0.3,1.1,1,20.6,79500,6.4,82.6,792,3250,161.19
18163,Vanderburgh County,Indiana,179908,38.9,80.8,9.7,3.6,1.4,27.1,60938,14.4,64.5,964,84809,233.401
18165,Vermillion County,Indiana,15452,42.5,95.7,0,1.4,0.1,17.2,59363,13.3,74.2,785,7326,256.894
18167,Vigo County,Indiana,106201,36.4,84.3,6.1,3.1,2.1,25.9,52525,20,63.4,879,46937,403.631
18169,Wabash County,Indiana,30901,42.6,92.9,1.1,3,0.4,21.6,68414,10.7,80.4,752,14053,412.539
18171,Warren County,Indiana,8469,43.4,94.5,0.1,1,0.4,17.2,74635,12.7,81,815,3687,364.69
18173,Warrick County,Indiana,64650,41.3,90.1,1.9,2.3,1.7,35.5,95027,6.4,82.5,1008,26567,384.63
18175,Washington County,Indiana,28167,41.4,95.6,0.3,1.5,0.2,13.8,61358,13.5,82.3,760,12162,513.689
18177,Wayne County,Indiana,66377,40.9,86.2,4,3.8,1,20.2,56652,16.9,69.7,813,30758,401.755
18179,Wells County,Indiana,28261,40.2,92.5,1.1,3.8,0.2,18.9,69741,7.2,76.2,837,12003,368.087
18181,White County,Indiana,24709,42.5,86.8,0.4,10.2,0.2,18.3,66143,10,79.3,853,12926,505.136
18183,Whitley County,Indiana,34388,41.8,92.7,0.2,2.6,0.3,22.8,75790,10.7,80.2,867,14940,335.622
19001,Adair County,Iowa,7471,42.6,93.4,1.4,2.9,0.4,20,66176,10.3,73.6,730,3595,569.271
19003,Adams County,Iowa,3641,46.6,94.8,0.4,0.7,0,24.5,68828,9.5,76.7,909,1892,423.433
19005,Allamakee County,Iowa,14038,43.1,87.4,1.8,8.7,0.5,19.9,66000,12.1,78.8,717,7730,639.071
19007,Appanoose County,Iowa,12242,45.5,94.2,1,1.7,0.4,19.3,51146,20.4,69.1,779,6314,497.299
19009,Audubon County,Iowa,5622,47.4,94.8,0.3,2,0,20.6,54152,11.8,76.4,707,2786,442.96
19011,Benton County,Iowa,25698,43.3,94.7,0.4,1.9,0.2,24.9,84742,7.9,84.3,815,11095,716.102
19013,Black Hawk County,Iowa,130693,35.7,78.8,9.5,5,2.4,30.1,64581,14.7,65.3,962,58748,565.757
19015,Boone County,Iowa,26669,42.2,93.3,1.3,2.8,0.2,28.7,79741,6.7,81.1,826,12005,570.461
19017,Bremer County,Iowa,25118,38.6,92.8,1.1,2,1,35.2,83343,7.5,80.8,844,10542,435.479
19019,Buchanan County,Iowa,20645,39.9,95.2,0.7,1.8,0.2,22.3,78430,7,81.1,802,8946,571.079
19021,Buena Vista County,Iowa,20684,35.7,53.5,3.1,28.6,10,22.1,66564,8.2,72.5,835,8241,574.899
19023,Butler County,Iowa,14301,43.7,94.9,0.2,1.6,1.2,20.4,69651,10.7,80,780,6569,580.138
19025,Calhoun County,Iowa,9858,42.7,91.6,1.5,2.5,0.2,21.5,66875,8.6,80.9,690,4794,569.846
19027,Carroll County,Iowa,20677,41.8,92.9,0.7,3.2,0.6,23.4,68528,8.3,75,722,9508,569.453
19029,Cass County,Iowa,13115,44,94.2,0.9,2.6,0.3,21.6,61657,17.4,72.3,769,6397,564.258
19031,Cedar County,Iowa,18427,43.8,93.8,0.5,2.6,0.5,21.5,79080,7.2,80.8,860,8238,579.462
19033,Cerro Gordo County,Iowa,42785,43.9,88.9,1.9,5.4,1.2,24.3,65537,9.4,71.6,840,22730,568.3
19035,Cherokee County,Iowa,11587,44.5,89.7,0.9,4.8,0.6,21.6,64478,15.2,73.3,711,5555,576.907
19037,Chickasaw County,Iowa,11868,43.5,93.4,0.7,4,0,19.1,73421,7.1,81.4,779,5545,504.324
19039,Clarke County,Iowa,9690,38.4,78,0,16.3,0.6,16,66821,13.8,69.5,836,4401,431.111
19041,Clay County,Iowa,16446,41.8,91.7,0.5,4.5,0.3,26,64082,11.5,72.7,798,8141,567.238
19043,Clayton County,Iowa,17069,46.4,95.2,0.6,2.2,0.3,15.7,62326,13.6,76.6,764,8791,778.464
19045,Clinton County,Iowa,46383,42.5,89.5,2.9,3.5,0.8,22.1,65177,13.1,73.1,825,21590,694.959
19047,Crawford County,Iowa,16289,37.9,62.8,1.8,30.1,2.2,18.3,65039,16.4,78.7,727,6852,714.198
19049,Dallas County,Iowa,104136,35.8,81.7,2.5,6.7,4.6,51.6,102349,5.8,69.5,1239,43195,588.233
19051,Davis County,Iowa,9127,36.2,95.1,0,2,0,17.6,79505,7.2,84,878,3602,502.188
19053,Decatur County,Iowa,7669,36.2,90.9,1.6,3.3,0.5,24.3,57146,15.2,68,663,3651,531.883
19055,Delaware County,Iowa,17549,44,95.1,0,1.6,0.1,19.7,76205,7.9,82.4,743,8142,577.684
19057,Des Moines County,Iowa,38597,42.2,85.2,4.2,3.5,1.1,23.8,60662,14.1,72.7,908,18778,416.129
19059,Dickinson County,Iowa,17844,48.1,93.8,0.1,2.7,0.7,32.3,74570,6.3,76.7,930,14060,380.532
19061,Dubuque County,Iowa,98948,38.8,88.9,2.9,3.1,1.2,32.9,75919,9.4,73.2,944,43003,608.299
19063,Emmet County,Iowa,9316,43.3,85.6,2,9.9,0.2,15.7,65181,10.4,77.7,731,4517,395.89
19065,Fayette County,Iowa,19393,43.7,91.2,0.8,2.9,0.7,18.2,58764,12.5,77,813,9324,730.817
19067,Floyd County,Iowa,15502,44.2,88.8,1.2,3.7,1.6,18.5,64500,11.4,74.4,672,7308,500.571
19069,Franklin County,Iowa,9977,41.9,80.8,0.6,16.1,0.2,18.2,63648,15.1,72.5,649,4657,581.972
19071,Fremont County,Iowa,6570,46.4,92.7,0.5,3.2,0.2,21.1,73750,7.6,80.8,753,3130,511.168
19073,Greene County,Iowa,8722,44.8,92.7,0.1,3.3,0.6,19.8,59159,10.4,74.3,774,4316,569.558
19075,Grundy County,Iowa,12352,41.5,95.6,0.7,1.5,0.5,24.7,83617,6.4,84,777,5489,501.855
19077,Guthrie County,Iowa,10646,46.5,93.3,0.5,2.9,0.4,24.3,79981,9.3,83.5,823,5782,590.604
19079,Hamilton County,Iowa,14893,42.2,84.2,1.2,9.7,1.9,22,71750,8,73.8,853,7056,576.731
19081,Hancock County,Iowa,10718,44.6,90.5,0.9,5.8,0.6,21.4,70212,12.1,82,784,5120,571.005
19083,Hardin County,Iowa,16729,45.2,90.7,1,5.1,0.9,21.2,64906,8.6,73.3,814,8028,569.307
19085,Harrison County,Iowa,14645,41.9,95,0.1,2.1,0.3,21.2,77027,7.5,76.9,854,6679,696.874
19087,Henry County,Iowa,20228,40.5,86.6,2.6,5.4,1,22.5,64604,12.1,74,770,8442,434.288
19089,Howard County,Iowa,9459,39.3,93.6,0.1,3,0.4,18.7,67336,8.4,76.6,699,4314,473.247
19091,Humboldt County,Iowa,9573,41.8,91.1,0.3,5.1,0.8,19.3,66994,13.7,75,731,4600,434.372
19093,Ida County,Iowa,6944,42.3,92.2,0.8,3.9,0.4,20.7,62841,10.4,77.6,669,3365,431.513
19095,Iowa County,Iowa,16547,42.2,93.4,0.4,3.3,0.2,24.2,72185,9.2,76.1,722,7355,586.455
19097,Jackson County,Iowa,19429,44.2,94.6,0.8,1.5,0.4,18.4,71605,10.3,78.6,800,9272,636.042
19099,Jasper County,Iowa,37864,41.4,91.9,1.6,2.9,0.6,19.9,70128,8.2,74.8,822,16208,730.426
19101,Jefferson County,Iowa,15676,43.5,82.7,5.7,4,4.6,41.6,56824,14.6,65.1,881,7707,435.524
19103,Johnson County,Iowa,154881,30.8,75.5,7.5,6.7,5.8,54.6,74721,16.7,58.8,1104,67211,612.997
19105,Jones County,Iowa,20799,43,91.9,2,2.5,0.6,20.7,73071,10.4,80.7,759,8882,575.618
19107,Keokuk County,Iowa,9964,42.8,95.1,0.7,2.2,0,15.9,60856,12,78.9,822,4650,579.175
19109,Kossuth County,Iowa,14610,45,92.2,0.5,4.2,0.4,22.2,65656,9.6,75.3,859,7220,972.731
19111,Lee County,Iowa,33175,43.7,90.5,2.7,3.4,0.4,21,59803,13,75.5,814,15808,517.55
19113,Linn County,Iowa,229463,38.5,83,5.7,4,2.3,34.8,76421,9.9,73.3,915,101989,717.01
19115,Louisa County,Iowa,10710,41.8,77.6,0.4,16.2,1.9,16.5,80223,9.9,80.1,797,4736,401.777
19117,Lucas County,Iowa,8685,43.3,94.5,0.2,2.8,0.8,14.5,67921,16.5,81.1,738,4077,430.681
19119,Lyon County,Iowa,12087,38.1,94,0.3,3.5,0.4,20.8,72881,5.3,83.3,802,4857,587.609
19121,Madison County,Iowa,16760,41,94.3,0.8,2.2,0.3,25.5,89542,6.8,81.3,938,7031,561.006
19123,Mahaska County,Iowa,22045,39.1,92.2,1.5,2.4,1.2,23,69019,11.9,67.8,821,9708,570.851
19125,Marion County,Iowa,33551,39.7,93.6,0.5,2.2,1.3,33.1,78059,7.1,77.7,880,14268,554.49
19127,Marshall County,Iowa,39971,38.7,67.4,1.5,23.8,4.3,21.4,72785,11.1,73.3,860,16860,572.503
19129,Mills County,Iowa,14563,42.6,93.3,0.4,3.6,0.4,32,87810,6.9,84.2,888,6119,437.431
19131,Mitchell County,Iowa,10548,42.2,95.7,0.3,2,0.6,22.7,68704,6.9,80,739,4902,469.256
19133,Monona County,Iowa,8619,44.7,93.3,0.2,2.5,0,18.7,62944,11.2,76.4,795,4390,694.072
19135,Monroe County,Iowa,7546,42.1,95.1,0.2,0.8,0.8,20,72518,9.2,83.8,787,3648,433.708
19137,Montgomery County,Iowa,10254,43.8,92.5,0.6,1.7,0.6,18.7,63190,12,71.6,782,5011,424.097
19139,Muscatine County,Iowa,42735,39.1,75.3,2.8,18.4,0.6,22.7,69512,11.6,74.9,966,18429,437.44
19141,O'Brien County,Iowa,14103,39.8,88.5,1.3,7.2,0.6,22.5,68216,13.8,77.3,770,6544,573.035
19143,Osceola County,Iowa,6114,43.5,85.1,0.8,10.1,0.9,15.4,69138,16.3,78,796,2867,398.687
19145,Page County,Iowa,15168,45,90.5,1.8,3.3,0.7,18.8,57752,13.4,70,731,6996,534.944
19147,Palo Alto County,Iowa,8902,41.5,91.6,1.7,3.3,0.6,20.5,68963,11.7,75.7,599,4517,563.864
19149,Plymouth County,Iowa,25699,41.1,88.8,2.4,6.1,0.5,23.9,81600,6.8,73.7,865,10863,862.828
19151,Pocahontas County,Iowa,7040,43.9,90,0.6,5.4,0,18.7,63423,8.7,78.6,743,3658,577.241
19153,Polk County,Iowa,497441,36.2,74.1,7.4,10,4.9,39.5,81621,10.1,67.1,1113,215016,572.381
19155,Pottawattamie County,Iowa,93407,40.1,85.4,1.7,8.7,0.9,23.5,71446,10.9,70.3,970,40022,951.272
19157,Poweshiek County,Iowa,18582,40.8,90.7,1.1,3.3,2.1,28.2,64837,11.1,70.7,864,8946,584.923
19159,Ringgold County,Iowa,4664,44.6,95,0.2,2,0,25.2,69821,9,78.8,745,2676,535.485
19161,Sac County,Iowa,9759,45.3,93.1,0.5,4.1,0.7,21.2,70991,7.9,78,643,5122,575.022
19163,Scott County,Iowa,174302,39,77.6,7,7.2,2.9,36.2,76363,11.6,69.6,958,78130,458.096
19165,Shelby County,Iowa,11757,45.1,92.1,0.5,3.7,0,23.3,67690,8.5,75.8,810,5429,590.776
19167,Sioux County,Iowa,35984,34,83.6,0.6,13.8,0.6,30.4,84736,6.4,77.8,888,13175,767.911
19169,Story County,Iowa,98592,27,81.4,2.6,5,6.8,53.3,69006,18.6,56,1019,41642,572.544
19171,Tama County,Iowa,16982,41.8,78.9,1,11.3,0.6,19.4,67955,15.4,76.5,865,7595,721.011
19173,Taylor County,Iowa,5901,43.6,89.2,0.1,7.8,0,15.5,67279,10.4,77.7,707,2890,531.902
19175,Union County,Iowa,12038,40.6,92.6,0.5,3.5,0,24.1,56813,12.6,72.1,683,5790,423.645
19177,Van Buren County,Iowa,7236,44.8,94.6,0.2,1.7,0.2,19.4,60183,12.2,83.1,686,3506,484.792
19179,Wapello County,Iowa,35265,39.9,77.3,3.1,12.6,1.3,19.4,60034,16.7,67.4,950,15740,431.843
19181,Warren County,Iowa,53484,38.7,92.5,0.6,3.5,0.7,32.7,92990,5.4,83,975,21473,569.658
19183,Washington County,Iowa,22539,40.3,89.2,0.6,7.4,0.5,24.9,71339,8.5,72.2,862,9638,568.828
19185,Wayne County,Iowa,6518,42,94.1,0.4,1.3,0.4,16,59118,15,80.1,660,3021,525.469
19187,Webster County,Iowa,36848,39.8,84.6,3.2,6,1.2,20.5,68054,11.7,70.1,762,17053,715.704
19189,Winnebago County,Iowa,10648,41.7,89.4,0.6,5.8,3.2,25.1,63719,9.8,74.4,712,5080,400.489
19191,Winneshiek County,Iowa,19972,42.2,93.8,0.7,3,0.6,31.5,75652,7.9,76.4,800,9011,689.844
19193,Woodbury County,Iowa,105760,36.2,68.4,4.5,18.4,2.5,23.4,70147,13.3,68.4,946,43121,872.896
19195,Worth County,Iowa,7380,44.3,93.6,0.9,3.4,0.5,20.1,76875,7.3,81.2,703,3487,400.123
19197,Wright County,Iowa,12817,39.8,77,0.2,18.7,0.6,23.5,64033,14.8,74.2,788,6266,580.412
20001,Allen County,Kansas,12491,41.3,89,1.9,4.1,0.7,21.3,57618,13.1,74.5,685,6077,500.297
20003,Anderson County,Kansas,7819,40.4,91.1,0.9,1.6,0,15.8,64925,10.9,81.1,792,3569,579.641
20005,Atchison County,Kansas,16211,36.4,86.3,4.2,3.6,0.7,22.9,62164,12.8,73.4,756,6811,431.174
20007,Barber County,Kansas,4153,42.6,88.8,0.2,6.1,0.5,27.1,57615,17.6,81.3,743,2461,1134.075
20009,Barton County,Kansas,25275,38.8,79.4,0.7,16.4,0.4,21.7,56733,14.7,66.2,742,12373,895.257
20011,Bourbon County,Kansas,14384,38.8,88.8,2.2,3,0.6,24.3,67555,11.8,72.9,784,6768,635.461
20013,Brown County,Kansas,9415,42,81.8,1.4,4.4,0.3,18.3,58886,14.2,75.4,675,4489,570.871
20015,Butler County,Kansas,67916,38.3,86.3,2,5.6,1.6,32.6,80375,9,78.2,984,27175,1429.716
20017,Chase County,Kansas,2579,44.5,87,1.2,8.1,0.3,29.3,54518,10.5,71.9,758,1397,773.053
20019,Chautauqua County,Kansas,3370,45.3,82.7,0.9,4.8,0.4,18.3,54592,16.9,83.3,713,1971,638.881
20021,Cherokee County,Kansas,19236,42,86,0.8,2.8,0.6,20.1,58274,13.1,72.4,801,9140,587.567
20023,Cheyenne County,Kansas,2628,39.8,87.8,0,9.1,0,21.6,55765,17.4,79.6,703,1465,1019.89
20025,Clark County,Kansas,1987,46.5,84.2,0,6.4,1.9,31,65515,9.4,75.6,771,1066,974.638
20027,Clay County,Kansas,8071,43.1,91.4,2.3,3.3,0.6,23.4,63136,12.9,73.2,911,3940,645.298
20029,Cloud County,Kansas,8973,39.4,89.6,0.6,3.7,0.1,22.4,57333,10.2,74.7,689,4490,715.342
20031,Coffey County,Kansas,8304,44,92.2,0.5,3.4,1,21.2,67377,9.6,75.9,842,3985,626.885
20033,Comanche County,Kansas,1685,50.8,95.3,0.2,1.8,0,19.2,49417,11.2,73.2,672,1050,788.298
20035,Cowley County,Kansas,34487,38.1,77.2,2.2,11.9,1.9,24.3,58263,13.9,70.5,779,15647,1125.738
20037,Crawford County,Kansas,38963,33.8,84.3,1.8,7.1,1.7,32,50311,20.8,60.1,837,18088,589.771
20039,Decatur County,Kansas,2746,52.1,91.1,1.7,4.1,0.3,27.8,52030,13,79.4,695,1643,893.517
20041,Dickinson County,Kansas,18423,42.1,89,0.3,5.4,0.3,21.9,67982,8.8,79.1,809,8793,847.068
20043,Doniphan County,Kansas,7492,41.3,88.6,3.1,3.2,0.1,21.5,72833,9.8,81.8,801,3375,393.475
20045,Douglas County,Kansas,119547,31.3,76.5,4,7.1,4.5,52,68756,15.2,49.5,1066,53308,455.766
20047,Edwards County,Kansas,2817,44.3,73.6,0.1,22,0.4,20.7,53792,16.4,82.1,732,1551,621.894
20049,Elk County,Kansas,2464,49.6,88.1,0.1,4.5,0.4,20.6,56087,16.7,77.6,534,1502,644.264
20051,Ellis County,Kansas,28870,32.5,87.5,1.2,7.1,1.5,39.5,59889,17.7,62.4,899,13247,899.912
20053,Ellsworth County,Kansas,6366,43.7,84.3,3.1,6,0.6,22.1,66792,8.5,81.5,705,3110,715.575
20055,Finney County,Kansas,38001,32.1,38,4.2,52.4,3.9,19.7,72437,11.7,64,991,14279,1301.997
20057,Ford County,Kansas,34133,31.9,36.4,2.2,58.2,0.4,20.7,70495,14.4,64.5,960,12638,1098.271
20059,Franklin County,Kansas,25994,40.1,89.1,0.8,4.7,0.6,25.3,72142,9.6,73.5,949,11239,571.772
20061,Geary County,Kansas,35895,27.1,55.6,16,16.2,3.1,24.4,57344,19.3,42.8,1119,15917,384.652
20063,Gove County,Kansas,2796,41.7,95.1,0.2,1.3,0.3,21,63203,4.1,79.1,730,1332,1071.666
20065,Graham County,Kansas,2406,46.1,87.6,3.7,3.7,1.2,27.4,52909,11.3,80.7,726,1428,898.527
20067,Grant County,Kansas,7284,32.9,44.3,0.2,52.9,0.2,25.6,72484,5.4,74.8,696,2932,574.808
20069,Gray County,Kansas,5696,36.6,80.6,0,16.1,0.4,24.9,77885,6.9,80.2,833,2339,868.867
20071,Greeley County,Kansas,1296,39.9,81,0.2,17.4,0,33.5,78819,10,78.4,915,622,778.404
20073,Greenwood County,Kansas,5956,48.4,91.2,0.6,3.9,0.1,19,58276,14.9,79.5,710,3682,1143.304
20075,Hamilton County,Kansas,2485,36.4,57.3,0,41.6,0,20.8,61929,3.7,81.2,778,1030,996.514
20077,Harper County,Kansas,5446,40.8,87,0.8,7.7,0.2,21.7,55417,15.3,73.6,693,3026,801.274
20079,Harvey County,Kansas,33823,40.2,81.2,1.1,12.1,0.7,31.5,73269,8,69.5,891,14621,539.756
20081,Haskell County,Kansas,3695,38,66.9,0.2,30.1,0,22.2,69138,10.8,77,776,1545,577.521
20083,Hodgeman County,Kansas,1676,45.9,91.7,0.1,5.7,0,28.4,63125,6,81.1,900,814,859.992
20085,Jackson County,Kansas,13277,41,82.9,0.9,5.3,0.4,21,72703,9.1,78.2,856,5615,656.219
20087,Jefferson County,Kansas,18391,43.8,91.6,0.6,3.3,0.2,24.6,77393,6.3,85,844,8004,532.626
20089,Jewell County,Kansas,2909,50.3,92.3,0.8,2.6,0.3,18.8,52344,12.8,80.7,591,1760,909.971
20091,Johnson County,Kansas,614764,38.3,76.9,4.7,9.1,5.1,56.9,107261,5.3,68.6,1385,255320,473.614
20093,Kearny County,Kansas,3910,37.5,58.6,1.2,35.3,0.8,14.6,74135,6.1,73.2,1137,1579,870.543
20095,Kingman County,Kansas,7284,43.4,90.6,0.3,4,0,23.8,59819,9.4,69.5,807,3673,863.419
20097,Kiowa County,Kansas,2422,41.2,88.6,0.8,4.3,2.2,27.6,73214,5.7,74.7,728,1150,722.64
20099,Labette County,Kansas,19949,41.4,83.4,3.4,5,0.1,21.1,55439,16.1,73.7,729,9508,645.393
20101,Lane County,Kansas,1497,48.9,80.8,0.3,15.4,1.1,24.6,53042,8.1,79.2,497,885,717.409
20103,Leavenworth County,Kansas,82493,38.3,77.7,7.2,7.3,1.3,36.6,86906,8.6,68.8,1138,31589,463.407
20105,Lincoln County,Kansas,2924,44.1,92.1,0.2,4.2,0.8,21.5,53546,11.9,79.1,604,1667,719.396
20107,Linn County,Kansas,9723,45.5,91.2,0.7,2.9,0.3,22.5,59200,10.7,79.6,682,5180,594.081
20109,Logan County,Kansas,2720,41.1,88.5,0,6.8,0.5,26.7,71389,13.2,61.1,796,1372,1072.993
20111,Lyon County,Kansas,32145,33.1,69.2,1.6,23.4,1.5,27.7,59078,15.2,58.2,796,14998,847.478
20113,McPherson County,Kansas,30130,39.1,89.6,1.6,5.4,0.7,33.1,77701,9.1,75.8,889,13128,898.285
20115,Marion County,Kansas,11795,43.7,91.4,1.1,4.1,0.3,28.8,63438,10,80.8,727,5673,944.299
20117,Marshall County,Kansas,10001,42.6,93.8,0.7,2.6,0.3,18.9,70828,9.4,82.5,670,4758,900.178
20119,Meade County,Kansas,3949,37.5,72.9,1.3,23.2,0,22.8,74868,6.6,72.7,799,1869,978.083
20121,Miami County,Kansas,34625,41.8,91,1.1,3.9,0.6,32.1,88000,6.7,77.6,1101,14090,575.879
20123,Mitchell County,Kansas,5767,43.3,93.5,0.2,2,0.3,25.4,58233,12.5,70,653,3124,701.792
20125,Montgomery County,Kansas,31143,40.3,77.4,4.2,7.8,0.2,21.3,53242,16.3,72.6,759,15566,643.594
20127,Morris County,Kansas,5388,48.7,90.3,0.2,4.4,0.2,27.3,56716,12.8,79.2,711,2991,695.343
20129,Morton County,Kansas,2647,43.7,71.4,1.3,23.2,1.4,16.6,65625,14.8,78.4,637,1316,729.731
20131,Nemaha County,Kansas,10213,40,93.7,0.6,2.5,0.4,30.1,77375,7.7,78.8,726,4501,717.427
20133,Neosho County,Kansas,15715,40.3,88.2,1.4,5.9,0.5,21.8,55704,15.4,76.6,650,7227,571.481
20135,Ness County,Kansas,2659,46.1,79.7,0,15.2,0.3,23,66107,11.4,79.3,653,1475,1074.739
20137,Norton County,Kansas,5392,40.2,85.6,2.7,5.8,0.1,19.4,50305,8.5,81.4,642,2454,878.044
20139,Osage County,Kansas,15780,42.8,92.4,0.5,3.2,0.1,21,70216,11,80.1,810,7293,705.506
20141,Osborne County,Kansas,3473,46.8,92.8,0.4,2.7,0.3,23,59408,12.5,76.4,591,2027,892.516
20143,Ottawa County,Kansas,5782,42.5,93.1,0.7,3.2,0.1,24.3,76755,12.1,78,738,2684,720.73
20145,Pawnee County,Kansas,6220,44.9,81.7,6.8,8.7,0,18.8,63625,11.2,64.1,806,3045,754.263
20147,Phillips County,Kansas,4874,44.6,92.6,0.5,3.3,0.4,22.3,61235,13.8,74.9,621,2797,885.871
20149,Pottawatomie County,Kansas,25808,36.2,87.9,1.7,5.8,0.4,36.5,87694,7.1,82.5,1011,10077,840.735
20151,Pratt County,Kansas,9120,38.2,85.2,2.1,8.3,0.2,26.6,64348,9.5,70.7,810,4375,735.039
20153,Rawlins County,Kansas,2533,47,89.1,0,7.3,0.5,17.3,65000,10.1,68.6,823,1363,1069.416
20155,Reno County,Kansas,61693,40.7,82.7,2.2,10.1,0.6,20.5,60498,12.4,69.2,857,28309,1255.308
20157,Republic County,Kansas,4662,46,93.7,0.6,2.5,0.5,25.4,53611,14.6,76.2,638,2672,717.377
20159,Rice County,Kansas,9389,39,78.2,1.9,13.7,0.1,24.3,63947,7.4,77.1,717,4384,726.234
20161,Riley County,Kansas,71710,25.2,74.1,6.1,9.9,3.9,48,59560,22,44.9,1065,30674,609.66
20163,Rooks County,Kansas,4869,46,92.1,2.7,3,0.2,24,61596,5.3,74.3,679,2643,890.527
20165,Rush County,Kansas,2957,46,88.4,0.4,5.4,0.2,21.5,60288,11.4,79.6,700,1701,717.763
20167,Russell County,Kansas,6717,45.3,90,0,4,0.4,18.1,53902,15.3,76.4,722,3687,886.26
20169,Saline County,Kansas,53801,39.8,78.7,3.5,12.5,2.1,29.1,63316,12.3,66.8,915,24146,720.246
20171,Scott County,Kansas,5071,39.3,76.4,0,20.2,1.3,33.4,67788,8.8,52.7,861,2271,717.585
20173,Sedgwick County,Kansas,524810,35.9,65.5,7.8,16.1,4.2,31.6,67675,14,62.3,977,225795,997.001
20175,Seward County,Kansas,21640,31,25.9,2.5,66.6,2.4,12.7,62269,13,61.2,924,8299,639.653
20177,Shawnee County,Kansas,178315,39.6,71.7,7.3,13.6,1.4,32.3,66043,12.4,67,970,80884,544.026
20179,Sheridan County,Kansas,2442,43.4,91.6,0.1,5.9,0,24.3,70000,10.4,75.4,663,1156,895.957
20181,Sherman County,Kansas,5919,38.9,80.2,2.1,12.9,0,25.1,64444,10,66.5,852,2938,1056.064
20183,Smith County,Kansas,3579,50,93.7,0.8,1.1,0.7,24.6,57024,7.8,83,601,2023,895.464
20185,Stafford County,Kansas,4004,42.1,82,0.2,13.3,0,26.3,63786,10.8,82.2,613,2104,792.046
20187,Stanton County,Kansas,2018,36.5,45.9,0,45,0.2,23.7,70361,12.9,80.9,691,1014,680.352
20189,Stevens County,Kansas,5212,38,57.8,0.1,38.7,0.3,16.2,61909,15.3,73,930,2244,727.26
20191,Sumner County,Kansas,22386,41.2,87.2,1.1,5.9,0.4,26.7,60348,10.8,74.4,829,10395,1181.668
20193,Thomas County,Kansas,7913,35.3,90.1,0.3,8.1,0.2,30.2,73575,6.9,76.5,753,3580,1074.686
20195,Trego County,Kansas,2778,47.7,96.1,0.1,0.2,0.8,28.7,73375,5.5,77.9,694,1673,889.474
20197,Wabaunsee County,Kansas,6961,43.2,90,0.3,4.6,0.4,26.6,70536,7.1,79.7,771,3135,794.336
20199,Wallace County,Kansas,1459,47.2,89,0.7,6.2,1.1,22.7,60263,12.8,72.4,578,757,913.652
20201,Washington County,Kansas,5519,43.9,91.4,0.2,4.7,0.6,23.3,62452,8.1,78.1,547,2731,894.759
20203,Wichita County,Kansas,2115,38.7,67.7,0.2,29.7,0,18.8,71282,16.3,81.3,738,990,718.566
20205,Wilson County,Kansas,8559,42.3,91,0.2,3.6,0,21.3,57056,15.8,74.3,727,4492,570.423
20207,Woodson County,Kansas,3118,49.9,92,0.1,0.7,0,22.6,48152,12.3,83.5,597,1842,497.819
20209,Wyandotte County,Kansas,167277,34.2,37.2,18.8,33.3,5.2,20.5,60582,17.5,61.4,1070,68614,151.638
21001,Adair County,Kentucky,19016,40.1,90.8,1.8,3.3,0.3,18.8,50316,18,76.2,775,8632,405.292
21003,Allen County,Kentucky,21029,40.7,93.5,0.5,2.8,0,17.4,59029,15,76.7,750,9261,343.724
21005,Anderson County,Kentucky,24098,42.1,92.2,2.8,2.4,0.1,25.7,71747,12.5,77.9,870,10196,202.26
21007,Ballard County,Kentucky,7678,44.2,91.5,3.6,1.4,0.2,18.7,64740,13.8,79.7,826,3707,247.095
21009,Barren County,Kentucky,44670,40.1,88.1,3.6,4.3,0.8,17.8,49171,21,65.2,784,20107,487.365
21011,Bath County,Kentucky,12812,39,94.8,1.8,1.8,0,14.4,54128,23.5,72.8,600,5479,277.992
21013,Bell County,Kentucky,23878,41.2,93.2,2.2,0.7,0.1,13.9,32403,27.1,61.1,617,11608,358.999
21015,Boone County,Kentucky,137676,37.7,83.6,3.8,5.7,2.4,35.4,94752,6.6,76.7,1253,52476,246.268
21017,Bourbon County,Kentucky,20174,42,84,4.7,7.5,0.2,25.5,56322,13.7,64.8,745,9148,289.75
21019,Boyd County,Kentucky,48043,42.4,92.4,2.1,1.7,0.3,19.4,60659,17.7,68.4,839,21731,159.866
21021,Boyle County,Kentucky,30708,39.5,83,7.4,4.7,0.8,27.4,61635,14.2,69.5,770,12969,180.336
21023,Bracken County,Kentucky,8427,42,94.6,1.2,0.9,0,17,59521,20.1,77.6,748,3847,202.665
21025,Breathitt County,Kentucky,13438,43,96.2,0.5,1.2,0.8,16.5,41101,28.2,74.3,543,6559,492.422
21027,Breckinridge County,Kentucky,20722,42.2,93.2,1.6,1.6,0,14.9,53673,21.3,82,730,10760,569.725
21029,Bullitt County,Kentucky,83209,41.3,91.7,1.1,2.9,0.7,18.9,77640,9.5,83.9,973,33222,297.084
21031,Butler County,Kentucky,12373,41.1,92.4,0.2,5,0.2,9.5,52003,18.6,73.1,688,5453,426.112
21033,Caldwell County,Kentucky,12631,42.3,90.1,5,2.4,0,18.1,57618,13.9,71.8,724,6085,344.835
21035,Calloway County,Kentucky,37882,35.4,87.7,3.6,3.5,1.6,32.3,51854,17.2,63.7,828,18034,384.85
21037,Campbell County,Kentucky,93193,39,90.7,2.8,2.5,1,39.5,77271,10.8,71,1079,41784,151.32
21039,Carlisle County,Kentucky,4763,43.6,91,1.4,2.8,0.3,14.6,62019,16.7,81.4,792,2315,189.463
21041,Carroll County,Kentucky,10878,38.5,86.8,2.3,7.3,0,8.9,57753,18.9,64.2,853,4682,128.7
21043,Carter County,Kentucky,26515,41.8,95.2,0.3,1.1,0.2,15.4,50389,19.6,78.4,701,12283,409.497
21045,Casey County,Kentucky,15951,41.5,93.8,0.5,3.3,0.1,11.8,41689,24.4,78.6,645,7401,444.258
21047,Christian County,Kentucky,72599,28.6,64.4,19,8.4,1.2,20,54190,17.2,52.2,999,29307,717.66
21049,Clark County,Kentucky,37004,40.8,88.3,4.3,4,0.8,22.2,67824,12.9,71.5,883,16279,252.482
21051,Clay County,Kentucky,20105,40.6,91.4,4.6,1.2,0,16.6,39607,31.8,77.6,698,8642,469.296
21053,Clinton County,Kentucky,9240,42.5,93.8,0,3,0.2,16.5,42168,18.4,72.5,629,4864,197.063
21055,Crittenden County,Kentucky,8972,42.8,94.3,0.5,2.4,0.3,12.6,47003,18.1,77.6,618,4351,359.566
21057,Cumberland County,Kentucky,5948,45.1,92.8,1.6,1.8,0.6,17.5,39662,33.9,72.3,553,3399,305.147
21059,Daviess County,Kentucky,103195,38.7,85.5,4.3,4,2.2,25.2,65323,15.2,66.8,906,44199,458.397
21061,Edmonson County,Kentucky,12243,45.3,94.9,0.7,1.6,0.5,10.3,54512,16.8,82.9,739,6418,302.806
21063,Elliott County,Kentucky,7336,44.4,93,2.9,2,0,6.2,40074,27.2,83.3,427,3065,234.321
21065,Estill County,Kentucky,14079,44.3,96.3,0.1,0.9,1,9.9,43905,22,72.4,689,6847,253.081
21067,Fayette County,Kentucky,321122,35.2,67.8,14.3,9.2,4.1,47.3,67631,15.7,53.6,1101,147720,283.855
21069,Fleming County,Kentucky,15221,41,94.3,1.1,1.6,0.6,16.4,49663,22.9,75.6,677,6776,348.672
21071,Floyd County,Kentucky,35342,43.1,96.3,0.5,0.9,0.4,15.1,41582,26.6,72.1,713,17475,393.3
21073,Franklin County,Kentucky,51563,40.6,80.9,9.2,4.1,1.9,31.8,66470,13.4,64.4,946,24082,207.909
21075,Fulton County,Kentucky,6440,41.2,69.3,24.3,1.3,0,17.3,36834,25.7,64.1,542,3174,205.932
21077,Gallatin County,Kentucky,8749,39.7,88.9,2.7,5.4,0.4,13.2,62247,14.4,73.4,858,3763,98.281
21079,Garrard County,Kentucky,17346,42.9,92.1,2.2,2.7,0,19.1,62572,17.1,79.8,793,7272,229.925
21081,Grant County,Kentucky,25238,36.4,92.5,0.8,3.2,0.2,15.1,67940,12.3,73.8,855,10182,257.976
21083,Graves County,Kentucky,36612,40,84.5,4.1,7.8,0.4,17.4,50576,20.5,76.4,713,16437,551.757
21085,Grayson County,Kentucky,26586,40.3,94.8,1,1.5,0.4,14.6,49893,19.3,76.2,653,13336,499.536
21087,Green County,Kentucky,11278,45.2,93.9,1.2,2.3,0,16.6,41087,21.5,76.6,612,5292,285.963
21089,Greenup County,Kentucky,35639,43.9,95.2,0.5,1.1,0.6,18.3,59613,15.1,80.5,836,16247,344.454
21091,Hancock County,Kentucky,9032,41.5,94.2,1.1,0.7,0.1,16.8,66836,15.9,78.4,752,3911,187.675
21093,Hardin County,Kentucky,111452,37.4,74.8,11,6.3,1.9,24.4,67608,11.7,62.3,947,47370,623.899
21095,Harlan County,Kentucky,26185,41.2,94.2,1.5,0.2,0.2,12.7,37198,27.2,70.8,651,13012,465.83
21097,Harrison County,Kentucky,18971,42.4,93.5,1.9,2.2,0,20.1,63205,16.4,70.4,755,8136,306.458
21099,Hart County,Kentucky,19470,40.6,90.5,4.6,2,0.5,10.7,49653,21.2,73.7,692,8888,412.67
21101,Henderson County,Kentucky,44493,41,84.4,6.8,3.2,0.2,19,58239,15.4,64.3,794,20109,436.361
21103,Henry County,Kentucky,15774,41.6,90.1,2.7,3.8,0.5,14.8,60736,16.6,75.8,871,6678,286.251
21105,Hickman County,Kentucky,4470,46.4,85.9,9.2,2.4,0,14.4,63750,20.8,74.8,717,2160,242.331
21107,Hopkins County,Kentucky,45143,41.3,87.3,6.1,2.5,0.5,16.6,57610,19.2,71.8,841,20965,542.187
21109,Jackson County,Kentucky,13003,40.6,96.5,0.2,1,0.1,10.3,41410,23,79.7,758,5999,345.227
21111,Jefferson County,Kentucky,777392,38.4,63.3,21.7,7.8,2.9,36.6,67849,14.5,61.8,1097,357923,380.83
21113,Jessamine County,Kentucky,53792,38.7,86.3,3.9,4.6,1.6,32.4,74886,10.5,69.3,994,20936,172.112
21115,Johnson County,Kentucky,22464,42,95.3,0.6,0.5,1.1,16.6,43014,23.4,66.4,698,10530,261.966
21117,Kenton County,Kentucky,169817,37.8,86,4.2,4.6,1.2,37.6,79421,11.9,70,1018,72896,160.371
21119,Knott County,Kentucky,14046,44.4,96.6,1,0.9,0.2,17.8,37736,25.9,70.8,731,6695,351.524
21121,Knox County,Kentucky,30034,39.8,95.1,0.8,1.2,0.1,13.5,33153,36.7,65.6,631,13824,386.33
21123,Larue County,Kentucky,15028,41.3,90.5,2,3.3,0,15.6,67770,18.9,75.7,816,6542,261.04
21125,Laurel County,Kentucky,62731,39.9,95.1,0.5,1.7,0.3,16.5,56999,21.3,71.5,789,26705,433.703
21127,Lawrence County,Kentucky,16171,42,96.8,0,0.6,1.2,14.2,45584,22,76.3,729,7575,415.597
21129,Lee County,Kentucky,7375,43.4,93.8,2.1,1,0,7.5,34182,28.9,75,593,3227,208.821
21131,Leslie County,Kentucky,10261,42.2,96.8,0.5,0.5,0.3,10.4,40176,27.3,82.6,520,4913,400.878
21133,Letcher County,Kentucky,21146,43.3,96.8,0.7,0.8,0.2,13.7,40501,26.8,72.6,651,10594,337.934
21135,Lewis County,Kentucky,13028,42.1,97,0,0.1,0.1,11.3,41632,22.6,79,757,6072,482.858
21137,Lincoln County,Kentucky,24415,41.9,92.6,1.7,2,0.3,15.2,50862,18.5,77.8,730,10869,332.903
21139,Livingston County,Kentucky,8941,45.7,94.4,0.1,2.4,0,13.9,59713,18.9,80.8,912,4617,312.96
21141,Logan County,Kentucky,27731,40.6,87.7,4.6,3.4,0.4,16.6,61535,14,75.4,719,12459,552.216
21143,Lyon County,Kentucky,8831,47.8,87.8,6.9,1.1,1,16.3,64464,10.6,81.6,809,4806,213.785
21145,McCracken County,Kentucky,67584,42.4,81.5,10,3.3,0.9,27.9,62385,15.3,67.4,861,32155,248.786
21147,McCreary County,Kentucky,16905,38.7,89,6.6,1.8,0.1,9.1,37355,35.1,74.4,588,6919,426.705
21149,McLean County,Kentucky,9127,43.2,94.7,0.8,2,0.2,18.4,70549,9.3,81.2,602,4171,252.525
21151,Madison County,Kentucky,94064,34.7,88,3.5,3.4,0.9,34.2,62407,15.8,62.4,851,39920,437.929
21153,Magoffin County,Kentucky,11495,41.9,97.6,0.1,1.3,0.1,13.2,33632,33.4,77.5,633,5466,308.443
21155,Marion County,Kentucky,19680,39.6,86.6,7.2,3.5,0.6,12.7,55404,19.5,77.3,731,8427,343.551
21157,Marshall County,Kentucky,31728,44.9,95.6,0.7,1.9,0.4,21,63611,13.4,82.1,773,16461,302.125
21159,Martin County,Kentucky,11181,40.3,86.6,7.3,1.9,0.1,10.7,46185,29.2,80.2,441,4847,229.622
21161,Mason County,Kentucky,16995,42.3,87.4,6.2,2.3,0.6,21.1,51473,18.4,68.6,724,8186,240.127
21163,Meade County,Kentucky,30032,39.3,88.4,3.4,4,0.7,18.4,70163,13.7,73.2,976,12111,305.463
21165,Menifee County,Kentucky,6203,45.1,95.8,0.2,2.5,0,10.9,44672,28.2,72.6,634,3387,203.538
21167,Mercer County,Kentucky,22824,42.8,90.3,3.6,3.2,0.3,22.5,63115,11.4,77.1,802,10410,249.383
21169,Metcalfe County,Kentucky,10372,41.9,94.1,2.2,2.2,0,13.1,48572,25.7,75.3,549,4719,289.651
21171,Monroe County,Kentucky,11318,41.3,91.6,2.6,4.4,0.2,14.9,49430,22.2,69.2,629,5240,329.475
21173,Montgomery County,Kentucky,28271,40.6,92.1,2.6,3.3,0.5,20.8,57468,15.2,66.3,796,12204,197.376
21175,Morgan County,Kentucky,13938,41.8,89.9,4.1,3.2,0.7,17.6,47493,18.2,78.2,670,5650,381.104
21177,Muhlenberg County,Kentucky,30712,42.8,92.2,2.1,1.9,1,13,52672,17.8,81.9,712,13533,467.28
21179,Nelson County,Kentucky,47102,39.7,89.5,5.1,2.7,0.5,22.8,67888,9.7,77.3,932,20062,418.685
21181,Nicholas County,Kentucky,7655,38.9,95.7,1,1,0,9.5,53616,18.5,71.5,654,3333,195.306
21183,Ohio County,Kentucky,23704,40.9,92.5,1.1,4.2,0.2,14.2,54369,13.1,78.6,774,10199,587.095
21185,Oldham County,Kentucky,68600,39.7,86.3,3.6,4.8,1.6,45.6,121491,4,88.1,1142,23512,187.294
21187,Owen County,Kentucky,11270,42.5,94.1,0.4,2.5,0,17.3,59706,17.2,87.8,775,5378,350.485
21189,Owsley County,Kentucky,4021,47.9,93.3,0,0,0,11.4,31064,24.9,68.3,551,2024,197.402
21191,Pendleton County,Kentucky,14683,41.7,92.5,0.6,1.6,0.4,16.6,66601,14.3,74,800,6285,277.148
21193,Perry County,Kentucky,27847,41.4,94.2,1,0.3,0.8,14.2,45261,25.5,72.2,795,13256,339.724
21195,Pike County,Kentucky,57466,42.9,94.7,0.6,1.2,0.5,16,42179,25,75.1,837,28955,786.222
21197,Powell County,Kentucky,13057,39.3,93.8,1.7,1.4,0,17.3,39811,21.7,69.2,743,5619,178.962
21199,Pulaski County,Kentucky,65503,42.2,92.7,0.9,3,0.8,17.9,50943,20.3,71.9,835,31673,658.1
21201,Robertson County,Kentucky,2239,39.7,94.4,2.1,0.7,0,13.5,52337,27.4,75.3,543,996,99.591
21203,Rockcastle County,Kentucky,16144,42.8,95.8,0.6,1.2,0.3,13.7,48367,24.4,76.4,678,7377,316.567
21205,Rowan County,Kentucky,24525,31.2,93.8,1.8,2.2,0.9,27,53657,24.5,63.1,815,10577,279.881
21207,Russell County,Kentucky,18117,42.2,92.1,1,4.4,0,15.8,50520,23.4,73.5,660,10146,253.272
21209,Scott County,Kentucky,58269,36.4,84.7,4.7,5.5,0.9,33.2,83660,10.4,72.1,1181,23335,282.194
21211,Shelby County,Kentucky,48599,40.9,78.1,4.5,10.8,1.1,31,82671,8.6,74.1,998,19216,379.79
21213,Simpson County,Kentucky,19786,39,84.2,6.9,3.4,0.2,16.8,57392,15.1,66.3,1011,8456,234.175
21215,Spencer County,Kentucky,19875,43.3,93.2,0.9,2.6,0.4,22.1,98333,7.4,86.6,954,7599,186.67
21217,Taylor County,Kentucky,26205,37.7,88.9,4.6,2.9,0.9,22,61871,16.6,67.6,691,11206,266.414
21219,Todd County,Kentucky,12330,36.3,84.7,7.1,5.1,0,15.9,57759,21.7,74.1,841,5160,374.513
21221,Trigg County,Kentucky,14211,46.6,86.4,6.4,2.6,0.3,20.3,54630,20.4,74.2,802,7625,441.433
21223,Trimble County,Kentucky,8531,40.9,92.6,0.8,2.7,0.1,14.7,67813,13.2,82,935,3870,147.771
21225,Union County,Kentucky,13379,41.3,88.1,8.1,1.6,0.3,11.8,60989,17.4,71.7,787,5868,342.878
21227,Warren County,Kentucky,137549,33.4,75,8.5,6.9,4.5,33.4,64801,16.8,56.7,963,58563,541.724
21229,Washington County,Kentucky,12091,42.2,87.8,5.2,0.5,0.4,18.9,59762,12.6,78.2,696,5222,297.284
21231,Wayne County,Kentucky,19592,43.4,92,1.4,4.4,0,13.7,41933,24.3,72,666,10144,458.043
21233,Webster County,Kentucky,12873,39.6,87.2,4.3,6.5,0,12.6,58786,13.9,73,774,5728,332.026
21235,Whitley County,Kentucky,36755,35.4,94.8,1.1,1.9,0.2,19.8,41719,25.1,66.7,720,15558,437.922
21237,Wolfe County,Kentucky,6484,41.5,96.1,0.2,1.6,0,7.4,29052,38.1,69.9,507,3043,222.159
21239,Woodford County,Kentucky,27017,42.3,85.1,3.9,7.3,0.4,41.7,80006,10,71.6,1000,11587,189.573
22001,Acadia Parish,Louisiana,57218,37,76.8,15.7,3.1,0.2,13.4,45266,24.4,68,725,25036,655.244
22003,Allen Parish,Louisiana,22552,38.9,64.6,19,8,0.7,11.6,51138,20.4,76.8,739,9543,762.084
22005,Ascension Parish,Louisiana,128593,36.4,64.3,22.7,8.1,1,28.5,92266,10.3,82.9,1283,50971,289.97
22007,Assumption Parish,Louisiana,20720,42,64.3,28.6,4.2,0.8,13.7,52546,13.9,85.5,801,10039,344.021
22009,Avoyelles Parish,Louisiana,39176,38.2,63,26.5,3.8,0.6,10.9,39439,27.4,68.7,739,18323,831.675
22011,Beauregard Parish,Louisiana,36646,36.9,79.1,10.6,3.8,0.7,17.8,64995,14.1,83.2,882,15968,1157.477
22013,Bienville Parish,Louisiana,12769,42.5,53.4,41.4,2,0,13.5,34992,32.1,70.6,600,6874,811.344
22015,Bossier Parish,Louisiana,129134,36.2,62.5,23.6,8,1.9,27.3,66336,16.4,66.1,1168,56122,839.576
22017,Caddo Parish,Louisiana,232973,39.2,42.7,49,3.7,1.2,25.3,50067,22.3,60.6,962,112568,879.468
22019,Calcasieu Parish,Louisiana,208668,37.2,65.3,23.7,5.2,1.5,24.7,67849,17.8,72.2,1096,94462,1064.081
22021,Caldwell Parish,Louisiana,9563,40.7,77.4,18.2,2.6,0.1,10.7,44957,25.4,69,756,4644,529.77
22023,Cameron Parish,Louisiana,5222,43,85.7,1.2,0.2,1.6,15,72500,6.3,96.9,,3447,1284.639
22025,Catahoula Parish,Louisiana,8738,38.8,62.9,34.6,1.1,0.1,16.6,47753,28.1,76,724,4447,707.952
22027,Claiborne Parish,Louisiana,14019,41.9,44.7,48.5,3.4,0.1,11,31784,35,70.5,619,6821,754.794
22029,Concordia Parish,Louisiana,18325,37.7,56.3,38.8,2.5,0.3,17.4,37349,34.8,70.4,774,9026,697.14
22031,De Soto Parish,Louisiana,26897,40.1,59.2,34.7,3.1,0.2,14.9,46077,21.8,75.2,719,12560,876.449
22033,East Baton Rouge Parish,Louisiana,452821,34.2,42,44.1,6.6,3.1,38.2,63075,18.6,59.1,1121,205518,455.502
22035,East Carroll Parish,Louisiana,7195,35.7,29,64.1,2,0,11,28321,35.7,60,767,3408,420.887
22037,East Feliciana Parish,Louisiana,19378,44.6,54.2,39.9,2,0.2,17,72899,13.5,83.8,745,8171,453.293
22039,Evangeline Parish,Louisiana,32162,37.7,64.5,25.7,4.4,0.4,12.6,42273,23,64.8,663,14523,662.431
22041,Franklin Parish,Louisiana,19590,39.1,65.4,28.7,1.6,0.4,16.2,44103,25.6,73.7,719,8937,624.298
22043,Grant Parish,Louisiana,22123,38.5,74.3,14.5,6,0.7,12.8,61112,16.1,82.1,806,9054,643.75
22045,Iberia Parish,Louisiana,69194,37.8,56.7,30.5,5.5,2.6,14.7,57811,22.6,68,891,31215,574.741
22047,Iberville Parish,Louisiana,29950,40.3,46.2,45.2,4.8,0,16.6,57459,15.5,75.7,817,13419,618.719
22049,Jackson Parish,Louisiana,14939,41.5,66.3,25.5,3.3,0.1,13.4,43345,24.3,70.4,719,7223,569.378
22051,Jefferson Parish,Louisiana,432484,39.9,48.1,25.6,18.2,4.1,29.9,65246,16.3,62.3,1162,194109,300.864
22053,Jefferson Davis Parish,Louisiana,32083,37.4,77,14.7,2.4,0.2,15,56500,17.8,76.3,847,14107,651.52
22055,Lafayette Parish,Louisiana,245075,36.4,62.5,25.3,6.5,1.9,34.9,67660,17.4,66.1,1022,110400,268.827
22057,Lafourche Parish,Louisiana,96670,39,74.8,13.1,5.8,0.7,20.4,63439,18,78.3,933,41164,1067.793
22059,LaSalle Parish,Louisiana,14804,38.6,75,11.3,8.9,1.2,17.4,67077,15.5,82.9,576,6203,624.854
22061,Lincoln Parish,Louisiana,48160,28.6,52.5,36.9,3.6,1.3,36,38035,30.7,53.5,821,20650,471.636
22063,Livingston Parish,Louisiana,145583,36.4,81.9,8.2,6.2,0.7,20.3,78617,13.1,81.3,1102,58899,648.131
22065,Madison Parish,Louisiana,9757,34.6,33.4,62.6,2.4,0,12.8,37267,36.7,56.4,625,4388,623.885
22067,Morehouse Parish,Louisiana,24967,40.3,47.5,48.1,1.6,0.5,12.7,36981,30.7,66.6,795,11895,794.95
22069,Natchitoches Parish,Louisiana,37047,33.3,50.3,39.5,3.9,0.6,25.6,46798,24.1,62.3,767,18663,1253.008
22071,Orleans Parish,Louisiana,376035,38.4,30.1,54.7,7.9,2.8,42,55339,22.6,50.5,1211,194758,169.5
22073,Ouachita Parish,Louisiana,158916,36.6,55.6,37,3.6,1,27.5,51241,24,59.5,923,70667,610.35
22075,Plaquemines Parish,Louisiana,23070,36.8,60.2,20.9,9.5,4,19.8,82874,13.4,73.9,1611,9625,780.595
22077,Pointe Coupee Parish,Louisiana,20438,43.2,59.7,32.3,3.3,0.2,15.5,59351,17.8,77.5,794,11044,556.875
22079,Rapides Parish,Louisiana,128470,37.8,59.7,31,4,1.3,22.4,55946,18.9,65.3,942,58321,1324.11
22081,Red River Parish,Louisiana,7529,40.4,55.6,40.2,1.8,0,11.2,44539,29.4,76.7,731,3599,388.98
22083,Richland Parish,Louisiana,19908,39.8,60.2,36,2.2,0,18.1,52960,23.5,67,836,8698,555.613
22085,Sabine Parish,Louisiana,22085,41.3,66.7,14.3,3.4,0.4,14.5,52047,22.7,80.3,664,13618,866.625
22087,St. Bernard Parish,Louisiana,44172,35.8,56.7,23.5,13.6,2.1,17.2,57638,22.6,70.1,1083,18004,377.517
22089,St. Charles Parish,Louisiana,51863,39.1,62.8,22.8,8,0.8,27.2,82172,9.8,82.7,1144,20595,277.742
22091,St. Helena Parish,Louisiana,10849,42.4,44.4,50.2,2.3,0.4,11.7,50193,30,74.5,802,5310,408.527
22093,St. James Parish,Louisiana,19797,40.8,49.1,48.4,1.9,0,20.2,64536,10.5,85.5,821,8651,237.861
22095,St. John the Baptist Parish,Louisiana,41342,38.5,30.3,55.9,8.3,1.1,18.7,67418,12.6,79.7,1118,17790,214.474
22097,St. Landry Parish,Louisiana,82128,37.5,53.1,39.9,2.8,0.6,14.3,45637,24,70,742,37001,924.029
22099,St. Martin Parish,Louisiana,51559,39.7,63.7,28.6,3.4,0.9,15.3,53394,16.6,78.9,865,23704,737.47
22101,St. Mary Parish,Louisiana,48455,39.7,53.9,28.9,9.4,1.3,13.1,51768,22.1,69.8,839,22510,558.527
22103,St. Tammany Parish,Louisiana,269331,40.4,73.3,12,7.9,1.3,36.6,79277,12.2,78.8,1305,112414,845.281
22105,Tangipahoa Parish,Louisiana,135218,35.7,60.9,29.6,5.6,0.7,22.2,57256,19.4,71.5,974,58663,791.172
22107,Tensas Parish,Louisiana,3992,47.4,41.4,53.3,2.8,0.7,13.1,36074,32.8,69.6,613,2804,603.302
22109,Terrebonne Parish,Louisiana,107362,37.3,64.2,19,6.9,1.2,17.7,64819,16.5,73.6,1010,47236,1229.888
22111,Union Parish,Louisiana,20914,43.5,69.1,23.6,5.6,0,16,45743,28.6,76.1,758,10416,876.913
22113,Vermilion Parish,Louisiana,57031,39.4,76.8,13,4.2,2,16.8,57537,19.2,74.3,802,25924,1172.055
22115,Vernon Parish,Louisiana,47764,32.1,70.1,13,9.2,1.7,19.1,58281,18.3,55.8,1038,22073,1326.726
22117,Washington Parish,Louisiana,45238,41,63.6,29.7,3.2,0.1,12.7,42776,24.2,69.4,772,21422,669.637
22119,Webster Parish,Louisiana,36189,41.2,61.7,33.3,2.2,0.3,12.8,37396,26.9,68.2,777,18341,593.319
22121,West Baton Rouge Parish,Louisiana,27666,36.6,53,40.4,4.5,0.5,23.1,87320,16,75.9,1021,11827,192.346
22123,West Carroll Parish,Louisiana,9622,41.4,79.7,15.4,3.6,0,14.1,48514,15.7,73.8,692,4691,359.686
22125,West Feliciana Parish,Louisiana,15381,42.2,50.4,45.4,1.4,0.4,22.6,74277,11.6,78.8,998,5127,403.316
22127,Winn Parish,Louisiana,13506,41.6,61.2,28.5,7.2,1.2,16.1,46368,22,71.1,640,6372,950.004
23001,Androscoggin County,Maine,112323,40.8,88.2,4.6,2.1,1.2,23.4,67298,13,67.4,966,50202,467.954
23003,Aroostook County,Maine,67227,48.4,92.9,0.7,1.6,0.4,22.4,54254,14.4,74.4,736,38444,6671.136
23005,Cumberland County,Maine,305940,42.1,86.7,3.2,2.7,2.1,52.2,92983,7.1,70.4,1492,151519,836.193
23007,Franklin County,Maine,30145,46.1,94,0.6,1.6,0.5,29.9,58522,11.8,77,759,21089,1697.007
23009,Hancock County,Maine,56084,49.1,93.2,0.9,1.8,0.9,39.2,69630,10.2,78.8,1000,40514,1587.128
23011,Kennebec County,Maine,125614,44,92.7,0.8,2.2,0.8,30.9,65062,12.3,72.8,952,63140,867.472
23013,Knox County,Maine,40860,49.2,94.1,0.4,1.8,0.3,39.1,71903,8.8,78.5,1079,24428,365.146
23015,Lincoln County,Maine,35840,51.1,93.3,0.5,1.3,0.7,40,72026,8.5,83.8,1003,23810,455.867
23017,Oxford County,Maine,58728,48.3,92.8,0.3,1.6,0.5,22.5,57933,14.2,80.8,807,36558,2076.957
23019,Penobscot County,Maine,153571,42.5,91.4,1,1.9,1.1,30.5,63248,13.5,70.3,997,75405,3397.182
23021,Piscataquis County,Maine,17125,51.4,93,0.8,1.8,0.9,21.8,55234,16.5,76.9,807,14651,3960.847
23023,Sagadahoc County,Maine,37093,47.3,92.4,0.5,2,0.7,41.1,82080,11.1,77.8,1050,19109,253.979
23025,Somerset County,Maine,50852,46.9,94.5,0.5,1.4,0.3,20.3,56199,15.6,77.3,887,30009,3924.27
23027,Waldo County,Maine,40006,46.9,93,0.5,1.5,0.4,34.8,68441,12.8,80.9,969,22118,729.981
23029,Washington County,Maine,31261,48.6,88,0.7,2.3,0.3,24.9,52237,17.8,78.1,768,21703,2562.725
23031,York County,Maine,214731,45.3,90.8,1.1,2.1,1,34.6,82904,7.8,76.1,1239,113853,991.196
24001,Allegany County,Maryland,67762,41.7,86.4,7,1.9,0.9,21.1,57393,17.2,70.3,786,32810,422.199
24003,Anne Arundel County,Maryland,590936,39,62.7,17.4,10,4,45.2,120324,5.5,75,1990,234843,414.806
24005,Baltimore County,Maryland,849586,39.5,52.3,29.8,7.4,6,41.4,90904,10,66.3,1566,350296,598.358
24009,Calvert County,Maryland,93791,40.5,74.3,12.2,4.9,1.8,35.3,132059,4,87.2,1701,35960,213.19
24011,Caroline County,Maryland,33406,39.8,72.8,13.2,8.8,0.8,17.6,66368,12.4,71.9,1070,13516,319.442
24013,Carroll County,Maryland,174318,41.3,85.6,3.9,4.8,2.3,39.7,115876,5.3,83.9,1370,66167,447.615
24015,Cecil County,Maryland,104366,40.8,81.4,6.9,5.4,1.3,26.9,91146,10.9,75.3,1367,44159,346.3
24017,Charles County,Maryland,168710,38.8,33.5,48.5,7.5,3.2,31.6,120592,6.6,81.2,1897,63053,457.819
24019,Dorchester County,Maryland,32612,43.9,61,25.3,5.9,1.4,18.8,60495,16.3,66.3,959,16416,540.765
24021,Frederick County,Maryland,280341,38.9,67.3,9.9,12.3,5.4,44.9,120458,6.3,77,1706,106480,660.621
24023,Garrett County,Maryland,28713,48.1,95.1,0.8,1.3,0.5,24.6,69031,11,81,710,18567,649.077
24025,Harford County,Maryland,262509,40.5,72.5,14.3,5.6,2.9,39.5,111317,7,79.7,1557,104409,437.125
24027,Howard County,Maryland,333916,39.4,47,19.6,8.4,18.8,64.5,146982,5.1,71.7,2038,124489,250.95
24029,Kent County,Maryland,19265,48.4,76.1,14.2,5.6,1,37.9,74402,9.5,72.1,1144,10326,276.988
24031,Montgomery County,Maryland,1057586,40.1,40.4,18.3,20.6,15.1,60.3,128733,7.1,65.3,2030,405127,493.143
24033,Prince George's County,Maryland,955584,38.5,11.1,59,21.7,3.9,36.1,100708,10.2,62.3,1761,362440,482.643
24035,Queen Anne's County,Maryland,50951,44.8,83.1,6,5.3,1,37.2,113347,7,81.3,1611,21703,371.669
24037,St. Mary's County,Maryland,114372,37,71,14.6,5.9,2.5,35.1,114580,7.4,72.6,1692,46078,358.564
24039,Somerset County,Maryland,24685,38.1,51.2,37.9,4.5,0.6,17.1,52462,20.1,68.8,938,10916,319.749
24041,Talbot County,Maryland,37707,51.1,74.2,12,9.1,1.3,41.3,84378,10.2,72.7,1248,19671,268.556
24043,Washington County,Maryland,155033,41,74.5,11.3,7.3,1.6,23.5,74157,12.5,65.9,1100,63965,457.784
24045,Wicomico County,Maryland,104117,36.2,59.1,26.2,6.9,2.6,29.1,72861,14,60.7,1238,43925,374.43
24047,Worcester County,Maryland,53279,50.7,78.5,12,3.9,1.4,32.7,81455,8.1,76.7,1180,56585,468.402
24510,Baltimore city,Maryland,577193,36.1,26.2,59.3,7.9,2.5,35.4,59623,20.1,47.5,1290,293631,80.946
25001,Barnstable County,Massachusetts,230073,55.1,85.9,2.7,3.6,1.5,47.4,94452,7.4,80.6,1596,165661,394.2
25003,Berkshire County,Massachusetts,128047,47.8,85.7,2.3,5.6,1.8,38.3,72565,11,70,1042,69861,926.874
25005,Bristol County,Massachusetts,578436,40.9,76.7,4,9.8,2.4,30.6,84198,11.6,62.2,1181,244166,553.111
25007,Dukes County,Massachusetts,20751,50.4,81.1,3.3,3.1,1.4,49,102348,5.4,74.6,1371,17713,103.202
25009,Essex County,Massachusetts,807258,41.1,65.9,3.5,23.2,3.4,42.3,99431,9.4,64,1673,328460,492.513
25011,Franklin County,Massachusetts,70922,47.3,87.9,1.3,5.2,1.9,40.3,72584,12.2,68.7,1169,34424,699.208
25013,Hampden County,Massachusetts,462853,39.8,60.2,7.6,26.6,2.5,28.9,70535,15.7,62.2,1105,197210,617.005
25015,Hampshire County,Massachusetts,156595,38.7,81.3,2.2,7.2,5,51.1,86391,10.9,68.8,1332,66490,527.236
25017,Middlesex County,Massachusetts,1622896,38.9,66.7,4.8,9,13.1,59,126779,7.5,61.6,2126,660814,817.866
25019,Nantucket County,Massachusetts,14299,40.8,69.1,9.1,16.4,1.8,58.4,119750,3,76.5,2070,12449,46.192
25021,Norfolk County,Massachusetts,724540,40.9,70,6.9,5.5,12,57.6,126497,6.6,68.5,2072,293420,396.103
25023,Plymouth County,Massachusetts,531889,42.9,76.8,8.4,4.7,1.7,41.2,109698,7.1,77.6,1655,216654,658.501
25025,Suffolk County,Massachusetts,782172,33.8,44.1,17.9,22.8,8.9,49.9,92859,16.5,36.6,2069,353930,58.253
25027,Worcester County,Massachusetts,861664,40.3,71.8,4.6,13.3,5.2,39,93561,10.3,65.7,1347,353405,1510.677
26001,Alcona County,Michigan,10310,59.7,93.9,0.3,1.5,0.4,20.6,53568,14.3,89.6,790,10353,674.655
26003,Alger County,Michigan,8813,48.8,81.6,7.9,1.7,0.3,20.3,59406,10.2,84.3,712,6205,915.034
26005,Allegan County,Michigan,120913,40.8,85.5,1.2,8,0.7,26.1,80255,9.3,86.1,1065,52262,825.253
26007,Alpena County,Michigan,28908,47.6,93,0.9,1.6,0.5,17.7,51909,17,79.4,660,15674,571.899
26009,Antrim County,Michigan,23876,51.8,93.2,0.4,2.1,0.4,34.3,71421,9.4,87,920,17613,475.679
26011,Arenac County,Michigan,15054,50.1,93.2,0.6,2.1,0.1,15.8,56989,13.4,85.7,741,9536,363.178
26013,Baraga County,Michigan,8249,46.2,71.8,6.8,1.7,0.6,16.1,55117,13.5,77,557,5071,898.427
26015,Barry County,Michigan,62982,42,92.1,0.4,3.6,0.6,24.3,77873,8.1,86.1,955,27617,553.104
26017,Bay County,Michigan,103235,43.8,88.6,1.3,5.8,0.4,21.4,60523,14,76.4,809,48620,442.409
26019,Benzie County,Michigan,18177,50.6,91.6,0.4,2.4,0.4,34.3,72603,10.2,87.8,974,12231,319.696
26021,Berrien County,Michigan,153411,42.6,73.2,13.4,6.1,1.7,30.2,63152,15.2,72.8,923,77127,567.781
26023,Branch County,Michigan,44914,40.8,87.6,1.9,6.3,0.4,16.9,61958,15.4,77.5,900,20879,506.411
26025,Calhoun County,Michigan,133846,40.2,75.7,9.9,5.7,2.6,22.2,60385,14.2,72.4,937,59626,706.262
26027,Cass County,Michigan,51606,45.5,84.5,4.3,4.3,0.9,21.6,68011,13.2,80.5,870,25543,490.108
26029,Charlevoix County,Michigan,26143,50,92.7,0.5,1.9,0.6,33.9,76495,8.7,82.7,929,17578,416.33
26031,Cheboygan County,Michigan,25778,51.9,89.7,0.9,1.6,0.6,22.9,61619,12.8,85,822,17742,715.279
26033,Chippewa County,Michigan,36448,41.3,67.5,5.6,2.2,0.9,21.9,60631,15.6,73.7,793,20340,1558.508
26035,Clare County,Michigan,31109,48.3,93.7,0.4,2.2,0.4,13,49805,21.1,86.2,743,21953,564.367
26037,Clinton County,Michigan,79419,41.8,87.9,1.6,5.1,1.4,34.2,85928,9.4,82.8,1039,33123,567.349
26039,Crawford County,Michigan,13271,51.5,92.4,0.3,2.3,0.8,20.2,58614,14.8,81.5,825,10268,556.415
26041,Delta County,Michigan,36829,47.8,90.3,0.3,1.5,0.3,20,54829,14,78.6,698,19841,1171.094
26043,Dickinson County,Michigan,25940,47.4,93,0.8,1.8,0.5,24.3,61882,9.8,81.8,744,13941,760.948
26045,Eaton County,Michigan,109000,41.2,80.6,6.8,6.2,2.2,30.4,78025,7.7,74.2,1042,47650,575.209
26047,Emmet County,Michigan,34159,46.4,89.3,0.6,2,0.4,40.2,73724,9.3,76.8,1033,21886,467.547
26049,Genesee County,Michigan,404087,40.6,70.6,19.2,4.1,0.9,22.8,60673,15.9,70.8,936,183729,636.943
26051,Gladwin County,Michigan,25543,50.8,93.4,0.3,2.1,0.4,15.4,55576,13.2,87.1,689,17003,501.786
26053,Gogebic County,Michigan,14348,51.3,91.3,0.8,1.9,0.6,21.9,49672,15,80.8,577,10400,1102.136
26055,Grand Traverse County,Michigan,95757,43.1,91.3,0.9,3.3,0.7,40.3,79486,8.6,76.5,1215,46435,464.336
26057,Gratiot County,Michigan,41478,39.7,83.6,5.4,7.6,0.4,19,61128,14.3,78.9,808,16051,568.381
26059,Hillsdale County,Michigan,45658,42.8,92.8,0.7,2.7,0.2,20.6,60869,15.5,81,801,21490,598.152
26061,Houghton County,Michigan,37428,32.3,91.2,1.1,1.8,2.8,36.6,56573,15.9,71.2,767,18781,1009.101
26063,Huron County,Michigan,31258,49.4,93.6,0.4,2.7,0.6,17.6,56963,12.2,82.1,743,20372,836.017
26065,Ingham County,Michigan,282015,33.3,67.4,11.2,8.7,6.2,41.3,64354,16.4,59.5,1058,125812,556.087
26067,Ionia County,Michigan,66706,38.8,85.7,3.7,5.2,0.5,18,73436,11.4,77.2,840,24746,571.32
26069,Iosco County,Michigan,25333,53.5,91.6,0.9,2.7,0.7,17.6,47777,16.6,82.9,659,19978,549.477
26071,Iron County,Michigan,11650,53.2,92.5,0.8,2.1,0.6,20.6,53614,16.9,85.3,510,9046,1166.096
26073,Isabella County,Michigan,64475,29.8,83.6,2.7,4.9,1.5,30.8,53759,23.2,61.3,863,28600,572.7
26075,Jackson County,Michigan,160187,41.2,82.5,7.6,4,0.8,23,65004,12.2,75,958,69188,701.897
26077,Kalamazoo County,Michigan,261437,34.9,75.2,10.6,5.8,2.7,40.8,70525,13.3,64,1049,114463,561.955
26079,Kalkaska County,Michigan,18116,44,92.7,0.9,2.2,0.5,18.2,60365,14.1,87.5,767,11655,559.744
26081,Kent County,Michigan,658844,35.7,71.1,9.2,11.5,3.1,39.6,80390,10.6,70.4,1176,267071,848.931
26083,Keweenaw County,Michigan,2106,56.7,95.6,0,1.5,0,43.6,53893,8.7,91.7,679,2292,540.112
26085,Lake County,Michigan,12393,50.3,75.8,8.5,9.2,0.4,12.5,49680,20.6,81.2,863,13432,567.594
26087,Lapeer County,Michigan,88703,44.6,90.2,1.1,5,0.3,19.8,76228,9.8,86,959,36980,646.983
26089,Leelanau County,Michigan,22607,55.3,89.4,0.4,4.3,0.6,49.9,91943,7.1,90.6,1223,15630,347.199
26091,Lenawee County,Michigan,98823,42.2,85.2,2.2,8.8,0.3,22.3,67013,11.6,78.6,965,43747,749.638
26093,Livingston County,Michigan,195143,43.8,92.8,0.5,2.9,0.9,39.2,101315,4.9,86.6,1236,79520,565.283
26095,Luce County,Michigan,6325,44.6,77,8.2,1.8,0.3,19.3,54338,17.2,78.7,799,4081,899.075
26097,Mackinac County,Michigan,10865,53.3,71.8,4.1,2.1,1,23.5,58598,16.9,77.4,761,10575,1021.879
26099,Macomb County,Michigan,877624,41.1,75.2,12.4,3.1,4.7,27.2,76399,9.8,75,1175,371723,479.348
26101,Manistee County,Michigan,25247,50.3,87.7,3.3,3.5,0.4,23.4,60879,11.8,85.9,820,15631,542.325
26103,Marquette County,Michigan,66430,39.2,90.9,1.5,2,0.5,35.8,64675,13.6,71.2,923,33553,1809.051
26105,Mason County,Michigan,29177,47.2,89.9,1.1,4.8,0.4,25,62296,14.6,78.1,840,17499,494.969
26107,Mecosta County,Michigan,40321,40.6,90,2.2,2.8,0.8,22.7,57774,19.2,75.9,867,21045,555.155
26109,Menominee County,Michigan,23295,49.9,91.5,0.6,2.3,0.4,18,55688,12.2,80.4,675,13261,1044.041
26111,Midland County,Michigan,83641,41.8,89.8,1.4,3.3,2.2,36.3,77538,10.9,78.2,974,37048,517.859
26113,Missaukee County,Michigan,15156,42.7,91.4,0.5,3.3,0.3,18,61868,10.8,83.7,838,8676,564.788
26115,Monroe County,Michigan,155001,42.6,89.2,2.2,4.2,0.4,23.4,75272,11.1,81.2,1017,66300,549.353
26117,Montcalm County,Michigan,67174,40.1,87.6,3.2,4.2,0.2,14.9,64892,12,82.2,867,28046,705.329
26119,Montmorency County,Michigan,9372,56.7,93.7,0.2,1.6,0.6,16,47803,17.9,87.6,811,8926,546.675
26121,Muskegon County,Michigan,175378,39.9,75.3,12.6,6.1,0.6,21.4,63495,12.6,78.3,960,74969,503.914
26123,Newaygo County,Michigan,50414,42.8,88.2,0.7,6.1,0.4,18.4,61931,14.3,86.4,882,24781,838.887
26125,Oakland County,Michigan,1272294,41.2,69.2,12.9,4.9,8.2,50.2,95296,7.7,72.3,1319,557978,867.393
26127,Oceana County,Michigan,26788,43.9,80.3,0.9,15.4,0.1,21,63624,13.3,85.1,768,15645,538.105
26129,Ogemaw County,Michigan,20853,50.8,93.2,0.6,2.2,0.8,15.9,51983,17.5,82.5,828,15326,563.503
26131,Ontonagon County,Michigan,5870,59.4,93.1,0.8,1.7,0.5,16.7,51844,12.6,87.3,571,5256,1310.978
26133,Osceola County,Michigan,23122,43.8,92.4,1,2,0.4,16.4,57050,15.8,83.7,764,12634,566.286
26135,Oscoda County,Michigan,8338,52.1,93.5,0.3,2,0.2,14.8,50581,15.8,86.7,675,7705,565.674
26137,Otsego County,Michigan,25352,44.5,93.4,0.8,1.9,0.6,25.8,67285,9.6,78,880,14893,515.006
26139,Ottawa County,Michigan,298614,36.3,82.4,1.5,10.1,2.7,37.5,87144,8.2,78.5,1148,116173,563.52
26141,Presque Isle County,Michigan,13142,56.2,94.7,0.2,1.5,0.3,20.2,56713,12.2,89.7,625,9856,658.717
26143,Roscommon County,Michigan,23639,57.4,92.7,0.6,2,0.4,20.3,54106,15.4,84.3,789,23170,519.897
26145,Saginaw County,Michigan,189210,41.1,68.1,18.5,9.1,1.2,23.4,58347,18.1,73.5,921,86134,800.806
26147,St. Clair County,Michigan,160089,44.3,90,2.2,3.6,0.5,20.3,69349,11,80.5,999,72467,721.488
26149,St. Joseph County,Michigan,60870,39.8,84.4,2.2,9.1,0.6,17.1,64707,12,75.2,825,27248,500.64
26151,Sanilac County,Michigan,40574,45.3,92.4,0.4,4.2,0.2,16,59074,14,81.7,814,21751,962.571
26153,Schoolcraft County,Michigan,8093,52.1,84.2,0.5,1.5,0.2,20.7,57708,14.8,85.4,654,5947,1171.876
26155,Shiawassee County,Michigan,68061,43.1,93.1,0.6,3,0.4,19.5,64464,11.7,79.3,876,30272,530.967
26157,Tuscola County,Michigan,53071,44.6,92,1,3.6,0.4,15.5,62847,12.6,85.2,796,24005,804.84
26159,Van Buren County,Michigan,75681,41.2,79.1,3.5,12.2,0.5,22.9,66902,13.8,80.5,845,37243,607.793
26161,Washtenaw County,Michigan,368394,34.8,67.9,11.4,5.6,8.8,58.1,87156,13.8,61.6,1400,158115,706.003
26163,Wayne County,Michigan,1773767,37.8,48.2,37,6.7,3.5,26.9,59521,20.1,64.5,1087,796119,611.835
26165,Wexford County,Michigan,33868,42.2,91.6,0.9,2.5,0.5,21.2,63123,12.9,81.4,877,16532,564.925
27001,Aitkin County,Minnesota,15930,56.5,92.8,0.7,1.5,0.1,19,59498,12.3,85.3,912,14203,1821.369
27003,Anoka County,Minnesota,367095,38.8,76,8.3,5.6,5.4,31.7,98764,6.6,80,1396,140246,421.973
27005,Becker County,Minnesota,35260,43.2,85.5,0.8,1.9,0.7,27.5,71117,11,77.8,899,19869,1315.037
27007,Beltrami County,Minnesota,46421,35.1,70.4,0.9,2.5,0.6,32.3,67257,16,69.5,991,21583,2504.643
27009,Benton County,Minnesota,41458,36.7,86.6,3.9,3.2,1,24.5,71480,9.8,67.9,917,17484,408.303
27011,Big Stone County,Minnesota,5152,47.4,94.3,0.2,2.5,0.8,21.3,65475,11.5,79.4,718,2984,499.129
27013,Blue Earth County,Minnesota,69386,31.5,85.2,4.5,4.7,2.3,34.5,72623,16.3,61.8,1076,29544,747.836
27015,Brown County,Minnesota,25826,42.4,92.2,0.8,4.8,0.6,24.2,68690,7.7,79.4,931,11802,611.109
27017,Carlton County,Minnesota,36457,41.7,87.3,2.1,1.9,0.5,25.5,80042,11.1,79.4,967,15830,861.191
27019,Carver County,Minnesota,108622,38.9,86.1,1.5,5,3.3,50.5,123144,4.2,81.7,1444,41395,353.879
27021,Cass County,Minnesota,30688,49.7,81.1,0.4,1.7,0.5,25.4,64937,12.7,84.9,889,24294,2021.464
27023,Chippewa County,Minnesota,12388,41.8,83.4,0.9,9.9,1.3,19.6,69192,14.4,71.4,846,5649,581.223
27025,Chisago County,Minnesota,57434,40.8,90.5,1.2,2.7,1.4,24,98260,5.9,85.6,1112,22711,414.9
27027,Clay County,Minnesota,65628,33.5,84.3,4.6,4.9,1.7,39,77664,14.4,66.6,1000,27241,1045.176
27029,Clearwater County,Minnesota,8579,41.8,84.3,0.2,0.9,0.7,18.3,64934,11.2,81.1,740,4449,999.003
27031,Cook County,Minnesota,5633,52.3,84.3,0.5,2.8,0.7,45.6,71643,11.3,79.6,886,6024,1452.576
27033,Cottonwood County,Minnesota,11458,41.3,81.5,1.8,10.5,3.4,22.9,68239,14.2,76.1,765,5163,639.973
27035,Crow Wing County,Minnesota,67113,45.4,93.6,0.6,1.5,0.4,28.6,71343,9.7,77.4,962,42191,998.359
27037,Dakota County,Minnesota,442204,38.4,73.8,7.2,8.4,5.1,44.6,105212,5.6,75.4,1497,176447,562.557
27039,Dodge County,Minnesota,20962,38.5,90,1,5.2,0.6,29.7,92943,5.4,87.7,1007,8399,439.396
27041,Douglas County,Minnesota,39354,44.3,94.2,0.5,2.2,0.4,29,77264,8.3,76.4,896,22087,636.878
27043,Faribault County,Minnesota,13909,44.6,88.6,0.6,7.8,0.6,21.6,64391,11.8,78,837,6921,712.479
27045,Fillmore County,Minnesota,21346,42.3,94.6,0.6,1.9,0.6,23.7,75225,8.9,82.4,763,9669,861.333
27047,Freeborn County,Minnesota,30752,43.9,82.2,1.2,10.6,3.1,18.1,69012,9.8,79.3,837,14116,707.245
27049,Goodhue County,Minnesota,47844,42.3,89.6,1.6,3.9,0.8,27.9,82749,9.3,78,939,21071,756.713
27051,Grant County,Minnesota,6108,43.7,92.7,0.5,2.6,0.1,19.1,72957,10.7,79,779,3146,547.8
27053,Hennepin County,Minnesota,1268903,37.4,66,13.2,7.7,7.1,53.3,96339,10,63,1439,564441,554.006
27055,Houston County,Minnesota,18768,45,93.8,0.4,1.5,1,28,77087,6.5,84.1,881,8755,552.113
27057,Hubbard County,Minnesota,21700,48.3,90.2,0.5,2.5,0.4,30.5,70622,9.7,82.6,923,14760,926.012
27059,Isanti County,Minnesota,41934,40.1,91.8,1,2.4,2,19.6,86573,7.8,83.8,1241,16976,435.781
27061,Itasca County,Minnesota,45141,46.9,88.9,0.7,1.5,0.3,25.1,66380,12.7,81.9,944,25589,2667.513
27063,Jackson County,Minnesota,9964,44.5,90.4,0.5,4.5,1,24.9,69955,9.1,81.3,736,4914,702.972
27065,Kanabec County,Minnesota,16261,44.5,93.3,0.5,1.7,0.5,15.8,71915,9.8,83.8,1003,7793,521.61
27067,Kandiyohi County,Minnesota,43757,39.8,76.4,5.6,14,1.3,27.1,75097,10,72.1,843,20212,797.365
27069,Kittson County,Minnesota,4163,48.4,93.5,0.5,2.5,0.4,28,69615,9.7,82.4,728,2279,1099
27071,Koochiching County,Minnesota,11950,50.5,89.9,0.6,1.5,0.9,20.3,69115,10.7,82,774,7418,3104.706
27073,Lac qui Parle County,Minnesota,6694,47.7,93.4,0.6,3.1,0.4,22.1,71639,8,83,809,3474,765.021
27075,Lake County,Minnesota,10911,49.6,94.8,0.4,1.4,0.2,25.8,75621,8.3,84,1026,7405,2109.108
27077,Lake of the Woods County,Minnesota,3800,50.8,90.7,0.3,0.7,0.2,21.4,70091,8.2,84.3,867,3457,1297.653
27079,Le Sueur County,Minnesota,28936,41.4,89.6,0.9,6.6,0.5,25.4,90218,7.1,81,885,12978,448.733
27081,Lincoln County,Minnesota,5594,45,94.2,0.2,2.3,0.7,24.4,67715,9.2,82.1,688,3061,536.786
27083,Lyon County,Minnesota,25498,37.3,82,2.5,7.4,4.7,28.6,72761,12.5,70.5,742,11252,714.411
27085,McLeod County,Minnesota,36771,41.5,89,0.5,7.2,0.6,19.6,78468,7.7,77.8,906,15936,491.51
27087,Mahnomen County,Minnesota,5371,35.2,44.9,0.1,3.7,0.4,14.3,53925,20.9,72.5,685,2552,557.867
27089,Marshall County,Minnesota,8961,43.2,91.9,0.3,4.6,0.2,18.9,71701,7.4,85.2,737,4416,1775.06
27091,Martin County,Minnesota,19864,44.5,88.7,0.8,6.8,0.6,23.8,62969,11.1,72.4,735,9715,712.331
27093,Meeker County,Minnesota,23422,42.3,92.9,0.2,4.3,0.3,20.4,75037,8.3,81,894,10671,607.968
27095,Mille Lacs County,Minnesota,26912,41.2,88.3,0.3,2.2,0.6,17.6,71455,10.5,77.7,909,12958,572.306
27097,Morrison County,Minnesota,34131,42.2,94.7,0.3,1.9,0.3,19,68640,10,80.9,782,16204,1125.094
27099,Mower County,Minnesota,40069,38.9,74,3.5,13,5.7,23.5,71495,12.1,76,848,16963,711.273
27101,Murray County,Minnesota,8119,46.6,89.6,0.6,4.9,1.1,23.9,74475,8.1,81.8,768,4401,704.667
27103,Nicollet County,Minnesota,34350,37.8,85.9,3.5,5.3,1.5,35.7,80362,9.6,72.3,931,13530,448.517
27105,Nobles County,Minnesota,22067,36.3,53.1,4.6,33.1,4.6,17.7,65509,12.6,71.9,863,8398,715.117
27107,Norman County,Minnesota,6411,43.9,87.9,1.1,5.2,0.8,20.9,69833,10.3,81.6,752,3228,872.789
27109,Olmsted County,Minnesota,163425,37.8,76.3,7.2,5.8,6.3,48.5,93494,7.9,70.7,1283,70255,653.509
27111,Otter Tail County,Minnesota,60281,46.3,90.9,1,3.7,0.6,27.4,70912,8.9,79.2,805,36669,1971.635
27113,Pennington County,Minnesota,13877,40.2,88.4,1.2,4.8,1.2,19.3,72561,9.9,71.3,900,6755,616.52
27115,Pine County,Minnesota,29411,45.8,88.2,2.2,2.7,1.1,16.3,69666,10.5,82.7,873,17148,1411.337
27117,Pipestone County,Minnesota,9352,39.8,84.4,1,8.4,1,21.6,66073,11.4,81.5,731,4316,465.053
27119,Polk County,Minnesota,30905,39.5,84.7,2.2,6.7,0.8,28.1,69136,11.7,72.1,843,14670,1970.999
27121,Pope County,Minnesota,11363,45.6,94.1,0.6,2,0.8,23.8,72205,9.8,82.7,851,6411,674.554
27123,Ramsey County,Minnesota,544438,35.9,58.7,12,8.2,14.9,45.5,81004,12.4,61,1298,231606,152.249
27125,Red Lake County,Minnesota,3922,42.8,91.2,0.6,3.4,0.3,17.6,77500,7.8,83.8,628,1884,432.407
27127,Redwood County,Minnesota,15383,41.1,85.5,0.6,4,2.6,20.8,67024,12,79.7,767,7103,878.573
27129,Renville County,Minnesota,14587,42.1,85.7,0.9,9.7,0.7,18.4,69086,10.7,79.4,760,6911,982.905
27131,Rice County,Minnesota,67389,37.1,78.2,6.5,10.2,2.1,29.7,82792,9.3,75.9,1046,25173,495.845
27133,Rock County,Minnesota,9628,41.1,92,0.2,3.8,0.6,26.3,70698,9.5,76,745,4236,482.459
27135,Roseau County,Minnesota,15301,42.3,89.1,0.9,1.8,2.7,20.5,73611,11,80.8,886,7188,1671.739
27137,St. Louis County,Minnesota,200056,41.3,89.9,1.6,1.9,1,32.5,69455,13.4,72,970,103924,6248.116
27139,Scott County,Minnesota,152957,37.3,76.6,5.2,6.2,6.1,43.1,120247,4.1,84.3,1485,55687,356.11
27141,Sherburne County,Minnesota,99178,36.9,86.7,3.6,3.2,1.4,28.1,102965,4.8,84.2,1151,36581,432.947
27143,Sibley County,Minnesota,14933,42.2,87.5,0.9,9,0.4,18.6,76082,9.9,81.3,858,6482,588.841
27145,Stearns County,Minnesota,159358,35,81.5,8.3,4.5,1.9,28.6,76447,12.2,67.8,1057,66211,1342.876
27147,Steele County,Minnesota,37413,40.2,84.3,3.4,8.6,0.7,29.7,83448,7.4,79.9,1006,15878,429.548
27149,Stevens County,Minnesota,9686,33.6,82.4,1.5,10.7,1.4,30.8,71060,10.3,66.7,833,4201,563.659
27151,Swift County,Minnesota,9787,43.4,86.7,0.7,6.9,0,23,62601,10.8,74.3,900,4697,742.027
27153,Todd County,Minnesota,25402,42.8,85.4,0.5,9.2,0.4,15.2,63039,11.8,83.1,850,12929,945.098
27155,Traverse County,Minnesota,3279,45.5,84.9,0.5,5.6,0.2,17.5,65931,10.1,79.8,617,1896,573.872
27157,Wabasha County,Minnesota,21519,44.8,93.6,0.3,3.3,0.6,26.6,80133,8.4,81.6,798,10229,522.922
27159,Wadena County,Minnesota,14135,40.1,90.7,0.7,2.3,0.5,17.5,56882,11.4,72.5,706,6990,536.347
27161,Waseca County,Minnesota,18958,40.4,87.6,1.1,7,0.9,20.9,75052,7.2,79.3,819,7910,423.363
27163,Washington County,Minnesota,272298,39.9,78.4,4.8,5.1,7.3,48.9,114457,5,81.2,1637,107035,384.718
27165,Watonwan County,Minnesota,11169,40.6,69.4,0,29.1,0.3,18.2,70593,13,78.2,807,4904,434.947
27167,Wilkin County,Minnesota,6413,42,91.2,0.2,3.7,0.1,21.5,69635,14.7,79.7,561,2977,751.038
27169,Winona County,Minnesota,49705,36.1,89.5,1.7,3.8,2.4,32.1,70198,13.4,68.8,866,21763,626.177
27171,Wright County,Minnesota,145270,37.4,88.9,1.8,3.5,1.5,34,106666,4.9,84.3,1246,56153,661.148
27173,Yellow Medicine County,Minnesota,9509,42,88.2,0.7,5.2,0.2,19,71573,8.5,84.2,688,4512,759.101
28001,Adams County,Mississippi,29098,42.1,37.4,55.5,4.1,0.3,19.3,40250,28.2,66.5,720,14920,462.344
28003,Alcorn County,Mississippi,34500,40.6,80.3,10.6,3.7,0,18.4,49404,17.4,65.4,728,16242,400.044
28005,Amite County,Mississippi,12611,48.8,58.3,40.1,0.1,0,8,35385,27,83.2,689,7289,730.1
28007,Attala County,Mississippi,17685,39.6,52.2,45.4,0.5,0.3,15.8,48098,20.7,76.6,774,8341,734.957
28009,Benton County,Mississippi,7592,43.9,60.6,34.2,2.2,0.4,12.1,42139,17.6,83.3,729,4100,406.616
28011,Bolivar County,Mississippi,30163,36.6,30.6,63.2,2.5,1,26.6,37315,33.7,61,671,13679,876.507
28013,Calhoun County,Mississippi,13029,43.1,64,28.7,5.9,0,13.1,43942,18.7,73.1,674,6744,586.573
28015,Carroll County,Mississippi,9828,47.7,63,34.5,0.2,0.4,18.5,55275,22.4,79.8,621,4950,628.388
28017,Chickasaw County,Mississippi,16994,39,49.4,44.4,4,0.5,12.4,43041,24.1,67.2,702,7817,501.782
28019,Choctaw County,Mississippi,8172,43,67,29.3,1.8,0.5,18.6,48321,15.9,80.3,661,4363,418.197
28021,Claiborne County,Mississippi,8908,33.8,10.8,86.1,0.2,0.1,20.6,34371,27.2,75.2,651,3949,487.415
28023,Clarke County,Mississippi,15424,42.6,62.9,34.4,1,0.1,15.1,46054,19.2,84.1,803,7635,691.576
28025,Clay County,Mississippi,18462,40.1,37.9,60.1,0.2,0.3,18.2,39904,24.8,70.7,718,9035,410.072
28027,Coahoma County,Mississippi,20808,35.7,19.3,75.9,2.1,0.3,19,36259,36.3,52,719,10188,553.102
28029,Copiah County,Mississippi,27994,39.8,43.2,50.7,4.1,0.2,20.3,47994,23,74.1,682,12457,777.285
28031,Covington County,Mississippi,18226,37.7,59.4,34.6,2.6,0.3,15.9,47001,17.7,76,639,8360,413.819
28033,DeSoto County,Mississippi,188598,37,58,31.8,5.6,1.3,28.3,82980,10,77.8,1341,74066,476.346
28035,Forrest County,Mississippi,78027,31.8,56,35.7,4.2,0.8,29.5,52821,21.5,57.1,960,33672,466.042
28037,Franklin County,Mississippi,7655,42.7,62.6,35,0.9,0,18.1,45618,23.3,80,706,4303,563.964
28039,George County,Mississippi,24870,36.2,84.9,7.8,3,0.3,17.1,54822,18.7,83.6,868,10316,478.696
28041,Greene County,Mississippi,13595,40.5,71.1,24.8,1.3,0,11.9,55838,20.5,78,811,5137,712.738
28043,Grenada County,Mississippi,21342,38.9,51.1,44.8,0.3,0.1,23.7,47998,22.3,62.9,823,10418,422.122
28045,Hancock County,Mississippi,46057,45.7,83.6,6.7,4.2,0.6,24.6,67728,13.3,78.7,999,23277,473.964
28047,Harrison County,Mississippi,209443,38.1,61.4,23.9,6.7,2.3,25.5,57233,17.4,60.6,1074,93505,573.635
28049,Hinds County,Mississippi,222494,36.6,23.2,72.2,2,0.8,31.1,49966,21.6,57.9,1032,106225,869.845
28051,Holmes County,Mississippi,16491,35.8,14.2,82.4,0.4,0.2,13.7,29434,38,60.6,589,7573,756.674
28053,Humphreys County,Mississippi,7570,38.4,20.3,78.8,0.1,0.2,19.4,32976,26.4,59.7,643,3529,418.68
28055,Issaquena County,Mississippi,1095,49.5,26.6,70.1,1.3,0.4,4.4,29271,17.2,63.3,253,438,412.98
28057,Itawamba County,Mississippi,23942,39.4,88.6,7.8,1.8,0.5,14.8,59508,10.8,79.3,832,10515,532.795
28059,Jackson County,Mississippi,144437,39.7,66.5,20.4,7.3,2.1,24.9,64756,14.1,72,1087,62994,722.825
28061,Jasper County,Mississippi,16211,42.4,44.6,53.2,0.6,0,13,47157,18.9,83.2,809,8097,676.311
28063,Jefferson County,Mississippi,7127,43,13.2,81,4.3,0.8,19.9,36207,28.5,78.8,444,3383,519.933
28065,Jefferson Davis County,Mississippi,11183,45.7,37.9,60.2,0.2,0,13.5,37183,25,81.7,695,5665,408.446
28067,Jones County,Mississippi,66839,37.6,63.1,28.5,6.1,0.4,20,51143,20.8,73.8,810,28710,694.845
28069,Kemper County,Mississippi,8855,40.7,33.4,60.4,0.7,0,17.8,43595,24.6,77.6,470,3937,766.182
28071,Lafayette County,Mississippi,56920,30.9,68.7,23,3.6,2.2,44.3,64334,18.7,63.2,1091,28418,631.697
28073,Lamar County,Mississippi,65081,37.5,71.4,21.6,3.6,1,33.2,69106,16.1,68.1,1061,27523,496.57
28075,Lauderdale County,Mississippi,71984,39.5,50.7,41.9,2.5,0.7,21.7,50033,25.1,63.2,897,33558,703.674
28077,Lawrence County,Mississippi,11883,40.7,64,31.8,2.1,0.3,12.7,43368,23.8,81.7,835,5766,430.602
28079,Leake County,Mississippi,21288,40,46.7,39.1,5.9,0.5,17.7,48418,19.9,75.9,757,9054,582.897
28081,Lee County,Mississippi,83138,37.7,62.9,29.9,3.4,1.1,28.7,67144,13.8,70.2,929,37507,449.965
28083,Leflore County,Mississippi,27432,34.5,21,74.5,3.1,0.5,20,33188,31.9,54.1,701,12643,594.074
28085,Lincoln County,Mississippi,34830,41.2,67.1,30.2,1.3,0.5,18.4,48316,21.3,73.8,754,15885,586.207
28087,Lowndes County,Mississippi,58187,37,49.8,43.8,2.2,1,26.6,54460,16.9,62.3,909,27044,505.448
28089,Madison County,Mississippi,110303,38.5,54.4,37.3,3.7,2.8,48.9,78794,11,71.4,1097,46798,714.208
28091,Marion County,Mississippi,24303,40.7,63.4,31.8,1.8,0.1,12.5,42320,20.4,78.2,700,11165,542.398
28093,Marshall County,Mississippi,33899,41.8,46.9,43.6,4.8,0.2,14.5,51875,22.8,76.7,926,15308,706.185
28095,Monroe County,Mississippi,33928,41.6,66.5,30.2,1.5,0.3,16.4,51231,16.7,76.7,721,16790,765.092
28097,Montgomery County,Mississippi,9708,42.4,52.2,45.2,0.3,0,20.6,45057,25.6,72.1,682,5349,406.981
28099,Neshoba County,Mississippi,28927,37.7,57.6,21.4,0.9,0.6,16.3,53087,25.1,75.3,759,12086,570.134
28101,Newton County,Mississippi,21151,37.8,58.8,31.7,1.8,0.4,17.5,50426,22,78.9,722,9145,577.77
28103,Noxubee County,Mississippi,10136,39.9,25.3,73.8,0.2,0,11.1,38814,25.6,75.8,590,4728,695.158
28105,Oktibbeha County,Mississippi,51473,25.5,55.2,36.1,2.4,2.9,45.8,43482,28.6,47.5,873,25426,458.239
28107,Panola County,Mississippi,32965,39.7,46.7,48,2,0.4,15.5,43990,24.1,68.8,859,14691,685.175
28109,Pearl River County,Mississippi,56781,41.1,79.2,12.3,4.1,0.4,16,56535,16.4,82.9,887,25137,811.319
28111,Perry County,Mississippi,11459,42.9,77.4,15.8,1.7,2.3,11.4,50435,18.1,80.1,650,5463,647.282
28113,Pike County,Mississippi,39930,37.1,41.7,54.1,1.6,0.6,15.9,41578,27.5,66.9,879,19109,409.185
28115,Pontotoc County,Mississippi,31312,35.7,74.8,14.7,6.9,0,17.7,52741,14.9,70.6,848,14076,497.813
28117,Prentiss County,Mississippi,24999,37.9,79.9,11.4,1.5,2.4,18.6,51466,13.5,78.9,620,11029,414.985
28119,Quitman County,Mississippi,5908,41,24.9,71.9,0.4,0.2,15.2,32131,33.5,61.9,650,3045,405.012
28121,Rankin County,Mississippi,158218,39.4,71.6,21.6,3.2,1.1,32.8,77454,10,77.6,1210,64076,775.496
28123,Scott County,Mississippi,27754,37.2,46.8,33.5,14.8,0.2,12.1,48492,20.7,71.9,888,11423,609.231
28125,Sharkey County,Mississippi,3848,36.6,25.6,73.7,0.5,0,15.4,35741,31.8,62.9,622,1673,431.72
28127,Simpson County,Mississippi,25817,41,61.1,35.5,1.7,0.5,16.5,54111,19.4,80.5,819,11661,589.165
28129,Smith County,Mississippi,14193,42.9,73.3,24.1,0.7,0.2,14,51396,19.3,86.3,664,6684,636.268
28131,Stone County,Mississippi,18515,39.3,75.7,17.5,2.5,0.4,14.6,59307,17.9,80,839,7595,445.485
28133,Sunflower County,Mississippi,25328,37.6,23.3,73,2.6,0.2,16.9,40265,29.9,56.3,670,9415,697.759
28135,Tallahatchie County,Mississippi,12363,38.4,36,62,0.5,0,11.9,37383,26.5,66.9,695,5488,645.59
28137,Tate County,Mississippi,28135,38.5,64.1,29.9,3.1,0.1,20.9,63995,16.8,72.9,897,11532,404.763
28139,Tippah County,Mississippi,21621,39.7,75.9,14.7,5.1,0.2,16.4,51141,18.9,76.2,720,9942,457.822
28141,Tishomingo County,Mississippi,18738,43.5,91,1.1,3.1,0.3,16.4,46257,19.9,77.6,703,10549,424.297
28143,Tunica County,Mississippi,9586,34.7,18.2,79.3,2.4,0,16.1,38402,33.8,40.8,938,4712,454.13
28145,Union County,Mississippi,28009,38.4,76.7,16.1,4.8,0.1,17.1,56807,14.3,74.8,910,12195,415.607
28147,Walthall County,Mississippi,13864,41.4,53,40.8,1.8,0.2,13.2,45444,18.1,79.2,718,6883,403.928
28149,Warren County,Mississippi,43623,40.3,46.5,48.8,2.1,0.7,26.5,56648,20.3,71.2,889,21542,588.534
28151,Washington County,Mississippi,43674,38.3,24.1,72,1.5,0.8,20.5,40117,28.8,56.8,786,20894,723.972
28153,Wayne County,Mississippi,19699,39.1,56.7,37.1,3.8,0.1,16.7,36791,22.9,88.3,786,9101,810.716
28155,Webster County,Mississippi,9942,40.3,78,18.6,1.8,0.5,20.1,59964,15.1,78,618,5094,421.158
28157,Wilkinson County,Mississippi,8376,39.1,27.8,67.2,0.9,0,11.6,35930,28.2,79,674,4600,678.106
28159,Winston County,Mississippi,17609,42.3,49.5,47.2,0.5,0.1,18.6,49071,30.4,69.7,654,8231,607.251
28161,Yalobusha County,Mississippi,12439,42.4,57.7,36.6,1.6,0.1,12.3,49171,22.7,70.3,810,6476,467.151
28163,Yazoo County,Mississippi,26837,38.4,34.9,57.7,5.4,0,13.3,40974,31.4,55.3,804,10473,922.339
29001,Adair County,Missouri,25224,29.8,87.6,4.2,2.9,1.9,35,56583,21.2,60.6,782,11380,567.324
29003,Andrew County,Missouri,18086,42.1,92.9,0.9,2.5,0.7,26.9,74007,7.4,77,944,7551,432.632
29005,Atchison County,Missouri,5216,47.7,93.5,0.3,1.8,0.2,22,59260,12.5,73.6,595,2726,547.285
29007,Audrain County,Missouri,24688,40.3,87.3,4.7,3.1,0.4,16.1,56232,18,72.7,698,10566,692.25
29009,Barry County,Missouri,34831,43,80.4,0.3,10,1.9,13.4,56611,16.7,74.9,750,17028,778.122
29011,Barton County,Missouri,11685,40.6,90.9,0.2,2.8,0,18,49503,22.2,69.6,777,5295,592.03
29013,Bates County,Missouri,16121,40.8,92.2,2.1,2.4,0.4,15.3,57914,18.7,72.3,760,7192,836.696
29015,Benton County,Missouri,19887,54.4,92.4,0.9,1.9,0.1,15.2,52200,16.7,83.7,823,13579,704.033
29017,Bollinger County,Missouri,10591,44.3,93.5,0.6,1.6,0.1,14.2,57286,12.2,80.1,677,5047,617.904
29019,Boone County,Missouri,185874,32.2,76.4,9.3,4.4,4.6,51,69913,17.1,58.1,1060,80912,685.551
29021,Buchanan County,Missouri,83855,38.9,80.7,5.6,7,1.2,23.3,59423,16.9,64.9,889,38415,408.249
29023,Butler County,Missouri,42166,40.5,86.4,4.6,2.4,0.7,15.2,49213,20.3,65,768,19296,694.756
29025,Caldwell County,Missouri,8890,42.7,92.7,1.2,2.2,0.3,18.4,62520,13,81,628,4269,426.393
29027,Callaway County,Missouri,44541,39.3,88.6,3.4,2.3,0.3,25.4,72645,11.5,76.3,850,18596,834.568
29029,Camden County,Missouri,43416,53,92.5,0.9,3.3,0.4,24.5,62927,13.2,83.1,838,39839,656.036
29031,Cape Girardeau County,Missouri,82180,37,84.1,8.1,2.8,1.4,33.9,68912,14.1,66,881,35892,578.517
29033,Carroll County,Missouri,8459,43.7,93.7,1.3,2.1,0.2,20.2,61712,10.8,72.6,785,4380,694.622
29035,Carter County,Missouri,5269,39.6,93,0.6,2,0.1,13.3,45083,19.2,64.1,661,2692,507.359
29037,Cass County,Missouri,109393,40.1,84.4,4.4,5.3,0.7,28.8,87413,6.5,75.9,1147,44928,696.615
29039,Cedar County,Missouri,14440,44.5,92.6,0.4,2.1,0,17.8,45577,17,73.9,783,6964,474.47
29041,Chariton County,Missouri,7406,45.2,93.1,2.6,0.9,0,19.4,63307,11.9,80.9,540,3797,751.178
29043,Christian County,Missouri,91229,39.3,91.1,0.8,3.6,0.8,32.6,81245,8.7,76,979,35972,562.603
29045,Clark County,Missouri,6680,43.5,95.7,0.4,0.9,0.4,12.3,51458,9.4,78.5,589,3233,504.606
29047,Clay County,Missouri,255566,37.6,77.8,6.6,7.7,2.4,36,86150,8.5,68.9,1220,106689,397.649
29049,Clinton County,Missouri,21259,42.1,92.2,0.7,2.6,0.4,22.7,70625,12.8,76.1,985,9019,418.94
29051,Cole County,Missouri,76924,39.7,79.7,11.2,3.5,1.6,37.5,73273,9.3,67.4,804,33385,391.548
29053,Cooper County,Missouri,16835,39.9,88.1,5.5,2.1,0.4,24,67548,10.8,78.2,763,7276,564.75
29055,Crawford County,Missouri,22890,42.3,92.9,0.6,2.3,0.1,12.8,56345,13.6,72.4,807,11423,742.477
29057,Dade County,Missouri,7627,46.7,92.8,0.4,2.1,0.4,15.2,49899,14.1,76.4,650,3790,490.01
29059,Dallas County,Missouri,17344,42.5,93.4,0.2,2.2,0,14.8,53177,21.4,76.1,685,7610,540.951
29061,Daviess County,Missouri,8449,40.6,95.3,0.9,1.7,0.3,18.4,60665,13.2,77.7,731,4140,563.282
29063,DeKalb County,Missouri,11176,42.3,87,6.6,2.3,0.7,14.8,69093,8.7,72,796,4277,421.358
29065,Dent County,Missouri,14506,43.8,91.7,0.5,2.1,0.9,18.1,54306,14.3,76.8,615,6834,752.761
29067,Douglas County,Missouri,11850,46.6,92.7,0.9,0.9,0.1,15.5,49828,16.9,79.3,687,5397,813.623
29069,Dunklin County,Missouri,27795,39.5,75.8,7.8,7.4,0.3,12.6,47368,21.4,61.8,632,13451,541.909
29071,Franklin County,Missouri,105316,41.4,89.2,0.8,2.2,0.4,23,71973,8.2,76.4,874,45843,922.678
29073,Gasconade County,Missouri,14774,46.3,94.5,0.9,1.5,0.1,18.6,65096,11.3,81.1,671,7597,519.005
29075,Gentry County,Missouri,6224,40.5,94.9,0.4,1.8,1.2,20.5,57458,15.6,74.8,620,2928,491.422
29077,Greene County,Missouri,301121,36.4,84.7,2.9,5,1.9,32.4,57488,14.4,56.9,940,137930,675.329
29079,Grundy County,Missouri,9822,39.7,92.6,0.5,2.6,0.9,15.9,53839,16.8,69.3,679,4851,435.293
29081,Harrison County,Missouri,8198,40.9,94.4,0.8,2.3,0.2,17.6,53364,16.1,73.1,666,4023,722.517
29083,Henry County,Missouri,22194,44.1,91.9,0.7,2.9,0.2,16.1,56621,16.3,73.9,740,10708,696.936
29085,Hickory County,Missouri,8501,55.2,93.7,0.1,1.7,0.5,12,35084,19.5,84.8,699,5502,398.808
29087,Holt County,Missouri,4254,47.8,94.2,0.8,1.7,0.4,20.5,58516,9.8,78.4,702,2420,462.693
29089,Howard County,Missouri,10141,38.3,87,5.2,2.1,0.5,28,62628,12.8,80.3,807,4381,463.801
29091,Howell County,Missouri,40168,40.1,92.4,0.4,2.4,0.5,17.5,49814,21.4,68.7,722,18104,927.177
29093,Iron County,Missouri,9482,45.3,92.3,0.8,2.1,0.3,18.3,51161,20.7,76.3,671,4704,550.263
29095,Jackson County,Missouri,717021,36.9,59.7,22.3,11.1,1.7,33.5,67178,13.8,58.8,1151,333385,604.52
29097,Jasper County,Missouri,123532,36.6,81.2,1.7,9.5,1.4,25.1,57525,18.4,63.2,904,53749,638.506
29099,Jefferson County,Missouri,228227,40.2,89,1.1,2.5,1,23.6,80522,8.6,81.4,972,93276,656.261
29101,Johnson County,Missouri,54331,31.3,84.3,3.7,5,1.6,29.1,67123,11.9,63.9,905,22663,829.261
29103,Knox County,Missouri,3760,39.8,95.3,0.9,0.4,0.2,16.9,53333,14.7,85.9,661,1940,504.01
29105,Laclede County,Missouri,36245,39.6,90.8,0.7,2.9,0.7,15.7,50825,18.6,70.1,796,15951,764.627
29107,Lafayette County,Missouri,32974,40.9,90.8,1.7,3.3,0.6,24.4,79091,9.7,76.5,848,14183,628.28
29109,Lawrence County,Missouri,38392,39,86.8,0.3,8.2,0.5,16.6,55849,16.5,72.8,785,16280,611.738
29111,Lewis County,Missouri,9945,38.2,92,3,1.2,0.5,16.5,52340,15.3,77,627,4315,505.018
29113,Lincoln County,Missouri,61636,37.5,92.1,1.7,2.8,0.3,18.4,85276,10.7,78.3,972,23600,626.562
29115,Linn County,Missouri,11850,42.4,93.9,0.7,2.9,0.4,20.1,61975,16.2,78.7,612,6007,615.588
29117,Livingston County,Missouri,14330,39.9,91.8,3,1.9,0.6,18.3,60148,12.2,68.5,747,6376,532.303
29119,McDonald County,Missouri,23492,38.1,68.7,1.9,12.3,1.2,13.4,48145,17.2,67.8,764,9807,539.445
29121,Macon County,Missouri,15163,42.9,92.2,2.1,1.8,0.7,18.5,58318,10,76.1,719,7425,801.208
29123,Madison County,Missouri,12665,41.4,92.7,0.4,2.6,0.4,15.3,58435,14,75.4,817,5853,494.386
29125,Maries County,Missouri,8435,45.4,92,0.2,1.9,0.1,16,61359,14.9,77.9,594,4269,526.981
29127,Marion County,Missouri,28493,39.4,89.4,5.2,2,0.3,25.7,63908,13.6,69.8,813,12886,436.922
29129,Mercer County,Missouri,3501,40.8,91.5,0.3,4.4,1,17.9,60357,14.7,79.1,548,1908,453.835
29131,Miller County,Missouri,25081,40.8,93.7,1.2,2.1,0.4,21,55172,14.6,76.1,724,12508,592.573
29133,Mississippi County,Missouri,12079,42.2,70.7,22.7,1.5,0.4,14.1,46258,23,60.9,782,5282,411.596
29135,Moniteau County,Missouri,15303,38,88.8,2.4,5.7,0.5,17.2,65161,10.4,77.8,766,6177,415.033
29137,Monroe County,Missouri,8672,45.8,91.9,4,1.7,0.1,17.4,48299,16,75,667,4476,647.63
29139,Montgomery County,Missouri,11422,43.8,92.5,1.9,2.2,0.2,16.5,61042,14.5,73.3,767,5797,535.047
29141,Morgan County,Missouri,21430,45.4,92.4,0.2,2.5,0.4,14.9,49663,17,79.7,692,15161,597.635
29143,New Madrid County,Missouri,16041,41.8,75.6,12.6,1.8,0.3,13.3,49237,18.6,63.6,734,7886,674.884
29145,Newton County,Missouri,59490,40.2,81.3,0.9,6.4,1.6,23,64583,13.4,76.8,777,24762,624.754
29147,Nodaway County,Missouri,20959,33.9,92.2,2,2.1,1.5,25.6,55970,18.6,62.3,754,9478,876.964
29149,Oregon County,Missouri,8704,44.6,93.2,0.1,1.3,0.3,14.4,44259,21.9,76.7,735,4332,789.844
29151,Osage County,Missouri,13379,40.8,97,0.2,1.1,0,24.8,75355,10.1,81.2,644,6490,606.58
29153,Ozark County,Missouri,8773,51.9,93.9,0.4,1.9,0,12.4,42329,21.7,80.4,626,5046,745.006
29155,Pemiscot County,Missouri,15232,38.9,65.9,24.9,3,0.2,12.8,40748,27.4,57.7,708,7509,492.605
29157,Perry County,Missouri,18947,41.6,93.8,0.8,2.3,0.8,22.1,63356,11,77.6,923,8507,474.355
29159,Pettis County,Missouri,43205,37.9,82.6,2.5,9.6,0.7,18.6,60232,13.4,70.1,863,18608,682.236
29161,Phelps County,Missouri,44948,36.2,85.7,2,3,3.4,31.5,55427,17.2,61.9,801,20246,671.787
29163,Pike County,Missouri,17623,39.7,89.2,4.8,1.3,0.3,16.6,57572,16.3,73.3,742,7629,670.439
29165,Platte County,Missouri,108751,38.7,77.5,7.2,6.9,2.5,45.6,95748,6.8,67,1247,46045,419.824
29167,Polk County,Missouri,32109,38.9,92.2,0.8,2.8,0.7,21,56686,17.9,71.3,792,13434,635.527
29169,Pulaski County,Missouri,53850,27.5,68.8,10,11.5,2.1,27.9,66435,12.8,59.4,1072,19374,547.112
29171,Putnam County,Missouri,4675,45.6,95.3,0.1,2.8,0,19.3,56875,16.2,81.2,575,2845,517.317
29173,Ralls County,Missouri,10394,45.8,93.3,1.9,1.2,0.3,17.5,62054,12.6,86.1,765,5036,469.787
29175,Randolph County,Missouri,24524,40.1,87.5,5,2.4,0.3,17.1,55310,15.8,70.4,742,10811,482.713
29177,Ray County,Missouri,23149,42.2,92.5,1.2,2.8,0.3,15,72152,12,77.5,808,9901,568.982
29179,Reynolds County,Missouri,6058,46.1,91.2,1.5,1.7,0.2,15.4,44357,17.9,80.7,627,3468,808.477
29181,Ripley County,Missouri,10755,41.4,93.3,0.2,1.2,0.5,12.9,43898,19.7,78.9,666,5191,629.516
29183,St. Charles County,Missouri,409830,39.6,83.9,4.9,4,2.8,42.4,102912,4.7,80.7,1312,164594,560.501
29185,St. Clair County,Missouri,9451,47.2,92.9,0.8,2.1,0.2,13.7,46731,16.3,75.7,607,5295,674.981
29186,Ste. Genevieve County,Missouri,18551,43.2,94,1.6,1.4,0.1,18.4,61310,7.9,81.6,774,8323,499.153
29187,St. Francois County,Missouri,66864,39.2,90.7,3,1.8,0.4,16,54813,17,69.1,786,28815,451.886
29189,St. Louis County,Missouri,996618,40.2,62,24.1,3.7,4.7,46.9,81340,9.6,69,1164,445472,507.995
29195,Saline County,Missouri,23177,35.4,76.3,4.6,12.2,0.8,26,56566,14.7,70.8,733,9833,755.51
29197,Schuyler County,Missouri,4044,38.8,94.3,0.1,1.7,0.5,10.6,56023,9.7,79,382,1906,307.305
29199,Scotland County,Missouri,4698,36.3,96.7,0.1,0.1,0.1,14.5,67568,7.1,83,516,2215,436.507
29201,Scott County,Missouri,37967,39.4,81.4,11.1,2.5,0.2,21.7,58847,14.5,68.8,809,16833,420.005
29203,Shannon County,Missouri,7137,45.5,92.6,0.2,0.5,0.4,14.6,59000,16.7,83.2,509,3522,1003.82
29205,Shelby County,Missouri,6011,43.6,94.2,0.6,2.2,1.2,18,52127,15.6,75,570,2952,500.863
29207,Stoddard County,Missouri,28547,41.9,93.1,1,2.1,0.3,16.4,54067,17,70.7,737,13398,823.142
29209,Stone County,Missouri,31697,54.4,93.5,0.3,2.7,0.4,23,61323,14,83.7,892,20267,463.814
29211,Sullivan County,Missouri,5903,44.2,77.2,2.5,17.8,0.7,14.7,55500,14.7,73.8,692,3032,647.982
29213,Taney County,Missouri,56382,42,85.6,1.4,7.5,1,25.4,58258,14.4,66.9,925,29875,632.263
29215,Texas County,Missouri,24956,42.8,89.6,2.1,2.4,0.3,15.8,48055,19.3,76.5,647,11034,1177.267
29217,Vernon County,Missouri,19713,41.7,93.1,0.8,2.5,0.7,18,54519,19,72.6,722,8949,826.391
29219,Warren County,Missouri,36467,40.8,89.8,2.1,4,0.5,19.6,77989,9.3,82.4,913,15834,428.59
29221,Washington County,Missouri,23483,40.2,91.8,1.9,1,0.1,12.4,51886,18.2,76.3,680,10736,759.866
29223,Wayne County,Missouri,10942,48.2,92.8,0.4,1,0.2,11,43393,25.1,76,632,6148,759.186
29225,Webster County,Missouri,39868,36.9,91.5,1.1,2.2,0.2,18.6,69731,16.1,76.6,777,15360,592.563
29227,Worth County,Missouri,1956,49,95.6,0.1,1.9,0,17.6,46167,17.6,77.8,353,1115,266.629
29229,Wright County,Missouri,18722,41.2,92.6,0.2,2.5,0.4,14.3,47304,17.6,77.6,558,8370,681.774
29510,St. Louis city,Missouri,293109,36.6,44.4,42.9,5.1,3.4,40.2,55279,19.8,45.4,978,173920,61.72
30001,Beaverhead County,Montana,9590,43.4,89.7,0.6,4.9,0.3,35.5,58072,14.7,67.3,800,4973,5542.687
30003,Big Horn County,Montana,12963,32.3,27,0,4.6,0.2,20.9,56680,23.6,68.2,686,4533,4997.815
30005,Blaine County,Montana,6997,33.9,44.2,0.4,2.7,0,25.8,65050,20.2,63.2,689,2824,4227.517
30007,Broadwater County,Montana,7310,46.2,89.8,0.4,1.8,0.4,26.3,63636,10.7,82.2,978,3164,1192.359
30009,Carbon County,Montana,10877,50.5,91.6,0.5,2.9,0.5,30.3,71017,8.5,74.1,882,6431,2047.781
30011,Carter County,Montana,1361,56.7,92,0.1,2.4,0,20.3,52171,13.8,61.6,731,799,3340.477
30013,Cascade County,Montana,84601,38.3,83.2,1.4,5.1,1.1,28.7,66203,13.2,70.2,902,39248,2698.206
30015,Chouteau County,Montana,5888,42.9,75.8,0.1,3,0.1,22.6,56927,12.4,65.9,485,2868,3972.52
30017,Custer County,Montana,11938,42.6,89.5,0.4,3.3,0.4,29.8,63585,11.7,68.5,918,5770,3783.309
30019,Daniels County,Montana,1524,48.7,89.6,0.3,1.6,0.9,27.5,58000,11.9,80.4,588,1130,1426.27
30021,Dawson County,Montana,8874,43.5,90.9,0,3.4,0,25.5,70953,8.8,72.4,823,4377,2371.926
30023,Deer Lodge County,Montana,9512,49.6,89.9,0.3,3.4,0.7,22.3,49533,18.1,69.5,661,5506,736.683
30025,Fallon County,Montana,2817,37.2,92.8,0,0.6,0,16.5,72284,12.1,69.8,772,1451,1620.595
30027,Fergus County,Montana,11581,45.3,92.7,0.6,2.2,0.9,23.8,59731,14.9,66,868,6008,4339.329
30029,Flathead County,Montana,108445,42.1,90.7,0.2,3.5,0.9,36,71327,9.6,74,1094,50948,5087.223
30031,Gallatin County,Montana,122194,33.8,88.3,0.5,5.1,1.3,53.1,87454,10.2,61.5,1574,55589,2605.353
30033,Garfield County,Montana,938,43.9,97.8,1,0,0,21.3,61750,12.2,70.3,802,746,4676.56
30035,Glacier County,Montana,13713,34.2,29.3,0.2,2.8,0.6,18.1,45129,30.3,64.9,553,5346,2995.151
30037,Golden Valley County,Montana,840,54.8,88.9,0.7,6.5,0,19,57353,18,80.7,769,473,1174.423
30039,Granite County,Montana,3419,53.9,92.5,0.7,1.9,0.6,31.2,54646,10.4,76.4,734,2605,1727.162
30041,Hill County,Montana,16260,34,67.7,0.2,3.4,0.2,25.6,55313,19.7,66.8,752,7232,2899.396
30043,Jefferson County,Montana,12501,47.3,91.3,0.1,2.7,0.4,32.7,76576,6.3,83.1,886,5388,1656.997
30045,Judith Basin County,Montana,2053,50.9,91.4,0,5.9,0,28.3,55417,15.8,75.3,502,1233,1869.687
30047,Lake County,Montana,32073,43.8,64.5,0.2,4.2,0.5,30.5,61965,17.7,73.8,884,16457,1490.467
30049,Lewis and Clark County,Montana,72580,41.3,89.2,0.6,3.9,0.6,42.8,74543,8.7,69.7,1062,33837,3458.381
30051,Liberty County,Montana,1968,37.5,95.9,0,0,0,27.3,53264,25.5,64.2,668,832,1429.988
30053,Lincoln County,Montana,20656,52.6,90.8,0.1,3,0.2,18,47018,16.2,79,810,10991,3612.559
30055,McCone County,Montana,1818,52.4,91.3,0,0,2.6,21.4,71842,4.2,86.1,543,1082,2642.225
30057,Madison County,Montana,8975,54.1,91.5,0,3.5,0.8,34.3,67420,6.8,80.6,1159,6405,3588.156
30059,Meagher County,Montana,1979,59.9,92.4,0.9,3.2,0.3,28.5,56215,10.7,82.4,871,1460,2391.868
30061,Mineral County,Montana,4796,50.1,89.6,0.7,3.5,0.4,26.6,61117,17.9,80.3,746,2569,1219.619
30063,Missoula County,Montana,119639,37,85.8,0.6,4.9,1.6,45.9,71246,10.9,59.7,1125,56008,2593.009
30065,Musselshell County,Montana,5068,51.3,87.7,0,3.7,0,21.9,59010,15.3,82.5,865,2677,1868.958
30067,Park County,Montana,17484,46.2,91.7,0.2,3.4,0.3,38.1,66607,13.1,69.6,927,9597,2802.479
30069,Petroleum County,Montana,401,51.5,99.3,0,0,0.7,27.1,59318,6.5,77,769,295,1655.625
30071,Phillips County,Montana,4224,44.9,81.9,0.4,1.4,0,20.6,58156,9.4,74.8,623,2235,5140.422
30073,Pondera County,Montana,6012,41.2,79,0,2.3,0.3,19.5,53500,22.9,66.7,806,2753,1624.567
30075,Powder River County,Montana,1762,48.6,87.2,0,1.7,1.5,25.2,68009,9.7,77.6,609,997,3298.196
30077,Powell County,Montana,7029,43.3,87.4,1.2,2.3,1.9,19,63432,6.3,69.5,770,2969,2326.042
30079,Prairie County,Montana,1251,49.1,89.4,0,0.8,3.9,20,45192,23.9,76.3,827,667,1736.603
30081,Ravalli County,Montana,45807,48.9,89.2,0.2,4,0.5,29.8,71323,8.3,78.6,1054,21098,2390.967
30083,Richland County,Montana,11329,38,87.6,0.2,5.5,0.3,19.4,69578,7.1,69.8,866,5590,2084.556
30085,Roosevelt County,Montana,10665,30.5,32.9,0.1,2.7,0.8,19.9,53125,30.6,68.6,707,4058,2354.602
30087,Rosebud County,Montana,8236,36.7,52.7,0.2,3.5,0.5,18.9,56430,21.6,66.3,644,3785,5008.135
30089,Sanders County,Montana,12936,54.6,89,0.5,3.3,0.4,21.6,54035,15.1,80,774,6789,2760.4
30091,Sheridan County,Montana,3677,44.7,89.2,0,4.5,0.4,24.7,63654,10,76.6,749,2049,1676.941
30093,Silver Bow County,Montana,35589,40.3,89.3,0.1,4.6,0.3,27.7,57504,16.2,70.5,810,17396,717.99
30095,Stillwater County,Montana,9052,47.4,92.3,0.1,3.4,0.4,29.8,81503,8.3,80.8,968,4657,1796.746
30097,Sweet Grass County,Montana,3713,44,90.6,1.3,1.8,0,23.1,69426,7.8,76.2,1073,1929,1855.536
30099,Teton County,Montana,6291,43,91.9,0.4,1.9,0,25.9,67766,10.5,74.9,750,2942,2271.616
30101,Toole County,Montana,5028,38.8,83,1.8,4.3,0.7,21.5,53693,12.3,64.6,753,2323,1914.864
30103,Treasure County,Montana,761,53.4,92.9,0,5.7,1.3,32.8,73036,10.8,66.5,992,479,977.801
30105,Valley County,Montana,7540,43.2,84.8,0.6,2.6,0.1,21.5,64515,12.9,77.7,769,4253,4926.115
30107,Wheatland County,Montana,2049,47.3,94.6,1.3,2.7,0,17.8,47054,23.7,76.2,741,1159,1422.481
30109,Wibaux County,Montana,1148,44.2,90.5,0.9,6,0.1,25.8,64792,15.9,75,964,596,889.571
30111,Yellowstone County,Montana,167340,38.7,83.9,0.5,6.4,0.8,33.9,74400,10.2,69.3,1084,73363,2633.256
31001,Adams County,Nebraska,31034,38.8,83.4,1.2,12,1,28.8,65680,12.8,68.7,853,13856,563.259
31003,Antelope County,Nebraska,6302,42.7,93.4,0.9,3.8,0.2,19.9,63750,10,75.6,746,3144,857.157
31005,Arthur County,Nebraska,540,40.5,92.6,0,0.6,0,32.7,67500,9.6,74.5,850,230,715.152
31007,Banner County,Nebraska,657,56.6,92.4,0,4.4,1.1,32.6,71250,9.4,75.6,975,351,746.039
31009,Blaine County,Nebraska,385,56.8,100,0,0,0,25.6,61250,10.6,71.4,786,295,710.702
31011,Boone County,Nebraska,5366,43.2,94.3,0,3.9,0.3,18.9,71367,9.2,79.2,734,2545,686.53
31013,Box Butte County,Nebraska,10754,40.7,80.6,3.4,12.3,0.9,20.1,68778,10,75.5,771,5222,1075.161
31015,Boyd County,Nebraska,1704,54.9,92.1,0.3,3.9,0,19.6,58984,10.2,83,650,1199,539.368
31017,Brown County,Nebraska,2739,45.9,89.1,0,5.8,0,21.2,51538,12.1,73.8,932,1645,1221.404
31019,Buffalo County,Nebraska,50323,34.6,84.6,0.8,10.4,1.6,34.6,74570,11,65.2,911,21181,968.244
31021,Burt County,Nebraska,6730,44.8,91.1,0.4,3.2,0.4,25.7,57303,13.7,77.2,688,3338,491.587
31023,Butler County,Nebraska,8413,42.7,90.4,0.3,6,0,25.2,82603,7.6,80.3,753,4031,584.789
31025,Cass County,Nebraska,26963,41,91.1,0.2,3.9,0.3,31.9,88255,4.9,83.8,987,11780,556.899
31027,Cedar County,Nebraska,8344,41.9,95.3,0.2,2.4,0.2,25,73977,6.2,78.7,683,3904,740.189
31029,Chase County,Nebraska,3639,41.8,77,0.4,18.4,2.2,24.1,62782,7.8,77.5,749,1870,894.425
31031,Cherry County,Nebraska,5468,43.5,85.1,1,3,1.2,24.2,63750,7.2,62,873,3004,5960.099
31033,Cheyenne County,Nebraska,9478,42,87.4,2.1,8.3,0.7,22.1,57594,11.1,66.9,912,4886,1196.008
31035,Clay County,Nebraska,6084,40.1,87.9,0.7,9.4,0,22.9,75938,8.1,80.6,701,2816,572.289
31037,Colfax County,Nebraska,10541,35,45.7,3.4,47.3,0,14.1,79720,8.7,76.1,902,3996,411.46
31039,Cuming County,Nebraska,8976,40.8,85.5,0.4,12.2,0.2,24.8,70708,7.8,71.3,800,4150,570.49
31041,Custer County,Nebraska,10544,42.3,92.4,0.5,3.8,0.1,25.6,66310,8.6,70.9,794,5331,2575.458
31043,Dakota County,Nebraska,21331,32.1,43.3,8.1,41.2,2.8,15.1,71655,11.2,64.6,1053,7795,264.276
31045,Dawes County,Nebraska,8212,35.2,86.4,1.4,4.8,1,35.2,54381,12.6,65.7,1014,4013,1396.437
31047,Dawson County,Nebraska,24020,35.8,53.9,6.3,36.3,0.6,17.5,65383,12.3,64.7,861,9905,1013.786
31049,Deuel County,Nebraska,1865,50.7,86.3,0,10.1,0.5,22.5,61438,9.1,82.7,827,1000,439.825
31051,Dixon County,Nebraska,5561,42.1,82,0,15.1,1,23.7,69156,7.1,77.3,661,2528,475.621
31053,Dodge County,Nebraska,37146,38.9,78.8,0.5,17.1,0.4,21.5,71294,9.3,66.8,985,16553,528.843
31055,Douglas County,Nebraska,585461,35.5,66.6,10.3,14.1,4.2,42.2,79081,11.2,61.7,1162,248692,326.482
31057,Dundy County,Nebraska,1811,45.6,96.1,0.3,2.4,0,23.3,56563,12,76.9,588,1002,919.678
31059,Fillmore County,Nebraska,5551,46.3,93,0.3,3.7,0.2,21.9,76354,7.9,80.1,667,2733,575.37
31061,Franklin County,Nebraska,2868,49,93.3,0.2,3.1,0,20,57692,14.1,79.5,613,1543,575.816
31063,Frontier County,Nebraska,2562,42.8,92.3,1,3.7,0,26.1,68207,12.1,71.9,605,1372,974.655
31065,Furnas County,Nebraska,4605,46.4,91.7,0.3,5.1,0.1,22.3,60625,12.3,76.9,805,2514,719.204
31067,Gage County,Nebraska,21646,42.8,92.9,0.7,3.2,0.6,22.1,64426,13.2,72.3,770,10390,851.468
31069,Garden County,Nebraska,1620,54.1,94.6,0.1,3.3,0.2,20.7,44777,14.1,78.4,675,1163,1704.826
31071,Garfield County,Nebraska,1797,45,96.4,0.4,2.1,0,32.7,68611,11.7,74.4,519,977,569.356
31073,Gosper County,Nebraska,1929,49.2,91.6,0,6.4,0,28.8,79145,7,82.1,797,1209,458.199
31075,Grant County,Nebraska,695,37.8,94.5,0.3,0.1,0.7,29.4,69063,10.8,68.5,883,418,776.696
31077,Greeley County,Nebraska,2211,44.5,92.5,0.6,2.2,0,18.4,58894,11.2,82.3,643,1202,569.826
31079,Hall County,Nebraska,62431,36,62.1,3.2,31.3,1,21.1,67549,11.8,63.2,911,25377,546.53
31081,Hamilton County,Nebraska,9438,41.3,92.8,0.1,4.1,0.4,29.6,79884,6.7,83,776,4122,542.03
31083,Harlan County,Nebraska,3006,47.1,93.6,0.2,2.3,1.3,24.2,70536,7.2,84.8,708,1890,553.466
31085,Hayes County,Nebraska,854,48.7,92.4,0,6.4,0,15.9,60313,12.3,71.1,419,479,713.065
31087,Hitchcock County,Nebraska,2601,44.7,92.6,0.1,3.9,0.3,19.8,52016,11.6,79.1,715,1566,709.951
31089,Holt County,Nebraska,10093,41.8,91.6,0.3,5.5,0.5,27,67225,10.8,72.8,724,4905,2411.851
31091,Hooker County,Nebraska,613,44.8,87.1,1.8,0,0,20.7,45854,7.7,59.9,581,415,720.966
31093,Howard County,Nebraska,6492,42.3,91.8,0.5,3,0,23,74508,5.4,74.1,811,2893,569.266
31095,Jefferson County,Nebraska,7155,44.7,91.1,0.6,5.3,0,19.7,60568,9.9,72.2,659,3664,570.182
31097,Johnson County,Nebraska,5263,40.1,78.1,4.7,11.7,1.1,19,59457,6.8,68.5,777,2090,376.086
31099,Kearney County,Nebraska,6697,40.3,91.3,0,6.5,0.6,32.9,79167,6.7,78.4,787,2985,516.193
31101,Keith County,Nebraska,8239,49,86.1,1.3,9,0.6,21.3,58132,10.7,70.8,772,5395,1062.063
31103,Keya Paha County,Nebraska,939,49,93.8,0.1,3.6,0,25.7,60313,10.4,80.1,867,495,772.876
31105,Kimball County,Nebraska,3348,48.5,83.7,1.3,9.9,0.4,14.3,59438,11.1,71.9,853,1812,951.942
31107,Knox County,Nebraska,8362,44.5,84.9,0.6,2.8,0.4,19.7,64821,13.2,78.6,692,4527,1108.235
31109,Lancaster County,Nebraska,323673,34.3,78.7,3.7,8.2,4.1,41.1,72625,11.7,58.8,1045,138232,837.56
31111,Lincoln County,Nebraska,34122,42.4,86.7,0.8,9.1,0.7,20.4,64342,12.8,64.2,867,16581,2564.14
31113,Logan County,Nebraska,812,44.8,89.5,1.6,1.4,0,26.7,71650,8.2,78.5,725,356,570.698
31115,Loup County,Nebraska,564,47.1,86.2,0,9.4,0,26,60156,8.2,66.3,650,429,563.341
31117,McPherson County,Nebraska,463,46.6,99.4,0,0,0,24.4,61316,7.1,73,653,259,859.259
31119,Madison County,Nebraska,35535,37.1,78.2,0.9,15.9,1.2,23.5,64637,11.8,67.5,851,15371,572.612
31121,Merrick County,Nebraska,7696,42.8,91.1,0,5.4,0.8,17.6,62849,8.7,80.6,772,3584,487.794
31123,Morrill County,Nebraska,4544,41.3,81.3,0.1,14.5,1.1,21.8,59773,12.4,78,744,2276,1423.706
31125,Nance County,Nebraska,3342,43.6,94.6,0.3,2.3,0.1,18.4,65438,16.1,78.7,776,1622,441.595
31127,Nemaha County,Nebraska,7035,39,89.7,1.1,3.1,0.2,29.2,60132,13,70.6,727,3317,407.301
31129,Nuckolls County,Nebraska,4089,50.5,92.6,0.2,3.4,0,26.6,70201,7.4,81.5,616,2218,575.155
31131,Otoe County,Nebraska,16075,41.8,86.5,0.8,8.3,0.1,27.2,81430,9.5,80.2,905,6987,615.615
31133,Pawnee County,Nebraska,2539,47.1,94,0.2,1.9,0,20.4,54926,14.1,80.9,616,1410,431.075
31135,Perkins County,Nebraska,2835,41,91,0,5.1,0.6,25.7,67500,7.7,77.7,783,1353,883.313
31137,Phelps County,Nebraska,8983,40.7,90.1,0.8,6.5,0.1,26.7,65988,13.6,69.9,724,4154,539.765
31139,Pierce County,Nebraska,7312,39.7,94.5,0.4,2.5,0.2,22.9,75938,8,78.5,850,3137,573.249
31141,Platte County,Nebraska,34358,38.4,74.3,0.8,22.2,0.4,24.1,72335,8.7,72.5,867,14210,675.118
31143,Polk County,Nebraska,5209,43.7,91,0.1,5.8,0.1,18.6,71771,6.2,81.6,692,2524,438.832
31145,Red Willow County,Nebraska,10611,41.2,90.1,0.8,6.2,0,26,60000,14.1,73.2,778,5164,717.17
31147,Richardson County,Nebraska,7797,45.9,90.9,0.2,2.2,0,22.4,55578,10.6,74.5,692,4084,551.841
31149,Rock County,Nebraska,1335,45.2,98.4,0.1,0.4,0,29,57500,10.5,75.8,608,829,1008.291
31151,Saline County,Nebraska,14642,37.4,65.7,0.5,28.7,2.9,20.1,77027,9.5,73.6,833,5774,574.069
31153,Sarpy County,Nebraska,194051,35.5,77.6,4,11.1,2.7,41.9,101402,5.2,70.6,1284,75293,237.997
31155,Saunders County,Nebraska,22761,40.4,93,0.7,2.7,0.2,30.3,89395,6.4,81.7,930,10154,748.668
31157,Scotts Bluff County,Nebraska,35937,39.8,71.6,0.6,23.4,0.7,25.9,60960,13.9,68.3,889,16474,739.621
31159,Seward County,Nebraska,17636,37.6,94,0.7,2.8,0.5,31.6,81122,6.9,72.1,969,7138,571.43
31161,Sheridan County,Nebraska,5058,46.6,81.2,0.4,5.1,1.3,21.7,56900,10.7,69.8,771,2704,2440.17
31163,Sherman County,Nebraska,2974,47.9,92.7,0.6,2.6,0.3,18.8,61935,9.5,76.4,866,1797,565.877
31165,Sioux County,Nebraska,1197,41.5,94,0.3,3.8,0.1,25.1,54076,11.4,56.5,743,682,2066.723
31167,Stanton County,Nebraska,5835,42,89.7,0.2,6.6,0.3,22.3,78275,7.1,77.3,817,2475,427.633
31169,Thayer County,Nebraska,4938,46.2,93.4,0.1,3.1,0,23,63095,9,75.6,738,2518,573.789
31171,Thomas County,Nebraska,626,45.1,88.2,1.3,4,0,26.9,72708,4.8,69.8,685,367,712.554
31173,Thurston County,Nebraska,6666,28.7,36.4,0.2,4.4,0.9,20.2,64838,18,61.1,698,2290,393.592
31175,Valley County,Nebraska,4094,45.4,95.7,0,2.6,0.3,27.6,58902,9.3,72.9,616,2116,568.09
31177,Washington County,Nebraska,20989,42.6,93.3,0.2,3.2,0.2,36.5,90188,6.9,82.2,958,8665,389.928
31179,Wayne County,Nebraska,9786,31.6,85.6,1,10.1,0.3,29.4,67687,13.2,68,732,3973,442.916
31181,Webster County,Nebraska,3385,44.6,89.2,0.1,5.5,0.1,21.9,65197,9.9,81.3,673,1767,574.913
31183,Wheeler County,Nebraska,785,59.9,96.8,0,1.9,0.1,29.6,55893,5.2,80.8,525,603,575.183
31185,York County,Nebraska,14231,39,88.5,1.2,6,0.5,23.9,74058,9,74.6,885,6346,572.516
32001,Churchill County,Nevada,25614,39.8,71.5,1.8,14.8,2.1,18.6,73268,9.1,68.1,1203,10924,4950.157
32003,Clark County,Nevada,2293764,38.3,39.4,11.7,31.4,10.2,27.3,73845,13.2,57,1518,935960,7891.661
32005,Douglas County,Nevada,49624,54.2,78.2,0.1,12.8,2.6,32.1,88018,8.3,78.4,1545,24599,710.537
32007,Elko County,Nevada,53852,35.4,62.7,0.8,25.7,1.4,17.5,83427,11,70.4,1126,22033,17173.302
32009,Esmeralda County,Nevada,962,55.8,65.2,0.3,26.4,1.4,24.1,,19.4,47.7,1319,727,3581.889
32011,Eureka County,Nevada,1660,50.1,83.3,0.1,3,3.3,18.1,73095,22.1,85.4,940,1020,4175.688
32013,Humboldt County,Nevada,17299,37.6,64.7,0.7,26.9,1.3,19.8,79946,12.2,73.6,998,7714,9640.792
32015,Lander County,Nevada,5745,37.3,69.8,0.1,22,0.3,16.6,84474,11.4,66.9,1066,2797,5519.247
32017,Lincoln County,Nevada,4452,43.6,84.7,4.2,5.3,0,19,69496,6.6,73.7,754,2322,10633.386
32019,Lyon County,Nevada,60630,42.9,71.7,1,18.7,1.4,17.2,73460,11,76.6,1259,24998,2003.053
32021,Mineral County,Nevada,4557,41.9,56.5,2.9,18.2,0.1,11.5,50584,18,74,1130,2202,3751.283
32023,Nye County,Nevada,53207,52.4,70.3,2.5,16.4,2,12.7,55975,15.5,75.2,1013,25186,18181.914
32027,Pershing County,Nevada,6505,40.9,64.6,4.2,23.3,1.2,9.3,72007,8.1,74.3,667,2293,6036.589
32029,Storey County,Nevada,4139,56.8,84.5,1.9,7,1,31.6,96000,7.1,97.4,1007,2112,263.8
32031,Washoe County,Nevada,491770,38.9,59.7,2.3,25.6,5.4,33.2,85600,10.7,59.5,1507,213392,6315.874
32033,White Pine County,Nevada,8856,41.7,71.7,6.8,16.4,0.6,14.2,72294,8.4,77.5,933,4157,8886.665
32510,Carson City,Nevada,58364,42.1,63.2,1.9,25.9,2.6,24.5,71809,11.1,63.2,1172,24902,144.534
33001,Belknap County,New Hampshire,64300,48.3,93.2,0.5,2.2,1.2,32.6,87983,8.8,78.7,1184,38718,401.847
33003,Carroll County,New Hampshire,51259,54.2,94.3,0.5,1.7,0.8,38.8,82961,7.5,81.2,1179,40110,931.864
33005,Cheshire County,New Hampshire,76945,43.5,91.9,0.7,2.5,0.7,35.3,81001,8.9,70.3,1220,35777,706.709
33007,Coos County,New Hampshire,31386,49.9,92.9,1.5,2.3,0.3,20.2,58439,12.9,74,843,20589,1794.574
33009,Grafton County,New Hampshire,91759,44,88.1,1.2,2.8,3.5,44.8,84021,10.1,71,1292,51478,1708.599
33011,Hillsborough County,New Hampshire,424732,41,80.9,2.3,8.3,4.2,40.6,100436,6.5,67.5,1532,176753,876.53
33013,Merrimack County,New Hampshire,155018,42.6,90.6,1.5,2.6,1.6,38.1,93944,7.1,73.5,1293,66080,932.899
33015,Rockingham County,New Hampshire,317163,44.8,90,0.8,3.5,2.1,44.8,113927,4.8,78.6,1619,136681,695.391
33017,Strafford County,New Hampshire,131743,37.9,88.1,1.2,3.1,2.6,38.5,86564,8.8,67,1413,56162,367.47
33019,Sullivan County,New Hampshire,43529,47.3,91.8,0.8,2,0.5,30.5,75929,10.8,74.8,1159,21905,537.876
34001,Atlantic County,New Jersey,274704,42.2,54.5,13.2,19.9,7.7,31.2,76819,13.1,67.8,1325,132102,555.578
34003,Bergen County,New Jersey,954717,42.1,52.5,5.3,22.1,16.6,52.6,123715,6.7,65.4,1863,368535,232.788
34005,Burlington County,New Jersey,464226,41.7,63.7,15.8,9.2,5.6,42,105271,6.8,75.7,1669,185617,799.285
34007,Camden County,New Jersey,524042,38.8,53.4,17.7,18.7,5.8,35.3,86384,12.2,65,1346,213188,221.362
34009,Cape May County,New Jersey,95236,51.4,84.4,3.1,8.1,0.7,37.4,88046,8.7,79.3,1345,99625,251.521
34011,Cumberland County,New Jersey,152915,37.6,41.9,17.1,35,1.3,17.9,64499,16.3,65.6,1254,57203,483.38
34013,Essex County,New Jersey,854130,37.7,27.9,36,24.7,5.7,37.9,76712,15,44.5,1459,335550,126.083
34015,Gloucester County,New Jersey,304504,40.1,75.2,10.1,7.8,3,35.8,102807,7.6,79.4,1480,117530,322.008
34017,Hudson County,New Jersey,710478,35.8,28.1,10.8,40.7,16.3,47.9,90032,14.8,31.2,1811,317032,46.194
34019,Hunterdon County,New Jersey,129448,46.2,81.1,2.4,8.8,4.4,56.5,139453,3.8,84.8,1707,51908,427.835
34021,Mercer County,New Jersey,383286,39.2,44.2,18.3,22.2,12,44.9,96333,11.1,61.9,1515,150600,224.478
34023,Middlesex County,New Jersey,861535,39.4,38.8,9.6,23,25,45.1,109028,8.5,63.5,1810,316633,309.247
34025,Monmouth County,New Jersey,643615,43.2,72.1,5.9,12.7,5.3,50.6,122727,6.4,75.4,1771,269728,468.204
34027,Morris County,New Jersey,510375,42.7,66.9,3,15.5,10.6,57.2,134929,5.1,73.9,1860,198611,461.025
34029,Ocean County,New Jersey,646434,41.4,81.8,2.9,10.6,1.8,33.7,86411,10.4,80.2,1702,295201,628.29
34031,Passaic County,New Jersey,518289,38.1,38.9,10,43.4,5.4,30.3,87137,13.7,52.8,1553,185439,186.133
34033,Salem County,New Jersey,64973,41.9,71,13.3,10.7,0.9,24,78412,12.8,71.3,1185,27740,331.861
34035,Somerset County,New Jersey,346203,41.9,50.6,9.3,17,19.1,57.4,135960,5.5,74.5,1921,132831,301.867
34037,Sussex County,New Jersey,145117,44.1,81,2.3,11.1,1.9,40,114316,5.4,84.9,1503,62825,518.488
34039,Union County,New Jersey,572549,39.1,36.3,19.6,34.4,5.5,38.6,100117,8.9,57.6,1664,211269,102.766
34041,Warren County,New Jersey,110238,43.9,76.4,5.3,12.1,3,36.4,99596,8.1,74.3,1368,46675,356.541
35001,Bernalillo County,New Mexico,674357,39.3,37.8,2.6,48.9,2.7,37.4,66514,15.8,64.3,1087,301278,1161.245
35003,Catron County,New Mexico,3685,62.6,78.9,0.4,15.2,0.4,20.7,46439,21.2,87.7,740,3333,6924.187
35005,Chaves County,New Mexico,64446,36.9,37.1,1.4,57.9,1.1,18.2,52029,22.3,68.7,838,26794,6067.178
35006,Cibola County,New Mexico,27059,38.4,19.7,1.9,33,0.6,18.8,51765,27.6,70.5,724,11171,4539.984
35007,Colfax County,New Mexico,12336,49.1,47.8,0.5,47.4,0.2,24,52690,17,72,704,9578,3757.976
35009,Curry County,New Mexico,47932,31.9,43.8,4.8,45.4,1.5,21.3,56259,20.9,61.3,987,21266,1405.524
35011,De Baca County,New Mexico,1580,35.1,34.1,0.1,63.5,0,8.3,40804,20.6,69.1,727,1165,2323.107
35013,Doña Ana County,New Mexico,221665,34,27.1,1.4,67.6,1.2,31.4,55663,22.2,65.3,903,91402,3808.179
35015,Eddy County,New Mexico,61114,35.9,43.7,1.2,50.9,0.6,19.8,79605,12.4,74.7,1183,26633,4176.347
35017,Grant County,New Mexico,27856,49,47.5,0.7,48,0.9,28.8,45921,19.5,73.2,810,14664,3961.207
35019,Guadalupe County,New Mexico,4379,41.6,16.9,1.7,74.5,0.2,15.5,40149,23,78.4,515,2156,3029.772
35021,Harding County,New Mexico,748,43.1,46.3,1.7,40.6,0,30.3,41250,18.7,78.4,700,489,2125.478
35023,Hidalgo County,New Mexico,4097,42.3,38.3,0,57.2,0.8,17.8,49076,20.5,75.3,803,2219,3438.551
35025,Lea County,New Mexico,73154,32.5,32.1,3.4,61.6,0.6,15.3,68750,18.7,69.5,1119,28125,4391.552
35027,Lincoln County,New Mexico,20227,52.7,60.6,0.6,32.6,0.5,28.8,51643,16,79.5,883,17768,4831.115
35028,Los Alamos County,New Mexico,19374,41.1,70.3,1.2,17.9,5,68.2,143188,2.9,74.5,1308,8660,109.123
35029,Luna County,New Mexico,25420,36.6,29.1,1.5,66.5,0.9,14.7,37917,26.1,69.2,685,11567,2965.177
35031,McKinley County,New Mexico,71172,34.1,8,0.4,12.2,1.3,12.5,44496,35.7,68.8,810,25213,5451.064
35033,Mora County,New Mexico,4176,58.5,22,0,76.1,0,25.4,50178,18.8,89.2,785,2938,1926.249
35035,Otero County,New Mexico,68235,36.3,46.6,3.4,39.1,1.4,21.6,52717,20,65,926,32400,6612.562
35037,Quay County,New Mexico,8616,48.1,48.3,1.1,44.6,0,20.4,43698,25.4,72.7,752,5513,2873.955
35039,Rio Arriba County,New Mexico,40165,42.4,14.1,0.7,67.3,0.6,18.8,53901,20.1,78.1,760,19703,5860.874
35041,Roosevelt County,New Mexico,19002,32,48.9,0.9,44.4,0.4,21.3,52445,21.6,62,863,8525,2446.051
35043,Sandoval County,New Mexico,151538,41.1,41.9,2,39.5,1.5,33.4,84053,10,83.6,1408,59759,3710.194
35045,San Juan County,New Mexico,121178,38,36.7,0.6,19.7,0.7,16.6,53020,23.2,70.2,917,48085,5517.232
35047,San Miguel County,New Mexico,27036,46.8,17.4,1.2,75.3,0.4,26.2,47400,22,73.3,774,14837,4721.515
35049,Santa Fe County,New Mexico,155175,48.5,44.1,0.8,48,1.4,44.2,74689,12.5,70.6,1318,77686,1910.38
35051,Sierra County,New Mexico,11511,57.3,63.8,0.2,29.4,0.2,16.3,37840,24.9,70.2,695,8139,4181.214
35053,Socorro County,New Mexico,16308,39.7,32.9,0.2,50.3,1.8,21,47556,29,73.5,653,7642,6646.387
35055,Taos County,New Mexico,34516,51.9,40.5,0.3,50.8,0.7,37.1,58908,14.4,78.8,1069,21091,2202.373
35057,Torrance County,New Mexico,15290,42.5,48.9,1.7,42.5,0.6,14.9,46250,20.4,81.7,845,7238,3345.213
35059,Union County,New Mexico,4039,40.3,54,0.8,39.7,0,18.1,45319,19.5,68.2,650,2091,3825.05
35061,Valencia County,New Mexico,77382,39,31.1,1.2,60.6,0.6,20.8,58333,18.4,82.1,970,30396,1066.744
36001,Albany County,New York,315374,38.3,69,11.4,7,7.2,45.2,83149,12.9,56.7,1252,146959,522.888
36003,Allegany County,New York,47027,38.9,93,1.5,2.1,1.3,24.6,61233,16.8,80.3,754,23538,1029.506
36005,Bronx County,New York,1419250,35.6,8.8,29.1,54.9,4,22,49036,26.9,20.3,1436,553231,42.176
36007,Broome County,New York,197738,39.4,80.1,5.1,5.4,5,30.6,61059,18.9,64.6,914,92889,705.651
36009,Cattaraugus County,New York,76479,42.5,88.4,1.4,2.3,0.7,20.7,58248,17.6,74.6,759,40279,1308.183
36011,Cayuga County,New York,75464,43.7,87.6,3,3.5,0.6,23.9,66583,13.8,71.9,895,36768,691.589
36013,Chautauqua County,New York,126329,42.7,84.3,2.1,9.3,0.6,25.1,56507,17,69.1,797,66328,1060.41
36015,Chemung County,New York,82805,41.9,84.5,5.8,3.6,1.5,26.9,63469,15.8,69.8,1020,39143,407.333
36017,Chenango County,New York,46685,44.9,92.9,0.5,2.4,0.5,19.2,62093,12.2,76.3,819,24460,893.443
36019,Clinton County,New York,78961,41.5,89.1,2.9,3.4,1.4,26.8,69208,13.8,68.9,956,37461,1037.751
36021,Columbia County,New York,61245,49.5,83.3,3.2,6,2.2,38.1,83619,11.4,75.4,1199,33331,634.663
36023,Cortland County,New York,46401,36.5,89.7,2,3.5,1.4,28.3,67527,12.8,66.4,911,20842,498.774
36025,Delaware County,New York,44551,48.8,89.7,1.5,4.7,0.8,26.7,60226,14.9,76.7,848,30038,1442.596
36027,Dutchess County,New York,297144,42.6,67.2,9.4,14.9,3.4,39.7,97273,8.3,68.8,1522,122636,795.602
36029,Erie County,New York,950044,40.3,73,12.3,6.3,4.5,36.9,71175,14,65.5,1037,439987,1042.763
36031,Essex County,New York,37077,49.5,91.7,2.1,2.8,0.3,31.3,70215,11.8,78.1,890,25318,1794.122
36033,Franklin County,New York,47066,41.8,83.8,3.3,2.8,0.7,23.8,63747,16.5,71.2,819,25442,1629.296
36035,Fulton County,New York,52787,44.1,88.8,1.4,4.1,0.9,21.2,62615,14.5,69.2,883,28169,495.46
36037,Genesee County,New York,57943,42.4,88.4,1.8,4.7,0.7,23.6,72055,10.6,74.2,909,26090,492.976
36039,Greene County,New York,47554,47.4,83.5,4.2,6.6,1.1,28.9,74011,11,77.6,993,29037,647.161
36041,Hamilton County,New York,5102,57.2,91.5,0.9,2,0.4,26.9,68950,10,82.5,860,7893,1717.378
36043,Herkimer County,New York,59932,44.6,91.6,1,2.7,0.7,22.6,68858,13.3,75.9,811,32449,1410.586
36045,Jefferson County,New York,116130,33.2,80.8,4.6,7.3,1.8,25.7,64978,13.4,54.1,1214,61721,1267.93
36047,Kings County,New York,2646306,36.3,36.2,27.5,18.9,12,41.3,78548,18.9,29.7,1784,1090187,69.377
36049,Lewis County,New York,26618,42,93.9,0.7,1.7,0.2,19.4,68329,12.2,80.4,821,15572,1276.309
36051,Livingston County,New York,61588,41.4,88.9,1.8,4.5,0.9,30.6,72464,11.6,77.1,912,27198,631.654
36053,Madison County,New York,67572,42.6,90.6,1.6,2.5,1,28,73141,9.7,78.4,891,30676,654.85
36055,Monroe County,New York,754068,39.5,68.4,13.8,9.8,3.7,41.2,74409,13.1,63.5,1126,337688,656.944
36057,Montgomery County,New York,49461,40.1,78.4,2.6,15.2,0.7,20.5,62923,14.7,69.3,921,22944,403.111
36059,Nassau County,New York,1388138,41.8,55.4,10.9,18.5,11.5,48.7,143408,5.3,81.9,2195,477860,284.542
36061,New York County,New York,1627788,38.9,46.3,12.5,24.3,12.3,64,104553,15.8,24.7,2132,918806,22.658
36063,Niagara County,New York,211341,43.2,82.8,6.3,3.9,1.2,27.2,67809,13,70.9,870,100335,522.348
36065,Oneida County,New York,229645,40.8,79.5,5.2,6.8,4.2,27.8,68819,14.6,67.8,917,105285,1212.442
36067,Onondaga County,New York,471611,39.5,74.6,10.2,5.7,4,38.1,74740,13.9,65.7,1067,211683,778.393
36069,Ontario County,New York,112405,43.9,87.4,2,5.6,1.3,37.2,79814,9.2,72.8,1126,53001,644.076
36071,Orange County,New York,403840,36.9,59.2,10.5,23.2,2.8,32.2,96497,13,68.4,1602,148460,812.078
36073,Orleans County,New York,39686,43.6,85.6,4.6,5.2,0.7,17.5,63838,13,77.4,877,18275,391.262
36075,Oswego County,New York,117945,40.6,91.6,1,3.2,0.8,21.9,68461,16.5,73.9,943,54697,951.607
36077,Otsego County,New York,59738,40.4,88.7,2.2,4.3,1.5,33.9,67086,14.1,74.3,942,30011,1001.738
36079,Putnam County,New York,97988,44.2,72.4,3,19.1,2.3,43.5,127405,6.5,83,1824,38369,230.252
36081,Queens County,New York,2330124,40.4,23.6,16.5,27.9,25.9,35.3,84961,12.2,44.9,1915,903598,108.724
36083,Rensselaer County,New York,160341,40.2,79.8,6.3,5.9,3.1,37.3,86663,11.8,64.1,1182,74388,652.459
36085,Richmond County,New York,492734,40.4,56.6,9,19.5,12,35.8,98290,10.9,67.9,1689,184074,57.523
36087,Rockland County,New York,338936,35.1,60.6,10.5,20,5.8,42.1,110631,15.6,68.3,1826,108576,173.685
36089,St. Lawrence County,New York,107796,39,91.5,1.8,2.5,1,24.6,61900,17.4,71.5,799,51884,2679.526
36091,Saratoga County,New York,237075,43.4,87.8,1.6,3.8,2.9,43.8,99653,6.7,72.2,1347,111127,809.97
36093,Schenectady County,New York,159603,39.6,68.7,10.1,8.1,4.8,35.1,76989,12.5,63.8,1159,71051,204.669
36095,Schoharie County,New York,29979,45.7,89.1,1.3,3.9,0.9,25,71188,10.8,77.7,916,16544,621.819
36097,Schuyler County,New York,17749,47.4,92.8,1,2,0.7,25.4,65625,15.1,78.1,858,9691,328.343
36099,Seneca County,New York,33125,42.8,88.1,3.6,4.1,0.7,24.1,66007,13.3,72,925,16148,323.698
36101,Steuben County,New York,93034,43.1,91.8,1.5,1.9,1.6,26,64740,13.7,73.5,878,47565,1390.508
36103,Suffolk County,New York,1525680,41.7,63.2,6.8,22.2,4.2,39.9,128329,6.4,81.9,2190,579790,910.922
36105,Sullivan County,New York,79147,41.7,67.1,7.9,18.4,2,29.7,69826,15.2,69.3,999,49667,968.145
36107,Tioga County,New York,48106,44.8,92.9,1.1,2.3,1,25.6,71791,12.2,78.2,914,21966,518.767
36109,Tompkins County,New York,102879,32.8,75,3.3,6.5,9.5,59.2,73012,15.3,53.8,1374,47362,474.644
36111,Ulster County,New York,182109,44.2,73.5,5.7,11.8,2,37.1,81804,14.3,70,1335,86178,1124.236
36113,Warren County,New York,65560,46.8,91.9,1.1,2.8,0.7,34.6,78239,9.1,71.5,1089,40177,867.222
36115,Washington County,New York,60883,45,89.6,2.3,2.9,0.6,21.2,72342,10.8,76.6,1000,29111,831.19
36117,Wayne County,New York,91128,43.6,87.5,2.2,5.1,0.8,25.5,73914,11.3,79.9,929,42375,603.83
36119,Westchester County,New York,996888,41.5,50,12.9,27,6,52.5,118411,8.9,62.2,1876,391861,430.817
36121,Wyoming County,New York,39980,43.1,88.7,3.8,3.6,0.6,18.2,68913,10.6,77,782,18204,592.7
36123,Yates County,New York,24637,41.6,94,0.7,2.6,0.7,25,67521,14.1,77.2,802,13143,338.139
37001,Alamance County,North Carolina,174286,38.7,59.5,19.6,14.8,1.7,27.7,64445,14.1,65.6,1007,75456,423.455
37003,Alexander County,North Carolina,36440,43.8,85.8,4,5.4,1.1,15.4,65268,12.1,81.7,745,16126,259.985
37005,Alleghany County,North Carolina,11075,51.4,83.9,1.4,11.5,0.8,22.8,44272,17.4,77.1,755,7752,234.835
37007,Anson County,North Carolina,21903,42.4,44.4,46.7,3.6,1.5,10.9,44245,21.2,65.6,849,9932,531.461
37009,Ashe County,North Carolina,26831,49.8,91.2,1,5.8,0.4,22.4,50827,14.1,78.4,774,17111,426.264
37011,Avery County,North Carolina,17643,46.5,87,4.2,5.7,0.4,21.9,57657,11,80,791,14051,247.338
37013,Beaufort County,North Carolina,44597,47.1,66.2,22.7,7.8,0.2,20.6,57997,18,70.1,859,24385,832.736
37015,Bertie County,North Carolina,17482,45.9,34.3,60,2.2,0.8,17.8,45931,19.8,74.5,824,8988,699.176
37017,Bladen County,North Carolina,29591,44.8,53.8,33,9,0.2,20.6,44528,21.2,69.8,752,15272,875.032
37019,Brunswick County,North Carolina,145889,56.1,81.1,8,5.5,0.6,33.2,74034,9.4,83.8,1267,93977,850.069
37021,Buncombe County,North Carolina,271790,42.4,81.2,5.4,8.3,1.1,44.6,70578,11.8,64.4,1281,132191,656.49
37023,Burke County,North Carolina,87863,44.9,79.3,5.9,8.2,3.3,20.2,55684,17.9,74.8,805,40058,506.237
37025,Cabarrus County,North Carolina,231262,37.7,58.7,18.5,12.4,5.4,37.7,86084,8.9,72.1,1303,91339,361.232
37027,Caldwell County,North Carolina,80618,45.5,85.7,4.1,6.4,0.5,18.6,55401,12.7,74,735,37231,471.888
37029,Camden County,North Carolina,10743,40.9,78.7,8.3,3.9,0.7,25.8,87781,5,83.8,1220,4226,240.325
37031,Carteret County,North Carolina,68652,50.1,85.5,4.2,4.7,0.9,32.3,70235,10,73.5,1062,51615,507.604
37033,Caswell County,North Carolina,22689,46.2,59.7,31.5,4.9,0.4,16,59407,15.7,76.1,699,10490,425.483
37035,Catawba County,North Carolina,162051,41.8,72.6,7.9,11.1,4.1,24.9,64544,12.8,72.7,891,72028,401.374
37037,Chatham County,North Carolina,78319,47.6,69.8,10.3,13.4,2,48,88534,10.5,80.4,1066,35013,681.481
37039,Cherokee County,North Carolina,29197,53.3,90.1,1.5,3.5,0.5,24.2,51496,14.6,83.6,800,18182,455.54
37041,Chowan County,North Carolina,13814,47.9,60,32.9,3.9,0.1,24.5,56982,20.5,69.7,766,7169,172.657
37043,Clay County,North Carolina,11391,54.5,90.8,1.8,3.9,0.8,31.4,53645,13.5,79.8,791,7410,215.001
37045,Cleveland County,North Carolina,100170,41.2,71,18.4,4.4,0.9,21.1,55769,17.2,70.7,835,43999,464.249
37047,Columbus County,North Carolina,50453,42.4,59,28.6,5.5,0.4,15.1,48184,18.8,72.3,775,23560,938.121
37049,Craven County,North Carolina,101074,39.2,64.7,20.1,7.4,2.7,26,64635,13.9,69.9,1100,47404,706.573
37051,Cumberland County,North Carolina,336749,31.8,40.6,36.4,12.4,2.6,27.2,58780,17.2,53.7,1156,143184,652.566
37053,Currituck County,North Carolina,29612,41.7,84.4,5.1,4.9,1,29.3,91548,7.6,87.5,1126,16636,261.91
37055,Dare County,North Carolina,37534,48.5,86,2.8,7.1,0.5,42.8,81214,7.5,77.8,1307,34839,383.229
37057,Davidson County,North Carolina,171063,42.3,76.8,9.2,8.6,1.5,20.7,62426,13.8,73.5,863,75615,553.178
37059,Davie County,North Carolina,43526,45,82.5,4,8,0.7,26.8,73234,10,83.4,889,19079,263.699
37061,Duplin County,North Carolina,49053,40.7,50.8,22.7,22.7,0.6,17.5,51880,17.9,70,815,23823,814.72
37063,Durham County,North Carolina,329405,35.8,41.9,32.8,15.3,5.1,53.5,79501,12,55,1415,149150,287.547
37065,Edgecombe County,North Carolina,48777,41.7,35.2,55.8,5.8,0.2,16.7,48480,21.9,59.4,818,23258,505.436
37067,Forsyth County,North Carolina,386740,38.3,54.2,24.9,14.6,2.3,36.9,65541,14.7,62.7,1046,173220,407.858
37069,Franklin County,North Carolina,71962,40.9,61.1,22.9,10.6,0.8,24.4,71386,10.1,78.1,988,30790,491.802
37071,Gaston County,North Carolina,231485,39.5,67.8,17.3,9.3,1.6,26,65472,12.8,65.8,1085,100109,355.751
37073,Gates County,North Carolina,10437,47.7,63.4,31.1,2.1,0,10.8,61612,11.8,82.3,940,4809,340.612
37075,Graham County,North Carolina,8041,45.5,85.2,0.7,2.9,1.1,16.8,49038,8.7,80.8,581,5244,291.968
37077,Granville County,North Carolina,61439,42.5,55.3,29.1,10.7,0.6,24,70975,14.1,76.6,1008,24582,531.991
37079,Greene County,North Carolina,20421,39.6,45.9,31.7,15.1,0,12.2,50904,22.4,65.3,845,7909,266.734
37081,Guilford County,North Carolina,542987,37.4,46.8,33.5,9.8,5.2,38.1,66027,15.2,60,1108,235833,645.98
37083,Halifax County,North Carolina,48219,43.8,36.7,51.7,3.2,0.9,15.5,45071,25.2,63.5,776,24849,723.738
37085,Harnett County,North Carolina,136503,35.4,58.9,20.3,14.6,0.9,23.9,69012,14.5,69.5,1080,54051,595.066
37087,Haywood County,North Carolina,62432,47.8,90.9,1,4.7,0.4,29.4,61001,11.3,75,1052,35307,553.56
37089,Henderson County,North Carolina,117387,47.2,79.9,2.9,12.8,1.2,35.1,67623,11.7,74.2,1120,57338,372.947
37091,Hertford County,North Carolina,20492,42.3,32.3,56.4,6.5,1,16.7,47472,21.4,66.4,806,9831,353.164
37093,Hoke County,North Carolina,53102,33.7,36.6,32.5,15.3,1.4,21.3,60095,17.4,71.7,1047,20583,390.153
37095,Hyde County,North Carolina,4625,48.5,60.6,24.8,7.7,0,13.7,47338,22.4,71.5,1237,3168,612.342
37097,Iredell County,North Carolina,191800,40.9,73.5,11.3,8.9,2.5,33.3,78678,9.1,71.5,1183,81785,574.437
37099,Jackson County,North Carolina,43089,38.9,78.6,2.2,7.7,1.2,30,53479,19.3,62.6,855,27385,491.11
37101,Johnston County,North Carolina,226623,38.3,62.7,16.5,16.2,0.8,27.6,79838,11.2,77.1,1007,88314,792.019
37103,Jones County,North Carolina,9245,48.1,63.1,27.3,4.8,0.7,17.9,55659,21.3,75.6,725,4675,471.368
37105,Lee County,North Carolina,64565,39.9,56.4,17.5,21,1.1,21.6,63060,15.5,66,962,26854,255.068
37107,Lenoir County,North Carolina,54917,42.2,48,39.4,8.4,0.8,15.8,44795,22.5,59.3,814,26767,399.087
37109,Lincoln County,North Carolina,90359,44.3,82.8,5.8,7.8,0.8,27,78490,9,78.5,977,38589,295.847
37111,McDowell County,North Carolina,44679,44.3,86.3,3.9,6.8,1.1,17.6,55527,14,74,741,21475,439.954
37113,Macon County,North Carolina,37533,50.1,85.7,1.2,9.7,0.8,24.6,53298,14.4,76.3,791,27070,515.565
37115,Madison County,North Carolina,21640,44.5,91.6,1,3.5,0.4,31.5,58628,11.4,77.9,764,11201,449.615
37117,Martin County,North Carolina,21773,46.7,51.3,40.9,4.3,0.6,15.1,46793,19.6,68.5,729,11100,456.412
37119,Mecklenburg County,North Carolina,1130906,35.4,43.9,30.1,15.4,6.1,48.6,83765,10.4,55.5,1521,491721,523.608
37121,Mitchell County,North Carolina,14973,48,91.5,0.8,5.3,0.4,23.1,58089,13,77.6,744,8673,221.251
37123,Montgomery County,North Carolina,25874,43.6,62.8,16.4,15.5,1.6,19.3,55849,16.1,73.1,753,14930,491.537
37125,Moore County,North Carolina,102840,42.8,75.9,9.6,7.6,1.2,40.9,82837,10,76.3,1181,49419,697.616
37127,Nash County,North Carolina,95451,41.6,46.9,40.5,7.9,0.8,21.7,60704,14,63.7,924,43537,540.444
37129,New Hanover County,North Carolina,231214,40.1,75.1,11.1,7.6,1.4,44.8,72892,12.4,60.7,1343,117236,192.255
37131,Northampton County,North Carolina,17212,51.6,39,54.2,2.3,0.1,19,47935,20,73.2,749,10620,536.71
37133,Onslow County,North Carolina,208537,27.1,64.8,11.9,13.8,1.8,26.1,64568,11.7,61,1198,85917,762.085
37135,Orange County,North Carolina,147292,36.2,66.8,10.2,10.6,7.9,61.8,88553,12.4,64.2,1387,62127,397.538
37137,Pamlico County,North Carolina,12315,54.1,74,18.5,4.6,0.6,25.4,61624,12.4,83.3,909,7239,336.515
37139,Pasquotank County,North Carolina,40830,39,53.7,34.6,5.9,1.2,26.9,63912,10,65.1,1146,17565,226.878
37141,Pender County,North Carolina,63475,41.8,73.9,12.4,8.5,0.6,29.8,76838,10.7,81.8,1072,31007,871.296
37143,Perquimans County,North Carolina,13146,50.5,69.8,21.8,3,0.8,20.4,61224,11.4,72.7,1061,6918,247.173
37145,Person County,North Carolina,39275,43.9,64.8,25.5,5.9,0.4,19.8,64927,18.4,75.9,796,18482,392.34
37147,Pitt County,North Carolina,172279,33.6,51.9,34.9,7.7,1.8,33.9,58851,19.4,50.9,971,81656,652.366
37149,Polk County,North Carolina,19689,54.4,87.2,5.1,5.5,0.1,32.9,61005,13.7,76.6,1089,10949,237.687
37151,Randolph County,North Carolina,145322,41.4,75.9,5.9,13.6,1.1,17.6,59047,14.8,72.7,857,62544,782.334
37153,Richmond County,North Carolina,42818,40.3,55.1,31.7,7.5,0.8,16.2,43626,25.2,64.7,744,19840,473.689
37155,Robeson County,North Carolina,116858,36.5,23.6,23.2,10.5,0.8,14.6,40318,28.8,65.6,784,48874,947.295
37157,Rockingham County,North Carolina,91585,44.7,70.5,17.5,6.9,0.2,16.1,55796,16.8,72.4,789,43685,565.642
37159,Rowan County,North Carolina,148487,40.5,68.5,15.4,11.3,1,21.5,63196,15.8,71.2,990,64263,511.61
37161,Rutherford County,North Carolina,64850,45.3,81.1,8.1,5.4,0.5,20.7,49771,17.6,74.1,748,32682,565.437
37163,Sampson County,North Carolina,59245,39.7,49.6,24.8,21.3,0.5,15.8,53159,20.2,72.8,811,25739,945.93
37165,Scotland County,North Carolina,34353,38.3,40.6,37.7,3.7,1,14.8,43500,26.6,58.9,766,14421,319.14
37167,Stanly County,North Carolina,63557,40.6,79,11,5.3,1.9,19.7,61631,14.2,73.6,830,28292,395.08
37169,Stokes County,North Carolina,44889,47.6,89.6,3.4,3.6,0,18.5,60039,12,78.4,766,21353,449.324
37171,Surry County,North Carolina,71407,43.7,81.6,3.5,12.1,0.6,19.4,56095,16.7,73.3,741,33609,532.644
37173,Swain County,North Carolina,14065,42.6,60.3,1.5,5.1,0.4,21.3,55429,21.1,73.3,715,8529,527.726
37175,Transylvania County,North Carolina,33243,51.9,88.2,3.7,4.9,0.5,38.6,64523,14.2,75.1,909,19147,378.358
37177,Tyrrell County,North Carolina,3376,46,54.3,32.5,10,0.9,14.7,43952,20.8,78.6,612,2004,390.777
37179,Union County,North Carolina,244975,39.1,68,10.9,12.9,4.1,39,99243,7.7,81.8,1390,86730,632.737
37181,Vance County,North Carolina,42361,39.9,37.6,48.9,9.1,0.6,18.5,46943,19,57.4,860,19423,252.396
37183,Wake County,North Carolina,1151009,37.2,57,18.9,11.4,8.1,56.3,101763,7.9,64.4,1508,481999,834.611
37185,Warren County,North Carolina,18751,48.6,37.7,47.1,4.4,0.7,19,45279,22.2,69.7,771,11543,429.392
37187,Washington County,North Carolina,10905,49.3,44.6,48.9,3.9,0,12.2,41750,24.7,68.7,829,6045,346.51
37189,Watauga County,North Carolina,54607,32.2,88.9,1.6,6,1.2,47.7,51367,24.7,61.2,1066,33028,312.44
37191,Wayne County,North Carolina,117606,37.4,51,30.2,13.2,1.1,21.3,58082,16.9,61.5,932,53134,553.922
37193,Wilkes County,North Carolina,65983,45.3,86.1,3.7,7.3,0.6,16.7,50438,16.4,73.9,715,31744,753.678
37195,Wilson County,North Carolina,78648,40.7,44.8,39.1,11.9,1,20.3,51381,21,59.1,915,36702,367.574
37197,Yadkin County,North Carolina,37419,44.3,82.1,2.8,12.1,0.1,15.8,60321,13.6,77.1,734,17165,334.943
37199,Yancey County,North Carolina,18676,47.9,91.3,0.6,5.6,0.4,23,54961,14.9,77.2,807,11317,312.592
38001,Adams County,North Dakota,2179,50,88,0.7,4.5,0.7,20.8,55417,14.5,73.8,545,1336,987.547
38003,Barnes County,North Dakota,10794,42.9,90.1,1.3,2,1.3,30,70230,11.3,73.4,779,5706,1491.559
38005,Benson County,North Dakota,5861,32.4,42.7,0.5,1.7,0.7,22.1,68049,22.2,74.2,616,2544,1388.555
38007,Billings County,North Dakota,948,44.7,96.3,0,3.7,0,32.4,81250,13,81.2,630,527,1148.488
38009,Bottineau County,North Dakota,6390,43.8,89.7,0.4,2.4,0.6,27.4,83460,7.6,79.4,763,3972,1668.858
38011,Bowman County,North Dakota,2935,42.7,92.2,0,4.7,0,27.3,83773,9.5,83,869,1637,1161.809
38013,Burke County,North Dakota,2163,41.1,91.4,0.7,0.9,2.8,23.5,96339,5.1,78.1,725,1403,1103.619
38015,Burleigh County,North Dakota,98986,38,85.7,1.8,3.3,0.8,38.7,84948,8.2,71.6,996,43387,1632.694
38017,Cass County,North Dakota,189286,32.9,82.3,6.5,3.5,3.1,43.3,75023,10.3,52,930,87497,1764.935
38019,Cavalier County,North Dakota,3663,47.1,92.8,0,2.6,0.1,22.2,67064,7.7,82.8,859,2115,1489.125
38021,Dickey County,North Dakota,4959,38.6,91,0.3,3.9,1.1,27.1,63125,10.8,78.1,749,2386,1131.493
38023,Divide County,North Dakota,2174,47.3,85.2,3.5,5.6,0.3,20.4,89297,7.3,77.6,1064,1373,1261.13
38025,Dunn County,North Dakota,4043,40.8,80,0.5,3.7,0.6,20.6,94688,7.2,71.8,941,2116,2008.492
38027,Eddy County,North Dakota,2319,48.7,89,0,3.9,0,28.2,55389,12.8,72,615,1338,630.239
38029,Emmons County,North Dakota,3269,51.5,94.2,0.1,0.9,0.6,20.7,67368,8.4,81.4,551,2049,1508.401
38031,Foster County,North Dakota,3372,43.3,94,0.4,0.8,1.3,27.2,83412,9.1,77.4,756,1782,634.08
38033,Golden Valley County,North Dakota,1679,45.7,90.1,0.1,1.6,0.5,18,76528,18,75.1,856,906,1000.885
38035,Grand Forks County,North Dakota,72764,30.6,82.2,3.4,5.2,2.7,37.2,68450,13.9,52.1,971,33736,1436.225
38037,Grant County,North Dakota,2276,48.8,93.1,0.1,0.9,2.6,21.2,56750,17.4,84,650,1642,1659.233
38039,Griggs County,North Dakota,2340,50.6,94.3,1.2,1.3,0.1,27.4,64737,10.1,79.4,606,1353,708.685
38041,Hettinger County,North Dakota,2453,42.6,94.8,0.3,0.1,0.3,18.7,70827,9.3,79.7,830,1438,1132.239
38043,Kidder County,North Dakota,2374,47.8,94.7,0.2,2.9,0,21.3,61850,10.3,76,847,1651,1351.062
38045,LaMoure County,North Dakota,4107,46.7,95.7,0.1,2,0.1,24.2,70263,10.8,84.9,607,2074,1146.005
38047,Logan County,North Dakota,1848,49.9,92.7,0.1,3.1,0,26.2,61339,11.5,82.7,847,1068,992.599
38049,McHenry County,North Dakota,5264,43.4,94.4,0.7,2.2,0.5,20.9,80614,9.8,80.3,737,2832,1873.942
38051,McIntosh County,North Dakota,2512,53.8,92.4,0.1,2.9,1.5,17,64236,15.4,79.3,600,1701,974.563
38053,McKenzie County,North Dakota,14280,31.2,74.5,2.1,11.2,0.9,22.8,88289,12.8,55.1,1153,7691,2760.133
38055,McLean County,North Dakota,9807,47.4,88.4,0.2,2,0.4,23.9,81847,8.3,83.4,768,5794,2110.272
38057,Mercer County,North Dakota,8341,42.8,90.5,0.6,2.7,0.4,22.6,79405,10.7,80.5,1043,4657,1042.781
38059,Morton County,North Dakota,33479,37.7,87.4,1.7,4.2,0.2,29.3,79483,7,75.1,1036,15334,1925.888
38061,Mountrail County,North Dakota,9567,35.1,57.8,2,8.2,0.7,22.4,81292,13.2,60,864,5073,1825.163
38063,Nelson County,North Dakota,3015,50.4,92.6,0,2.9,1,28.2,68051,10,76.9,593,1798,981.815
38065,Oliver County,North Dakota,1821,46.1,91.9,0,3,1.8,20.5,76953,4.7,93.4,725,912,722.404
38067,Pembina County,North Dakota,6787,45.5,89,1,4,0.3,22.9,66884,8.7,74.5,692,3517,1118.535
38069,Pierce County,North Dakota,3961,44.3,93.1,0.3,1.1,0.8,27.9,63214,12.2,78.9,807,2077,1018.285
38071,Ramsey County,North Dakota,11563,40.2,81.7,0.8,2.8,0.9,27.6,61319,16.3,58.7,687,5875,1185.367
38073,Ransom County,North Dakota,5662,41.1,92.5,0.9,2.7,0.7,21,74521,10.9,75.7,710,2538,862.472
38075,Renville County,North Dakota,2277,42.5,96.1,0,0.9,0.4,22,76311,7.1,81.5,846,1312,877.244
38077,Richland County,North Dakota,16550,38,89.1,0.9,3.7,0.2,25,72524,10.4,69.1,751,7552,1435.674
38079,Rolette County,North Dakota,12065,32.1,18.4,0.2,1.1,0.5,16.6,57355,25.1,65.2,479,4601,903.042
38081,Sargent County,North Dakota,3822,44.1,90.5,2.5,2.9,0.3,19.1,77697,7.9,73.9,835,1997,858.483
38083,Sheridan County,North Dakota,1327,50.8,95.6,0,0.4,0.9,20.3,67361,8.5,82.5,373,824,972.226
38085,Sioux County,North Dakota,3789,28.7,12.2,0.2,1,0,11.2,41676,42.7,46,466,1276,1094.052
38087,Slope County,North Dakota,795,54.2,93.8,0,0.1,0,22.8,62500,6.4,87.4,719,458,1215.264
38089,Stark County,North Dakota,33116,34.5,85.4,2.3,7,1.2,27.2,80744,11,64.9,966,15455,1334.913
38091,Steele County,North Dakota,1731,46.4,93.8,0.3,2.6,0,29.6,80313,13.3,77.8,630,1120,712.143
38093,Stutsman County,North Dakota,21525,40.6,90.4,2.1,3,0.5,24.4,60172,12.4,63.6,742,10397,2221.904
38095,Towner County,North Dakota,2113,50.3,84.3,0.5,3.7,0,18.9,63017,11.5,77.2,719,1263,1025.113
38097,Traill County,North Dakota,7980,40.7,90.2,0.9,3.7,0.4,31.2,88289,6.9,74.6,758,3656,861.871
38099,Walsh County,North Dakota,10488,43.8,81.8,0.9,12.7,0.7,19.5,69976,10.5,77.8,766,5207,1281.607
38101,Ward County,North Dakota,69232,33.3,80.9,3.9,6.9,1.4,29.7,79273,7.8,61.9,1000,32372,2013.028
38103,Wells County,North Dakota,3942,47.9,95.6,0,1.3,0.2,22.3,61346,10.5,73.5,630,2250,1270.533
38105,Williams County,North Dakota,39368,32.3,76.7,5.2,9.7,1.2,23.7,90224,8.8,57.2,1108,20291,2077.6
39001,Adams County,Ohio,27510,42.3,95.9,0.3,0.9,0.4,14.3,49521,20.3,71,700,12737,583.872
39003,Allen County,Ohio,101685,39.7,79.6,10.6,3.4,0.9,19.9,62001,13.1,68.3,898,44697,402.545
39005,Ashland County,Ohio,52296,41.4,94.3,1.1,1.7,0.6,22.1,64991,13.8,78.9,841,22517,422.986
39007,Ashtabula County,Ohio,97343,42.7,87.2,3.7,4.8,0.4,16,55507,18.3,73.9,816,46362,702.417
39009,Athens County,Ohio,61573,32.8,89.2,2.5,2.2,2.1,35.4,53837,22.1,61.9,903,26466,503.643
39011,Auglaize County,Ohio,46209,40.6,94.8,0.9,1.8,0.3,20.8,76454,7.5,75.9,853,20034,401.388
39013,Belmont County,Ohio,65982,44.1,91.1,3.1,1.3,0.6,18.7,58411,14.3,74,769,31599,532.127
39015,Brown County,Ohio,43710,42.1,95.2,0.8,1.2,0.2,15.8,69990,17.4,76.1,822,19460,489.543
39017,Butler County,Ohio,389910,37.1,75.9,8.2,6.6,4.1,32.5,81194,11.7,69.9,1098,154777,466.516
39019,Carroll County,Ohio,26731,45.5,94.9,0.7,1.3,0,14,64675,12.5,78,780,13391,394.612
39021,Champaign County,Ohio,38772,41.6,92.1,1.7,1.8,0.4,19.1,74239,8.2,76.7,884,16904,428.977
39023,Clark County,Ohio,135445,41.2,82.4,8.2,4,0.6,18.5,60846,15.6,69.2,840,61092,395.879
39025,Clermont County,Ohio,209862,40.8,91.3,1.5,2.4,1.1,31.4,83178,8.8,73.4,1040,87534,452.56
39027,Clinton County,Ohio,42014,41,92.1,1.8,2.1,0.7,20.1,68125,14.8,70.5,893,17966,408.731
39029,Columbiana County,Ohio,101203,44.7,92.5,1.8,1.8,0.4,16,58474,13.9,73.1,736,46133,531.917
39031,Coshocton County,Ohio,36679,41,94.6,0.7,0.3,0.4,16.7,54687,18.8,72.5,723,16321,563.911
39033,Crawford County,Ohio,41767,43.3,94.4,0.8,1.7,0.7,15.5,55477,13.2,71,761,19844,401.786
39035,Cuyahoga County,Ohio,1249418,40.5,57,28.6,6.8,3.2,35.9,62823,16.2,59.1,1005,615513,457.211
39037,Darke County,Ohio,51655,42,95.1,0.5,1.8,0.4,16.5,64654,11.2,72,747,22643,598.102
39039,Defiance County,Ohio,38258,40.8,85.2,1.4,10.7,0.3,20.1,73615,10,78.6,826,16570,411.439
39041,Delaware County,Ohio,221160,39.9,80.4,4.1,3.3,7.9,58,130088,5,78.2,1433,84215,443.146
39043,Erie County,Ohio,74938,45.2,80.8,8.3,4.4,0.7,27.9,68431,12.5,71.1,882,38400,251.288
39045,Fairfield County,Ohio,161289,39.5,82,8.9,2.7,2.6,31.9,87069,8.2,74.2,1114,63397,504.365
39047,Fayette County,Ohio,28880,40.8,90.9,2.5,2.4,0.4,13.8,60047,16,63,807,12694,406.361
39049,Franklin County,Ohio,1321635,34.7,59.1,22.8,7.1,5.4,42,73795,14.5,53,1233,588892,532.422
39051,Fulton County,Ohio,42434,41.6,87.7,0.4,9.1,0.3,18.8,72866,8.7,81.3,832,17708,405.447
39053,Gallia County,Ohio,29162,41.3,92.2,2,1,0.8,17.9,56455,14.8,76.4,798,13454,466.53
39055,Geauga County,Ohio,95479,45,93.2,0.9,1.9,0.5,38.7,100783,5.8,87,1018,37617,400.43
39057,Greene County,Ohio,168531,38.7,81.7,5.8,3.2,2.8,41.3,85218,9.8,67.6,1089,71925,413.63
39059,Guernsey County,Ohio,38283,42.7,93.4,1.6,1.3,0.5,15.3,55756,15.8,71.6,803,19024,522.242
39061,Hamilton County,Ohio,827878,36.9,62.9,24.9,4.5,2.7,41.4,70816,14.9,59,1005,380414,405.454
39063,Hancock County,Ohio,74885,39.6,87.5,1.8,5.9,1.9,29.7,69699,10.3,69.2,926,33871,531.322
39065,Hardin County,Ohio,30527,35.3,93,1.1,2.3,0.8,18.9,58001,18.2,73.3,733,12921,470.285
39067,Harrison County,Ohio,14408,46.1,94,2.9,1.1,0,13,53851,14.6,76.7,753,7397,402.331
39069,Henry County,Ohio,27581,41.7,87.7,0.6,8.1,0.1,18.7,79267,8.4,81.5,866,12053,416.01
39071,Highland County,Ohio,43403,40.8,94.6,1.2,1.1,0.1,15.6,62008,14.4,73.2,757,19005,553.084
39073,Hocking County,Ohio,27938,42.6,94.2,0.4,0.9,0.3,14.4,61366,17.1,78.8,806,13014,421.349
39075,Holmes County,Ohio,44312,32.5,97.4,0.2,1.1,0.2,11,74774,8.8,79.5,773,14560,422.614
39077,Huron County,Ohio,58412,40.4,88,0.6,7.2,0.4,16.9,65972,12,73.6,824,25575,492.243
39079,Jackson County,Ohio,32588,40.2,95.6,1,1,0.6,16.6,58409,17.7,73.4,773,14490,420.31
39081,Jefferson County,Ohio,64855,44.2,88.9,5.4,1.8,0.6,20.6,56983,16.9,71.8,792,31118,408.124
39083,Knox County,Ohio,62888,39.4,93.2,0.9,2,0.7,24.3,73988,11,75.1,925,26038,525.499
39085,Lake County,Ohio,232101,44,85,4.6,5.1,1.4,30.5,77952,8.2,75.1,1073,105877,229.395
39087,Lawrence County,Ohio,57385,41.9,93.8,1.7,1.1,0.6,18.6,54842,17.5,72.5,830,26538,453.393
39089,Licking County,Ohio,180311,40.2,86.2,4,2.3,3.1,29.3,81033,10.1,73.7,999,73021,682.427
39091,Logan County,Ohio,46140,42.1,91.9,1.7,2.3,0.6,18.3,69183,11.3,77.7,832,23797,458.505
39093,Lorain County,Ohio,314588,42.1,76.1,7.2,10.8,1.3,27.9,70693,12.8,73.7,916,135584,490.536
39095,Lucas County,Ohio,428748,38.3,66.7,19.1,7.7,1.7,28.5,60095,17.8,61.7,911,200764,339.662
39097,Madison County,Ohio,44126,41.5,86.5,4.7,2.9,0.9,22.4,83229,9.7,75.9,944,16361,466.688
39099,Mahoning County,Ohio,227063,43.4,74.3,13.8,6.5,0.9,26.4,55576,18.3,70.3,775,108077,411.487
39101,Marion County,Ohio,65145,40.5,86.6,4.9,3.1,0.6,13.7,57306,15.3,67.8,850,27381,403.807
39103,Medina County,Ohio,183049,43.1,91.8,1.3,2.6,1,36.2,92660,6.1,80,1090,75705,421.458
39105,Meigs County,Ohio,22072,43.8,96,0.6,0.9,0.2,11.8,46701,22,75.4,704,10669,430.102
39107,Mercer County,Ohio,42438,39.1,94.4,0.6,2.2,0.5,22.2,78036,6.1,79.6,812,18023,462.447
39109,Miami County,Ohio,109549,41.1,90.5,2,2.1,1.7,24.9,74175,8.6,73.4,942,47028,406.581
39111,Monroe County,Ohio,13308,46,95.4,0.5,0.2,0.5,10.7,58962,15.1,82.4,626,7147,455.723
39113,Montgomery County,Ohio,535528,38.8,68.3,20.4,4.1,2.2,30.5,64403,14.9,62.3,968,252475,461.351
39115,Morgan County,Ohio,13758,44.4,90.7,3,1.1,0.2,14.2,55971,14.3,77.2,713,7311,416.426
39117,Morrow County,Ohio,35214,43.3,94.7,0.5,1.8,0.3,18.2,71047,10.9,81.8,942,14615,406.134
39119,Muskingum County,Ohio,86382,40.5,90.6,3.1,1.3,0.5,20.3,59203,15.6,68.7,811,38343,664.546
39121,Noble County,Ohio,14252,51.3,93.5,4,1.3,0,13.7,55360,11.7,81.9,730,5797,398.012
39123,Ottawa County,Ohio,40161,50.3,90.9,1.1,5.2,0.3,28.5,75728,8.4,83.6,909,28762,254.702
39125,Paulding County,Ohio,18800,41.7,90.7,0.8,5.5,0.3,15.7,68167,9.6,80.2,750,8533,416.435
39127,Perry County,Ohio,35474,41.1,95.8,0.2,0.8,0.1,15,64737,14.7,76.5,727,15021,407.934
39129,Pickaway County,Ohio,59407,39.5,91.4,2.9,1.8,0.3,21.3,72927,12.1,72.1,965,22591,501.193
39131,Pike County,Ohio,27080,41.1,94.6,1.1,0.6,0.3,14.6,49552,19.9,65.8,833,12071,440.282
39133,Portage County,Ohio,161421,39.3,86.8,4.6,2.2,1.7,31.5,72822,11.4,70.1,1036,71040,487.408
39135,Preble County,Ohio,40802,43.2,95.3,0.8,1.1,0.1,17.9,71237,11.2,79.4,803,18106,424.226
39137,Putnam County,Ohio,34352,40,91,0.5,6.6,0.2,26.3,82785,7.1,85.8,857,13870,482.544
39139,Richland County,Ohio,125138,40.9,84.2,7.3,2.2,0.9,17.9,57649,13.9,68.5,791,54616,495.227
39141,Ross County,Ohio,76748,41,88.7,5.3,1.4,0.5,17.1,59819,16.8,70.6,858,32042,689.166
39143,Sandusky County,Ohio,58770,42.5,82.5,3,10.6,0.4,19.1,62500,13.2,74.3,786,26475,408.246
39145,Scioto County,Ohio,73118,40.6,92.3,2.4,1.5,0.5,18,49571,22.4,69,749,33153,610.146
39147,Seneca County,Ohio,54861,40.5,88.3,2.6,5.5,0.6,20.7,65020,11.9,73.4,814,23968,551.026
39149,Shelby County,Ohio,48007,40.1,91.8,2.1,1.7,0.8,20.6,72822,11.1,73.7,904,20113,407.694
39151,Stark County,Ohio,373764,41.9,84.3,7.4,2.9,0.9,25,65740,12.7,68.6,877,167525,575.207
39153,Summit County,Ohio,538087,41.2,74.2,13.8,2.6,4,35.3,71016,12.6,67.3,998,247239,412.793
39155,Trumbull County,Ohio,201367,43.8,85.1,7.8,2.2,0.6,20.3,55088,16.8,71.5,783,94510,617.579
39157,Tuscarawas County,Ohio,92585,41.2,92.5,0.7,4.4,0.4,19.6,64494,13,68.7,876,40840,567.565
39159,Union County,Ohio,65293,38.1,85.9,2.4,2.9,4.8,39.1,109506,5.1,79.4,1188,24298,431.711
39161,Van Wert County,Ohio,28824,41.4,92.4,0.7,3.9,0.4,17,65344,9.5,80.6,792,12574,409.15
39163,Vinton County,Ohio,12686,43.5,96.1,0.6,0.1,0,15.1,53813,16.7,75.2,663,5937,412.36
39165,Warren County,Ohio,246364,39.8,82.7,3.3,3.3,6.8,45.7,107843,5.4,79.6,1293,94910,401.417
39167,Washington County,Ohio,59318,44.1,93.8,1,1.2,0.7,20.7,61355,12.9,74.8,828,27979,631.974
39169,Wayne County,Ohio,116618,38.9,92.5,1.1,2.4,1.1,24.7,71769,8.7,76.1,849,46804,554.789
39171,Williams County,Ohio,36862,41.8,91,1.1,5.2,0.6,14.2,61834,11.9,75.6,805,16574,420.66
39173,Wood County,Ohio,131795,35.7,86.1,1.9,6.4,1.9,37.4,73124,12,64.6,950,57282,617.167
39175,Wyandot County,Ohio,21699,41.6,94.3,0.2,3.1,0,20.7,71878,7.5,73.8,785,9885,406.879
40001,Adair County,Oklahoma,19595,38.1,39.2,0.3,6.8,1.3,11.8,48028,21.5,68,650,8123,573.881
40003,Alfalfa County,Oklahoma,5685,44.4,81.4,3.2,5.8,0.3,20.7,67870,14,78.7,614,2480,866.565
40005,Atoka County,Oklahoma,14255,40.2,67.5,3.9,4.2,0.8,15.3,52034,17.6,75.8,708,6015,975.453
40007,Beaver County,Oklahoma,5041,41.1,66.2,0.3,27.4,0.1,23,64266,9.8,79.7,782,2467,1814.837
40009,Beckham County,Oklahoma,22202,37.1,75.4,4.9,13.1,0.8,13.3,52323,23.2,66.4,821,10120,901.675
40011,Blaine County,Oklahoma,8603,41.6,71.1,4.1,11.8,0,18,59304,15.3,71.4,842,4590,928.463
40013,Bryan County,Oklahoma,47237,36.8,68.3,2.1,7.6,0.6,24.4,54280,17.4,63.6,914,20605,904.348
40015,Caddo County,Oklahoma,26626,37.8,54.1,3.1,16.4,0.1,15.5,52817,19,70.3,715,11577,1277.754
40017,Canadian County,Oklahoma,162621,36.1,71.4,3.6,11.4,3.1,31.8,85427,8.6,74.8,1208,60990,896.573
40019,Carter County,Oklahoma,48255,38.3,67.4,5.8,8.2,1.2,20,58856,15.1,67.7,945,21619,822.301
40021,Cherokee County,Oklahoma,47621,37.3,45.2,1.4,7.7,0.9,29.4,53668,19.3,65.8,803,22273,749.127
40023,Choctaw County,Oklahoma,14299,42.1,58.4,9.5,4.8,0.7,15.2,45456,22,65.7,676,7115,770.383
40025,Cimarron County,Oklahoma,2247,38.3,67.2,0.1,24.8,0,31.7,57204,10.5,77.2,682,1368,1834.808
40027,Cleveland County,Oklahoma,297545,35.1,67.9,4.7,10.6,4.6,35.6,74446,12.8,64.1,1128,123193,538.888
40029,Coal County,Oklahoma,5275,40.3,65.3,0.2,4.4,0.6,16.8,48162,21.3,70.8,679,2581,516.772
40031,Comanche County,Oklahoma,121699,33.7,54.4,14.2,14.4,2.5,24.2,59000,17.7,55,940,52647,1069.322
40033,Cotton County,Oklahoma,5475,43.2,74.9,1.6,7.4,0.1,20.9,60313,22.9,79.6,742,2707,632.637
40035,Craig County,Oklahoma,14215,40.8,61.6,3.5,3.6,1.2,14.9,50182,19.5,73.2,826,6382,761.255
40037,Creek County,Oklahoma,72353,40.6,73.5,2.1,5.1,0.6,18.4,61849,13.9,74.5,910,31387,949.894
40039,Custer County,Oklahoma,28332,32.8,66.3,2.6,19.5,0.9,33.3,57562,16.5,64.2,779,12946,988.779
40041,Delaware County,Oklahoma,41017,47,62.6,0.4,4.3,1.5,19.2,55114,18.6,75.9,868,24282,737.754
40043,Dewey County,Oklahoma,4433,38,81.1,0,6,0,19.8,60550,14.4,74.7,900,2195,999.628
40045,Ellis County,Oklahoma,3717,43.4,83.9,0.2,8.9,0.9,20,56992,13.8,82.3,728,2125,1231.477
40047,Garfield County,Oklahoma,62322,35.7,70.8,1.9,14.8,1.3,22.3,67302,12.7,64.6,915,27782,1058.507
40049,Garvin County,Oklahoma,25779,38.8,72.7,1.6,10,0.5,17.7,57127,15.3,68.1,828,12073,802.145
40051,Grady County,Oklahoma,55868,39.9,79.3,2.1,6.8,0.5,21.9,75730,12.3,75.3,874,23332,1100.54
40053,Grant County,Oklahoma,4137,42.9,86.1,2.1,4.6,0.2,22.7,61824,13.5,75.1,856,2175,1000.74
40055,Greer County,Oklahoma,5498,40.6,72.9,6.3,12.8,0.5,15.3,60183,14.7,77.8,624,2614,639.285
40057,Harmon County,Oklahoma,2452,40.3,53.2,11,31.5,0,16.3,54286,17,72,663,1358,537.258
40059,Harper County,Oklahoma,3231,41.3,72.3,0.1,23.3,0.1,26.6,59191,15.9,80.3,791,1714,1038.584
40061,Haskell County,Oklahoma,11667,41.4,68.2,0.3,5.1,0.9,15.2,49930,20,77.2,757,5675,576.725
40063,Hughes County,Oklahoma,13411,39.2,60.9,4.6,6.1,0.4,15.1,47923,20.9,72.8,615,5782,804.473
40065,Jackson County,Oklahoma,24730,35,61.5,5.9,24.6,1.5,24.2,61497,16,61.3,865,12046,802.653
40067,Jefferson County,Oklahoma,5377,41.2,76,1.4,10.8,0.1,15.7,48750,22.8,72.4,588,2742,758.956
40069,Johnston County,Oklahoma,10334,39.5,67.2,2.4,6,0.1,21.3,50911,21.9,70.2,732,4710,643.05
40071,Kay County,Oklahoma,43731,38.3,71.3,2,8.8,0.5,18.5,56673,15.5,67.7,830,20923,919.61
40073,Kingfisher County,Oklahoma,15288,38.5,73.2,1.1,18,0.5,22.8,70617,11.7,72,915,6426,898.086
40075,Kiowa County,Oklahoma,8458,42,72.7,3.4,11.8,0.2,18.4,42063,25,71.3,675,4684,1015.078
40077,Latimer County,Oklahoma,9495,41.5,61.5,1.2,3.9,1.1,10.4,41048,19.2,70.5,720,4682,722.107
40079,Le Flore County,Oklahoma,48728,38.8,68.9,1.8,7.8,0.8,14.8,50027,20,72,773,21168,1589.413
40081,Lincoln County,Oklahoma,33917,41.3,80.2,1.7,3.8,0.4,15.5,59425,16.5,80.3,760,14516,952.371
40083,Logan County,Oklahoma,50905,40.2,75.2,6.5,8.6,0.5,30.5,82735,13.7,85.8,895,19362,743.736
40085,Love County,Oklahoma,10196,38.6,68.3,2.1,17.5,0.8,16,62940,14.8,72.9,903,4724,513.914
40087,McClain County,Oklahoma,43779,38.9,76.3,1.1,9.3,0.4,28,84778,7.8,78.5,964,17125,570.718
40089,McCurtain County,Oklahoma,30825,37.9,59.5,7.6,6.6,1.1,15.5,50175,21.1,71.8,705,14019,1850.776
40091,McIntosh County,Oklahoma,19237,47.3,66.7,2.8,3,0.9,14.4,46203,20.9,77.2,763,11877,618.28
40093,Major County,Oklahoma,7656,42,82.4,0,10.6,0.5,18,69229,11.4,79.8,619,3713,955
40095,Marshall County,Oklahoma,15628,42,63.6,0.9,17.6,0.2,16.9,56495,16.5,79.6,819,8817,371.49
40097,Mayes County,Oklahoma,39406,40.5,62.5,0.4,3.8,0.6,16.5,57279,17.6,74.3,846,18365,655.326
40099,Murray County,Oklahoma,13807,41.5,69.6,1.3,7,0,17.8,61904,12.8,71.7,859,6546,416.375
40101,Muskogee County,Oklahoma,66471,38.2,54,9.8,7.2,0.7,19,51999,20.3,66.4,824,29363,810.64
40103,Noble County,Oklahoma,10909,41.7,79.7,1.2,4.4,0.1,20.3,70071,11.5,79.9,758,5067,731.711
40105,Nowata County,Oklahoma,9392,41.6,65,1.6,3,0.5,16.4,52679,16.4,73.2,776,4383,565.817
40107,Okfuskee County,Oklahoma,11304,40.3,60.4,6.5,3.6,0.8,13.1,45441,27.4,71.1,689,4779,618.458
40109,Oklahoma County,Oklahoma,800487,35.1,52.9,14.2,19.6,3.4,35.1,65374,15.7,58.6,1073,356997,708.897
40111,Okmulgee County,Oklahoma,36922,39.4,61.1,7,5,0.5,17.3,53123,17.6,70,811,16708,697.443
40113,Osage County,Oklahoma,45963,43.3,62.2,10.2,4.5,0.2,21.5,60482,12.6,78.3,786,19801,2246.682
40115,Ottawa County,Oklahoma,30360,37.3,62.9,1.1,5.9,0.7,15,48656,20.7,67.3,764,13695,470.817
40117,Pawnee County,Oklahoma,15689,41.7,74.9,1,3.6,0.3,16.3,57551,17,78.2,872,7337,568.353
40119,Payne County,Oklahoma,82290,27.7,74.3,3.6,6.4,4,40.1,48937,23.9,50.9,922,36900,684.901
40121,Pittsburg County,Oklahoma,43629,40.3,67.9,2.3,5.6,0.5,19.7,54787,18.2,71.4,857,22204,1305.512
40123,Pontotoc County,Oklahoma,38158,37.5,63.3,2.4,6.3,1,29.7,62564,12.6,66.4,880,17483,720.353
40125,Pottawatomie County,Oklahoma,73011,38,70.1,3.1,6.2,0.8,21,60828,15.7,69.9,869,30163,787.793
40127,Pushmataha County,Oklahoma,10787,43.8,69.3,1.2,4,0.3,14.3,44634,23.7,75.8,620,5694,1395.539
40129,Roger Mills County,Oklahoma,3378,42,80.8,0.1,8.3,0.3,23.9,62721,15.4,81.2,708,1850,1141.135
40131,Rogers County,Oklahoma,97235,39.3,69.5,0.9,5.9,1.7,25.6,77688,9.6,77.8,1018,38706,675.747
40133,Seminole County,Oklahoma,23550,39.2,62.7,4.3,5.4,0.4,15.1,46191,22.4,69.6,730,10789,632.819
40135,Sequoyah County,Oklahoma,39676,40.6,60.8,1.9,4.9,0.7,15.2,49795,20.3,71,796,18254,673.576
40137,Stephens County,Oklahoma,43314,40.9,78.1,1.4,8.4,0.5,19.5,60236,17.5,74.5,865,20311,870.212
40139,Texas County,Oklahoma,20880,33.4,38.4,4.1,51.1,2.5,24.4,59275,18.5,69.4,939,8462,2041.293
40141,Tillman County,Oklahoma,6967,39.6,58.5,6.7,27.7,0.5,17.3,47445,17.2,74.9,704,3776,871.134
40143,Tulsa County,Oklahoma,673708,36,58.2,9.5,15.2,3.7,33.7,67317,14.7,59.7,1060,295318,570.241
40145,Wagoner County,Oklahoma,84339,38.8,67.6,3.4,8.2,2.1,26.9,78520,9.3,81,1050,33531,561.916
40147,Washington County,Oklahoma,52895,39.4,70.9,2.7,6.7,2.1,30.5,61205,14.6,71.8,903,23745,415.524
40149,Washita County,Oklahoma,10857,40.7,82.6,1.4,9.4,0.1,20.4,61980,12.6,75,775,5131,1003.089
40151,Woods County,Oklahoma,8619,33.9,82.4,2.4,7.4,0,32.5,50512,19.1,64.4,806,4463,1286.482
40153,Woodward County,Oklahoma,20260,36.5,76.6,1.2,14.9,0.4,21.6,65060,11.1,71.9,847,9389,1242.786
41001,Baker County,Oregon,16796,47.6,88.7,1.2,5,0.2,27,57844,13.8,72.8,814,8687,3067.967
41003,Benton County,Oregon,96359,33.8,77.2,1.2,9.1,6.5,54.4,76011,19.2,56,1359,40565,675.208
41005,Clackamas County,Oregon,422308,42.1,77.7,1,9.8,4.9,39.7,100360,7.5,71.3,1693,172599,1870.71
41007,Clatsop County,Oregon,41343,45.2,81.2,0.9,9.7,1.2,26.3,68705,12.3,61.7,1130,23251,828.239
41009,Columbia County,Oregon,53178,43.2,85,0.6,6.4,0.6,19.2,86359,8.7,75.7,1221,21980,658.684
41011,Coos County,Oregon,64832,48.6,83,0.4,7,1.1,21.7,60313,15.6,70.7,992,31698,1596.044
41013,Crook County,Oregon,25651,47.7,86.8,0.3,7.6,0.2,22.5,81675,9.7,75.6,1224,11524,2978.929
41015,Curry County,Oregon,23463,57.2,83.1,0.3,7.5,0.7,24.2,64769,13.3,74.8,1156,13123,1628.383
41017,Deschutes County,Oregon,203026,42.6,84.3,0.3,8.9,1.1,43.4,87640,9.3,70.7,1674,97064,3017.61
41019,Douglas County,Oregon,111807,46.6,85.1,0.3,6.4,0.9,18.9,58983,15.6,71.8,995,50257,5035.675
41021,Gilliam County,Oregon,2002,50.3,82.1,0,8.7,0.4,20.9,64219,12.6,75.6,1084,1111,1204.721
41023,Grant County,Oregon,7238,50.8,88,0.1,4.2,0.7,19.7,59800,15.2,80.6,840,4147,4527.792
41025,Harney County,Oregon,7515,45.8,85.3,0.2,5.5,0,15.6,48338,12.8,67.2,675,3718,10134.438
41027,Hood River County,Oregon,23958,40.2,62.5,0.8,30.3,1.1,39.4,82095,5.5,68.1,1381,10210,522.186
41029,Jackson County,Oregon,222563,42.7,77.5,0.6,14.2,1.1,30.6,71443,12.4,65,1310,97083,2783.252
41031,Jefferson County,Oregon,24973,41.3,57.3,0.7,21,0.6,20,73051,11.7,71.4,957,10455,1781.696
41033,Josephine County,Oregon,88069,47.5,83.8,0.5,8.4,0.8,19.7,59097,15.8,71.7,1157,39217,1638.649
41035,Klamath County,Oregon,69812,41.3,75.4,0.7,13.4,0.8,21.5,59353,18.3,68.7,973,33004,5949.897
41037,Lake County,Oregon,8254,45.9,80.6,0.5,10.3,0.3,20.9,61222,17.8,61.5,861,4223,8138.61
41039,Lane County,Oregon,382628,40.2,78.9,1.1,10.2,2.6,33.4,69311,15.3,59.4,1287,168316,4554.092
41041,Lincoln County,Oregon,50632,52.5,79.4,0.3,9.9,1.3,28.8,61314,15.7,71.4,1150,32373,980.983
41043,Linn County,Oregon,129794,40.2,82.2,0.3,10.3,0.9,20.8,73396,12.8,67,1273,52740,2289.508
41045,Malheur County,Oregon,31701,36.2,60.9,1,33.5,1.3,15.5,49902,17.8,63.4,819,11678,9887.707
41047,Marion County,Oregon,346532,37.2,61.8,1.1,28.3,2.1,26,74624,13.1,62.2,1333,130600,1180.84
41049,Morrow County,Oregon,12249,36.2,53.7,1,41.2,0.1,9.8,70217,14.2,70.9,910,4813,2030.529
41051,Multnomah County,Oregon,803863,38.5,66.2,5.4,13.1,7.4,48.6,86247,12.5,54.1,1582,367704,431.019
41053,Polk County,Oregon,88553,37.6,74.9,0.5,15.2,1.8,30.6,81318,12.2,64.6,1270,34446,740.924
41055,Sherman County,Oregon,1908,45.8,86.2,0.4,4.8,0.3,16.1,59500,17.9,67.1,945,979,823.614
41057,Tillamook County,Oregon,27471,48.9,82.1,0.6,11,0.6,25.1,66551,12,73.2,1169,19093,1103.183
41059,Umatilla County,Oregon,80087,36.7,62,0.7,28.9,0.6,18,68958,12.6,67.1,962,31693,3215.45
41061,Union County,Oregon,26192,40.1,86.4,0.8,5.3,1.3,24.9,64212,15.8,64.6,982,11786,2036.941
41063,Wallowa County,Oregon,7532,50.2,89.6,1.2,4,0.3,36.9,65559,7.8,76.4,858,4334,3145.897
41065,Wasco County,Oregon,26603,40.5,72.3,0.4,19.8,0.8,21.8,63602,12.2,66.2,978,12102,2381.136
41067,Washington County,Oregon,600266,37.8,61.3,2.2,18.2,11.1,46.7,104434,8,60.9,1773,240409,724.272
41069,Wheeler County,Oregon,1434,57.3,84.7,0,4.5,0.5,20.4,51250,10,69.2,782,905,1716.021
41071,Yamhill County,Oregon,108122,39.5,73.9,0.7,17.1,1.8,29.2,87084,10.4,69.9,1377,40744,715.941
42001,Adams County,Pennsylvania,105183,43.8,87.5,1.6,7.5,0.9,24.8,81071,8.4,79.1,1084,43377,518.693
42003,Allegheny County,Pennsylvania,1240476,40.6,76.1,12.4,2.8,4.1,44.8,76393,11.2,64.9,1111,604558,729.957
42005,Armstrong County,Pennsylvania,65069,47.2,95.5,1,0.9,0.4,18.9,64295,11.3,78.6,802,32164,653.321
42007,Beaver County,Pennsylvania,166993,44.7,87,6.1,2.3,0.5,28.3,70156,10.1,74.5,867,79159,434.695
42009,Bedford County,Pennsylvania,47503,47.5,95.9,0.8,1.2,0.4,16.3,60302,11,78.1,771,23568,1011.988
42011,Berks County,Pennsylvania,429989,39.9,67.8,4,24,1.3,27.2,77684,11.7,71,1143,171147,856.403
42013,Blair County,Pennsylvania,121854,42.9,92.6,1.7,1.5,0.6,24.1,60594,13,72.4,854,55788,525.067
42015,Bradford County,Pennsylvania,59971,43.7,94.6,0.9,1.6,0.6,21.2,62482,13.4,72.3,868,29421,1147.376
42017,Bucks County,Pennsylvania,645993,44.1,80.8,3.6,6.3,4.9,43.9,111951,6.1,78,1537,256416,604.367
42019,Butler County,Pennsylvania,195870,43.3,93,1,1.9,1.4,38.6,86775,8,76.4,1018,86399,789.482
42021,Cambria County,Pennsylvania,132355,45.7,90.8,2.9,2,0.5,23,56292,14.2,75.8,733,64494,687.963
42023,Cameron County,Pennsylvania,4475,52.5,93,0,1.9,0.5,11.3,47681,16,68.9,699,3933,396.233
42025,Carbon County,Pennsylvania,65191,46.3,88.8,1.8,6.4,0.5,18.3,67877,12,77.2,975,34299,381.356
42027,Centre County,Pennsylvania,158041,33.8,83.5,3.2,3.6,6,46.5,72748,16.9,61.8,1181,66023,1107.259
42029,Chester County,Pennsylvania,540896,40.7,76.3,4.9,8.2,6.4,56.6,123041,5.9,74.9,1691,210730,750.547
42031,Clarion County,Pennsylvania,37297,41.6,94.6,1.7,1.1,0.5,23.3,60668,13.9,71.4,785,18878,600.836
42033,Clearfield County,Pennsylvania,78902,45.6,92.4,2,2.9,0.6,20.1,60181,13.8,78.3,788,38160,1145.06
42035,Clinton County,Pennsylvania,37707,39.8,93.9,1.4,1.8,0.7,21.3,58842,14.2,71.6,815,18640,889.63
42037,Columbia County,Pennsylvania,65055,41.4,91,1.8,3.7,1,24.9,61992,15.7,70.4,904,29775,483.259
42039,Crawford County,Pennsylvania,83189,43.9,93.4,1.6,1.5,0.5,21.2,60254,12.8,73.7,800,42188,1012.355
42041,Cumberland County,Pennsylvania,264422,40.3,81.9,4.1,4.9,5.2,39.6,85634,7.8,71.4,1184,110265,545.482
42043,Dauphin County,Pennsylvania,287484,39.4,61.7,16.7,11.3,6.1,34.3,74159,12.3,63.3,1153,127259,524.87
42045,Delaware County,Pennsylvania,576195,39,63.3,21.7,4.8,6.1,41.6,88576,10.2,69.6,1315,229390,183.811
42047,Elk County,Pennsylvania,30703,48.5,94.7,0.8,1,0.4,19.9,64103,9.1,78.9,720,16876,826.901
42049,Erie County,Pennsylvania,269544,40.1,82.3,6.6,4.6,2,29.6,61476,15.4,68.3,876,120019,798.901
42051,Fayette County,Pennsylvania,126967,45.4,89.6,4,1.3,0.5,18.9,56093,17.4,72.5,771,62060,790.758
42053,Forest County,Pennsylvania,6785,48.6,78.3,13.7,5,0.6,12.1,50061,14.7,76.9,808,6969,427.259
42055,Franklin County,Pennsylvania,156626,42.2,85,3.1,7.2,0.9,24,74946,7.8,73.2,1071,66787,772.297
42057,Fulton County,Pennsylvania,14545,45.9,93.7,1.4,1.2,0.2,17.1,64798,11.7,77.6,781,7129,437.551
42059,Greene County,Pennsylvania,35265,43,91.6,2.6,1.5,0.2,21.1,66870,12.5,78.1,754,16182,575.932
42061,Huntingdon County,Pennsylvania,43844,43.5,89.5,4.8,2,0.5,18.2,65429,11,78.6,795,20932,874.592
42063,Indiana County,Pennsylvania,83213,39.5,91.9,2.3,1.8,0.8,26.9,58739,12.8,71.1,786,37672,827.394
42065,Jefferson County,Pennsylvania,44099,43.7,96.1,0.4,1,0.2,17.5,56898,15.3,74.2,746,22053,652.439
42067,Juniata County,Pennsylvania,23419,43.1,92.5,1.1,4,0.5,15,63923,10,73.2,730,10502,391.391
42069,Lackawanna County,Pennsylvania,215834,41.9,81.1,2.9,9.2,2.9,30.1,64691,14,65.4,973,100013,458.886
42071,Lancaster County,Pennsylvania,555151,39.1,79.8,3.4,11.3,2.3,31,83703,8.7,69.9,1289,217863,943.924
42073,Lawrence County,Pennsylvania,85423,44.9,89.7,3.6,2.1,0.3,22.8,60779,11.6,75.4,778,39597,357.39
42075,Lebanon County,Pennsylvania,143592,41.3,79.3,1.8,14.7,1.5,24,76350,10.6,71.3,1087,59582,361.835
42077,Lehigh County,Pennsylvania,375408,39.3,60.4,6,27,3.5,33.4,77493,11.9,65.2,1326,150547,345.341
42079,Luzerne County,Pennsylvania,325978,42.1,75.9,4.1,15.9,1.1,25,62321,15.4,67.8,958,151012,889.807
42081,Lycoming County,Pennsylvania,113570,41.3,88.6,4.2,2.3,0.9,24.8,64412,12.5,69.2,887,52692,1228.92
42083,McKean County,Pennsylvania,40149,43.8,92.5,2.2,1.8,0.5,20.3,61705,13.7,78.7,769,19493,979.694
42085,Mercer County,Pennsylvania,109852,45.2,88.6,5.5,1.6,0.6,25.1,60614,12.8,72.5,808,50884,672.538
42087,Mifflin County,Pennsylvania,46074,43.1,93.7,0.7,2.2,0.3,13.2,61415,16,71.5,792,21425,411.037
42089,Monroe County,Pennsylvania,167784,43.9,61.2,13,17.7,2.5,27.9,82374,11.3,79.5,1347,79458,608.361
42091,Montgomery County,Pennsylvania,861225,41.1,72.4,9.1,6.5,7.8,52.3,111521,6.5,71.7,1612,348696,482.972
42093,Montour County,Pennsylvania,18079,43,89.6,2.4,2.9,3.5,36.6,72926,8.8,67.1,1057,8117,130.331
42095,Northampton County,Pennsylvania,315927,42,73.1,5.3,14.9,3,33.8,86687,8.8,71.1,1335,128612,369.787
42097,Northumberland County,Pennsylvania,90925,44.4,89.5,2.4,4.9,0.4,19.2,57948,12.2,74.8,777,43395,457.678
42099,Perry County,Pennsylvania,45988,43.8,93.9,0.8,2.3,0.3,18.6,78824,8,80.7,838,20010,551.449
42101,Philadelphia County,Pennsylvania,1582432,35.1,33.6,38.9,15.2,7.7,34.6,60698,22,52.3,1323,739725,134.356
42103,Pike County,Pennsylvania,59691,49.4,77.6,5.4,12,1.4,28.9,79318,9.3,86.2,1383,39948,544.895
42105,Potter County,Pennsylvania,16276,48.2,94.9,0.4,1.7,0.5,17.1,59840,11.7,80.2,767,12375,1081.249
42107,Schuylkill County,Pennsylvania,143259,43.9,87.6,2.6,6.8,0.4,19.1,66901,12.5,76.3,842,67292,778.579
42109,Snyder County,Pennsylvania,39711,40.5,94.3,0.8,2.5,0.6,21.4,68435,8.6,74.3,890,16033,328.784
42111,Somerset County,Pennsylvania,73255,47,93.8,1.9,1.5,0.5,17.3,59378,11.2,80.3,749,37800,1075.047
42113,Sullivan County,Pennsylvania,5849,56.1,93.8,2.2,2,0,19.7,64758,11,83.2,781,5601,449.939
42115,Susquehanna County,Pennsylvania,38349,48.6,94.5,0.2,2.3,0.5,19.8,66930,10.9,78.3,913,21335,823.494
42117,Tioga County,Pennsylvania,41078,45,95.3,0.8,1.6,0.4,21.5,62932,11.8,76.7,850,21542,1133.892
42119,Union County,Pennsylvania,42570,40.5,86.1,5.8,4.9,1.7,26.4,72894,9.7,71.4,944,16158,315.955
42121,Venango County,Pennsylvania,50096,47.6,94,1.1,1.2,0.3,19.7,61626,12.8,75.6,774,26203,674.265
42123,Warren County,Pennsylvania,38174,47.4,94.9,0.8,1.2,0.4,19.5,59013,11.4,78,756,21641,884.282
42125,Washington County,Pennsylvania,209778,44.2,90.1,3.1,2,1.2,32.8,77487,9.4,76.4,922,97476,857.01
42127,Wayne County,Pennsylvania,51189,48.9,88.3,2.9,4.9,0.7,21.6,62182,12.2,81.9,979,32054,725.769
42129,Westmoreland County,Pennsylvania,353345,47.1,92,2.4,1.5,0.9,31.8,72468,10,78.3,843,168406,1027.71
42131,Wyoming County,Pennsylvania,26075,45.2,93.7,0.7,2.3,0.2,21.5,70268,11.4,76.8,897,12858,397.258
42133,York County,Pennsylvania,459312,40.9,80,5.4,9.1,1.4,27.2,82238,8.6,75.8,1150,188608,904.366
44001,Bristol County,Rhode Island,50568,44.1,88.7,1,4,2.3,51.8,110926,6.8,73.3,1348,21557,24.132
44003,Kent County,Rhode Island,170658,43.6,84.7,1.8,6.4,2.9,34.3,91278,7.4,72.1,1264,76319,168.568
44005,Newport County,Rhode Island,85095,46.4,83.3,3.4,6.6,1.7,53,100859,8.6,67.4,1652,43554,102.431
44007,Providence County,Rhode Island,658977,37.9,57.6,7.2,24.9,4.1,32.2,78204,13,56.6,1242,277117,409.482
44009,Washington County,Rhode Island,130073,45.3,89.6,1.2,3.7,2.1,50.5,102478,8,76.8,1303,66068,329.279
45001,Abbeville County,South Carolina,24352,44.3,68.4,25.8,2,0.2,19.3,52112,14.1,77,634,11718,491.195
45003,Aiken County,South Carolina,171949,41.6,64.2,24.2,7,1,31.1,67940,13.9,76.7,1031,78715,1070.688
45005,Allendale County,South Carolina,7738,42.5,22.6,64,10.3,0.3,13.3,31603,26.5,64.7,691,4055,408.095
45007,Anderson County,South Carolina,207218,40.5,75.5,13.6,4.9,1,26.4,64683,14.4,75.4,952,91008,713.855
45009,Bamberg County,South Carolina,13164,41.7,37.1,59.6,1.7,0.5,18.8,43206,21.6,74.2,794,6598,393.367
45011,Barnwell County,South Carolina,20565,40.7,50.4,43.1,2.8,0.5,12.8,41800,28.5,71,695,9901,548.379
45013,Beaufort County,South Carolina,192123,47.2,67.4,15.7,12.3,1,44.8,84819,10.5,75.7,1484,101177,576.022
45015,Berkeley County,South Carolina,238723,36.7,60.7,22.9,8.9,2.3,29.9,82327,10.3,74.1,1518,97512,1103.735
45017,Calhoun County,South Carolina,14150,47.4,54.8,38.6,3.8,0.2,21.8,56690,16.3,83.7,994,7061,381.152
45019,Charleston County,South Carolina,414711,39,64.3,23.5,7,1.7,49,84320,11.6,63.5,1506,206299,918.036
45021,Cherokee County,South Carolina,56299,40.3,70,18.8,5.2,0.4,18.4,49047,18.5,73.3,813,24945,392.964
45023,Chester County,South Carolina,32177,42.2,57.6,35.8,2.7,0.5,13.7,51216,19.3,77.9,918,14717,580.661
45025,Chesterfield County,South Carolina,43575,42.4,58.8,30.4,5.3,0.4,13.2,47620,20.2,72.4,776,20655,798.986
45027,Clarendon County,South Carolina,31037,45.9,48.9,45.2,3,0.7,17.7,48887,18.5,73,728,16009,607.207
45029,Colleton County,South Carolina,38623,42.2,56.6,34.6,4,0.5,16.7,48779,18.7,73.1,905,19994,1056.486
45031,Darlington County,South Carolina,62754,41.5,53.5,40.9,2.4,0.4,19.7,47419,20.3,70.6,876,29645,560.615
45033,Dillon County,South Carolina,28031,37.5,44.7,45.7,3.3,0,11.7,44038,29.2,60.3,692,12879,405.076
45035,Dorchester County,South Carolina,164322,37.9,61.3,24.8,6.9,2.2,30,76896,11.5,75.4,1381,66435,568.409
45037,Edgefield County,South Carolina,26508,42,57.7,31.4,6.2,0.3,21.4,67092,16.4,79.8,854,11317,500.688
45039,Fairfield County,South Carolina,20741,46.7,38.7,55.1,2.3,0.2,15.3,46972,16.9,76,910,10957,686.305
45041,Florence County,South Carolina,136921,39.2,49.9,42.9,3.2,1.6,23.6,56650,18.3,64.5,908,61418,800.505
45043,Georgetown County,South Carolina,64200,51.6,65.7,28.7,3.5,0.4,32.5,66734,14.4,83.1,1166,36704,813.601
45045,Greenville County,South Carolina,537575,38.5,65.8,16.4,11.2,2.5,40,74624,11,68.8,1198,233254,785.935
45047,Greenwood County,South Carolina,69329,39.6,58,31.2,7,1,25.6,50635,17.1,66.2,880,31549,455.604
45049,Hampton County,South Carolina,18555,40.9,40.2,52.4,4,0.9,11.8,43059,20,73.6,815,8622,559.975
45051,Horry County,South Carolina,368937,48.2,75.9,11.8,7,1.3,26.6,64623,12.8,75.8,1181,211686,1133.159
45053,Jasper County,South Carolina,30658,44.3,44.9,34.4,17.2,0.2,25.9,63503,18.3,76,1307,13868,655.134
45055,Kershaw County,South Carolina,66924,40.3,66.7,23.4,5.6,0.5,22.8,64343,14.1,81.7,872,29623,726.612
45057,Lancaster County,South Carolina,100905,42.2,68.2,19.4,7,2.5,31.2,74751,12.3,83.3,892,42696,549.143
45059,Laurens County,South Carolina,67904,40.9,65.8,23,6.3,0.5,17.9,55517,17.6,70.7,847,31695,712.871
45061,Lee County,South Carolina,16330,41.8,33.2,62.2,2.3,0.1,12.8,44145,23.3,73.5,806,7587,410.184
45063,Lexington County,South Carolina,300370,39.7,71.2,14.9,7.6,2.1,33.1,75014,11.4,76.9,1115,130874,699.004
45065,McCormick County,South Carolina,9701,58.7,54.5,41.1,0.7,0.2,23.1,55344,18,83.9,666,5563,358.89
45067,Marion County,South Carolina,28900,43,38.4,55.7,2.6,0.1,13.8,34501,27.3,62.2,663,14418,489.372
45069,Marlboro County,South Carolina,26285,41.2,37.9,49.1,2.7,0.4,8.7,36293,26.2,63,686,12059,479.874
45071,Newberry County,South Carolina,38121,42,59.4,29.1,8.9,0.5,23.5,59670,16,73.4,854,18398,630.306
45073,Oconee County,South Carolina,79566,46.7,83.5,6.7,5.8,0.8,28.5,60193,16.4,75.4,876,41514,626.565
45075,Orangeburg County,South Carolina,83531,40.8,33.1,61.5,2.5,0.8,19.4,43214,23.9,65.9,804,41420,1106.379
45077,Pickens County,South Carolina,132604,36.2,83.4,6.1,5.1,1.7,27.3,59411,17.2,70.5,936,57695,496.937
45079,Richland County,South Carolina,418725,34.2,39.9,46.9,6.3,2.9,41.1,61699,16.9,60.4,1185,185196,757.308
45081,Saluda County,South Carolina,18958,43,57.5,22.1,16.6,0.3,19.8,52957,19.4,78.1,814,9420,452.709
45083,Spartanburg County,South Carolina,338096,37.9,65.7,19.7,8.8,2.3,25.7,64195,14.5,72.9,1019,141086,808.378
45085,Sumter County,South Carolina,104853,37.3,44,46,4.3,1.5,23.2,55990,16.4,66.8,1006,47288,665.078
45087,Union County,South Carolina,26990,44.3,64.1,28.9,1.9,0.2,13.5,41200,22.7,69.3,770,13508,513.585
45089,Williamsburg County,South Carolina,30517,44,31.9,63.9,2.4,0.7,15.4,43471,23.6,74.6,769,14837,934.166
45091,York County,South Carolina,288559,39.4,67.1,18.5,7,2.8,38.1,83060,8.9,73.4,1304,118063,681.035
46003,Aurora County,South Dakota,2573,42.4,89.8,1,6.4,0.5,18.7,74130,8.4,76.4,739,1227,708.46
46005,Beadle County,South Dakota,19279,36.9,68.9,1.1,14.4,9,26.4,63082,13.8,70.2,834,8453,1258.698
46007,Bennett County,South Dakota,3354,28.8,35.5,0.2,4.7,1.6,20.3,44569,31.9,57.7,616,1232,1184.642
46009,Bon Homme County,South Dakota,7024,41.8,86.5,1.9,2.3,0.1,20.1,61275,11.8,78.4,620,2823,563.549
46011,Brookings County,South Dakota,34968,28,87.9,1.1,4.3,3.4,44,67341,12.8,58.9,874,15025,792.217
46013,Brown County,South Dakota,38079,37.8,84.8,0.2,4.4,3,33.2,70239,10.6,65.7,794,18009,1713.03
46015,Brule County,South Dakota,5261,41.4,81.6,1.4,1.5,0,30.2,74043,10.5,72.5,700,2371,817.222
46017,Buffalo County,South Dakota,1757,26.2,21.2,0,3.3,0,7,47000,32.5,52.6,535,577,471.405
46019,Butte County,South Dakota,10538,39.3,88,0,4.2,0.4,19.4,67692,7.2,80.5,940,4737,2250.01
46021,Campbell County,South Dakota,1481,52.4,91.7,0,5.9,0.1,29.5,65000,8.5,78.1,635,921,733.677
46023,Charles Mix County,South Dakota,9281,36.1,63.8,0.1,2.7,0.5,25.1,64850,22.8,73.9,727,3664,1097.141
46025,Clark County,South Dakota,3876,40.6,91.8,0.5,4.6,0.7,16.2,62885,11.1,82.3,709,1609,957.512
46027,Clay County,South Dakota,15133,24.5,86.4,2,3.2,3,46,58794,19.8,51.8,736,6243,412.022
46029,Codington County,South Dakota,28556,39.9,90.9,0.7,3,0.6,20.9,65080,10.2,67.4,901,13388,687.585
46031,Corson County,South Dakota,3859,29.9,30.1,0.1,0.4,0,19.2,43750,45.2,60.5,473,1360,2469.694
46033,Custer County,South Dakota,8686,57.2,89.9,0.4,2.9,0.4,32.1,81958,6.6,85.6,1117,5126,1556.943
46035,Davison County,South Dakota,19936,39.8,88.8,0.6,4.7,0.5,25,61401,12.4,63,750,9550,435.633
46037,Day County,South Dakota,5460,47.1,83.9,0.1,2.7,0.2,21.3,62270,14,75.8,623,3434,1028.49
46039,Deuel County,South Dakota,4318,42,93.8,0.3,3.2,0.2,24.1,79556,6.7,80.6,668,2147,622.739
46041,Dewey County,South Dakota,5230,27.6,20.2,0.4,1.5,0.1,17.3,57928,32.3,61.5,714,1927,2302.376
46043,Douglas County,South Dakota,2823,41.9,92.8,1.5,2.4,0,22.9,78125,13.7,77.7,864,1354,431.801
46045,Edmunds County,South Dakota,4033,43.6,94.3,0.8,2,0.2,29.5,77266,8.5,80.9,881,1892,1125.98
46047,Fall River County,South Dakota,7179,54.5,84.4,0,3.3,0.6,22.2,61056,19.7,75.3,866,4101,1739.889
46049,Faulk County,South Dakota,2137,43.2,95.3,0,2.4,0,18.3,58000,25.6,81.9,692,1080,981.713
46051,Grant County,South Dakota,7544,43.7,90,0.6,6.7,0.6,25.5,73818,11.2,81.6,668,3441,681.446
46053,Gregory County,South Dakota,3993,45.7,86.7,1,1.1,0.1,20.9,52432,11,78.3,614,2199,1014.95
46055,Haakon County,South Dakota,1708,47.1,88.3,1.4,0.1,0,19.5,59231,8.2,82,688,872,1810.541
46057,Hamlin County,South Dakota,6288,32.5,91.8,0.3,5.4,0.2,24.4,83194,6.6,81.5,769,2831,507.019
46059,Hand County,South Dakota,3045,43.8,93.2,0.4,1.9,0.5,26.2,72054,6.6,64.2,553,1698,1436.633
46061,Hanson County,South Dakota,3473,37.9,93.1,0.4,1.2,0,21.5,86375,6.2,88.6,733,1289,434.582
46063,Harding County,South Dakota,1092,48.9,87.4,1.6,1.9,0,30.4,74766,5.6,77.1,478,702,2671.57
46065,Hughes County,South Dakota,17732,39.3,80.7,0,3.1,0.8,35.9,78981,9.2,75.2,930,7957,741.527
46067,Hutchinson County,South Dakota,7393,41.6,91.2,0.1,2.6,0.4,25.7,74459,10,78.3,714,3227,813.013
46069,Hyde County,South Dakota,1305,50.9,86.7,0,1.5,0,21.1,74279,8.2,82.2,921,632,860.629
46071,Jackson County,South Dakota,2826,33.2,36.2,0.2,0.4,0,11.4,26686,37.5,60.8,460,1018,1863.883
46073,Jerauld County,South Dakota,1845,46.5,86.2,0,7.6,0,21.1,75417,10.4,84.9,565,1001,526.133
46075,Jones County,South Dakota,1030,33.6,82.9,0.8,1.1,0,25.3,64688,15.8,73.5,544,478,969.672
46077,Kingsbury County,South Dakota,5210,41.9,93.1,0,2.7,0.1,22.3,70221,9.7,81.4,725,2647,832.237
46079,Lake County,South Dakota,11052,43.7,89.7,0.5,5.1,0.6,34.7,73792,9.4,71.4,868,5747,562.891
46081,Lawrence County,South Dakota,26574,43.8,89.3,0.4,3.7,0.5,34.1,66766,11.8,63.9,923,14545,800.053
46083,Lincoln County,South Dakota,68286,35.8,89.8,2.1,2.9,1.6,42.5,96552,5.8,72,1237,27552,577.293
46085,Lyman County,South Dakota,3717,36,57.4,0,0.8,0,25.3,61169,24.6,72.2,603,1561,1642.285
46087,McCook County,South Dakota,5732,39.9,93.3,0.3,3.4,0,28.7,80847,7.4,81.8,750,2467,574.205
46089,McPherson County,South Dakota,2278,48.8,95.4,1.7,1.2,0,22.4,62024,12.6,81,580,1247,1136.668
46091,Marshall County,South Dakota,4355,42.8,84.3,0.1,6.1,0,22.4,72500,7.9,80.1,743,2430,838.081
46093,Meade County,South Dakota,30297,37,85.7,1.7,4.7,0.8,26.9,74161,7.6,72.7,1150,12648,3470.934
46095,Mellette County,South Dakota,2043,31,31.6,0.2,0.3,0,16.3,51364,46.2,59.9,737,779,1307.311
46097,Miner County,South Dakota,2299,48.9,94.3,1,1.8,0.2,16.1,72589,10.3,82.3,563,1210,570.17
46099,Minnehaha County,South Dakota,200689,35.7,79.1,6.5,6.4,1.8,34.6,76074,8.8,63.5,954,87043,806.841
46101,Moody County,South Dakota,6371,40.5,74.9,1.1,5.4,1.7,31,77500,9.9,70.9,723,2752,519.379
46102,Oglala Lakota County,South Dakota,13587,27,6.6,0.1,1.7,0,9.8,34769,52.8,53.5,563,3461,2093.601
46103,Pennington County,South Dakota,112081,39.7,78.3,1.2,5.5,1.1,34.1,70768,12,69.1,1066,50655,2776.765
46105,Perkins County,South Dakota,3058,43.6,94,0,0.9,0.6,21.8,65455,11.7,78.9,703,1729,2870.46
46107,Potter County,South Dakota,2430,44.9,90.4,1.9,0,0.9,26.6,71726,7.7,78.8,869,1569,861.138
46109,Roberts County,South Dakota,10219,37.9,56.9,0.3,2.4,0.2,18.3,63691,17.3,69.4,656,4823,1101.055
46111,Sanborn County,South Dakota,2370,38.6,93.1,0,4.2,0,19.2,69870,11.4,77.6,717,1134,569.242
46115,Spink County,South Dakota,6283,45.1,94.4,0.9,2.6,0,27.1,73011,9.2,75.1,691,2989,1503.499
46117,Stanley County,South Dakota,3012,43.7,90,0,2,0,25.4,77000,2.1,79.3,896,1541,1444.432
46119,Sully County,South Dakota,1481,51.4,92.5,5,0,0,20.9,70250,7.9,76.1,913,908,1006.727
46121,Todd County,South Dakota,9293,25.4,8.1,0.3,2.3,3.2,16.6,39148,49,44.9,537,2885,1388.593
46123,Tripp County,South Dakota,5607,45.1,80.7,0.6,1.6,0.9,19.9,58854,18.9,70.8,809,2777,1612.289
46125,Turner County,South Dakota,8772,41.3,93.7,0.8,3.2,0.4,26.2,75283,8.5,79,745,3899,617.064
46127,Union County,South Dakota,16916,40.4,89,0.8,4.4,1.4,36.5,84137,7.3,71.3,1055,7438,460.757
46129,Walworth County,South Dakota,5298,41.6,78.9,0.3,1.2,0.1,31.1,62722,15.3,74.2,962,2941,707.455
46135,Yankton County,South Dakota,23379,42.2,87.3,1.5,5.6,0.3,27.7,73855,9.4,72.3,777,10497,521.189
46137,Ziebach County,South Dakota,2410,36.6,27.1,0,1.2,0,14.1,47333,38.2,53.9,715,895,1961.248
47001,Anderson County,Tennessee,78175,42,87,3.3,3.8,1.4,26.3,63171,14.8,71,960,35570,337.206
47003,Bedford County,Tennessee,51291,37.6,73.2,7.1,15.5,0.7,16.9,62197,13.6,70.2,917,20129,473.639
47005,Benton County,Tennessee,15948,47.5,91.2,1.8,2.7,0.9,12.4,50435,18.5,74.7,788,8544,394.306
47007,Bledsoe County,Tennessee,14905,44.9,86.8,5.5,3.3,0.1,8.8,49655,25,79.1,779,5895,406.555
47009,Blount County,Tennessee,137747,43.9,89.1,2.6,4.4,0.8,26.8,74607,8.9,77,1042,60912,558.82
47011,Bradley County,Tennessee,109743,39.3,82.4,4.6,8,1,24.6,63789,13.1,67.5,959,45411,328.762
47013,Campbell County,Tennessee,39568,44.2,95.9,0.3,1.5,0.4,13.2,50260,19.2,67.3,715,20370,480.19
47015,Cannon County,Tennessee,14661,40.8,92.5,2.4,2.9,0,16.9,58092,16.5,77.2,781,6384,265.635
47017,Carroll County,Tennessee,28461,41.6,84,8.8,3,0.3,18.9,50391,16.4,74.8,757,13107,597.658
47019,Carter County,Tennessee,56462,45.8,93.3,2,2.4,0.3,20.7,48435,18,74.1,738,27982,341.258
47021,Cheatham County,Tennessee,41500,41.4,89,2.1,4.6,0.7,25.1,82015,8.1,81.9,1274,17171,302.498
47023,Chester County,Tennessee,17452,37.8,84.1,9.8,3.1,0.2,19.2,60543,15.6,76.6,714,7251,285.736
47025,Claiborne County,Tennessee,32221,42.5,94.5,0.7,1.6,0.6,17.3,46587,18.2,71.6,736,15437,434.604
47027,Clay County,Tennessee,7621,48.8,94.1,0.9,2,1,12,44712,21.7,77.6,546,3987,236.529
47029,Cocke County,Tennessee,36503,45.4,92.3,1.5,2.9,0.5,11.6,48416,20.3,71.2,787,17883,436.135
47031,Coffee County,Tennessee,58940,39.2,85.7,4,6,1.3,22.9,60656,16.1,70.2,885,25187,428.964
47033,Crockett County,Tennessee,13937,40.2,71.8,10.7,11.2,0.5,15.7,59049,14.8,68.9,854,6114,265.528
47035,Cumberland County,Tennessee,62529,53,93.4,0.8,3.4,0.4,18.5,58475,13.4,80.2,829,31037,681.306
47037,Davidson County,Tennessee,709846,34.6,53.5,24.9,13.6,3.4,47.3,75664,13.9,53.4,1485,345026,503.477
47039,Decatur County,Tennessee,11499,45.9,90.7,3.1,3.5,0.9,15,46190,21.6,75,716,6588,333.879
47041,DeKalb County,Tennessee,20551,42.2,87.6,1.7,7.5,0.8,20,48484,21.4,68.9,773,10033,304.415
47043,Dickson County,Tennessee,55197,39,87.5,3.5,4.9,0.1,21.4,73223,9.9,80.3,972,23198,489.899
47045,Dyer County,Tennessee,36681,40,77.4,14.9,3.8,0.4,21.6,54973,17.9,62.4,760,16296,512.351
47047,Fayette County,Tennessee,42653,47.2,66.1,26.8,3.6,0.6,26.9,84764,10.8,80.7,883,18087,704.072
47049,Fentress County,Tennessee,18948,47,94.4,0.3,2,0.2,15.3,50865,20.9,80.6,614,9228,498.607
47051,Franklin County,Tennessee,43478,42.7,87.7,4.6,3.7,0.8,23.1,61553,12.7,76.4,863,19815,554.497
47053,Gibson County,Tennessee,50610,39.8,75.1,15,3.2,0.3,19.1,59009,13.4,66.8,797,22500,602.745
47055,Giles County,Tennessee,30442,43.6,83.5,8.6,2.8,0.4,19.2,61476,14.3,74,836,14104,610.931
47057,Grainger County,Tennessee,23929,45.7,93,0.9,3.5,0.1,14.9,51351,16.4,78.7,726,11746,280.587
47059,Greene County,Tennessee,70919,44.6,91.3,1.9,3.8,0.6,17.7,54071,15.2,75.9,713,32470,622.169
47061,Grundy County,Tennessee,13665,42.9,94.3,0.4,1.7,0.4,12.4,45573,19.2,83.2,723,6213,360.444
47063,Hamblen County,Tennessee,64930,40.8,77.6,2.7,14.7,0.9,20.1,52794,17.2,68.3,838,27805,161.188
47065,Hamilton County,Tennessee,370913,39.5,68.8,17.4,7.6,1.9,37,72568,12.5,64.3,1163,165605,542.164
47067,Hancock County,Tennessee,6790,41.9,96.1,0.4,1.1,0.4,8.6,31995,31.5,72.7,592,3667,222.324
47069,Hardeman County,Tennessee,25477,40.4,53.5,40.1,2.1,0.5,11.3,46173,17.3,71.2,818,10708,667.768
47071,Hardin County,Tennessee,26939,45.4,91,3,2.4,0,14.8,49149,20.8,78,770,15096,577.487
47073,Hawkins County,Tennessee,57446,45.9,94,1.2,1.8,0.5,16.8,55278,17.1,79.5,744,27299,487.056
47075,Haywood County,Tennessee,17672,43.1,42.9,50,4.7,0.1,13.1,43513,22.8,57.3,725,8247,533.107
47077,Henderson County,Tennessee,27906,40.3,86.1,7.6,2.8,0.1,14.4,53471,16.8,71.5,812,12944,520.009
47079,Henry County,Tennessee,32345,45.8,86.2,7.2,2.9,0.7,18.6,48540,18.3,75.6,741,17044,561.902
47081,Hickman County,Tennessee,25229,41.7,89.4,3.5,3.1,0.3,13.6,57223,14.1,77.7,877,10588,612.483
47083,Houston County,Tennessee,8293,44.2,90.6,2.9,3,0.4,13.7,54475,13.8,81.2,685,3960,200.294
47085,Humphreys County,Tennessee,19074,43.7,90.2,1.9,2.8,0.5,16.4,59333,13.7,79.5,830,8868,530.763
47087,Jackson County,Tennessee,11882,48,92.8,0.5,2.5,0,13.5,41475,20.7,83.3,804,5832,308.81
47089,Jefferson County,Tennessee,55835,44.1,90.3,1.5,4.5,0.6,21,63084,11.5,74,880,25223,275.152
47091,Johnson County,Tennessee,18073,46.4,88,3.7,3,0.2,15.7,52152,22.1,78.6,639,8755,298.44
47093,Knox County,Tennessee,487401,37.3,79.6,8,6.1,2.2,40.2,71662,12.2,64.9,1180,214606,508.325
47095,Lake County,Tennessee,6691,41.6,65.3,22.1,4.4,0.2,9.4,30500,32.3,45.3,472,2497,165.785
47097,Lauderdale County,Tennessee,24933,39.4,58.6,33.9,2.6,0.6,10.9,49205,18.7,62.5,729,10697,471.895
47099,Lawrence County,Tennessee,44901,39,92.1,1.3,2.7,0.2,15.5,53233,15.3,76.1,736,18699,617.13
47101,Lewis County,Tennessee,12784,42.2,91.8,0.8,2.9,0.8,10.9,49477,15.9,80.5,735,5746,282.092
47103,Lincoln County,Tennessee,35617,43,85.2,5.8,3.9,0.6,19.3,63115,12.4,77,782,16124,570.342
47105,Loudon County,Tennessee,56996,48.7,85.8,1.3,10,0.9,28.6,80296,12.6,80.9,995,25415,229.272
47107,McMinn County,Tennessee,54135,42.5,86.7,3.1,4.4,0.8,17.5,59674,13.3,74.7,792,24027,430.117
47109,McNairy County,Tennessee,25933,43.1,89.4,5.3,2,0.5,11.8,50714,16.1,78.7,706,12278,562.842
47111,Macon County,Tennessee,25793,38.3,88.7,0.7,6.8,0,11.8,56269,15.2,71.8,805,10845,307.144
47113,Madison County,Tennessee,98845,38.3,53.5,36.5,5,1,26,58189,18.6,62.5,1076,43919,557.174
47115,Marion County,Tennessee,29010,43.7,90.4,2.8,2.3,0.2,16.5,58103,16.9,79.8,840,13837,498.254
47117,Marshall County,Tennessee,35276,39.6,83.5,4.1,6.8,0.7,21,70829,14.2,77.4,924,14521,375.462
47119,Maury County,Tennessee,104855,39.2,76.7,10.6,7.8,0.9,26.5,74162,9.9,71.3,1206,44841,613.129
47121,Meigs County,Tennessee,13076,45.5,90.4,2.3,1,0.5,12,58395,14.3,76.9,845,6164,195.135
47123,Monroe County,Tennessee,47054,44.8,87.4,1.7,4.5,0.4,15.8,56648,16.1,72.2,699,21555,635.774
47125,Montgomery County,Tennessee,227957,31.7,60.2,19.6,11,2.4,31.7,72365,11.6,62.9,1219,90226,539.169
47127,Moore County,Tennessee,6611,46.2,92.1,2.9,1.6,0.4,24.7,66687,11.3,82.3,746,2996,129.223
47129,Morgan County,Tennessee,21193,42.5,92,4.5,1.8,0.2,13.7,57408,18.8,84.3,742,8550,522.18
47131,Obion County,Tennessee,30570,41.9,79.5,10.5,5.3,0.2,18.1,53102,17,67.1,770,14343,544.848
47133,Overton County,Tennessee,22807,43.1,95.3,1.4,2,0.3,13.5,46159,18,77.5,833,10368,433.488
47135,Perry County,Tennessee,8561,41.6,90.2,0.5,2.8,1.3,12.7,50489,17.7,75,747,4830,414.765
47137,Pickett County,Tennessee,5062,51.7,95.6,0.4,0.8,0,17.2,44591,25.8,82.3,755,3362,162.97
47139,Polk County,Tennessee,17702,46.2,90.4,0.8,2.1,0.3,14.7,60227,13.3,84.1,668,8856,434.605
47141,Putnam County,Tennessee,81366,36.1,85.4,2.4,8,1.2,29.2,56537,16.9,60.7,881,35991,401.106
47143,Rhea County,Tennessee,33299,41,87.5,1.6,6.1,0.7,17.4,58133,15.3,73,796,15311,315.473
47145,Roane County,Tennessee,54403,47.4,91.2,2.4,2.3,0.6,22,66218,12.7,77.6,767,25560,360.768
47147,Robertson County,Tennessee,74291,39.1,79.3,7,9.6,0.7,21.1,78439,10.2,77.2,1176,29263,476.336
47149,Rutherford County,Tennessee,351591,34,64.8,14.9,11.6,3.5,34.4,82588,9.2,65,1405,135336,619.267
47151,Scott County,Tennessee,21969,40.7,96.6,0.4,0.1,0.4,10.2,42679,24.9,71.8,691,9851,532.301
47153,Sequatchie County,Tennessee,16409,44.7,91.3,0.5,4.4,0.8,18.9,52260,23.6,74.7,842,6951,265.851
47155,Sevier County,Tennessee,98802,43.6,86,0.8,8.9,1.2,21.4,63829,13.6,72,1013,57809,592.512
47157,Shelby County,Tennessee,922195,35.8,33.3,52.6,8.5,2.8,34.2,62337,17.5,54.6,1170,403144,761.263
47159,Smith County,Tennessee,20196,40.7,90.5,1.8,3,0.5,17.9,62799,13.3,75.5,877,8649,314.295
47161,Stewart County,Tennessee,13859,44.6,90.7,1.3,2.9,0.6,16.2,62052,12,83.6,837,6698,459.776
47163,Sullivan County,Tennessee,159693,45,92.1,2,2.4,0.8,26.6,56802,14.9,72.9,850,75917,413.544
47165,Sumner County,Tennessee,200553,39.7,79.5,8.5,6.9,1.6,32.6,86005,9,72.2,1339,81376,529.454
47167,Tipton County,Tennessee,61339,38.7,73.8,18.6,3,0.5,18.5,71736,11.6,77.2,1007,24204,455.611
47169,Trousdale County,Tennessee,11805,34.6,80.4,11.3,3.7,0.2,10.1,63190,10.3,74.5,805,3866,114.342
47171,Unicoi County,Tennessee,17779,47.4,90.6,0.5,6.4,0.2,20,50381,14.2,72.8,665,8740,186.064
47173,Union County,Tennessee,20141,42.4,94.6,0.6,2.2,0,14.5,61858,13.9,80.4,849,9719,223.583
47175,Van Buren County,Tennessee,6293,47.2,95.1,0.4,0.5,0.2,14,60281,13.8,84.7,705,2915,273.415
47177,Warren County,Tennessee,41587,40,83.7,2.7,9.8,0.6,15.1,54088,15.3,70.9,775,18343,432.673
47179,Washington County,Tennessee,134693,40.3,86.3,3.7,4.7,1.5,33.5,61051,15.8,64.4,951,61426,326.548
47181,Wayne County,Tennessee,16251,44.3,88.7,4.2,2.6,0.1,12.5,52824,18.5,81.5,619,7205,734.109
47183,Weakley County,Tennessee,32959,37.9,85.2,7.4,3,1.1,21.6,49502,19.3,66.4,760,15028,580.353
47185,White County,Tennessee,27764,43.3,92.2,1.2,3,0.4,14.2,52206,14.7,77.7,838,12158,376.678
47187,Williamson County,Tennessee,254609,40.3,81.5,3.8,5.8,5.2,61.8,131202,4.5,79.8,1895,94418,582.865
47189,Wilson County,Tennessee,153587,39.9,80.5,7.1,6,2,37.2,94048,7.6,76.8,1370,60976,571.088
48001,Anderson County,Texas,57825,39.5,55.8,18.2,19.3,0.6,14.5,58846,17.1,70,1006,20474,1062.617
48003,Andrews County,Texas,18518,33.1,39.5,1.9,56.8,0.4,19.9,76902,14.2,76.3,1364,7063,1500.686
48005,Angelina County,Texas,86791,37.8,59,12.2,23.2,0.9,18,58847,16.3,64.3,1056,36798,797.865
48007,Aransas County,Texas,24449,51,67.6,1.1,26.8,1.1,27.6,61754,18.7,77.7,1052,15795,252.069
48009,Archer County,Texas,8734,43.1,86.4,0.8,9,0.2,25.2,71958,11.7,85,766,3920,903.289
48011,Armstrong County,Texas,1883,43,86.1,0.5,9.6,1.2,21.4,68462,5.8,81.8,1010,888,909.123
48013,Atascosa County,Texas,50058,36.1,31.8,1.2,64.7,0.6,15.3,69413,16.1,77.4,997,19005,1219.542
48015,Austin County,Texas,30712,41.6,60.9,8.8,27.2,0.8,23.4,75994,14.5,77.5,1111,14086,646.496
48017,Bailey County,Texas,7044,35.1,31.3,0.4,64.6,0.7,16.7,70625,13.6,78.9,744,2786,826.972
48019,Bandera County,Texas,21589,53.4,73.9,1.1,20.2,0.4,25.5,69703,16.1,86.2,998,11507,790.994
48021,Bastrop County,Texas,102370,37.5,45.7,5.7,44,0.7,23.3,82730,12.4,75.7,1342,38269,888.228
48023,Baylor County,Texas,3464,47.5,75.9,0.8,13.7,0,28.4,42313,20.8,66.8,685,2170,867.481
48025,Bee County,Texas,31000,35.8,27.9,6,61.9,0.6,11.4,56075,17,72.1,1028,10607,880.239
48027,Bell County,Texas,379811,32.1,43.1,21.6,25.8,2.9,27.2,66051,14.6,56.2,1168,151858,1053.831
48029,Bexar County,Texas,2037344,34.6,26.7,7.3,59.5,3.1,31.5,70571,14.7,59.1,1290,807160,1240.325
48031,Blanco County,Texas,12008,50.3,76,0.8,18.4,0.4,34.3,87564,8.7,74.2,920,6099,709.252
48033,Borden County,Texas,723,30,80.2,1.5,15.2,0,35.3,64250,4.8,63.6,,352,897.443
48035,Bosque County,Texas,18546,46.3,75.6,1.2,18.8,0.5,20.7,69339,9.1,75.9,926,9344,982.971
48037,Bowie County,Texas,92321,38.4,61.6,24.7,8.4,1.3,22.1,59295,16.3,62.7,966,39791,884.939
48039,Brazoria County,Texas,381650,36.5,42.9,15.5,31.4,7.2,32.1,95155,7.3,74,1410,146587,1363.27
48041,Brazos County,Texas,237980,26.8,53.5,10.3,27.1,5.6,42.5,58388,23.9,46.8,1160,99118,586.138
48043,Brewster County,Texas,9464,42.2,55.4,0.3,42.1,1.2,45.3,52612,8.4,57.2,768,5955,6183.763
48045,Briscoe County,Texas,1223,50.8,68.7,3.7,26.2,0,19,41188,15.3,78.2,692,901,900.001
48047,Brooks County,Texas,6987,38.1,8.2,0.8,90,0,14.4,31310,30.7,53.2,487,3856,943.355
48049,Brown County,Texas,38294,41.4,70.5,3.2,22.2,0.6,19.9,55305,14.5,68.2,887,19087,944.452
48051,Burleson County,Texas,18327,44.3,63,11.6,21.8,0.4,23.1,72888,12.6,80.9,909,9485,659.082
48053,Burnet County,Texas,51064,44.9,71.3,1.2,23.1,0.6,28.7,77158,8,77.3,1324,24577,994.8
48055,Caldwell County,Texas,47184,38.2,35.6,4.1,56.3,0.7,16.4,68503,13.9,73.2,1145,17013,544.541
48057,Calhoun County,Texas,19921,39.9,41.4,2.3,49.3,5.3,16.9,71870,8.7,76.4,1121,10743,506.931
48059,Callahan County,Texas,14017,43.8,82.2,1.7,10.6,0.5,23.9,68455,10.1,82,881,6523,899.372
48061,Cameron County,Texas,423192,32.4,8.8,0.4,89.3,0.7,20.6,51334,24.4,65.2,899,157565,891.719
48063,Camp County,Texas,12652,38.7,53.4,14.1,26.7,1.1,19.7,55061,22.4,76.6,774,5795,195.847
48065,Carson County,Texas,5802,42.3,82.3,0.6,10.5,0.1,25.9,84583,7.2,78.8,933,2792,920.235
48067,Cass County,Texas,28582,43.8,74.8,16.7,5.1,0.7,17.6,54328,17.3,77.5,821,13963,936.948
48069,Castro County,Texas,7328,34.9,30,1.2,65.3,1.2,21,63485,14,69.2,910,3026,894.444
48071,Chambers County,Texas,49178,35.3,63.1,7.2,25.3,1.5,23,108114,13.1,82.4,1548,18144,597.096
48073,Cherokee County,Texas,51143,38.2,58.8,13,23.7,0.6,18.5,59830,17.9,72.7,880,20964,1052.955
48075,Childress County,Texas,6772,33.6,54.1,6.7,34,0.1,11.5,60333,9.8,63.6,934,2935,696.511
48077,Clay County,Texas,10402,47.8,87.6,1.1,6.8,0.9,23.9,77355,10.4,80.5,825,5154,1088.759
48079,Cochran County,Texas,2520,38.7,34.2,5,59.6,0,10.7,42137,27.3,65.3,738,1260,775.082
48081,Coke County,Texas,3315,47.2,75.4,1.7,20.8,0.1,21.1,46431,14.1,70.6,687,2147,911.646
48083,Coleman County,Texas,7765,48.5,77.2,3.9,16.1,0.9,17.9,52364,15,76.9,714,4902,1262.914
48085,Collin County,Texas,1116601,37.3,51.3,10.6,16,17.6,54.9,117588,6.3,64.1,1792,421938,841.267
48087,Collingsworth County,Texas,2733,38.1,53.8,7.9,32.6,0,26,60165,26.2,74.6,619,1471,918.441
48089,Colorado County,Texas,20736,43.8,55.4,12.3,30,0.5,24,68554,10.7,81,1002,10066,960.291
48091,Comal County,Texas,174552,42,64.9,2.4,27.9,1.3,42.2,99015,6.4,76.9,1460,74484,559.528
48093,Comanche County,Texas,13786,43.7,66.7,0.5,29,0.5,20,59946,14.1,80,823,6940,937.753
48095,Concho County,Texas,3301,45.3,61.2,3.7,31,1.6,13.2,59632,13.3,77.7,919,1420,983.755
48097,Cooke County,Texas,42473,40.3,71.6,3.3,20.5,0.7,23.6,72472,14.1,72.2,1088,17841,874.826
48099,Coryell County,Texas,83772,32.4,55.2,12.7,20.3,2,18.7,68904,9.9,59.4,1120,29180,1052.247
48101,Cottle County,Texas,1302,44.3,59.1,4.9,26,0,21.8,58819,22.8,78.6,323,972,900.564
48103,Crane County,Texas,4623,36.7,26.4,1.6,68.4,2.4,14.3,59915,8.2,81.4,883,1829,785.069
48105,Crockett County,Texas,2881,42.9,37,0.6,62.3,0,11,81739,3.3,74.7,585,1739,2807.324
48107,Crosby County,Texas,5072,39.3,39,2.2,55.8,1,14.1,52197,22.1,71.9,637,2668,900.199
48109,Culberson County,Texas,2181,48.1,8.9,0.2,87.1,1.1,16.3,42672,17.7,74.1,971,959,3812.156
48111,Dallam County,Texas,7180,30.4,42.3,0.2,52.7,0,15.7,72332,10,68.1,1074,3053,1503.132
48113,Dallas County,Texas,2603816,34,27.1,22.2,40.8,6.8,34.8,74149,14,50.8,1469,1053471,873.2
48115,Dawson County,Texas,12311,34.6,35.6,6.5,55.4,0.4,14.5,55789,17.7,69.9,873,4892,900.306
48117,Deaf Smith County,Texas,18487,31.4,21.8,0.8,75.7,0,11.8,54114,15.8,65.9,919,6993,1496.822
48119,Delta County,Texas,5345,40.7,78.5,8.3,8.7,0.1,19.5,62855,14,83.1,857,2441,256.832
48121,Denton County,Texas,945644,36.8,54,10.5,20.3,10.3,48.4,108185,7,65.4,1642,364120,878.698
48123,DeWitt County,Texas,19853,41.8,53.7,7.3,35.3,0.5,15.7,64014,15.9,70.7,955,9222,908.976
48125,Dickens County,Texas,1641,45.7,63.6,1.5,34,0.1,19.1,50417,14.5,81.4,753,1107,901.724
48127,Dimmit County,Texas,8507,36.3,9.5,0.7,87,0.2,11,33409,44.8,60.8,753,4012,1328.885
48129,Donley County,Texas,3276,45.4,78.5,5.4,12.2,2.5,16.1,56648,8.3,75.4,686,1950,927.037
48131,Duval County,Texas,9824,35.9,16.7,0.7,81.8,0,7,50081,29,71,737,4430,1793.477
48133,Eastland County,Texas,17846,42.6,77.4,2.2,16.9,0.3,22.2,51741,14.6,71.1,803,9391,926.508
48135,Ector County,Texas,163206,31.3,30,4.7,62.3,1.1,16.6,71031,15.3,64.4,1284,67542,897.884
48137,Edwards County,Texas,1392,39.6,52.9,1.6,43.8,0,25.9,38500,25.3,94.5,714,903,2117.872
48139,Ellis County,Texas,203927,36.3,54.7,13.2,27.6,0.8,28.6,95898,8.1,76.3,1449,72541,935.704
48141,El Paso County,Texas,866275,33.3,11.2,2.9,82.7,1.1,25.4,58859,18.9,63.7,1045,320812,1013.491
48143,Erath County,Texas,43244,31.9,72.6,1.4,22,0.9,32.5,65351,15.9,63.8,1134,18515,1083.179
48145,Falls County,Texas,17063,41.5,50,19.8,24.4,1.2,15,55372,14.6,78.4,747,7449,765.495
48147,Fannin County,Texas,36525,40.7,76.1,6.3,12.6,0.5,20.2,68377,14.2,75.5,994,14743,890.835
48149,Fayette County,Texas,24783,48.6,69.8,5.8,21.6,0.3,27.2,76541,8.8,79.7,909,13210,949.934
48151,Fisher County,Texas,3661,42.6,65.8,3.8,26.4,0.2,18.2,64700,10.3,81.8,629,2041,898.951
48153,Floyd County,Texas,5294,38.5,37.3,2.4,57.6,0.2,16.7,55461,18.1,75.2,587,2601,992.143
48155,Foard County,Texas,1079,45.7,70,0.3,10.9,0.3,14.5,42212,20.9,66.7,577,602,704.397
48157,Fort Bend County,Texas,859721,37.1,29.8,20.3,24.5,21.6,49.3,113409,7.2,77.5,1770,293694,861.773
48159,Franklin County,Texas,10522,43.5,77.7,5.1,14.3,0.2,29.3,66800,11.1,79.4,948,5121,284.391
48161,Freestone County,Texas,19813,41.8,63.5,14.7,16.8,0.1,15.9,58460,14.3,74.8,844,9101,877.731
48163,Frio County,Texas,18019,31.8,15.2,4.2,77.6,1.9,11.4,60098,19.6,63,1006,6378,1133.501
48165,Gaines County,Texas,21904,29.3,56.9,2.5,39.8,0,8.1,76605,7.4,76.6,788,7661,1502.363
48167,Galveston County,Texas,354721,38.5,54.8,12,25.9,3.3,34.3,85348,11.2,67.5,1360,159379,379.411
48169,Garza County,Texas,5435,38.4,37.2,10.3,50,0.3,10.6,50545,14,68.5,797,2094,893.416
48171,Gillespie County,Texas,27202,50.5,74.2,0.2,22.4,0.3,35.3,67799,9.5,71,1331,14255,1058.202
48173,Glasscock County,Texas,1070,40.6,66.3,0,27.1,0,39.9,106806,8.5,66.4,,463,900.218
48175,Goliad County,Texas,7096,44.8,60.4,4.8,32.2,0,19,59556,9.2,82.8,724,3541,852.011
48177,Gonzales County,Texas,19764,38.8,41,6,50.8,0.5,12.6,59355,14.5,69.9,837,8976,1066.686
48179,Gray County,Texas,21131,36.8,60.6,4.4,30.8,0.8,15.4,56082,16.3,73.5,898,9975,925.974
48181,Grayson County,Texas,139988,39.4,72,5.3,15.9,1.3,23.7,70455,11.1,67.3,1178,60366,932.832
48183,Gregg County,Texas,124860,35.9,55.3,19.2,19.8,1.3,22.4,64809,17,59.5,1072,53590,273.38
48185,Grimes County,Texas,30385,40.5,56.8,11.5,25.3,0.4,19.5,67080,13.3,78,985,12188,787.466
48187,Guadalupe County,Texas,178368,37.5,48,7.3,38.5,1.5,30.9,93776,8.8,78.5,1439,67366,711.252
48189,Hale County,Texas,32247,34.1,32.1,4,60.8,0.6,15.6,52788,19,60.1,798,13399,1004.68
48191,Hall County,Texas,2827,44.9,54.5,5,34.5,0.4,17.8,46728,16.4,75,610,1748,883.492
48193,Hamilton County,Texas,8320,43.8,82.9,1.9,13.6,0.1,24.3,55339,18.4,77.4,847,4356,835.915
48195,Hansford County,Texas,5182,35.9,47.7,0.2,49.7,0.1,30.4,68299,7.8,76.7,770,2284,919.81
48197,Hardeman County,Texas,3529,44.3,65.5,3.4,26.9,1.2,15,61179,12.8,69.6,688,1866,695.114
48199,Hardin County,Texas,57126,39.3,83.3,5.6,6.5,0.5,20.8,72532,12.3,82.5,1011,24686,890.576
48201,Harris County,Texas,4758579,34.4,27.4,18.7,43.4,7.1,33.7,73104,15.9,54.8,1349,1884607,1707.017
48203,Harrison County,Texas,69584,38.9,60.7,20.4,14.6,0.6,22.5,66040,17.4,74.9,977,29530,900.059
48205,Hartley County,Texas,5307,39.5,56.8,6.7,30.7,0.3,23.1,82122,6.8,76.7,1023,1808,1461.951
48207,Haskell County,Texas,5390,44.3,66.1,5.9,26,0.2,22.5,54044,14.2,74.1,824,3084,903.133
48209,Hays County,Texas,256429,33.9,51.3,3.8,39.1,1.8,41.9,85827,12,64.1,1417,99775,676.852
48211,Hemphill County,Texas,3311,41.3,63.2,0.3,33.2,0,24.4,72052,3.5,76.4,946,1694,906.286
48213,Henderson County,Texas,83658,43.8,75.2,5.3,14.3,0.7,20.2,63955,14.2,76.5,978,41352,873.773
48215,Hidalgo County,Texas,880921,30.3,6.1,0.5,91.9,1,20.3,52281,27.2,67.6,925,302173,1571.195
48217,Hill County,Texas,36664,40.8,68.2,5.7,22.6,0.5,18.5,63147,14.2,76.4,929,16314,958.858
48219,Hockley County,Texas,21455,35.8,44.9,2.8,49.6,0.2,18.3,54810,12.6,72.6,813,9209,908.392
48221,Hood County,Texas,64198,46.3,81.1,1,13.3,0.7,32.4,86802,8.2,81.3,1414,28796,420.738
48223,Hopkins County,Texas,37351,39.6,71.2,7.1,18.2,0.9,20,64725,12.3,69.9,1038,15793,767.431
48225,Houston County,Texas,22042,44,58.6,21.5,14,0.7,15.5,54563,16.3,68.8,873,10833,1230.997
48227,Howard County,Texas,33127,37,44,4.9,46.9,1,15.3,71457,15.1,68.6,993,13999,900.791
48229,Hudspeth County,Texas,3331,33.2,29.9,0.8,65.5,0,12.4,39336,19,73,664,1130,4570.517
48231,Hunt County,Texas,104917,37.2,66.5,7.7,20.6,1,21.9,70112,12.4,70.8,1184,41973,840.421
48233,Hutchinson County,Texas,20413,38.1,68.1,2.4,24.5,0.7,16,65470,11.6,80.9,852,10175,887.424
48235,Irion County,Texas,1432,50.5,69,0,29.9,0,22.1,58125,7.5,88.6,1028,795,1051.544
48237,Jack County,Texas,8623,41.3,75.6,3.4,18.4,0.6,15.6,65693,13.5,71.7,968,3799,910.972
48239,Jackson County,Texas,15081,42.1,57.7,5.9,32.8,2,15.9,61752,14.1,70.1,1011,7021,829.443
48241,Jasper County,Texas,32807,42.5,73.7,15.4,6.9,0.5,12.6,49919,22.2,77.7,790,16558,938.655
48243,Jeff Davis County,Texas,1740,58.7,66.7,0.6,31,0,30.4,32625,31.2,89.8,1314,1483,2264.556
48245,Jefferson County,Texas,253939,37.1,37.4,32.9,23.5,3.7,19.4,59934,18.8,61.8,1079,109351,876.735
48247,Jim Hogg County,Texas,4797,25,21.3,0.1,78.3,0.2,19,42230,31.4,61.5,820,1931,1136.173
48249,Jim Wells County,Texas,38863,35.5,18.5,0.6,79.4,0.5,15.2,47492,23.2,67.5,885,16207,865.176
48251,Johnson County,Texas,188820,37.2,66.3,4.7,24.6,1,23.5,81826,10.7,74.5,1343,68594,725.05
48253,Jones County,Texas,19968,39,56.3,10.3,28.4,0.5,11.2,63472,12.6,80.9,938,7060,928.605
48255,Karnes County,Texas,14819,37.1,35.1,6.9,53.1,1.6,16,59103,21.3,65.3,872,5892,747.752
48257,Kaufman County,Texas,160718,34.2,52,16.7,26.4,1.7,25.3,88606,9.7,78.6,1408,52744,780.692
48259,Kendall County,Texas,46971,43.1,71,0.8,23.7,1,49.1,110498,5.1,77.9,1576,18797,662.454
48261,Kenedy County,Texas,52,65.5,3.8,0,90.4,1.9,10.6,,5.9,35.3,,69,1458.562
48263,Kent County,Texas,727,57.6,83.4,0.8,11.8,0,26.9,71420,8.4,77,856,484,902.507
48265,Kerr County,Texas,53166,48.6,67.9,1.5,26.4,0.9,31.2,67927,11.7,70.4,1079,25439,1103.332
48267,Kimble County,Texas,4355,50.3,71,1.9,25.6,0,25.6,65703,15,78.6,795,2825,1250.98
48269,King County,Texas,189,49.1,67.2,0,25.9,0,36.4,70192,15.3,42.2,,148,910.873
48271,Kinney County,Texas,3140,50.4,44.6,0.1,53.4,0,19.5,66341,11.3,76.6,771,1548,1360.533
48273,Kleberg County,Texas,30629,29.3,21,3.2,71.3,1.3,23.7,57612,28.8,53.9,1022,13984,881.306
48275,Knox County,Texas,3322,40.5,57.1,3,33.8,1.7,15.6,56304,11.4,78.1,661,1802,850.621
48277,Lamar County,Texas,50421,40,71.8,12.4,9.2,0.9,20.6,61122,18.7,65.8,897,22744,907.331
48279,Lamb County,Texas,12919,36.6,36.8,2.7,57.6,0.8,14.3,56997,15.9,72,900,5893,1016.181
48281,Lampasas County,Texas,22267,43.9,70.2,3.7,20.1,1.1,21.6,76919,9.2,80.3,961,9802,712.528
48283,La Salle County,Texas,6946,38.8,13.7,3.5,81,0.1,8.1,55469,22,78.8,,2307,1486.704
48285,Lavaca County,Texas,20479,43.1,71.7,4,19.8,0.5,20.9,61768,9.4,76.3,879,10499,969.709
48287,Lee County,Texas,17758,41.4,60.2,10.4,26.2,0,18.7,66000,12.2,78.1,1050,7924,629.04
48289,Leon County,Texas,16067,44.3,73,7.3,16.1,0.2,17.1,59975,14.4,77,798,9018,1073.156
48291,Liberty County,Texas,97993,33.3,51.8,8,36.9,0.5,11.2,64773,17.7,80.8,1038,34765,1158.353
48293,Limestone County,Texas,22185,42,55.5,17,23.1,0.9,19.1,58109,19.4,74.1,835,10430,905.43
48295,Lipscomb County,Texas,2964,37.4,56.3,0.4,36.9,0,25.4,71442,13.6,80.2,807,1505,932.214
48297,Live Oak County,Texas,11444,38.6,48.5,2.1,42.1,0.5,13.8,53869,17.2,72.9,949,5971,1039.695
48299,Llano County,Texas,22011,57.5,83.2,1,12.7,0.6,33.1,65636,11.7,77.2,995,15583,934.065
48301,Loving County,Texas,54,68.9,90.7,0,0,9.3,0,51087,9.3,11.1,,47,668.818
48303,Lubbock County,Texas,314633,31.7,52.1,6.7,35.8,2.3,33.3,63367,17.2,55.3,1134,136468,895.602
48305,Lynn County,Texas,5667,37.2,54.4,1.6,41.6,0.5,24.3,57411,17.5,76.7,933,2527,891.867
48307,McCulloch County,Texas,7565,47.1,63.6,0.8,30.7,0.5,19.6,51919,14.6,70,838,4216,1065.601
48309,McLennan County,Texas,263608,34,54.7,13.6,26.6,1.6,27.8,63888,17.1,61.2,1106,107194,1036.69
48311,McMullen County,Texas,623,32.6,44.6,0,54.4,0,15,45833,9.1,76.8,,326,1139.799
48313,Madison County,Texas,13574,35.8,52.6,15.4,25.9,0.8,14.5,67128,13.4,70.8,832,5095,466.065
48315,Marion County,Texas,9631,50.6,70.3,21.6,4.5,0.4,16,47447,18.4,77.4,854,5609,380.902
48317,Martin County,Texas,5230,37.2,48,1.2,45.6,0,17.8,77083,8.1,66.9,1175,2207,914.956
48319,Mason County,Texas,3951,46.5,77.5,0.1,20.9,0.7,40.1,68750,6.4,75.9,751,2411,928.836
48321,Matagorda County,Texas,36274,37.5,42.1,10.1,43.2,1.7,22.8,55174,21.8,68.7,998,18871,1093.122
48323,Maverick County,Texas,57770,30.2,2.8,0.2,94.9,0.5,15.3,51270,22.6,68.7,789,20258,1279.476
48325,Medina County,Texas,52419,39.6,42.3,2.8,51.1,0.5,22.2,73462,11.3,82.7,1091,19758,1325.361
48327,Menard County,Texas,1964,58,68.4,0.4,28,0,22.9,48191,21.1,76.1,810,1309,902.027
48329,Midland County,Texas,171496,32.6,44,6.4,44.8,2.2,30.9,93984,10.6,68.2,1383,71565,900.358
48331,Milam County,Texas,25268,41.6,62.1,9.3,25.6,0.2,19.5,59076,15.8,77.4,948,11581,1016.356
48333,Mills County,Texas,4499,52.2,76,0.6,18.9,0.3,28.1,64494,7.7,84.5,713,2614,748.225
48335,Mitchell County,Texas,8989,36.9,46.9,5.7,38.7,1.5,13.9,56033,13.2,79.5,481,3697,911.093
48337,Montague County,Texas,20599,44,84.1,0,12,0.2,17.8,62818,13.5,78.8,957,10313,930.906
48339,Montgomery County,Texas,654722,37.2,60.3,5.7,27.1,3.2,37.9,97266,9.3,71.7,1471,253801,1042.11
48341,Moore County,Texas,21234,30.6,29,4.6,60,2.4,12,61325,15.3,62,894,8221,899.698
48343,Morris County,Texas,12014,42.4,62.7,18.4,10.7,1,15.5,55082,16.9,75.4,824,5812,251.989
48345,Motley County,Texas,1267,51.4,83.3,2.6,8.1,0,22,62857,9.7,76.9,725,746,989.566
48347,Nacogdoches County,Texas,64897,31.8,57.8,17,21.3,0.8,26.5,51528,22.3,58,923,28995,946.324
48349,Navarro County,Texas,53735,37.4,50.8,10.6,31.3,0.8,17.1,59310,16.8,68,1039,21790,1009.702
48351,Newton County,Texas,12193,45.8,75.2,17.9,3.4,0.7,6.2,41044,22.4,81.5,877,6460,933.677
48353,Nolan County,Texas,14565,36.5,54.1,3.9,37,0.1,13.7,50160,18.8,66.1,866,7129,911.997
48355,Nueces County,Texas,352829,36.8,29.9,3.7,62.1,2.3,23.7,66021,17.7,59.9,1224,153109,839.246
48357,Ochiltree County,Texas,9852,33.3,41.9,0,55.7,0.3,19,64988,15.5,69.1,905,4340,917.685
48359,Oldham County,Texas,2097,32.5,67.1,7.3,24.5,0.1,25.3,76402,17.7,71.2,1125,791,1500.523
48361,Orange County,Texas,84993,37.9,77.9,8.4,9.1,0.8,17.8,73372,12.7,75,1018,37681,333.786
48363,Palo Pinto County,Texas,28920,41.1,73.3,2.5,20.2,0.9,18.7,64972,17,69.2,1024,15147,952.549
48365,Panola County,Texas,22624,40.5,71.7,11.4,10,0.4,17.9,62593,11.9,79.3,810,10818,811.355
48367,Parker County,Texas,158079,39.3,80,1.4,14.1,0.8,31.6,102099,7.8,82.1,1440,58786,903.719
48369,Parmer County,Texas,9752,36.2,31,0.4,66.1,0,16.7,68164,9.6,68.4,1015,3753,880.822
48371,Pecos County,Texas,14983,37.3,22.6,3.6,71.2,2.2,13.4,67689,27.4,72.7,973,5853,4763.835
48373,Polk County,Texas,51780,43.9,71.4,7.8,15.1,0.6,13.4,59066,18.1,77.5,1009,25677,1057.045
48375,Potter County,Texas,116634,35.1,42.9,10.2,38.8,5,17.3,50448,20.9,56.5,989,49133,908.39
48377,Presidio County,Texas,6043,42,19.4,0,76.5,0,20.2,29014,36.3,74.4,445,3380,3855.252
48379,Rains County,Texas,12505,46.2,83,2.9,9.8,0.8,25.2,64874,12.8,82.9,895,5858,229.49
48381,Randall County,Texas,143791,36.8,67.9,3.2,23.7,1.7,32.1,80905,9.5,68.6,1119,61137,912.711
48383,Reagan County,Texas,3259,29.4,23.7,4.9,67.1,2,17,70288,11.1,76,806,1379,1175.314
48385,Real County,Texas,2821,56.5,74.7,1.4,23.5,0,19.1,45417,20.5,75.6,877,1829,699.159
48387,Red River County,Texas,11621,49.1,73.6,16.4,7.1,0.4,15.6,46912,20.9,70.4,902,6186,1043.896
48389,Reeves County,Texas,13219,34.4,12.2,1.4,84.8,0.4,6.9,56056,21.9,79,988,5118,2635.354
48391,Refugio County,Texas,6693,43.9,41.3,6.1,50.1,0.2,13.8,58016,17.3,78,842,3328,770.484
48393,Roberts County,Texas,785,39.4,86.5,0.3,10.6,0,22,66118,6.4,85.5,769,392,924.058
48395,Robertson County,Texas,16973,40.9,55.1,19.9,21.9,0.3,19.1,66250,16.5,73.3,773,8559,855.155
48397,Rockwall County,Texas,116931,37.6,64.9,8.3,20.2,3.3,44,124917,4.3,82.6,1899,41426,127.209
48399,Runnels County,Texas,9880,41.8,60.5,3,34.4,0,19.1,63490,10.4,74.7,894,4989,1051.07
48401,Rusk County,Texas,52613,38.8,61.9,13.2,18.7,0.4,17.9,67506,14.3,80,997,21258,924.199
48403,Sabine County,Texas,9998,54.3,84.6,4.6,4.2,1.5,17.8,59924,14.3,85.5,738,7665,491.71
48405,San Augustine County,Texas,7889,48.8,68.5,22.1,8.2,0,11.5,46338,27.5,74.8,741,4799,530.659
48407,San Jacinto County,Texas,27983,45,69.7,8.1,18.3,0.2,15.8,59526,17.7,84.2,1018,14487,569.243
48409,San Patricio County,Texas,69519,37.1,38.4,1.4,56.1,1,17.2,67512,15.1,66.3,1239,29954,693.321
48411,San Saba County,Texas,5802,40.1,62.7,2.4,30.2,0.2,21.7,54855,14.5,68.9,894,2848,1135.313
48413,Schleicher County,Texas,2426,39.8,44.4,0.7,52.8,0,24.2,90141,9,87.6,627,1290,1310.642
48415,Scurry County,Texas,16633,36.4,49.6,2.7,42.6,0.6,17.9,62689,9.8,77.1,913,6896,905.445
48417,Shackelford County,Texas,3169,43.9,82.5,1.2,12.7,0.2,34.6,64659,11.6,81.9,485,1572,914.286
48419,Shelby County,Texas,24108,40,60,15.6,19.6,0.1,13.7,50436,23.5,75,832,11530,795.589
48421,Sherman County,Texas,2434,36.5,50.2,0.2,47.2,1.2,25.6,74167,6.3,74.5,881,1117,922.86
48423,Smith County,Texas,238014,37.4,58,16.6,20.6,1.6,27.7,71923,12.2,69.3,1197,98672,921.473
48425,Somervell County,Texas,9510,44,77.1,1.9,18.1,0,25,83382,6.5,81.9,927,3967,186.207
48427,Starr County,Texas,65809,29.1,2.2,0.2,97.3,0,13.3,38182,33.5,71.6,715,23008,1223.179
48429,Stephens County,Texas,9278,41.6,68.8,3.1,24.9,1,18.2,54695,13.5,78.6,802,4669,896.721
48431,Sterling County,Texas,1389,31.4,67.1,0.1,32.2,0.1,24.5,78750,2.7,83.3,968,508,923.449
48433,Stonewall County,Texas,1244,46.5,75.4,0.6,22.7,0,14.1,61250,8.7,85.9,620,733,916.313
48435,Sutton County,Texas,3306,34.9,32.2,0.1,65.4,0,15.5,75000,11.6,67,770,1740,1453.935
48437,Swisher County,Texas,6981,36.5,41,7.8,45.8,0.1,20.1,39031,29.5,66,729,3038,890.16
48439,Tarrant County,Texas,2135743,35.1,43.2,17.2,29.9,5.8,34.5,81905,10.9,59.4,1447,827874,865.249
48441,Taylor County,Texas,144259,33,61.8,7.7,24.8,2.2,29,66406,13.5,59.8,1111,61581,915.536
48443,Terrell County,Texas,851,60.9,57.2,0,42.8,0,32.3,46989,8.2,88.7,,663,2357.958
48445,Terry County,Texas,11699,35.7,38.3,3.9,56.2,0.2,11,45905,21.8,64.8,813,4796,888.851
48447,Throckmorton County,Texas,1589,42.7,89.9,0,7.8,0.4,25,58864,14,73.2,548,960,912.552
48449,Titus County,Texas,31284,34.7,43.1,9.5,44.4,1.2,15.4,59220,17.3,69,817,12110,406.302
48451,Tom Green County,Texas,119398,35.8,51.9,3.4,40.1,1.3,25.1,66254,11.7,66.8,1125,51949,1522.32
48453,Travis County,Texas,1307625,35.5,47.7,7.8,32.5,7.4,55.5,97169,11,53,1669,594638,994.294
48455,Trinity County,Texas,13850,49.8,77.3,8.7,10.7,0.1,15.9,51663,16.1,77.6,823,8261,693.795
48457,Tyler County,Texas,20084,42.5,77.1,10.6,8,0.5,12,50647,19.6,78.8,951,9499,924.39
48459,Upshur County,Texas,41864,40.3,78.2,7.2,10.1,0.4,17.5,62794,13.3,79.3,1015,17444,582.98
48461,Upton County,Texas,3227,41.1,41.6,0.9,56.2,0.3,8.8,52321,17.1,75.2,689,1629,1241.323
48463,Uvalde County,Texas,24810,34.6,25.8,0.6,70.7,1.1,20.2,57849,21.9,66.5,966,10092,1551.922
48465,Val Verde County,Texas,47647,32.3,15.7,1.2,81,0.6,21.3,59673,18.3,66.9,956,18631,3144.75
48467,Van Zandt County,Texas,61323,42.1,81.4,2.7,12.8,0.5,18.2,68274,11.5,80.9,1010,25708,842.572
48469,Victoria County,Texas,91281,36.6,43,5.5,47.6,1.2,19.7,70101,16,67.6,1151,39238,882.087
48471,Walker County,Texas,78292,37.1,53.2,19.8,21.6,1.1,21.4,49862,17.9,57.1,986,29626,784.222
48473,Waller County,Texas,59455,30.8,38.8,23.4,33,1.7,26.6,76135,13.5,70.5,1210,19946,513.297
48475,Ward County,Texas,11255,34.9,37.5,4.8,55.4,1.6,10.7,71719,14.6,78.4,939,5137,835.603
48477,Washington County,Texas,36156,40.9,61.7,15.1,18.1,1.4,31,75085,12.6,73.1,1091,17371,604.194
48479,Webb County,Texas,267731,29.8,3.6,0.4,95.1,0.5,20.9,62506,21,63.9,997,86727,3361.478
48481,Wharton County,Texas,41651,38.4,43.9,12.4,41.5,0.5,19.2,66100,14.5,70.6,986,17546,1086.142
48483,Wheeler County,Texas,4902,40.6,69,1.7,25,1.4,19.5,67964,14.2,78.5,995,2595,914.533
48485,Wichita County,Texas,129842,35,63.3,10,20.3,2.2,24.8,62168,15.9,61.5,972,55664,627.593
48487,Wilbarger County,Texas,12712,39.5,55.4,6.1,29.9,2.9,17.4,51626,18.8,62.6,862,5848,970.946
48489,Willacy County,Texas,20218,33.7,10.5,1.4,87.2,0,12.2,45645,24.6,72.4,868,6854,590.613
48491,Williamson County,Texas,643889,37.2,55.1,6.6,24.5,8.9,47.4,108309,6.3,67.1,1720,251600,1115.837
48493,Wilson County,Texas,51501,40.1,55.6,1.8,39.5,0.5,26.3,92461,9.8,85.7,1069,19259,803.734
48495,Winkler County,Texas,7540,35.3,32.5,3.6,61.8,0.9,10,91898,12,86.5,900,3209,841.269
48497,Wise County,Texas,72359,40,73.8,1.4,20.6,0.7,20.6,89897,9.1,82.5,1239,27196,904.395
48499,Wood County,Texas,46094,48.4,81.3,4,11.2,0.6,22.3,62524,12.6,79.9,851,22267,645.243
48501,Yoakum County,Texas,7589,33,31.5,0.1,65.2,0.9,14.2,82261,12,75.4,931,3015,799.715
48503,Young County,Texas,17963,40.7,75.6,1.4,20.2,0.2,23.6,63723,16.7,72.7,849,8550,914.498
48505,Zapata County,Texas,13855,31.5,4.6,0.3,93.9,0.8,13.3,36527,37.4,74.6,569,6218,998.412
48507,Zavala County,Texas,9532,32.5,6.1,0.8,92.6,0.4,9.6,41887,36.3,71,544,3951,1297.407
49001,Beaver County,Utah,7172,34.4,84.1,0.2,14.7,0,22.7,85603,7.5,82.4,1034,2928,2582.912
49003,Box Elder County,Utah,59725,32.9,86.2,0.3,9.9,0.7,26.7,77865,8.6,75.7,1028,20280,5781.304
49005,Cache County,Utah,137031,25.9,81.9,0.7,11.5,1.8,40.4,78292,13.1,63.6,1137,45454,1164.687
49007,Carbon County,Utah,20446,38.8,82.3,0.5,13.2,0.3,18.4,53673,16.8,68.1,828,9629,1479.343
49009,Daggett County,Utah,747,45,92.2,0,2.9,0,11.6,58750,10.1,82.8,775,1155,696.515
49011,Davis County,Utah,366742,32.3,80.6,1.1,11.3,1.9,38.7,108058,6,77.4,1516,118581,324.716
49013,Duchesne County,Utah,19932,33.8,85.3,0.1,7.1,0.5,17,74738,13.3,79.3,934,8943,3235.523
49015,Emery County,Utah,9968,39.1,89.5,0,7.3,0,17.2,69956,11.3,79.6,696,4099,4462.635
49017,Garfield County,Utah,5170,41,89.3,0.1,7,0,32,61688,11.1,73.5,781,3589,5179.556
49019,Grand County,Utah,9697,39.6,78.7,0,12.5,1.1,34.7,62521,17,69.8,1021,5333,3672.858
49021,Iron County,Utah,60201,29.9,83.8,0.6,10.1,1,30.3,65527,13.6,67.4,1008,22824,3296.167
49023,Juab County,Utah,12273,30.5,91,0.7,5.2,0,20.2,89803,9,81,917,3972,3391.812
49025,Kane County,Utah,7996,43.7,88.7,0.2,4.8,0.1,32.1,75000,10.4,81.7,1120,6264,3994.14
49027,Millard County,Utah,13179,33.4,82,0.2,13.3,1.7,23.1,70877,8.8,78.4,897,4990,6785.482
49029,Morgan County,Utah,12585,32.5,92.7,0.2,2.9,0.2,38.8,126092,1.7,90.2,1493,3833,609.197
49031,Piute County,Utah,1705,47.1,95.5,0.1,4.4,0,19,44650,11.1,92.6,792,892,758.21
49033,Rich County,Utah,2588,37.2,89.5,0,7,0,24.5,76875,9.5,80.4,743,3217,1028.758
49035,Salt Lake County,Utah,1184689,33.8,67.9,1.7,20,4.1,38.6,94658,8.4,67,1493,440166,752.852
49037,San Juan County,Utah,14466,34.6,44.9,0.1,5.6,0.5,20.2,54890,18.4,79.8,805,5612,7823.765
49039,Sanpete County,Utah,29209,33.8,84.5,0.9,10.5,0.9,23.2,67459,15.3,76.5,911,10442,1589.816
49041,Sevier County,Utah,21854,36.7,91.3,0.2,5.2,0.3,23.1,73765,10.5,79.9,878,8705,1910.476
49043,Summit County,Utah,42709,41,83.2,0.4,11.1,1.7,58.1,137058,4.5,80.4,1969,26206,1870.674
49045,Tooele County,Utah,76648,32,79.2,0.8,14.2,0.7,23.2,101846,4.7,82.6,1134,24138,7040.27
49047,Uintah County,Utah,36458,33,80.4,0.5,8.4,0.7,16.8,69861,11.1,72,914,13775,4482.881
49049,Utah County,Utah,683622,25.5,78.9,0.6,13.9,1.4,43.8,96877,8.7,68.1,1441,203308,2004.46
49051,Wasatch County,Utah,35808,36.1,81.5,0.1,14.4,1.4,47.7,115146,5.1,78.9,1905,15446,1176.952
49053,Washington County,Utah,189827,39,81.8,0.5,11.7,1,33.3,76411,9.9,72.6,1464,78993,2427.589
49055,Wayne County,Utah,2557,43.1,91,0,3.8,0,25.2,70074,9.1,75.8,1018,1713,2461.094
49057,Weber County,Utah,266183,33.5,74.6,1.1,18.9,1.4,28,87083,7.5,74.6,1269,98595,611.048
50001,Addison County,Vermont,37497,44,90.2,0.9,3.2,1.9,43.5,88478,7.4,80,1201,17521,766.331
50003,Bennington County,Vermont,37312,46.6,91.6,1,2.7,0.9,41.2,71494,11.4,75.7,1063,20877,674.236
50005,Caledonia County,Vermont,30425,45.6,92.6,0.7,2.1,0.3,31.9,66075,12.6,78.2,904,16084,649.213
50007,Chittenden County,Vermont,168831,37,86.2,2.5,2.8,3.9,55.8,94310,10.4,63.6,1590,74025,536.849
50009,Essex County,Vermont,5972,51.4,93.5,0.1,1.5,1,21.2,58985,14.3,83.2,915,4914,662.37
50011,Franklin County,Vermont,50379,40.9,92.2,0.3,1.9,0.6,28.8,79078,10.1,78,1164,22850,630.961
50013,Grand Isle County,Vermont,7393,48.7,90.6,0.5,2.1,0.4,43.2,90625,7.6,90.9,1436,5301,81.77
50015,Lamoille County,Vermont,26036,41.2,91.8,1,2.5,0.8,43.8,69897,8.1,72.7,1123,14138,461.255
50017,Orange County,Vermont,29594,46.9,93.4,0.4,1.7,0.5,36.5,77328,9.4,81.5,1145,15021,687.008
50019,Orleans County,Vermont,27492,45.4,93.3,0.8,1.8,0.6,28.6,66426,10.8,79.9,897,16630,694.552
50021,Rutland County,Vermont,60484,47.7,93.3,0.6,2.1,0.6,33.5,64778,12,72.7,965,33974,930.55
50023,Washington County,Vermont,59958,43.7,91.9,0.9,2.7,0.7,47,79853,9.4,73.1,1094,30860,687.06
50025,Windham County,Vermont,45913,47.3,90.6,0.8,3,1.2,42.4,68021,12,72.8,1056,30104,785.959
50027,Windsor County,Vermont,57968,47.8,92.7,0.5,2.2,1,41.9,75247,8.7,74.9,1089,34773,969.144
51001,Accomack County,Virginia,33326,47.5,58.3,27.1,10.6,0.9,21.8,57500,14.9,70.5,973,21897,449.32
51003,Albemarle County,Virginia,113683,39.8,74,8.8,7.3,5.5,60.6,102617,6.8,66,1623,48360,720.472
51005,Alleghany County,Virginia,14962,48.1,91.4,5.5,1.5,0.1,15.6,55160,13.1,80.6,774,7916,446.572
51007,Amelia County,Virginia,13342,44.8,73.3,20.3,1.9,0,16.8,66339,11.1,81.2,972,5770,355.36
51009,Amherst County,Virginia,31385,43.3,73.9,17.5,2.8,0.6,23,67298,10.8,78.4,842,14301,473.962
51011,Appomattox County,Virginia,16424,43.3,76.1,17,2.2,0.2,20.5,62337,12.3,77.6,883,7380,334.224
51013,Arlington County,Virginia,235463,35.5,58.8,9.2,15.7,10.5,77.1,140160,7.1,41.8,2275,120746,25.997
51015,Augusta County,Virginia,77713,44.9,88.4,4.3,3.8,0.4,23.3,79972,7.3,78.9,1057,32890,967.074
51017,Bath County,Virginia,4123,52.3,90.5,3.8,3.7,0.4,15.6,61709,21.1,75.4,825,3336,529.202
51019,Bedford County,Virginia,80254,47.1,85.6,6,2.7,1.1,33.6,77644,8.1,84.2,955,37383,760.104
51021,Bland County,Virginia,6211,47.1,93.1,4.6,0.7,0.3,15.4,61375,12.7,80.9,683,3205,357.645
51023,Botetourt County,Virginia,33875,48.1,90.8,2.4,2.4,0.6,27.5,80467,6.1,85.8,951,15010,541.276
51025,Brunswick County,Virginia,15868,44.4,41,53.2,2.7,0.5,15.6,52978,15.3,72.5,864,7935,566.24
51027,Buchanan County,Virginia,19857,47.3,95.7,2.4,1,0.3,10.8,42216,23.9,82.1,712,10340,502.854
51029,Buckingham County,Virginia,16914,43.7,60.8,31.9,2.6,0.2,13.5,59199,13.7,76.4,874,7233,579.623
51031,Campbell County,Virginia,55398,43.2,77.3,14.3,3.4,1.1,25.7,62608,10.1,75.5,853,25363,503.207
51033,Caroline County,Virginia,31541,39.4,61.5,23.5,7,1.2,23.2,86267,11.6,81.7,1201,12693,527.363
51035,Carroll County,Virginia,29158,49,93.7,0.3,3.9,0.2,16.7,52575,16.2,77.8,687,16645,474.744
51036,Charles City County,Virginia,6686,52.6,44.3,40.3,2,1.2,16,70339,11.4,85.7,1076,3269,182.901
51037,Charlotte County,Virginia,11475,45.2,68.4,25.1,2.5,0.2,18.7,48892,24.6,71.1,682,5973,475.296
51041,Chesterfield County,Virginia,371610,38.9,57.4,23,11.4,3.5,42.7,98910,6.8,77.3,1542,142572,423.506
51043,Clarke County,Virginia,15060,48.3,83.2,4.9,7.1,1.1,37.3,114185,6.9,82.1,1360,6478,175.958
51045,Craig County,Virginia,4881,46.1,95.2,0.1,0.8,0,17.3,67778,14,83,728,2397,328.098
51047,Culpeper County,Virginia,53563,39.3,65.5,12.8,14.8,1.2,26.4,96098,8.2,74.5,1417,19529,379.182
51049,Cumberland County,Virginia,9745,45.2,64,28.8,1.8,0,18.2,57057,7.7,75.4,847,4695,297.474
51051,Dickenson County,Virginia,13920,45.9,97.6,1,0.7,0.2,10.7,43831,20.2,74.6,733,7352,330.44
51053,Dinwiddie County,Virginia,28083,43.4,62.4,30.6,4.2,0.6,20.5,83898,10.7,78.2,1242,11896,503.886
51057,Essex County,Virginia,10604,47.1,53.8,37.4,4.3,0.5,17.5,56481,15.5,68.9,967,5785,257.354
51059,Fairfax County,Virginia,1144474,38.9,47.5,9.6,17.4,19.9,64.3,150113,5.9,68.3,2230,428352,391.02
51061,Fauquier County,Virginia,73935,40.8,75.7,6.2,11.7,1.7,39.7,129495,6.1,78.1,1561,28454,647.994
51063,Floyd County,Virginia,15560,48,92.4,2.8,3,0.4,23,61401,8.3,84,826,7946,380.923
51065,Fluvanna County,Virginia,27764,43.3,75.5,12.6,4.4,0.9,35.6,91959,7.7,88.4,1173,11329,287.117
51067,Franklin County,Virginia,54958,48.5,85.9,7.7,3.6,0.7,24.3,68348,11.5,79.7,797,28344,690.61
51069,Frederick County,Virginia,93355,40.6,78.6,4.2,11.7,1.9,30.3,95603,7.1,78,1402,36617,413.135
51071,Giles County,Virginia,16610,45.8,94.3,2.2,1.7,0.5,18,64819,8.9,78.9,780,8316,357.225
51073,Gloucester County,Virginia,39228,44.6,83,8.1,4,0.8,25.9,83689,6.8,79.8,1144,17204,217.81
51075,Goochland County,Virginia,25613,49.4,77.5,14.4,3.6,1.7,47,118695,3.9,86.3,1567,10913,282.029
51077,Grayson County,Virginia,15323,48.5,88,5.2,4.1,1.1,13.9,42864,18,81.9,712,8961,441.785
51079,Greene County,Virginia,20850,40.8,79.5,6.8,6.9,2.5,28.5,85268,11.7,79.6,1502,8687,155.947
51081,Greensville County,Virginia,11304,39.9,35.4,52.7,5.1,0.3,13.8,56759,13.5,69,960,4012,295.227
51083,Halifax County,Virginia,33811,46.7,59.5,34.7,2.5,0.5,18.2,49244,17.9,70.6,769,17382,817.731
51085,Hanover County,Virginia,111652,42.3,81.2,8.4,3.8,1.8,42.4,109504,5.2,82.8,1496,43983,467.573
51087,Henrico County,Virginia,334434,39.4,50,29.4,6.7,9.5,45.7,86397,8.4,64.6,1474,142964,233.699
51089,Henry County,Virginia,50365,47.9,67.9,22.3,6.7,0.4,15.7,48445,14.8,76.1,705,25445,382.351
51091,Highland County,Virginia,2265,57.1,94.4,0,0,3.1,35.5,62946,10.3,88.1,859,1839,415.163
51093,Isle of Wight County,Virginia,39444,44.2,69.3,21.8,3.9,1,29.9,96118,7.4,81.3,1313,16827,315.685
51095,James City County,Virginia,80046,47.2,72.5,12.8,6.9,2.6,50.2,107046,6.5,78.8,1491,34400,142.298
51097,King and Queen County,Virginia,6676,49,66.3,23.8,3.1,0,19.5,72851,18.5,77.4,982,3485,315.131
51099,King George County,Virginia,27468,38.3,69.1,15.4,6.6,1.3,35.8,110517,6.5,76.1,1426,10540,179.628
51101,King William County,Virginia,18232,40.5,77,15.3,3.1,0.7,24.3,85212,7.9,88.8,1246,7605,273.91
51103,Lancaster County,Virginia,10876,59.1,67.3,27.6,1.6,0.5,37.4,67169,13.1,79.8,978,7483,133.306
51105,Lee County,Virginia,22042,45.4,91.8,4.1,2.3,0.2,12.7,42269,27.6,73.9,725,10857,435.378
51107,Loudoun County,Virginia,427082,37.8,52.1,7.4,14.2,21,64,178707,4,77.9,2317,144804,515.737
51109,Louisa County,Virginia,39012,44.8,76,13.3,3.9,0.5,27.7,80343,10.1,81.2,1208,18047,495.078
51111,Lunenburg County,Virginia,11990,44.8,57.7,33.3,5.7,0,11.2,54460,15.9,71.9,780,5903,431.7
51113,Madison County,Virginia,13931,46.2,84.1,8.4,3.5,0.3,27.6,82972,7,79.6,1048,6110,320.639
51115,Mathews County,Virginia,8517,53.8,84.7,8.4,2.6,0,30.1,75487,7.9,85.6,1108,5486,85.911
51117,Mecklenburg County,Virginia,30431,48.8,60.4,32.9,3,1,21.2,51691,17.4,71.9,804,19184,625.31
51119,Middlesex County,Virginia,10774,55.5,78,14.7,2.9,1.2,31.6,74154,9.5,85.7,1071,7140,130.33
51121,Montgomery County,Virginia,99159,30.2,81.5,3.9,4.6,6.2,48.4,70769,23.8,54.7,1206,42229,386.847
51125,Nelson County,Virginia,14777,51.3,79.9,10.3,4.7,1.7,33.7,68525,14.4,79.2,950,9947,470.745
51127,New Kent County,Virginia,24139,43.4,76.7,13.2,3.6,1.1,35.5,120125,5.2,92.1,1653,9495,210.034
51131,Northampton County,Virginia,12115,51.6,55.6,31.2,9.2,1.1,32.5,55933,17.1,65.2,780,7456,211.712
51133,Northumberland County,Virginia,12085,59.5,68.2,19.6,3.3,4.2,33.9,69500,10.3,89.3,1053,9009,191.432
51135,Nottoway County,Virginia,15597,41.2,54.1,37.5,4.8,0.6,16.8,62161,18.9,69.2,1009,6683,314.39
51137,Orange County,Virginia,37208,42,75.3,10.4,6.6,0.9,29.4,94175,10.1,77.8,1145,15895,340.515
51139,Page County,Virginia,23750,45.4,92.4,1.9,2.4,0.3,15.2,59396,9.5,72.8,851,11878,310.017
51141,Patrick County,Virginia,17606,51,89.4,5.4,3.4,0.2,15.2,50938,10.8,77.2,721,10006,482.954
51143,Pittsylvania County,Virginia,60148,48.3,73.4,20.6,3,0.5,15.4,54115,15,78.7,856,29468,969.003
51145,Powhatan County,Virginia,31074,45.3,84.8,8.7,2.8,0.3,34.2,110667,3.3,93.1,1107,11841,260.202
51147,Prince Edward County,Virginia,21932,32.4,59.8,30.3,4.8,1.1,24.2,55082,21.6,59.9,898,9171,349.946
51149,Prince George County,Virginia,42873,33.4,51.9,30.5,10.1,1.9,24,88225,8,73.9,1563,13444,265.342
51153,Prince William County,Virginia,484625,36,38.9,20,25.7,9.7,44.5,128873,6.1,74.4,2002,160256,335.255
51155,Pulaski County,Virginia,33771,46.9,89.9,4.6,2.1,0.5,21.4,60767,14.6,72.2,815,17039,319.839
51157,Rappahannock County,Virginia,7409,50.1,85.7,4.8,4.5,0.2,35.6,98125,9.5,77.9,1384,3848,266.372
51159,Richmond County,Virginia,9047,46.1,60.4,27.9,7.2,0,17.4,64184,9.3,70.5,1011,3959,191.478
51161,Roanoke County,Virginia,96793,43.7,83.1,6.4,3.8,3.6,37.4,82931,7.3,76.3,1148,42251,250.548
51163,Rockbridge County,Virginia,22578,49.7,89.2,3,2.3,0.8,31.5,63975,8,78.4,956,11315,596.548
51165,Rockingham County,Virginia,84739,40.3,85.3,2.3,8.9,1.1,28.4,78468,9.6,75.2,1125,36095,849.794
51167,Russell County,Virginia,25635,46.5,96.8,1.2,0.7,0.1,14.1,49020,18.1,75.8,682,12772,473.524
51169,Scott County,Virginia,21504,47.6,95.9,1.2,1.4,0.1,14.2,45136,18,78.3,665,11776,535.827
51171,Shenandoah County,Virginia,44630,42.9,84.4,2.7,8.8,1.3,21.4,64437,12.3,72.4,968,21319,508.079
51173,Smyth County,Virginia,29585,46.2,93.7,2,2,0.3,18.1,46859,16.5,70.9,692,15080,451.44
51175,Southampton County,Virginia,17988,46.9,60.4,29.6,2.3,0.7,18.6,68465,8.7,74.8,930,7774,599.196
51177,Spotsylvania County,Virginia,143876,38.3,62.6,16.4,12.7,2.6,33.8,109576,7,79.6,1733,54020,401.968
51179,Stafford County,Virginia,160520,36.3,53.7,18.9,15.9,3.7,43.3,133792,5.1,80.8,1925,53864,269.205
51181,Surry County,Virginia,6552,50.7,54.4,41,2.9,0.1,25.4,71458,11.6,80.2,858,3438,278.949
51183,Sussex County,Virginia,10793,41,40.3,54.7,1.5,0.6,15.8,62821,12.1,69.3,952,4672,490.226
51185,Tazewell County,Virginia,39933,45,92.9,3.3,1.3,0.7,16.4,45788,19.3,73,738,19804,518.791
51187,Warren County,Virginia,41104,40.5,82.4,5,6.7,1.2,24.5,84331,11.3,76.2,1199,16936,214.572
51191,Washington County,Virginia,53913,46.9,94.4,1.7,1.8,0.5,26.5,62774,11,75.8,832,25505,561.193
51193,Westmoreland County,Virginia,18683,48,62.6,23.7,6.2,1.1,19.7,59766,13.8,79.1,991,11300,229.326
51195,Wise County,Virginia,35727,42.1,90.5,5.3,1.4,0.4,15.6,50740,17.7,74.1,770,16659,403.44
51197,Wythe County,Virginia,28219,45.9,93.2,2.4,1.5,0.8,19.7,55359,15.6,76.6,718,14016,461.952
51199,York County,Virginia,70590,39.8,66.9,13,7.6,5.8,50,108326,5.4,71.2,1777,28211,104.701
51510,Alexandria city,Virginia,156788,37.5,49.6,20.7,18.2,6.2,65.8,113638,8.4,42,2031,80570,14.935
51520,Bristol city,Virginia,17024,42.6,85.3,6.7,2.7,0.3,23.9,44706,18.3,63.1,775,8654,12.871
51530,Buena Vista city,Virginia,6612,36.2,85.6,1.6,1,0.6,24.7,54458,22,57.2,1067,2944,6.438
51540,Charlottesville city,Virginia,45863,32.9,64.4,16.8,6.8,7,60.6,69829,22.6,43.7,1453,21559,10.245
51550,Chesapeake city,Virginia,251153,37.7,54.4,28.5,7.4,3.7,36.4,94189,8.7,73.8,1523,95997,338.456
51570,Colonial Heights city,Virginia,18210,38.5,67,17.8,7.6,3.4,29.5,76250,9.6,68.1,1162,8126,7.519
51580,Covington city,Virginia,5671,41.5,79.6,12.3,3.2,1.2,9.6,42724,23.6,71.4,822,3038,5.469
51590,Danville city,Virginia,42239,40.8,39.4,50.3,5.2,1.3,18.3,42778,25,49,808,22309,42.803
51595,Emporia city,Virginia,5633,39.5,19.6,63.6,8.4,0.6,15.2,49375,13.5,38.4,1060,2824,6.904
51600,Fairfax city,Virginia,24478,37.3,52.5,6.4,18.3,18.1,62.3,132774,9.9,69.3,2122,9317,6.241
51610,Falls Church city,Virginia,14593,39.4,68.5,4.8,10.7,9.2,79.7,154734,3.6,50.2,2205,6360,2.046
51620,Franklin city,Virginia,8212,40.5,37.8,51.7,3.2,2.3,26.4,65125,16.7,53.4,995,3897,8.277
51630,Fredericksburg city,Virginia,28383,31,55.6,19.8,12.4,3.7,46.8,85368,16.4,41.6,1521,12308,10.45
51640,Galax city,Virginia,6698,41.9,75.8,4.9,15.8,0.1,18.3,41438,23.4,61.6,692,3213,8.236
51650,Hampton city,Virginia,137334,36.5,35.8,47.9,6.6,2.2,27.5,67758,13,55.6,1346,62503,51.461
51660,Harrisonburg city,Virginia,51492,25.4,61.4,7,23.1,3.2,36.7,59752,25.6,39.9,1120,18654,17.336
51670,Hopewell city,Virginia,22944,36.4,41.6,41.2,8.6,1.1,12.5,48681,23.8,55.5,1085,10434,10.354
51678,Lexington city,Virginia,7420,22.5,79.2,4.7,4.9,3.2,57.3,89598,15.9,51.7,985,2644,2.499
51680,Lynchburg city,Virginia,79255,28.4,60.6,27.4,4.9,2.2,38.5,59808,17.4,49.1,1043,34009,48.976
51683,Manassas city,Virginia,42674,34.7,34.5,12.4,43,5.5,33.2,117919,6.7,72.2,1835,14426,9.843
51685,Manassas Park city,Virginia,16923,35.3,27.4,10.9,45.9,10.6,25.5,100668,5.8,67.6,2175,5525,3.034
51690,Martinsville city,Virginia,13584,40.2,41.7,44.2,8,1.1,21.2,42434,21.8,56.7,784,7031,10.956
51700,Newport News city,Virginia,184774,34.2,39.8,40.4,10.5,3.3,29.1,66718,15.1,48.1,1285,81850,68.996
51710,Norfolk city,Virginia,235037,32.4,41.5,39,9.9,3.6,32.7,64017,17.3,45.7,1246,102542,53.275
51720,Norton city,Virginia,3620,41.1,95.1,1.3,0,0.1,16.6,38497,25.7,52.3,670,1748,7.477
51730,Petersburg city,Virginia,33365,35.8,14.7,74.6,6,1.2,25,50741,21.1,38.3,1132,18026,22.72
51735,Poquoson city,Virginia,12556,41.4,88.8,1.7,3.9,1.8,40.1,120919,5.8,85.2,1634,4945,15.357
51740,Portsmouth city,Virginia,97299,35.8,35.9,51.2,5.1,1.4,23.2,58972,17.6,56.9,1266,43233,33.301
51750,Radford city,Virginia,16505,23,81.3,9.2,4.3,2.2,39.8,52791,33.7,42.7,966,6457,9.676
51760,Richmond city,Virginia,227595,34.5,41,41.6,10.3,2.1,44.1,62671,18.8,43.5,1314,112848,59.925
51770,Roanoke city,Virginia,98677,38,55.5,28.5,8.6,3.1,28.9,52671,19.7,51.7,964,48931,42.521
51775,Salem city,Virginia,25477,40.3,82.4,7.7,4.5,1.9,31.1,66716,10.9,63.5,1046,11096,14.515
51790,Staunton city,Virginia,25765,41,78.9,10,4.4,1.5,35.1,62586,12.6,59.5,993,12352,19.92
51800,Suffolk city,Virginia,96638,38.7,46.5,41.5,4.9,1.9,32.4,90089,9.9,70.4,1484,39651,399.167
51810,Virginia Beach city,Virginia,457066,37.4,59.4,18.3,8.9,7,40.4,90685,8.4,64.9,1649,190734,244.719
51820,Waynesboro city,Virginia,22574,38.9,72.6,11,9.2,1.8,26.3,56364,11.7,59.6,972,10395,14.97
51830,Williamsburg city,Virginia,15564,24,67.3,15.2,8,6.7,48.5,70206,14.1,52.6,1361,5767,8.938
51840,Winchester city,Virginia,27981,36.7,62.7,8.8,20.1,2.3,31.6,64648,19.3,41.9,1298,12468,9.193
53001,Adams County,Washington,20690,29.2,32.1,0.4,64.1,0.6,15.4,65042,20.5,69.1,901,6844,1924.989
53003,Asotin County,Washington,22424,45.5,87.6,0.8,4.4,1,24.3,69107,14.9,73.6,994,10165,636.075
53005,Benton County,Washington,210224,36.2,65.7,1.5,24.8,2.9,33,87316,11.1,68.5,1256,81792,1700.128
53007,Chelan County,Washington,79518,40.4,66.2,0.5,28.4,0.8,30.2,78306,9,63.3,1182,38129,2921.178
53009,Clallam County,Washington,77593,51.8,80.8,0.8,6.6,1.6,30.7,67999,10.8,72.8,1110,38295,1738.773
53011,Clark County,Washington,510516,38.9,73.5,2,12,4.7,33,94948,8.4,66.2,1668,201114,628.499
53013,Columbia County,Washington,3996,52.1,81.5,0.7,8.2,0,27.2,71528,9,77.9,944,2218,868.585
53015,Cowlitz County,Washington,111539,41.1,80.6,0.7,10.2,1.2,17,72932,13,66.2,1169,45884,1141.159
53017,Douglas County,Washington,43733,38.4,59.2,0.5,34.7,0.8,21.9,80374,7.9,68.4,1234,17721,1819.244
53019,Ferry County,Washington,7326,52.8,72.6,0.2,3.3,0.3,18.3,54650,15.6,75.6,703,4105,2203.241
53021,Franklin County,Washington,97676,30.8,37.7,1.8,54.8,1.5,20.4,82755,13,70.1,1171,30488,1241.596
53023,Garfield County,Washington,2326,52.6,89.5,1.3,3.6,1.1,26.8,62411,10.8,76.9,768,1223,710.835
53025,Grant County,Washington,100428,33.5,50,1.2,43.3,0.9,18.2,71115,15,65.6,1059,39496,2679.547
53027,Grays Harbor County,Washington,76397,44.7,77.3,1.6,10.8,1.2,17.6,63539,14.1,72.6,1018,36568,1901.463
53029,Island County,Washington,86747,44.5,76.6,2.6,8.5,4.8,35.7,88358,7,74.6,1631,42398,208.474
53031,Jefferson County,Washington,33313,59.5,85.3,0.3,4.2,1.3,43.3,71143,12.6,79.7,1291,19359,1803.728
53033,King County,Washington,2262713,37.3,54.3,6.4,10.8,19.8,55.9,122148,8.4,56.1,2035,988330,2115.736
53035,Kitsap County,Washington,276581,39.9,73.6,2.4,9,4.7,36.5,98546,8.3,70.1,1741,115329,395.111
53037,Kittitas County,Washington,44736,37.9,79.8,1,10.3,1.8,35.3,69928,14.3,62.3,1253,24326,2297.272
53039,Klickitat County,Washington,23082,47.5,79,0.7,12.9,0.9,31.2,70400,13.7,75.5,1119,10722,1871.636
53041,Lewis County,Washington,83925,42.4,80.6,0.6,11.2,1,20.2,69690,13,74.2,1044,36037,2402.782
53043,Lincoln County,Washington,11271,46.9,89.2,0.4,4,0.7,23.7,71227,10.4,78.5,872,5840,2310.599
53045,Mason County,Washington,66968,44.8,75.8,1,12.1,1,22,78359,12.6,81.1,1205,33751,959.553
53047,Okanogan County,Washington,42811,43.4,63.5,1.6,20.3,0.5,24,60293,18.5,71.7,868,22015,5266.193
53049,Pacific County,Washington,23750,54.9,80,0.5,9.7,1.7,23.4,62350,11.6,81.2,962,16220,933.373
53051,Pend Oreille County,Washington,13811,50,85.5,0.3,3.8,0.4,20.3,63750,13.6,77.2,786,8036,1400.245
53053,Pierce County,Washington,924106,36.8,62.5,6.8,12.5,6.4,30.1,96632,8.9,64.8,1722,365748,1667.979
53055,San Juan County,Washington,18266,56.7,86.1,0.3,7.5,1.1,53.4,83682,10.5,77.8,1413,13951,173.914
53057,Skagit County,Washington,130407,41.9,71.7,0.7,18.9,2,29.1,85474,11.6,70.6,1439,56472,1730.231
53059,Skamania County,Washington,12276,48.6,83.9,0.3,6.6,1.2,28.2,90085,8.3,80.6,1024,5899,1658.268
53061,Snohomish County,Washington,834648,38.4,63.6,3.5,11.8,12.8,36.8,107982,7.9,68.4,1866,327893,2086.515
53063,Spokane County,Washington,544323,38.2,81.6,1.9,6.9,2.2,32.1,73513,12.2,63.9,1200,228156,1764.224
53065,Stevens County,Washington,47470,46.8,84.9,0.3,4,0.8,21.8,67405,12.9,79.2,864,22577,2477.103
53067,Thurston County,Washington,296640,39.8,70.6,3.2,10.3,5.7,37.2,93985,9.7,67.8,1634,123333,722.501
53069,Wahkiakum County,Washington,4573,54.8,84,1.1,6.1,2.4,22.3,57091,15.7,84.8,1086,2207,262.928
53071,Walla Walla County,Washington,62102,38.3,68.4,1.7,23.4,1.9,30.1,72212,11.7,65.9,1113,25219,1270.033
53073,Whatcom County,Washington,228432,38.2,76.1,0.8,10.4,4.2,38.1,80989,12.7,63.5,1465,101928,2107.949
53075,Whitman County,Washington,47042,26.1,73.8,1.6,8,7.4,50.2,52893,23.7,46.6,1002,21232,2159.262
53077,Yakima County,Washington,256605,33.2,40.1,0.7,51.6,1.1,18.9,68015,15.4,62.4,1068,91647,4294.512
54001,Barbour County,West Virginia,15454,42.4,91.1,1.7,1.2,0.5,12.2,48347,20.8,79.3,803,7131,341.059
54003,Berkeley County,West Virginia,126165,38.7,80.8,6.9,6,0.9,24.3,77329,11.4,75.4,1238,52511,321.147
54005,Boone County,West Virginia,21312,45,97.2,0.4,0.5,0.2,11.9,56152,17.3,79.1,823,10167,502.37
54007,Braxton County,West Virginia,12345,46.7,87,0.9,0.8,0.1,11.9,44449,18.8,79.3,578,6278,510.735
54009,Brooke County,West Virginia,22053,46.6,93.1,1.4,1.3,0.6,21.9,52116,12.1,73.4,603,10700,89.196
54011,Cabell County,West Virginia,93300,39.3,89.1,4.1,1.7,1.2,32.4,52828,19.8,63.5,877,46084,281.024
54013,Calhoun County,West Virginia,6158,48.1,95.7,0,0.5,0,10.1,41421,33.4,82.4,483,3199,279.263
54015,Clay County,West Virginia,7946,45.3,97,0,0.2,0,11.8,42790,24.9,79,589,3945,341.939
54017,Doddridge County,West Virginia,7767,45.3,92.4,2.4,1.4,0,12.7,61164,14.5,88.5,827,3248,319.723
54019,Fayette County,West Virginia,39987,44.5,91.7,4.5,1.3,0,16.1,52672,18.8,75.7,777,19134,661.558
54021,Gilmer County,West Virginia,7376,40.7,79.1,14.3,3.6,0.2,19.9,50991,12.9,76.4,764,3118,338.503
54023,Grant County,West Virginia,10972,46.9,96.1,1.4,0.5,0.1,17.9,61530,13.4,80.9,612,5660,477.372
54025,Greenbrier County,West Virginia,32688,46.5,91.8,2.2,1.8,0.5,22.1,48662,20.7,74,834,17883,1019.823
54027,Hampshire County,West Virginia,23340,48.1,93.9,0.6,1.6,0.1,16.3,60299,14.2,82.3,732,12581,640.402
54029,Hancock County,West Virginia,28658,46.8,92.4,2,1.7,0.4,20.2,61017,15,74.6,766,14218,82.61
54031,Hardy County,West Virginia,14236,47.3,89.3,4.6,4.5,0,15.7,49302,17.6,79.5,820,8217,582.315
54033,Harrison County,West Virginia,65407,42.3,92.3,1.3,2.2,0.8,25.9,58326,13.6,73.6,848,30537,416.008
54035,Jackson County,West Virginia,27753,43.3,96.1,0.2,0.9,0.4,19.4,55671,17.5,77.1,720,12882,464.359
54037,Jefferson County,West Virginia,58546,41,80.4,5.3,7.5,1.4,33.7,95523,8.8,79.2,1103,24276,209.296
54039,Kanawha County,West Virginia,178198,43.7,86.2,6.1,1.5,1.2,29.3,58887,16.1,70.2,879,90388,901.714
54041,Lewis County,West Virginia,16808,43.2,91.2,0.3,1.5,0.4,17.5,52279,19.4,70.7,737,8188,386.93
54043,Lincoln County,West Virginia,20170,44,96.4,0,0.7,0.2,8.4,48593,20.6,74.7,727,9581,437.093
54045,Logan County,West Virginia,31826,44.1,95.7,1.9,0.8,0.3,13.8,47237,21.4,76.7,704,14806,452.88
54047,McDowell County,West Virginia,18413,43.6,86.7,9,1.9,0.1,5.7,29980,30.9,75.7,686,9380,533.458
54049,Marion County,West Virginia,56042,40.4,91.5,2.6,1.6,0.4,25.8,67537,13.6,75.8,901,26283,308.785
54051,Marshall County,West Virginia,30129,46.2,93.9,0.3,1.1,0.4,19.1,60329,15,79,823,14736,305.431
54053,Mason County,West Virginia,25214,44.2,95.7,0.9,0.8,0.4,16.2,53454,17.9,82.1,654,12192,430.768
54055,Mercer County,West Virginia,59062,43.3,88.9,4.2,1.3,0.3,20.7,47799,18,69.7,813,29358,418.962
54057,Mineral County,West Virginia,26922,44.6,92.5,1.8,1.2,0.1,22.8,68049,14.3,79.6,684,12526,327.882
54059,Mingo County,West Virginia,22979,44.3,95.3,2,0.5,0,8.3,39527,29.9,72.2,604,11554,423.14
54061,Monongalia County,West Virginia,106520,32.5,86.2,3.5,3.1,3.5,47.9,62704,20.5,57.6,943,49795,360.092
54063,Monroe County,West Virginia,12401,46.7,95.6,1.3,0.8,0,15.4,54508,15.7,82.6,677,6263,472.754
54065,Morgan County,West Virginia,17327,49.3,93.9,0.3,1.6,0.6,17.6,63805,11,83.1,832,9182,229.073
54067,Nicholas County,West Virginia,24446,46,96.5,0.3,0.5,0.5,19,49280,17.8,82.3,669,12540,646.846
54069,Ohio County,West Virginia,41904,42.8,90.2,3.2,1.6,0.4,32.5,57867,15.7,67.4,823,21179,105.83
54071,Pendleton County,West Virginia,6111,50.8,94.8,2.1,1.9,0.2,20.5,61738,16.3,82.5,754,3708,696.05
54073,Pleasants County,West Virginia,7572,43.4,94.7,0.5,3.1,0,14.6,61038,8,82.3,700,3218,130.119
54075,Pocahontas County,West Virginia,7855,49.8,94.5,0.4,0.9,0.4,15.8,41200,20.8,83.1,688,6846,940.239
54077,Preston County,West Virginia,34204,43.2,89.3,6.4,1.9,0.2,17.9,61373,14.1,80.6,753,15215,648.814
54079,Putnam County,West Virginia,57250,42.3,94,0.7,1.5,0.8,28.4,77871,10.7,82.7,975,24891,345.679
54081,Raleigh County,West Virginia,73666,42.8,87.1,6.7,1.7,0.8,21.6,52055,21.6,74.6,847,34637,605.374
54083,Randolph County,West Virginia,27782,44.2,90.5,1.4,1.1,0,19,55057,14.7,77.1,807,13090,1039.7
54085,Ritchie County,West Virginia,8372,47.2,96.6,0.1,0.5,0.9,12.8,50256,21.7,84.3,583,4187,451.99
54087,Roane County,West Virginia,13921,46.5,95.1,0,1.2,0.5,14.2,45194,20.2,77.1,590,7157,483.563
54089,Summers County,West Virginia,11833,50.4,91,5.7,1.2,0,16,42544,19.2,80.9,922,6556,360.588
54091,Taylor County,West Virginia,16543,44.2,95,1.2,1,0.1,17.4,56807,14.7,82.9,672,7440,172.771
54093,Tucker County,West Virginia,6698,51.2,97,0,0.4,0.1,24.2,53475,13.2,81.4,689,4665,419.044
54095,Tyler County,West Virginia,8181,48.4,95.7,0.7,1,0,15.7,58293,17.7,86.7,707,4144,256.302
54097,Upshur County,West Virginia,23758,42,92.2,1.3,1.4,0.3,17.4,51859,18.3,79.7,799,11237,354.638
54099,Wayne County,West Virginia,38498,44.5,95.9,0.8,0.9,0,17.7,55539,15.7,77.5,883,18238,506.005
54101,Webster County,West Virginia,8253,47.1,92.7,0.2,0.4,0,12.6,42061,22.1,77.6,687,4408,553.47
54103,Wetzel County,West Virginia,14233,45.6,94.1,0.5,1.8,0.1,13.5,53341,16.6,82.4,703,7302,358.067
54105,Wirt County,West Virginia,5131,46.2,96.9,0.2,0,0.2,16.2,54688,18.3,86.3,575,2723,232.511
54107,Wood County,West Virginia,83829,43.9,94,1.1,1.4,0.4,22.9,56193,14.8,74.4,789,40296,366.5
54109,Wyoming County,West Virginia,20948,45.3,96.8,0.7,0.4,0,12,48038,22.6,83.5,737,9975,499.47
55001,Adams County,Wisconsin,20928,55.5,88.3,2.2,4.3,0.6,17.3,59153,13.8,86.4,789,16873,645.646
55003,Ashland County,Wisconsin,16050,43.1,81.9,0.8,2.9,0.7,22.1,57645,16.4,72.4,665,9402,1044.97
55005,Barron County,Wisconsin,46741,44.8,91.2,1.4,3,0.5,22.3,64619,9.9,76.8,859,23966,863.053
55007,Bayfield County,Wisconsin,16410,54.1,83.9,0.6,2,0.5,35,69609,8.9,84.5,789,13285,1477.881
55009,Brown County,Wisconsin,269425,37.9,78.1,2.5,10,3.2,32.4,77490,9.8,64.6,973,114123,530.092
55011,Buffalo County,Wisconsin,13341,46.4,94.2,0.5,2.7,0.1,22.1,68722,8.7,78.3,822,6546,675.791
55013,Burnett County,Wisconsin,16741,55.2,90,0.8,1.9,0.4,22,61664,13.1,85.3,758,15328,821.596
55015,Calumet County,Wisconsin,52626,41.7,88.1,0.9,5.6,2.4,32.5,87700,5.7,80.7,1002,22163,318.25
55017,Chippewa County,Wisconsin,66558,41.7,92.5,1.6,1.9,1.5,24.1,74009,9.2,74.6,963,29017,1008.355
55019,Clark County,Wisconsin,34736,37,90.9,0.3,6.1,0.3,13.4,66250,12,77.9,786,14842,1209.698
55021,Columbia County,Wisconsin,58322,43.3,90.9,1.7,3.9,0.8,25.7,82792,7.8,76.9,926,26826,765.6
55023,Crawford County,Wisconsin,16064,47.3,92.9,1.4,1.9,0.5,18.3,63496,12.6,75.9,809,8705,570.805
55025,Dane County,Wisconsin,564777,35.6,76.7,5.1,7.6,5.9,54.4,88108,10.5,57.7,1345,254880,1196.496
55027,Dodge County,Wisconsin,88818,42.9,87.9,2.6,6.4,0.4,19.9,73992,7.9,71.3,963,38290,875.699
55029,Door County,Wisconsin,30279,54.1,92.2,0.4,3.9,0.3,37.1,71785,8.7,79.3,995,23996,481.936
55031,Douglas County,Wisconsin,44197,42.8,90.2,1.3,1.9,1.1,27.8,72579,10.4,72.1,903,22997,1304.272
55033,Dunn County,Wisconsin,45349,35.8,90.9,0.9,2.4,3,29.2,71785,10.7,66.5,942,18812,850.159
55035,Eau Claire County,Wisconsin,106328,35.8,87.8,1.1,3,4,35.7,71834,11.5,62.8,977,45818,637.922
55037,Florence County,Wisconsin,4617,54.8,95.4,0.4,0.6,0,23.1,62786,8.5,90,871,4659,488.024
55039,Fond du Lac County,Wisconsin,104053,41.9,86.6,1.7,6.6,1.6,22.6,73154,8.7,70.3,926,45908,719.566
55041,Forest County,Wisconsin,9261,49.1,77.9,0.4,2.2,0,15.5,59727,15,82.4,585,8696,1014.266
55043,Grant County,Wisconsin,51678,36.9,93.3,1.7,2.5,0.8,24.6,64349,13.4,69.1,812,22192,1146.877
55045,Green County,Wisconsin,37036,43.1,92.4,0.7,4.1,0.4,27,80248,7,75.1,851,16382,584.044
55047,Green Lake County,Wisconsin,19165,45.5,91,0.6,5.4,0.5,22.5,66917,13.3,75,806,10731,349.544
55049,Iowa County,Wisconsin,23832,43.7,92.6,0.8,2.2,0.8,28.5,83372,7.7,77.1,941,11007,762.698
55051,Iron County,Wisconsin,6164,55.9,94,0,1.6,0,23.4,59058,11.6,86.9,640,5572,758.209
55053,Jackson County,Wisconsin,20971,42.6,85.6,1.5,3.6,0.6,16.3,65508,12.6,77.4,789,9693,987.915
55055,Jefferson County,Wisconsin,85867,41.3,87.5,0.9,8.4,0.6,28.1,80604,8.1,72.9,1012,36649,556.492
55057,Juneau County,Wisconsin,26695,45.9,87.9,2.3,2.9,0.6,16.3,65150,14.3,77.7,847,14639,767.081
55059,Kenosha County,Wisconsin,168413,39.2,72.2,6.1,14.8,1.8,30.8,79412,10.5,67.6,1175,72897,271.833
55061,Kewaunee County,Wisconsin,20621,44.4,92.5,0.4,4,0.5,20.6,80085,7.6,85.3,839,9325,342.454
55063,La Crosse County,Wisconsin,120262,37.1,87.8,1.5,2.6,4.5,36.1,70704,12.4,62.5,1023,53234,451.807
55065,Lafayette County,Wisconsin,16788,40.9,90.7,0.6,6.5,0.6,20.6,72091,10.7,79.3,835,7193,633.588
55067,Langlade County,Wisconsin,19473,49,92.7,0.5,2.4,0.2,16.2,57258,12.1,78,737,12202,870.69
55069,Lincoln County,Wisconsin,28403,49.2,93.5,0.5,2.1,0.4,19.4,67726,10.5,78.4,768,16233,878.704
55071,Manitowoc County,Wisconsin,81314,45,88.1,0.8,5.2,2.5,22.2,68611,9.8,76.3,777,37960,589.302
55073,Marathon County,Wisconsin,138067,41.2,86.8,0.5,3.4,5.5,27.3,76185,8.9,73.4,950,60296,1545.194
55075,Marinette County,Wisconsin,41907,48.8,93.9,0.4,2.7,0.4,19.5,63401,9.1,80.4,749,29372,1399.468
55077,Marquette County,Wisconsin,15706,50.5,92.6,0.5,3.6,0.6,15.2,63471,11.8,80.9,800,9841,455.713
55078,Menominee County,Wisconsin,4256,33.8,11.8,0.8,4.3,0.1,19.6,59528,21.2,73.5,624,2148,357.615
55079,Milwaukee County,Wisconsin,927656,35.4,48.6,25.6,16.6,4.7,33.9,62118,17.5,49.8,1069,423838,241.457
55081,Monroe County,Wisconsin,46169,39.6,88.5,1.4,5.6,0.6,20,68213,11.8,72.4,920,19918,900.904
55083,Oconto County,Wisconsin,39329,47.4,93.6,0.1,2.3,0.3,18.7,75886,8.4,84.5,796,23998,997.477
55085,Oneida County,Wisconsin,38007,52.2,93.5,0.5,1.7,0.4,28.4,69621,8.2,84,868,30746,1113.944
55087,Outagamie County,Wisconsin,191537,38.7,85.4,1.4,5.1,3.5,32,82857,6.4,71.7,998,79900,637.557
55089,Ozaukee County,Wisconsin,92345,44,89.8,1.5,3.6,2.1,50.4,96734,4.6,72.8,1112,39415,233.011
55091,Pepin County,Wisconsin,7372,46.3,94.8,0.3,2.4,0.5,23.6,74536,7.9,83.5,860,3603,232.008
55093,Pierce County,Wisconsin,42351,38.4,91.5,0.4,2.9,1.2,32,88802,9.5,75.8,1025,17052,574.018
55095,Polk County,Wisconsin,45327,46.5,93.5,0.3,2.2,0.4,23.7,76208,8.3,81.1,958,24377,914.32
55097,Portage County,Wisconsin,70375,38.1,89.5,0.8,3.9,2.8,33.7,73284,10.2,69.3,903,31496,800.874
55099,Price County,Wisconsin,14077,52.5,93.5,0.2,1.6,0.6,17.1,58720,13,81.5,801,10799,1254.057
55101,Racine County,Wisconsin,196888,40.5,69.5,10.4,14.6,1.2,28,75331,10.8,71.1,1017,84558,332.611
55103,Richland County,Wisconsin,17229,46.4,92.5,0.9,3.1,0.9,20.7,62649,14.5,76.5,786,8542,586.15
55105,Rock County,Wisconsin,163944,40.1,80.2,4.6,9.9,1.1,25.7,74390,10,70.6,1019,70694,718.167
55107,Rusk County,Wisconsin,14146,49.1,93.7,0.9,2,0.3,16.3,58322,12.5,77.5,816,8679,913.553
55109,St. Croix County,Wisconsin,94819,39.8,91.8,0.7,2.9,1,39.4,102482,6.6,78.9,1238,38185,722.158
55111,Sauk County,Wisconsin,65759,41.3,87,0.9,6.4,0.5,26.5,77648,8.8,73.1,970,31091,831.587
55113,Sawyer County,Wisconsin,18243,52.2,77.1,0.6,2.4,0.6,27.2,59055,15,77.4,683,16114,1257.6
55115,Shawano County,Wisconsin,40927,45.5,85.4,0.6,3.1,0.6,18.7,67032,11,78.6,777,20430,893.225
55117,Sheboygan County,Wisconsin,117783,41.8,81.6,2,7.5,5.9,27.3,71898,8.1,71.3,889,52549,511.519
55119,Taylor County,Wisconsin,19972,44.1,94.3,0.3,2.8,0.2,16.7,63142,9.3,79.2,786,9453,975.052
55121,Trempealeau County,Wisconsin,30786,39.8,84.4,0.5,12.7,0.4,20.2,71295,8.5,73.8,887,13373,732.966
55123,Vernon County,Wisconsin,30915,41.5,94.6,0.3,1.7,0.3,24.8,69556,14.5,81.1,826,13939,791.563
55125,Vilas County,Wisconsin,23410,55.5,85.2,0.3,2.3,0.4,30.5,67132,10.9,83.5,810,24783,857.71
55127,Walworth County,Wisconsin,105447,41.1,83.6,0.8,11.9,0.8,32.3,77359,9.7,70.6,1090,53508,555.433
55129,Washburn County,Wisconsin,16749,52.4,92.8,0.2,2,0.5,23.6,61270,11.7,80.9,815,12823,797.114
55131,Washington County,Wisconsin,137320,43.5,90.8,1.5,3.7,1.5,34.8,95851,5.3,78.1,1126,58766,430.644
55133,Waukesha County,Wisconsin,409040,43.3,85.7,1.5,5.6,3.8,47.9,104100,5.2,76.4,1300,173567,549.725
55135,Waupaca County,Wisconsin,51714,45.4,92.7,0.7,3.8,0.4,20.2,71189,10.1,74.8,834,25620,747.702
55137,Waushara County,Wisconsin,24752,49.9,87.9,1.8,6.9,0.4,17.4,64968,11.1,83,789,14804,626.161
55139,Winnebago County,Wisconsin,171357,38.4,85.8,2.5,4.9,3.2,31,72873,10.9,65.8,924,76770,434.697
55141,Wood County,Wisconsin,74039,43.9,90.9,0.7,3.5,1.8,21.4,66417,10.3,73.4,831,34662,793.017
56001,Albany County,Wyoming,37713,28.7,80.3,1,10.5,3.7,55.5,59881,21,49.4,936,18735,4274.175
56003,Big Horn County,Wyoming,11737,41.5,85.6,0.5,9.6,0.8,20.9,60547,12,77.2,876,5370,3136.957
56005,Campbell County,Wyoming,47018,35.8,85.2,0.3,9.4,0.2,22.2,95253,9.1,78.4,952,19952,4802.065
56007,Carbon County,Wyoming,14549,40.4,76.3,1.3,18,0.7,22.8,66721,12.6,76.8,894,8220,7897.746
56009,Converse County,Wyoming,13759,41.3,88.2,0.2,8.1,0,22.9,79164,11.3,78.3,930,6643,4254.995
56011,Crook County,Wyoming,7339,44.3,93.3,0,2,0.5,24,71209,6.2,76,881,3673,2854.48
56013,Fremont County,Wyoming,39472,39.4,69.7,0.5,6.7,0.4,25.3,64646,12.4,70.7,858,17471,9183.59
56015,Goshen County,Wyoming,12587,43.4,85,0.7,10.1,0,24.6,64882,12.3,74.1,759,5860,2225.613
56017,Hot Springs County,Wyoming,4618,45.4,88.9,0,3.9,0.2,26.4,64375,13.7,72.6,976,2490,2004.431
56019,Johnson County,Wyoming,8602,47,90.2,0,4.2,0.5,30.3,63905,10.6,79.6,1081,4635,4154.152
56021,Laramie County,Wyoming,100661,38.2,75.9,2.1,15.7,1,32,77884,9.9,70.8,1080,45032,2685.864
56023,Lincoln County,Wyoming,20158,41.2,91.2,0,5.2,0.3,24.1,86092,7.1,80.1,868,9763,4075.337
56025,Natrona County,Wyoming,79735,38.2,85.1,0.6,9.3,0.6,27.4,71247,9.7,73.6,973,37101,5340.537
56027,Niobrara County,Wyoming,2415,49.6,89.1,1.4,5.1,0,19.6,48987,17.6,65.2,775,1378,2626.028
56029,Park County,Wyoming,30109,44.8,88.3,0.3,5.9,0.4,35,70533,8.6,74.7,933,14813,6939.039
56031,Platte County,Wyoming,8606,47.8,85.6,0.4,8.5,0,19.5,66299,10.2,72.5,745,4656,2081.459
56033,Sheridan County,Wyoming,31585,42.9,89.7,0.4,4.8,1,33.4,70855,9.8,69.9,950,15236,2523.361
56035,Sublette County,Wyoming,8806,42.8,90,0,7.3,0,31.1,82791,8.4,81.1,1116,5239,4886.482
56037,Sweetwater County,Wyoming,41786,37.4,77.2,1.1,16.6,0.6,20.4,76464,13.4,74,913,19226,10426.98
56039,Teton County,Wyoming,23358,40.1,78.9,0.6,14.7,1.4,61.2,112681,7,61.5,1758,13503,3996.846
56041,Uinta County,Wyoming,20605,36.7,86.6,0.3,9.9,0.2,21.3,82672,7.6,76.5,882,8868,2081.721
56043,Washakie County,Wyoming,7708,44.2,81.2,0.2,14.1,0.3,22,62648,8.6,74.2,725,3850,2238.679
56045,Weston County,Wyoming,6835,43.1,85.3,0.1,3.5,0.7,18,87545,10.5,89,694,3417,2398.005
72001,Adjuntas Municipio,Puerto Rico,17975,44.2,0.3,0,99.7,0,17,18605,61.9,69.5,413,7699,66.69
72003,Aguada Municipio,Puerto Rico,37904,46,3.2,0,95.9,0,23.6,21694,46.5,75.5,465,17417,30.859
72005,Aguadilla Municipio,Puerto Rico,54486,44.5,0.9,0.2,98.5,0,25.5,19826,47.9,57.1,479,27766,36.542
72007,Aguas Buenas Municipio,Puerto Rico,23888,44.4,0.1,0.1,99.6,0,20.4,22361,43.6,65.9,457,10641,30.085
72009,Aibonito Municipio,Puerto Rico,24610,47,0.1,0,99.8,0,23.4,21714,44.6,75.1,505,10417,31.312
72011,Añasco Municipio,Puerto Rico,25316,45.4,1.8,0.5,97,0,23.2,23591,44.9,72.2,548,12273,39.293
72013,Arecibo Municipio,Puerto Rico,86875,45.1,0.4,0.1,99.3,0,27.5,23175,42.9,62.6,518,41415,125.94
72015,Arroyo Municipio,Puerto Rico,15573,42.9,0.4,0,99.4,0,26.6,18931,54.4,76.8,466,8087,15.009
72017,Barceloneta Municipio,Puerto Rico,22565,42.6,0.2,0,99.2,0,24.1,21750,45.4,71.1,625,10216,18.696
72019,Barranquitas Municipio,Puerto Rico,28984,39.7,0.1,0,99.7,0,22.3,22167,49.6,68.8,502,11378,34.253
72021,Bayamón Municipio,Puerto Rico,183456,44.1,0.5,0.1,98.9,0.2,32.1,30729,34.4,69.9,669,84738,44.439
72023,Cabo Rojo Municipio,Puerto Rico,46955,46.8,0.5,0.1,99,0.2,28.6,25720,38.5,77,581,28094,70.366
72025,Caguas Municipio,Puerto Rico,126239,44.2,1.3,0.2,98.1,0,34.8,30113,36.6,66.6,632,58929,58.604
72027,Camuy Municipio,Puerto Rico,32753,45.1,0.6,0,99.1,0,21.2,26094,39,76.7,574,14213,46.355
72029,Canóvanas Municipio,Puerto Rico,42037,42.6,0,0,99.9,0,27.5,27278,33.9,73.1,578,17915,32.869
72031,Carolina Municipio,Puerto Rico,153226,44.8,0.8,0.1,98.7,0.1,34.8,35126,29.3,69.4,678,77274,45.378
72033,Cataño Municipio,Puerto Rico,22768,43.5,0.9,0.3,98.8,0,22.8,24307,44.2,59.3,561,11011,4.832
72035,Cayey Municipio,Puerto Rico,41231,45.2,0,0,99.6,0.2,29,28461,37.9,61.6,533,19885,51.935
72037,Ceiba Municipio,Puerto Rico,11128,46.6,1.3,0,98.2,0.5,21.5,23204,41.6,73.6,522,7257,29.036
72039,Ciales Municipio,Puerto Rico,16874,45.4,0.4,0,99.6,0,17,20614,58.2,69.7,407,7276,66.529
72041,Cidra Municipio,Puerto Rico,39765,43.4,0.1,0.2,99.7,0,26.2,27149,36.2,67.9,561,16678,36.023
72043,Coamo Municipio,Puerto Rico,34294,45.3,0.2,0,99.7,0,22.7,20797,52,75.7,521,16061,78.013
72045,Comerío Municipio,Puerto Rico,18775,42,0,0,100,0,18,17254,53,61.7,536,7586,28.401
72047,Corozal Municipio,Puerto Rico,34474,42.8,0.3,0,99.7,0.1,21.9,23933,44.2,75.7,515,13371,42.567
72049,Culebra Municipio,Puerto Rico,1281,42,5.5,0,91.3,0.9,16.2,27614,20.8,66.1,548,1449,11.647
72051,Dorado Municipio,Puerto Rico,35816,42.6,2.6,0.2,97.1,0,36.3,33388,29.2,79.3,692,15894,23.116
72053,Fajardo Municipio,Puerto Rico,31756,44.3,0.7,0.1,99.1,0,29.9,25170,41.5,68.3,610,18649,29.907
72054,Florida Municipio,Puerto Rico,11624,40.7,0.3,0,99.7,0,19,21213,50.6,69.7,671,5031,15.214
72055,Guánica Municipio,Puerto Rico,13266,45.8,0.1,0,99.2,0,15.5,16210,64.7,71.2,330,9017,37.05
72057,Guayama Municipio,Puerto Rico,35845,41.2,0.1,0,99.7,0,22.5,20273,48.6,71.5,443,18227,65.037
72059,Guayanilla Municipio,Puerto Rico,17418,43.8,0.2,0,99.7,0.1,25,21400,50.2,73.2,435,8265,42.271
72061,Guaynabo Municipio,Puerto Rico,89503,46.6,1.5,0.1,98.1,0.2,49.1,46048,24.3,70.8,850,41194,27.585
72063,Gurabo Municipio,Puerto Rico,40383,41.5,1.6,0.7,96.9,0,33.8,39532,32,77.2,674,17343,27.885
72065,Hatillo Municipio,Puerto Rico,38266,45.2,0.4,0.1,99.4,0,31.4,28001,36.4,74.5,602,17001,41.777
72067,Hormigueros Municipio,Puerto Rico,15520,49.7,1,0.4,98.2,0,30.3,24862,40.1,72.4,556,7570,11.346
72069,Humacao Municipio,Puerto Rico,50441,46.6,0.4,0,98.7,0.4,26.8,26083,38.5,74.6,531,26715,44.719
72071,Isabela Municipio,Puerto Rico,42878,44.7,0.8,0.2,97.8,0.1,25.4,20484,46.7,63.3,552,20638,55.311
72073,Jayuya Municipio,Puerto Rico,14653,43.2,1.7,0,98.3,0,20.3,18413,54.9,59.8,463,6276,44.533
72075,Juana Díaz Municipio,Puerto Rico,46276,42.2,0.2,0.1,99.7,0,27.9,23823,42.9,77.9,539,19046,60.278
72077,Juncos Municipio,Puerto Rico,36895,40.3,0.1,0,99.7,0,22.7,28196,34,72.2,589,16164,26.49
72079,Lajas Municipio,Puerto Rico,23133,48,1.5,0,97.8,0,21,18920,53,71.4,502,12129,59.957
72081,Lares Municipio,Puerto Rico,27944,45,0.3,0.1,99.2,0,21.3,19323,54.9,65.4,493,12448,61.45
72083,Las Marías Municipio,Puerto Rico,8790,44.5,0,0,99.5,0,16.6,16170,54,74.4,358,3992,46.36
72085,Las Piedras Municipio,Puerto Rico,35034,43,0,0.1,99.7,0.1,28.9,25697,37.5,77.6,496,15124,33.88
72087,Loíza Municipio,Puerto Rico,23176,43.1,0.1,0.1,99.7,0.1,18.5,22500,44.8,70.2,467,11324,19.374
72089,Luquillo Municipio,Puerto Rico,17631,45,0.8,0.2,98.9,0,23.5,23769,43.8,69.4,532,10417,25.811
72091,Manatí Municipio,Puerto Rico,39152,45,1.2,0.1,97.5,0,23.8,20352,45.9,72.8,551,18740,45.14
72093,Maricao Municipio,Puerto Rico,5176,47.5,0.9,0,98.8,0.3,11.5,20541,52.6,76.1,405,2576,36.623
72095,Maunabo Municipio,Puerto Rico,10482,48.5,0.4,0,99.6,0,12.7,19363,52.8,74.5,498,5019,21.165
72097,Mayagüez Municipio,Puerto Rico,71824,43.2,0.7,0,99.1,0.1,27.5,17963,53,50.7,456,41057,77.589
72099,Moca Municipio,Puerto Rico,37402,42.4,0.3,0.1,99.4,0,24.8,21415,46,64.3,504,16542,50.341
72101,Morovis Municipio,Puerto Rico,28534,42,0.1,0,99.9,0,20.7,23010,48.7,70.2,572,12266,38.871
72103,Naguabo Municipio,Puerto Rico,23205,39.6,0.5,0.5,98.9,0,23.7,21416,48,73.2,525,11220,51.661
72105,Naranjito Municipio,Puerto Rico,29246,43.4,0,0,100,0,19.8,21399,50.5,68.7,490,10862,27.401
72107,Orocovis Municipio,Puerto Rico,21351,42,0.6,0,99.3,0,18.5,19062,52.5,70.6,480,9040,63.625
72109,Patillas Municipio,Puerto Rico,15753,48,0,0,100,0,22.1,23422,47.8,70.1,515,8067,46.604
72111,Peñuelas Municipio,Puerto Rico,20082,41.2,0.4,0.4,99.2,0,25.7,20959,51,67.8,519,8616,44.618
72113,Ponce Municipio,Puerto Rico,134676,43.9,0.4,0.2,99.3,0.1,30.5,18827,50.9,68.1,504,66944,114.938
72115,Quebradillas Municipio,Puerto Rico,23486,44.2,1.2,0.1,98.4,0,21.2,23624,45.1,68.7,527,10619,22.683
72117,Rincón Municipio,Puerto Rico,15276,49.6,3.8,0,95.3,0,24.5,25223,44.6,72.7,626,9163,14.288
72119,Río Grande Municipio,Puerto Rico,46478,44.3,0.4,0.1,99.2,0.2,26.2,26745,37,72.7,580,22782,60.621
72121,Sabana Grande Municipio,Puerto Rico,22541,45.3,0.6,0,99.2,0,29.1,20564,44.5,76,438,10949,36.313
72123,Salinas Municipio,Puerto Rico,25397,43.3,0.2,0.6,99.1,0,19.3,21611,48,76.8,509,13152,69.404
72125,San Germán Municipio,Puerto Rico,31514,46.8,0.8,0,99.1,0,24.3,17921,51.9,66.1,464,15808,54.497
72127,San Juan Municipio,Puerto Rico,338661,45.4,1.4,0.2,97.9,0.2,42.2,26981,39.5,53.5,596,193011,47.886
72129,San Lorenzo Municipio,Puerto Rico,37515,44.5,0,0,99.7,0.3,19.9,21320,44.6,73.8,552,16346,53.108
72131,San Sebastián Municipio,Puerto Rico,39168,46.5,2,0,97.5,0,22.8,17834,52.4,71.2,481,18533,70.423
72133,Santa Isabel Municipio,Puerto Rico,20064,41.1,0.3,0.2,99.4,0.2,28.8,23197,45.7,78.1,486,9178,34.05
72135,Toa Alta Municipio,Puerto Rico,66536,41.7,0.6,0.1,99.2,0.1,28.4,33349,33.8,82,723,26786,27.017
72137,Toa Baja Municipio,Puerto Rico,73987,43,0.5,0.1,99.3,0,27.7,29648,33.8,71,708,35263,23.244
72139,Trujillo Alto Municipio,Puerto Rico,67329,43.4,0.5,0.2,99.2,0,39.9,38773,28.2,74.3,628,29887,20.758
72141,Utuado Municipio,Puerto Rico,27896,46.3,1.3,0.1,98.1,0.1,22.7,17624,53.5,61.6,466,13285,113.532
72143,Vega Alta Municipio,Puerto Rico,35114,41.9,0.3,0.2,99.4,0,24.7,25235,41.3,67.9,648,16323,27.728
72145,Vega Baja Municipio,Puerto Rico,54058,44.3,1.4,0.1,98.1,0,24.9,23877,42.3,75.3,599,25767,45.848
72147,Vieques Municipio,Puerto Rico,8147,46.3,2.4,0.5,95.8,0,12.4,17531,59.5,68.9,424,5242,50.788
72149,Villalba Municipio,Puerto Rico,21778,43.3,0.3,0,99.6,0,22.5,24882,41.8,78.6,519,9188,35.637
72151,Yabucoa Municipio,Puerto Rico,29868,46.6,0.4,0,99.5,0,18.4,21279,49.7,70.8,500,14165,55.215
72153,Yauco Municipio,Puerto Rico,33509,46.7,0.4,0,99.2,0,27.1,21918,44.6,74.1,521,17199,67.712
01001,Autauga County,Alabama,59285,39.2,71.7,20,3.7,1,28.3,69841,10.7,74.9,1200,24731,594.455
01003,Baldwin County,Alabama,239945,43.7,81.4,7.9,5.6,0.9,32.8,75019,10.5,77.5,1211,128518,1589.863
01005,Barbour County,Alabama,24757,40.7,43.7,46.9,6,0.5,11.5,44290,21.9,67.5,644,11702,885.008
01007,Bibb County,Alabama,22152,41.3,73.7,20.7,3.4,0.2,11.5,51215,20.5,77.2,802,9090,622.47
01009,Blount County,Alabama,59292,40.9,85,1.3,10.1,0.1,15.6,61096,14.1,79.5,743,24793,644.891
01011,Bullock County,Alabama,10157,40.4,21.1,71.2,5.7,0.5,9,36723,25.7,63.5,635,4554,622.815
01013,Butler County,Alabama,18807,42.2,50.7,44.7,1.6,1.3,13.8,44881,21,68.4,722,9841,776.839
01015,Calhoun County,Alabama,116141,39,69.8,21.6,4.4,0.7,20.5,55826,17.5,70.4,804,53271,605.89
01017,Chambers County,Alabama,34450,41.5,53.9,39.7,3.7,0.6,14.6,49295,15.5,71,850,16427,596.554
01019,Cherokee County,Alabama,25224,47.4,90.7,3.7,1.7,0.1,15.9,50769,14.5,79.5,750,14663,553.524
01021,Chilton County,Alabama,45500,39.5,77.1,9.2,9.9,0.5,15.2,61873,13.6,76.8,855,19702,692.837
01023,Choctaw County,Alabama,12525,47,56.6,38.1,1.1,0.2,13.9,44483,19.5,82.2,653,7164,913.479
01025,Clarke County,Alabama,22802,42.5,51.2,45.3,1.1,0.3,15.4,49167,20.5,70.9,785,11727,1238.42
01027,Clay County,Alabama,14188,43.8,79.3,13,3.2,0.3,15.2,51852,16.5,77.7,624,7072,603.962
01029,Cleburne County,Alabama,15254,42.3,92.5,3.9,2,0.1,18.2,53319,13.2,80,792,6853,560.105
01031,Coffee County,Alabama,54231,38.8,67.9,15.9,9.4,0.9,21.5,64672,17.6,69.2,970,24399,678.986
01033,Colbert County,Alabama,57648,42.3,77.4,15.8,3.3,0.4,20.3,56736,16.9,70.8,838,27887,592.953
01035,Conecuh County,Alabama,11411,46.3,50.1,45.4,0.9,0.2,13.1,42266,27.6,74.9,781,6444,850.279
01037,Coosa County,Alabama,10323,50.3,64.3,29.7,2.4,0,14.9,57063,11.6,81.3,682,6042,650.909
01039,Covington County,Alabama,37647,42.8,82.5,11.7,1.9,0.4,17.2,50886,18,75.7,736,18676,1030.571
01041,Crenshaw County,Alabama,13144,42.4,70.1,23.3,1.8,1,16.8,49040,16.2,74.2,664,6562,608.865
01043,Cullman County,Alabama,89463,41.1,90.2,1.1,4.9,0.6,19.1,60916,13.9,76.4,883,39538,734.739
01045,Dale County,Alabama,49516,38,66.5,20.7,6.9,1.3,19.3,53955,18.7,61.3,863,22910,561.113
01047,Dallas County,Alabama,37536,40.3,26.8,70.3,0.9,0.6,17,36810,29,61,749,18949,978.738
01049,DeKalb County,Alabama,71946,39.6,77.6,1.3,16.7,0.2,13.9,51149,20.4,76.8,683,30853,777.077
01051,Elmore County,Alabama,88669,38.9,72.1,21,3.3,0.7,24.4,75553,10.3,76.9,1014,37085,618.516
01053,Escambia County,Alabama,36695,40.5,60.3,30.5,2.3,0.3,12.5,44447,21.2,68.7,709,16759,945.408
01055,Etowah County,Alabama,103208,41.8,76.5,15,5,0.7,17.5,53070,17.1,73.8,807,47487,535.105
01057,Fayette County,Alabama,16173,42.8,83.3,12.3,1.1,0.1,15.6,50733,18.7,78.2,622,7798,627.684
01059,Franklin County,Alabama,31978,38.6,73.3,4,19.8,0.1,14.9,51493,17.4,71.8,667,13965,633.959
01061,Geneva County,Alabama,26726,44,80.8,8.4,5.1,0.6,13.3,50951,19.1,78.3,757,12555,574.485
01063,Greene County,Alabama,7589,44.4,17.6,81.5,0.8,0,12.5,31495,35.9,69.7,429,4258,647.023
01065,Hale County,Alabama,14749,41,38.4,55.8,0.9,0.1,16.8,41325,23.9,77,723,7514,643.99
01067,Henry County,Alabama,17450,45,70.1,25,2.1,0.6,21.7,60135,15.8,80.9,770,9151,561.892
01069,Houston County,Alabama,107628,40.3,63.8,27.1,4.3,1,22.8,57531,18,63.9,905,49774,579.826
01071,Jackson County,Alabama,52839,43.4,88.5,3,3.4,0.3,15.6,49454,16.8,75,762,24797,1078.015
01073,Jefferson County,Alabama,669744,37.8,47.9,42.3,5.2,1.8,35.9,64589,16.3,63.7,1132,309542,1111.54
01075,Lamar County,Alabama,13809,44.5,85.9,9.2,1.8,0.1,11.6,47447,15.1,74,548,7107,604.846
01077,Lauderdale County,Alabama,95037,40.7,82.7,9.5,3.3,0.6,27.1,59082,13.6,67.8,799,44801,668.018
01079,Lawrence County,Alabama,33182,42.8,75.5,9.9,2.9,0.4,15.6,60040,13.7,81.4,708,15317,690.684
01081,Lee County,Alabama,177663,33.6,65.9,21.9,5.3,4.2,41.3,61123,18.9,65.7,999,77509,607.545
01083,Limestone County,Alabama,107577,40.5,73.5,12.6,7.2,1.8,30.4,83534,10.1,77.5,908,43487,563.404
01085,Lowndes County,Alabama,10008,42.7,24.5,74.4,0.3,0,13.9,35160,29.6,77.3,663,4827,716.085
01087,Macon County,Alabama,18951,37.8,16.7,78.2,2,0.3,20.7,45951,22.1,64.8,709,9664,608.665
01089,Madison County,Alabama,397135,38.2,62.3,24,6.5,2.5,45.7,83528,10.5,68.8,1116,174709,801.602
01091,Marengo County,Alabama,19027,41.1,44.5,51.3,2.4,0.3,20.4,44205,22.6,69,722,9837,976.898
01093,Marion County,Alabama,29190,43.8,90.3,3.6,3,0.3,12.8,50714,16.8,75.2,583,14156,742.342
01095,Marshall County,Alabama,98712,38.6,77.3,2.5,16.6,0.6,21.3,60946,16.3,75.5,765,41531,565.845
01097,Mobile County,Alabama,413162,38.4,55.3,35.9,3.3,2.1,25.2,58119,16.3,64.9,1021,185413,1229.374
01099,Monroe County,Alabama,19580,43.9,53.6,42.2,0.1,0.3,11.4,40225,22.6,70.2,721,10193,1025.669
01101,Montgomery County,Alabama,227197,36.9,30.6,58.6,4.8,3.3,34.3,58153,19.3,57.7,1061,105799,785.355
01103,Morgan County,Alabama,123742,40.3,72.8,12.5,10.2,0.5,23.2,64858,13.6,72.5,835,53569,579.669
01105,Perry County,Alabama,8231,42.5,28,71,0.2,0,16.8,34368,31.2,69.3,610,3961,719.67
01107,Pickens County,Alabama,18843,42.5,53.2,39.1,5.8,0.1,13.7,47014,22.6,75.4,600,8726,881.408
01109,Pike County,Alabama,32953,31.7,54.7,37.3,2.7,2,27.3,47961,23.4,62.9,855,16124,672.067
01111,Randolph County,Alabama,22310,44,74.3,16.5,2.8,0.3,20.5,51551,18.4,78.7,646,12461,580.55
01113,Russell County,Alabama,58858,37.2,44,45.1,5.7,0.6,16.9,50046,22.2,60.6,898,27531,641.182
01115,St. Clair County,Alabama,92903,41,83.6,9.6,2.9,0.5,19.9,78993,11.2,82.5,1077,38667,631.57
01117,Shelby County,Alabama,226955,40,74,13.1,7.4,2,46.2,93543,6.9,81.3,1348,90805,785.441
01119,Sumter County,Alabama,12020,34.9,25.4,71.1,0.8,0.4,19,37981,28.1,69.6,841,6329,903.826
01121,Talladega County,Alabama,81170,42.2,62.2,31.6,2.3,0.4,16.8,56249,17.7,72.6,772,38285,736.817
01123,Tallapoosa County,Alabama,41070,45.4,68.2,23.3,2.8,0.5,18.7,57185,15.2,75.6,734,22967,716.528
01125,Tuscaloosa County,Alabama,234036,33,59.3,31.8,5.4,1.6,31.4,63947,16.7,62.2,997,102935,1320.848
01127,Walker County,Alabama,64886,41.3,87,6.1,3.5,0.4,16,54509,18,77.5,743,30230,791.03
01129,Washington County,Alabama,15270,44.1,65.6,22.7,1.7,0.3,16.2,60503,18.4,85.9,628,7774,1080.255
01131,Wilcox County,Alabama,10347,42,27.5,70.7,0.1,0.1,12.3,42236,29,77.9,699,5314,887.858
01133,Winston County,Alabama,23637,45.3,92,1.2,3.5,0.3,13.4,48032,19.5,76.6,744,13111,612.998
02013,Aleutians East Borough,Alaska,3423,41.8,15.4,5.9,10.5,21.2,18.1,72692,12.4,57,1040,1174,6986.254
02016,Aleutians West Census Area,Alaska,5178,39.1,23.7,5.3,13.8,40.7,17.5,107344,9.2,29.5,1886,1391,4393.026
02020,Anchorage Municipality,Alaska,289069,34.9,55.1,5.1,9.3,9.7,37.7,98152,9.3,63.7,1453,119717,1707.004
02050,Bethel Census Area,Alaska,18487,28.7,8.7,1.1,1.4,1.4,10.4,70616,24,60.5,1454,6009,40638.578
02060,Bristol Bay Borough,Alaska,878,39.3,47.9,0.6,8.3,6.9,25.1,100625,9.7,51.9,1318,831,481.952
02063,Chugach Census Area,Alaska,6964,38.4,72,1.4,5.2,5.9,29.6,88565,4.8,62.7,1397,3745,9530.193
02066,Copper River Census Area,Alaska,2626,45.5,53.2,0.1,3.9,0.5,28.4,75053,11.4,67.7,973,2597,24692.42
02068,Denali Borough,Alaska,2029,44.1,76.7,1,6.5,3.4,23.6,88935,6.6,78.2,938,1306,12641.049
02070,Dillingham Census Area,Alaska,4780,30.9,14.3,0.6,3.4,1.7,19.4,74250,16.3,63.1,1085,2416,18333.994
02090,Fairbanks North Star Borough,Alaska,95555,32.4,67.5,3.7,8.2,2.9,33.7,84722,6.2,61.7,1424,42695,7334.752
02100,Haines Borough,Alaska,2077,52.4,77.4,0.2,4,3.8,36.9,72607,6.1,76.4,914,1401,2343.605
02105,Hoonah-Angoon Census Area,Alaska,2313,51.4,49.2,0.4,10.8,1.6,23.3,62500,12.6,72.2,986,1741,6559.711
02110,Juneau City and Borough,Alaska,31969,39.8,61.8,0.7,7,6.9,40.5,100513,8.2,64.4,1462,14170,2704.203
02122,Kenai Peninsula Borough,Alaska,59843,41.5,77.9,0.5,4.3,1.8,29.4,77722,11.6,76.8,1163,32707,16017.53
02130,Ketchikan Gateway Borough,Alaska,13870,40.8,61.4,0.4,5.3,9,27,89155,9.5,67.3,1388,6659,4857.02
02150,Kodiak Island Borough,Alaska,12878,35.4,46,0.6,8.2,22.1,28.6,83716,7.7,60.7,1669,5840,6689.481
02158,Kusilvak Census Area,Alaska,8277,23.6,3.1,0.9,1.6,0.3,5.8,48233,31.2,69.4,832,2341,17077.09
02164,Lake and Peninsula Borough,Alaska,1007,33.4,16.4,2.3,1.1,2.4,18.4,64000,15.2,60.6,933,1355,23831.86
02170,Matanuska-Susitna Borough,Alaska,110677,36.6,76.4,1.3,5.2,1.7,24.3,90625,10.3,76.6,1258,50922,24707.306
02180,Nome Census Area,Alaska,9925,29.4,13.8,1,2.1,1.7,17.5,76643,21.1,63.4,1328,4109,22969.508
02185,North Slope Borough,Alaska,10891,35.2,31.2,1.6,5.3,5.1,14.9,86313,8.3,49.5,1167,2640,88823.624
02188,Northwest Arctic Borough,Alaska,7611,28.3,9.7,0.6,2.1,2.5,12.4,81298,18.4,60.5,1336,2744,35663.282
02195,Petersburg Borough,Alaska,3394,45.7,59.1,1.5,8.9,13.1,27.5,77026,5.7,71,1208,1871,2900.828
02198,Prince of Wales-Hyder Census Area,Alaska,5730,43.7,43.8,0.4,3.6,1.8,17,59079,15.1,71.6,915,3237,5267.817
02220,Sitka City and Borough,Alaska,8393,39.6,59.8,0.4,6.9,7.2,34.4,101207,8.4,61.7,1350,4167,2870.063
02230,Skagway Municipality,Alaska,1308,42.5,68.9,2.2,4.9,7.9,27.7,78594,6.2,65.6,1228,656,433.971
02240,Southeast Fairbanks Census Area,Alaska,6936,37.9,72.5,0.9,5.8,2,19.6,74223,13.3,75.9,1304,3520,24832.27
02275,Wrangell City and Borough,Alaska,2106,44.3,54.2,0.1,5.5,4.1,18.9,64545,10.9,56.6,1047,1300,2556.131
02282,Yakutat City and Borough,Alaska,506,53.2,24.7,5.5,4.7,19.8,14.8,80625,7.8,60.9,1276,391,7625.25
02290,Yukon-Koyukuk Census Area,Alaska,5271,37.3,21.8,1.3,2.1,1.4,12.8,52642,20.8,70.7,893,3958,145581.869
04001,Apache County,Arizona,65680,36.2,18.6,0.9,6.2,0.6,15.3,40338,31.2,79.1,647,29001,11198.313
04003,Cochise County,Arizona,125458,42.9,54.6,3.2,34.3,1.9,27.7,58970,15.5,70.5,939,59312,6209.863
04005,Coconino County,Arizona,144643,32.4,52.5,1.5,15.2,1.7,39.6,69748,17.7,58.8,1406,69907,18616.354
04007,Gila County,Arizona,53610,51.4,62,0.6,17.8,0.8,18.8,59089,17.8,77.2,1001,32614,4757.578
04009,Graham County,Arizona,38860,34.4,53.1,1.3,30.3,0.6,14.6,67326,17.7,73.5,890,13941,4621.877
04011,Greenlee County,Arizona,9452,36.1,45.9,1.5,46.5,0.7,20.4,75239,10.8,55.8,570,4422,1842.838
04012,La Paz County,Arizona,16605,59.7,57.8,0.3,25.5,1.1,13.9,49506,18.4,70.4,735,13653,4496.579
04013,Maricopa County,Arizona,4491987,37.5,53.4,5.5,30.9,4.3,35.9,85518,11.3,65,1587,1850862,9202.016
04015,Mohave County,Arizona,217420,53.2,75.6,1.1,16.7,1.1,14.9,55799,16.8,73.6,1047,119593,13332.117
04017,Navajo County,Arizona,107744,39.4,42.4,1.1,10.6,0.4,17.6,52752,24.7,72.7,832,56946,9949.492
04019,Pima County,Arizona,1049947,39.7,51.2,3.3,36.1,2.9,35.9,67929,14.4,64.8,1154,475378,9188.683
04021,Pinal County,Arizona,449219,40.3,55.9,4.9,29.3,1.6,22.2,77588,10.9,80.5,1417,179861,5366.671
04023,Santa Cruz County,Arizona,48209,37.9,15.3,0.2,82.7,0.1,24.1,53614,20.2,68.4,781,18997,1236.26
04025,Yavapai County,Arizona,241656,55,78.3,0.6,15,1,29.6,66106,12.6,73.5,1258,124032,8122.932
04027,Yuma County,Arizona,207685,35.8,29.6,1.6,64.4,1.1,16.7,60417,16.5,70,983,93924,5513.82
05001,Arkansas County,Arkansas,16773,41,67.6,25.7,3.9,0.1,15.3,60831,14.7,67.5,799,8697,992.14
05003,Ashley County,Arkansas,18722,42.7,67.5,24.6,6.2,0,12.2,44481,22.7,72.1,640,9401,925.492
05005,Baxter County,Arkansas,42150,51.9,91.6,0.4,2.7,0.6,18.7,48427,14.5,75,866,22836,553.931
05007,Benton County,Arkansas,294541,35.8,61.1,1.8,18.1,4.3,36.6,89879,7.6,67.2,1193,118496,847.733
05009,Boone County,Arkansas,37896,41.3,92.8,0.3,3,0.3,16.3,54195,13.4,70.3,715,17395,589.723
05011,Bradley County,Arkansas,10354,38.5,54.5,26.4,15.6,0.1,15.8,39565,20.1,66.9,638,5082,649.167
05013,Calhoun County,Arkansas,4717,44.8,72.5,12.2,11.5,0.2,18.1,63654,13.3,86.4,822,2468,628.601
05015,Carroll County,Arkansas,28526,44.7,70.5,0.2,15.5,1.6,21.1,55187,16.3,77.7,818,13916,629.928
05017,Chicot County,Arkansas,9997,42.9,38.4,53.4,6.3,0.3,17.2,39683,24.4,67.4,661,5114,636.978
05019,Clark County,Arkansas,21378,31.9,67.7,23.6,5.4,0.4,25.5,50985,20.2,61.5,734,10012,865.971
05021,Clay County,Arkansas,14399,42.6,93.8,0.1,0.8,0,15.6,48500,17.2,71.5,696,7499,639.224
05023,Cleburne County,Arkansas,25048,49.5,92.2,0.4,2.8,0.2,18.3,55979,13.8,78.5,853,15641,553.959
05025,Cleveland County,Arkansas,7491,43.7,83.7,13.1,0.3,0.2,16.2,50509,15.6,79.2,635,3598,597.91
05027,Columbia County,Arkansas,22527,34.5,58.5,34.9,3.4,0.4,20.4,47363,22.7,69.1,631,11032,766.065
05029,Conway County,Arkansas,20872,42.6,79.8,11,4.6,0.8,18.2,51212,20.6,71.5,721,9681,551.917
05031,Craighead County,Arkansas,112097,34.5,71.7,16.6,6.2,1.2,27.8,57615,19.1,59.2,930,47983,707.162
05033,Crawford County,Arkansas,60792,39.1,80.2,1.2,8.1,1.2,19.3,60362,16.8,74.2,828,25509,595.269
05035,Crittenden County,Arkansas,47609,36,39.3,50.4,3.1,0.7,17.2,54271,20.7,56.6,883,21367,612.865
05037,Cross County,Arkansas,16681,40.6,71.8,18.4,2.2,0.1,14.8,47012,20.1,66.1,797,7581,616.318
05039,Dallas County,Arkansas,6351,44.5,52.3,43.8,1.4,0.1,11.1,44694,11.2,71.2,626,3490,667.323
05041,Desha County,Arkansas,11041,41.2,42.8,48.6,6.9,0,13,36064,28.9,60.5,689,5812,741.227
05043,Drew County,Arkansas,17143,37.7,64.9,26.7,4.1,0.7,23.3,41071,22.7,63.9,712,8292,828.667
05045,Faulkner County,Arkansas,126001,34,77.7,11.7,5.5,1,33.2,65071,15,61.6,980,52862,647.243
05047,Franklin County,Arkansas,17220,42.4,85.6,0.2,3.2,0.9,13.2,51919,18.9,74,717,7751,608.967
05049,Fulton County,Arkansas,12239,48.6,92.7,0.2,1.7,0,15.7,38941,14.8,84.7,596,6218,617.994
05051,Garland County,Arkansas,100062,45.3,79.8,7.8,7.2,0.8,26.2,55409,16.5,69.2,942,52570,677.615
05053,Grant County,Arkansas,18111,40.2,91.4,2.6,2.7,0.4,20.9,72512,12.3,79.5,779,7907,631.888
05055,Greene County,Arkansas,46182,37.8,89.1,2.2,3.6,0.4,16.5,56793,17,65.1,852,19420,577.34
05057,Hempstead County,Arkansas,19778,41.1,51.9,29.7,14.9,0.5,14.6,47654,19,69.6,781,9638,727.2
05059,Hot Spring County,Arkansas,33142,43,81.1,11.5,4,0,15.8,52644,17.1,77.4,763,14259,614.944
05061,Howard County,Arkansas,12701,39.4,62.9,20.8,12.3,0.6,16.7,44492,19.8,71.2,702,6162,587.332
05063,Independence County,Arkansas,38120,39,82.9,1.6,8.7,0.9,16.9,56009,19.6,67.6,814,16740,763.712
05065,Izard County,Arkansas,13866,47.5,87.1,1.6,2.8,0.5,18.7,47728,21.1,74.7,626,6749,580.201
05067,Jackson County,Arkansas,16775,40.4,75.6,14.7,3.1,0.3,13.3,41215,21.2,65.3,662,7106,633.611
05069,Jefferson County,Arkansas,65780,39.5,37.2,56.1,2.5,0.7,20.6,48552,20.6,63.2,849,30710,872.346
05071,Johnson County,Arkansas,25932,39.4,77.4,1.5,13.6,3.1,18.1,44808,19.4,71.7,714,11523,660.99
05073,Lafayette County,Arkansas,6211,48.5,57.7,35.8,0.8,1.1,9.2,37237,27.2,77.2,711,3940,529.472
05075,Lawrence County,Arkansas,16265,39.8,92.2,1,2.1,0.1,14,44164,18.2,68.2,715,7585,587.528
05077,Lee County,Arkansas,8511,41.9,38.4,54.6,2.9,0.1,6.9,36860,27.7,61.2,638,3707,599.807
05079,Lincoln County,Arkansas,12966,40.1,61.8,28.4,4.9,0.4,10.9,51667,17.7,78.4,672,4398,559.466
05081,Little River County,Arkansas,11959,42.2,71.9,19.6,3.7,0.2,17.4,52241,16.5,80,812,6071,531.255
05083,Logan County,Arkansas,21240,43.8,88.4,1.7,3.3,1.3,15.5,54237,14.4,76.7,721,9762,709.115
05085,Lonoke County,Arkansas,74747,37.3,83.6,5.5,5.2,1.1,21,71449,11.1,74.4,961,30566,771.45
05087,Madison County,Arkansas,17032,41.2,72.4,0.2,6.1,0.2,12.8,53888,15,79,727,7699,834.238
05089,Marion County,Arkansas,17076,51.9,92.2,0.2,2.6,0.7,15.4,46953,17.8,83.5,792,9623,596.598
05091,Miller County,Arkansas,42588,39,66.3,25.5,4,0.7,16,49983,21,65.3,882,19810,624.04
05093,Mississippi County,Arkansas,39749,36.9,56.4,34.8,4.7,0.4,14.2,53428,21,59.4,797,19126,902.093
05095,Monroe County,Arkansas,6681,45.5,53.3,40.2,2.8,1,15.6,43955,22.2,65.7,603,3843,607.461
05097,Montgomery County,Arkansas,8571,50.8,89.7,0.8,4.8,1,16.8,49015,20.8,78.9,734,5469,780.453
05099,Nevada County,Arkansas,8228,44.2,62.7,30.9,4.6,0,11.7,41761,28.5,65.9,841,4318,617.79
05101,Newton County,Arkansas,7175,48.9,92.6,0.2,1.7,0.1,14.3,47395,13.3,72.4,629,4107,821.076
05103,Ouachita County,Arkansas,22317,44,54.2,41,2.5,0.2,15.1,49838,17.9,71.2,714,11870,732.721
05105,Perry County,Arkansas,10073,44.1,90.1,1.8,3.3,0.4,17.1,60078,15.6,77.4,734,4952,551.336
05107,Phillips County,Arkansas,15910,39.9,33.2,61.3,1.9,0.9,14.5,38874,28.7,54,756,8386,690.36
05109,Pike County,Arkansas,10182,42.8,84,3.8,7.9,0.2,19.6,51000,18.8,75.9,671,5319,600.335
05111,Poinsett County,Arkansas,22740,39.8,84.6,5.9,3.7,0,11.9,47188,20.1,63.7,647,10418,758.295
05113,Polk County,Arkansas,19348,44.4,86.7,0.1,6.8,0,17.2,49252,19,82.2,699,9647,856.838
05115,Pope County,Arkansas,63830,36.7,81.3,2.2,10.6,1,24.6,54606,17.6,71.2,855,27033,810.952
05117,Prairie County,Arkansas,8162,45.8,83.9,10.5,2.2,0,16.7,51094,9.4,76.1,637,4093,647.516
05119,Pulaski County,Arkansas,398949,37.5,48.7,36.7,8.2,2.1,37.4,60385,16.2,57.7,1036,192085,758.366
05121,Randolph County,Arkansas,18733,39.3,89.5,1.1,2.5,0.4,14.5,52838,21.1,73.2,671,8620,651.913
05123,St. Francis County,Arkansas,22740,39.7,39.5,54.8,3.3,0.1,12.9,41784,27.8,55.2,791,9583,634.784
05125,Saline County,Arkansas,125724,40.4,79.4,8.3,7,1,28.5,76534,9.1,76.4,980,52468,723.516
05127,Scott County,Arkansas,9839,42.4,83.6,1.5,7.8,1.4,10.8,45955,17.2,73.9,736,4873,892.85
05129,Searcy County,Arkansas,7861,48.5,88.2,0.1,2.2,0.2,13.7,41978,24.5,75.1,596,4721,665.879
05131,Sebastian County,Arkansas,128448,38,66.8,5.7,15.6,4.2,24.4,56450,16.3,61.2,854,57197,531.183
05133,Sevier County,Arkansas,15797,34.8,53.6,4.7,35.1,0.3,10.9,51641,19.6,65.3,725,6768,563.569
05135,Sharp County,Arkansas,17597,47.5,91.3,0.6,2.3,0.6,11.9,42950,17.3,79.6,648,9515,604.641
05137,Stone County,Arkansas,12474,49.2,90.3,0.1,2.1,0.4,15.4,38531,21.6,75.6,717,6820,606.44
05139,Union County,Arkansas,38368,41.5,59.7,32.2,4.6,0.8,18.9,50221,19.4,72.9,825,18663,1039.067
05141,Van Buren County,Arkansas,15936,49.6,91.9,0.6,3.3,0.4,15.8,47266,19.5,78,727,9724,709.57
05143,Washington County,Arkansas,251863,32.5,62.7,3.1,18.3,2.3,34.6,66426,14.8,55.6,1005,103174,941.45
05145,White County,Arkansas,77395,38.4,85.4,4.3,4.8,0.7,19.8,53435,16.4,68.2,806,33622,1033.966
05147,Woodruff County,Arkansas,6157,44.9,69.5,27.1,0.6,0,15.9,49982,22.8,65.7,595,3272,585.973
05149,Yell County,Arkansas,20195,39.9,73.8,1.7,20.9,1.3,14.3,58870,13.3,67.5,653,9300,930.386
06001,Alameda County,California,1651949,38.7,28.2,9.6,23.3,32,51.5,126240,9.2,54.1,2318,630726,737.459
06003,Alpine County,California,1695,41.1,58.6,0,14.7,0.5,42.1,110781,12.3,81,,1587,738.34
06005,Amador County,California,41029,49.9,73.7,1.9,15.5,1.4,22.4,81526,7.8,80.1,1380,18919,594.585
06007,Butte County,California,209470,36.3,66.6,1.7,19.5,5.3,31.7,68574,18.3,58.3,1369,91176,1636.49
06009,Calaveras County,California,45995,52,77.4,1.2,13.9,2.3,22.2,79877,13.4,84.4,1615,27579,1020.016
06011,Colusa County,California,21895,35.7,31.4,1.4,62.3,0.5,14.5,75149,10.8,62.2,1139,8157,1150.679
06013,Contra Costa County,California,1161458,40.3,39.3,8.2,27.3,18.3,44.9,125727,8.3,67.7,2322,426585,716.896
06015,Del Norte County,California,27293,40.8,61.1,2.9,19.6,3,21,66780,11.6,71.2,1182,11156,1006.202
06017,El Dorado County,California,192299,46.1,74.1,0.8,14.2,5,38.8,106190,8.3,76.4,1626,94258,1707.841
06019,Fresno County,California,1012152,33.2,27,4.2,54.1,10.8,23.9,71434,18.7,55.4,1300,342003,5958.383
06021,Glenn County,California,28623,35.9,48.6,0.6,44.1,2.7,16.5,70487,12.4,63.1,1103,10973,1313.968
06023,Humboldt County,California,135418,39.6,70.2,1.1,13.8,3,32.1,61135,18.9,56.3,1249,62625,3568.025
06025,Imperial County,California,179319,33,9.4,2.2,85.6,1.3,16.1,56393,19.6,56.8,1012,57511,4175.528
06027,Inyo County,California,18803,45.6,59,0.6,23.8,1.6,31.8,72432,10.5,67.1,1140,9500,10197.261
06029,Kern County,California,910433,32.4,30.7,4.8,55.7,4.9,18.6,67660,19,59.8,1220,304481,8134.673
06031,Kings County,California,152830,32.3,28.8,6,57.5,3.5,13.9,68750,16.8,54.8,1228,46695,1390.972
06033,Lake County,California,68139,44.2,65.3,1.9,23.8,1,17.7,58738,16.7,70.9,1292,34271,1255.082
06035,Lassen County,California,31177,37.8,61.4,7.5,22.5,1.6,13.2,64395,13.7,68.2,1043,12232,4541.369
06037,Los Angeles County,California,9848406,37.9,25.2,7.5,48.3,14.8,35.5,87760,13.6,46.1,1893,3624084,4060.246
06039,Madera County,California,158790,34.6,30.9,2.4,60.4,2.4,17.1,75496,19.9,65.5,1307,50368,2136.918
06041,Marin County,California,258765,47.3,66.6,2.1,19,6.1,60.5,142785,7.8,63.9,2584,111860,520.141
06043,Mariposa County,California,17060,51.6,76.4,1.3,13.7,1.6,30.9,65378,13.9,74.7,1268,9796,1448.84
06045,Mendocino County,California,90709,43.9,62.1,0.8,26.9,2.2,24.9,64688,15.2,60.9,1325,41495,3506.807
06047,Merced County,California,285597,31.8,24.3,2.7,62.7,7,14.8,65044,18.4,53.3,1284,89610,1938.004
06049,Modoc County,California,8646,49,75.2,0.8,15.3,1.2,23,56648,20.3,77.3,818,4774,3948.233
06051,Mono County,California,13169,40.3,65.5,0.1,26.7,2.2,34.3,86953,11,69.2,1593,13632,3048.904
06053,Monterey County,California,435834,35.3,27.6,2,61,5.5,27.9,94486,12.6,52.3,1995,144659,3281.718
06055,Napa County,California,136070,42.8,49.4,1.8,35.9,7.8,38.5,108970,8.4,64.4,2141,55601,751.975
06057,Nevada County,California,102452,50.3,81.7,0.3,10.5,1.5,39.5,84905,10.6,74.4,1635,53981,957.76
06059,Orange County,California,3164063,39.1,37.7,1.5,34.1,21.7,43.4,113702,9.5,56.4,2352,1138473,792.861
06061,Placer County,California,412435,42.4,67.3,1.6,15.4,8.9,42.9,114678,6.7,74.3,1991,176233,1407.084
06063,Plumas County,California,19607,52.1,81.8,0.7,10,0.5,20.5,64946,10.7,74.8,1034,15037,2553.062
06065,Riverside County,California,2449909,36.7,32,6.1,50.6,6.8,25.1,89672,11.1,68.9,1814,860042,7209.253
06067,Sacramento County,California,1584047,37.2,41.5,9.1,24,17.2,33.3,88724,12.6,58.6,1702,593616,965.28
06069,San Benito County,California,66056,35.9,30.3,0.9,61.7,3.2,22.4,108289,7.8,67.4,1922,20937,1388.652
06071,San Bernardino County,California,2187816,34.4,25.6,7.6,54.6,7.9,22.9,82184,13.6,61.5,1706,738535,20068.167
06073,San Diego County,California,3282782,37.1,43.2,4.4,34.3,11.9,42.1,102285,10.4,54.5,2154,1240607,4210.46
06075,San Francisco County,California,836321,39.7,37.5,4.8,15.9,34.7,60.1,141446,10.6,38.5,2419,411542,46.7
06077,San Joaquin County,California,787416,35.2,27.9,6.7,42.2,17.5,21.6,88531,12.6,61.5,1633,256826,1392.238
06079,San Luis Obispo County,California,281486,40.2,65.4,1.1,24.5,3.4,39.2,93398,12.8,61.9,1899,124871,3300.842
06081,San Mateo County,California,745100,40.6,35.8,2.1,24.9,30.5,53.1,156000,6.5,59.1,2893,285558,448.606
06083,Santa Barbara County,California,443975,34.5,41.5,1.5,47.6,5.1,35.9,95977,13.8,52.9,2050,159766,2733.941
06085,Santa Clara County,California,1903297,37.9,28.2,2.3,25.1,39.3,55.9,159674,6.9,55.3,2814,694209,1291.084
06087,Santa Cruz County,California,266021,39.6,54.6,0.7,35,4.5,43.6,109266,11.2,60,2172,106635,445.106
06089,Shasta County,California,181554,41.7,76.5,0.9,11.3,3.3,23.3,71931,13,65.4,1267,79748,3775.651
06091,Sierra County,California,2731,56,88.8,0.3,9.6,0,24.4,60000,12.3,78.3,1181,2099,953.168
06093,Siskiyou County,California,43834,47.4,74.2,1.6,13.1,1.6,23.1,55499,16.6,69.7,1043,23066,6278.767
06095,Solano County,California,450824,39.1,34.3,12.6,29,15.6,28.4,99994,9.7,63.2,2088,163455,821.736
06097,Sonoma County,California,485642,42.7,59.1,1.5,29.4,4.3,37.8,102840,8.6,62.2,2093,206319,1575.337
06099,Stanislaus County,California,552250,34.8,37.5,2.7,49.2,5.7,19.1,79661,13.1,61,1528,184240,1496.15
06101,Sutter County,California,98971,36.4,42,1.6,32.4,17.1,20.2,75450,14.8,59.2,1364,34681,602.696
06103,Tehama County,California,65520,40.1,62.9,0.8,28.2,1.8,18.8,61834,15.4,67.6,1159,27456,2949.137
06105,Trinity County,California,15886,54.8,79.3,0.9,5.9,2.4,18,53498,18,73,922,8122,3179.268
06107,Tulare County,California,475774,31.9,26.3,1.3,66.1,3.4,15.8,69489,17.8,58.6,1206,152542,4823.899
06109,Tuolumne County,California,54873,48.8,78.6,1.6,13.2,1.3,23.9,72259,10.7,74.1,1247,31491,2220.911
06111,Ventura County,California,838259,39.4,42.9,1.7,43.8,7.1,35.7,107327,9,64.2,2248,294651,1840.775
06113,Yolo County,California,217782,32.3,43,2.5,33.2,14.5,44.1,88818,16.3,53.6,1757,81543,1012.988
06115,Yuba County,California,83079,33.9,50.7,3.5,30,7.5,17.9,73313,15.3,63.3,1209,30089,632.006
08001,Adams County,Colorado,524408,34.6,46.2,3.3,42.3,3.9,28,91387,9.4,68.9,1713,191765,1166.74
08003,Alamosa County,Colorado,16515,33.1,45.8,1.7,47.8,0.4,29.3,51445,18.2,56.4,904,7148,722.645
08005,Arapahoe County,Colorado,655709,37.3,56.4,10.5,21.2,5.9,45.7,97215,8.5,65.1,1812,265980,797.884
08007,Archuleta County,Colorado,13730,52.2,77.3,0,16.4,0.3,40.7,76524,8.3,77.5,1409,9710,1350.088
08009,Baca County,Colorado,3460,43,83.6,0.3,10.7,2.5,24.1,40380,24.1,71.9,490,1986,2554.993
08011,Bent County,Colorado,5524,41.7,54.7,3.5,32.2,0.8,14.2,49194,31.7,66.1,854,2163,1512.847
08013,Boulder County,Colorado,328317,37.5,75.3,0.7,14.6,4.6,63.9,102772,11.4,62.5,1893,142809,726.385
08014,Broomfield County,Colorado,75110,38.8,73.2,1.1,13.8,6.7,58.6,121025,5,62.6,2074,32261,32.968
08015,Chaffee County,Colorado,19876,47.6,84.5,1,9.7,0.7,45.4,70909,10,72.9,1514,11315,1013.408
08017,Cheyenne County,Colorado,1732,43,78.9,1.1,12.6,0.3,24.4,67768,11.4,72.7,862,965,1778.276
08019,Clear Creek County,Colorado,9358,49.2,86.4,1.1,7.6,1.1,56.3,96667,6.8,82.6,1230,5768,395.073
08021,Conejos County,Colorado,7536,38.8,46.2,0.2,50.1,0.3,23.3,47209,13.8,74.5,724,4058,1287.428
08023,Costilla County,Colorado,3571,50.7,36.9,2.2,55.6,1.2,27.8,36519,22.3,78.5,857,2418,1227.593
08025,Crowley County,Colorado,5734,39.6,56,6,28.7,0.8,12.7,47563,18.2,65.8,976,1535,787.428
08027,Custer County,Colorado,5073,58.6,93.1,0,1.8,1.1,35.3,72700,9.7,85.7,1021,4349,738.626
08029,Delta County,Colorado,31353,48.4,80.5,0.8,14.2,0.6,25.7,58330,14.2,76.4,1080,14931,1142.125
08031,Denver County,Colorado,713734,35.2,54.6,8.5,27.9,3.5,55.6,91681,11.2,49.1,1770,352593,153.074
08033,Dolores County,Colorado,2385,57.2,78.4,0,12.4,0,24.7,70490,18.8,84.1,1688,1640,1067.17
08035,Douglas County,Colorado,368283,39.5,78.3,1.3,9.9,5.5,60.9,145737,3.2,77.8,2095,140542,840.888
08037,Eagle County,Colorado,55374,39.3,63.1,0.9,30.2,1.3,50.3,103174,8.3,67.6,2032,33455,1684.47
08039,Elbert County,Colorado,27152,44.8,83.6,0.5,8.6,0.9,35.2,129477,5.3,94.4,1436,10193,1850.086
08041,El Paso County,Colorado,736008,35,66.4,5.5,18.3,2.8,41.1,87470,8.5,66.4,1609,296753,2126.416
08043,Fremont County,Colorado,49394,44.9,78.5,3.6,13,0.8,21,61027,14,76.2,1036,20449,1533.835
08045,Garfield County,Colorado,62034,37.2,62.6,0.4,32,0.8,33.4,86172,9.1,69.7,1515,24640,2947.425
08047,Gilpin County,Colorado,5877,48.7,85.1,1.1,7,0.6,48.4,88654,10,79.6,1340,3706,150.023
08049,Grand County,Colorado,15794,45.5,78.8,0.3,10,0.3,41.8,84558,9,76.4,1451,17037,1846.447
08051,Gunnison County,Colorado,17158,37,84.7,0.5,9.9,0.6,59.3,77358,13.1,66.9,1191,12348,3239.14
08053,Hinsdale County,Colorado,939,54.8,85.8,2,3.1,0,47.1,64327,4.5,79.7,1099,1384,1117.231
08055,Huerfano County,Colorado,6946,55.1,63.8,0,30.8,0.3,27.1,52139,17.5,77.3,739,4750,1591.033
08057,Jackson County,Colorado,1422,51.5,84.3,1.1,13.3,0,27.5,41809,18.2,73.2,1484,1155,1613.726
08059,Jefferson County,Colorado,579715,40.4,75.9,1.1,15.9,2.8,50.7,107800,6.7,70.6,1792,251183,764.383
08061,Kiowa County,Colorado,1356,43.9,88.2,0,9.8,0,20.6,56389,12.8,69.7,869,704,1767.809
08063,Kit Carson County,Colorado,7015,39,75.6,0.1,19.7,0.3,18.4,59810,9.1,68.3,916,3426,2160.822
08065,Lake County,Colorado,7411,36.9,57.3,0.1,35.2,0.2,46.1,93655,7.2,76,1599,4033,376.919
08067,La Plata County,Colorado,56088,42.3,76.6,0.2,12.7,0.8,47.3,85296,12.4,71,1409,28613,1689.682
08069,Larimer County,Colorado,363561,36.6,79.9,0.9,12.7,2.1,51.7,91364,11.1,64.3,1677,161882,2595.747
08071,Las Animas County,Colorado,14392,46.5,54.4,1.6,39,1.3,17.3,50408,17.4,70.1,875,8134,4772.938
08073,Lincoln County,Colorado,5561,40.7,75.2,5.7,14.9,0,25.7,54257,10.3,71.1,854,2385,2577.73
08075,Logan County,Colorado,21067,39.1,76.3,1.6,16.8,0.5,18.9,55074,13.1,68.3,1027,8709,1838.599
08077,Mesa County,Colorado,157316,40.8,79,0.6,15.2,0.9,30.6,71485,11.2,71.9,1154,68861,3328.721
08079,Mineral County,Colorado,799,53.7,90,0,2.4,0.9,54.5,52455,13,73.7,903,1251,875.76
08081,Moffat County,Colorado,13258,37.9,76.8,0.1,16.4,0.3,21,70975,11.7,72.1,1051,6114,4743.244
08083,Montezuma County,Colorado,26204,44.5,71.3,1.2,12.4,0.9,30.8,63005,13.2,74.8,974,12314,2029.349
08085,Montrose County,Colorado,43272,45.7,74,0.3,21.2,0.5,28.3,66072,11.9,74.6,1120,19429,2240.946
08087,Morgan County,Colorado,29186,36.9,56.1,3,37.4,0.6,17.6,75407,12.3,65.1,1092,11670,1280.485
08089,Otero County,Colorado,18460,40.9,52.2,1,41.7,0.7,18.8,54897,23.6,68.9,796,8725,1261.946
08091,Ouray County,Colorado,5024,55.6,89.4,0.8,4.7,0.4,54,84556,5,78,1398,3466,540.671
08093,Park County,Colorado,17739,51.7,86.8,0.8,7.4,1.1,38.8,95450,7.2,87.4,1942,14362,2193.51
08095,Phillips County,Colorado,4491,40.3,71.4,0,27,0.1,25.7,60372,15.7,74.9,947,2085,687.928
08097,Pitkin County,Colorado,17119,47.3,80.5,0.4,11.1,2.3,64,100318,7.2,67.5,1880,13350,970.701
08099,Prowers County,Colorado,11931,38.5,56,0.7,39.8,0.5,18.8,57601,17.2,70.3,741,5466,1638.407
08101,Pueblo County,Colorado,168726,40.4,51.6,1.8,42,0.7,25,62250,15.4,68.3,1059,73031,2386.591
08103,Rio Blanco County,Colorado,6518,39.1,82.4,0.1,10.5,0.4,26.6,72620,9,75.9,924,3288,3220.971
08105,Rio Grande County,Colorado,11394,43.2,55.2,0.4,40.6,0.1,31.1,62166,14.9,68.4,782,6574,911.956
08107,Routt County,Colorado,24990,42.6,81.4,0.1,8.7,0.8,52.1,104803,6.4,75.9,1845,16913,2362.02
08109,Saguache County,Colorado,6511,49.8,56.1,0.7,36.9,0.8,30.7,54283,17.6,75.1,746,3838,3168.566
08111,San Juan County,Colorado,690,42.2,78.8,0,16.2,0,47.2,73889,16.8,55.5,1076,720,387.516
08113,San Miguel County,Colorado,8026,42.7,84.6,0.7,11.3,0.2,65.2,80117,8.4,65.2,1173,6606,1286.725
08115,Sedgwick County,Colorado,2346,42.9,75.4,0.9,18.6,1.6,27.4,52833,14.5,72.3,728,1184,548.041
08117,Summit County,Colorado,30857,39.2,74.9,0.4,16.9,1.5,52.5,106255,7.4,69.2,1851,31849,608.328
08119,Teller County,Colorado,24774,52,84.5,1,7.4,0.4,37.8,80666,7.6,82.2,1746,13516,557.141
08121,Washington County,Colorado,4839,41.2,84.7,1.1,11.3,0.4,24.9,65164,7.6,71.7,991,2280,2518.084
08123,Weld County,Colorado,340711,35.2,63,1.2,30.5,1.6,32,93287,9,75.5,1469,125033,3984.958
08125,Yuma County,Colorado,9921,39.6,68.2,0.1,28.8,0,26,60051,15,69.9,897,4324,2364.399
09110,Capitol Planning Region,Connecticut,969029,40.2,60.9,11.5,17.4,5.8,41.5,91541,10.3,65.4,1351,415269,1027.349
09120,Greater Bridgeport Planning Region,Connecticut,326296,40,53.4,11.1,26.1,5.2,41.7,87135,13.2,65.4,1482,125678,140.181
09130,Lower Connecticut River Valley Planning Region,Connecticut,174983,45.8,80,4.5,7.4,3.5,45.5,101117,6.9,75.2,1399,82771,424.115
09140,Naugatuck Valley Planning Region,Connecticut,452303,41.9,61.1,10.3,19.2,4,33.8,86365,10.3,67.6,1288,191984,412.784
09150,Northeastern Connecticut Planning Region,Connecticut,95829,43.9,87.2,1.7,5,1.4,26.2,87564,8.6,76.2,1153,41629,553.895
09160,Northwest Hills Planning Region,Connecticut,112848,47.1,82.7,2.5,8.4,2.2,39.4,91035,9.2,75.9,1169,55665,786.642
09170,South Central Connecticut Planning Region,Connecticut,566803,40.2,59.6,13,19.1,4.3,41.1,86266,11.6,60.6,1463,247217,367.169
09180,Southeastern Connecticut Planning Region,Connecticut,279025,41,71.3,5,14.7,3.7,34.6,84185,10.6,65.4,1316,125728,598.135
09190,Western Connecticut Planning Region,Connecticut,621232,41.5,59.7,9.8,19.9,5.3,55,124553,7.4,66.2,2060,250108,532.127
