GEOID,name,state_fips,state_abbr,aland,awater,centroid_lat,centroid_lng
01001,Autauga County,01,AL,1539631461,25677536,32.532237,-86.64644
01003,Baldwin County,01,AL,4117725048,1132887203,30.659218,-87.746067
01005,Barbour County,01,AL,2292160151,50523213,31.870253,-85.405104
01007,Bibb County,01,AL,1612188713,9572302,33.015893,-87.127148
01009,Blount County,01,AL,1670259100,14860281,33.977358,-86.56644
01011,Bullock County,01,AL,1613083468,6030667,32.101759,-85.717261
01013,Butler County,01,AL,2012002548,2701199,31.751667,-86.681969
01015,Calhoun County,01,AL,1569248377,16534047,33.770516,-85.827909
01017,Chambers County,01,AL,1545068570,16988729,32.915504,-85.394032
01019,Cherokee County,01,AL,1433620850,120310807,34.069515,-85.654242
01021,Chilton County,01,AL,1794438908,20592054,32.854051,-86.726607
01023,Choctaw County,01,AL,2365900084,19114321,31.990954,-88.248889
01025,Clarke County,01,AL,3207494083,36657889,31.685521,-87.818624
01027,Clay County,01,AL,1564255426,5281616,33.2704,-85.863525
01029,Cleburne County,01,AL,1450666453,2352217,33.671964,-85.516126
01031,Coffee County,01,AL,1758565928,3907189,31.402258,-85.989602
01033,Colbert County,01,AL,1535740663,79162005,34.703112,-87.801457
01035,Conecuh County,01,AL,2202213383,6426488,31.430926,-86.988722
01037,Coosa County,01,AL,1685846963,39991153,32.931445,-86.243482
01039,Covington County,01,AL,2669165560,34194851,31.243987,-86.448721
01041,Crenshaw County,01,AL,1576952763,5388562,31.730311,-86.320038
01043,Cullman County,01,AL,1902965941,52529994,34.131923,-86.869267
01045,Dale County,01,AL,1453276164,4051341,31.430654,-85.609476
01047,Dallas County,01,AL,2534919602,39124772,32.333526,-87.11436
01049,DeKalb County,01,AL,2012620262,4107136,34.460915,-85.804021
01051,Elmore County,01,AL,1601948960,99777799,32.597229,-86.142735
01053,Escambia County,01,AL,2448595164,20024887,31.122287,-87.16841
01055,Etowah County,01,AL,1385916764,35022972,34.047641,-86.034263
01057,Fayette County,01,AL,1625693253,4330881,33.716157,-87.764292
01059,Franklin County,01,AL,1641945980,32539346,34.441989,-87.842814
01061,Geneva County,01,AL,1487908432,11567409,31.092382,-85.821022
01063,Greene County,01,AL,1675782054,33416150,32.844497,-87.9642
01065,Hale County,01,AL,1667926667,32403804,32.752796,-87.623061
01067,Henry County,01,AL,1455293386,16620066,31.516978,-85.239971
01069,Houston County,01,AL,1501742235,4795415,31.158183,-85.296411
01071,Jackson County,01,AL,2792044644,126334711,34.764114,-85.980056
01073,Jefferson County,01,AL,2878876058,32657853,33.553444,-86.896536
01075,Lamar County,01,AL,1566544672,1600679,33.787085,-88.087431
01077,Lauderdale County,01,AL,1730157475,133597557,34.904168,-87.651108
01079,Lawrence County,01,AL,1788864400,68682236,34.529776,-87.321865
01081,Lee County,01,AL,1573532974,21510597,32.604064,-85.353048
01083,Limestone County,01,AL,1459209232,113398272,34.810239,-86.981399
01085,Lowndes County,01,AL,1854651875,23271196,32.147888,-86.650586
01087,Macon County,01,AL,1576435599,11765503,32.387027,-85.692887
01089,Madison County,01,AL,2076138753,28783868,34.764238,-86.55108
01091,Marengo County,01,AL,2530155124,14951685,32.247591,-87.791091
01093,Marion County,01,AL,1922657200,3183480,34.138219,-87.881551
01095,Marshall County,01,AL,1465531837,148497637,34.309564,-86.321668
01097,Mobile County,01,AL,3184064132,1074011164,30.684572,-88.196568
01099,Monroe County,01,AL,2656469672,22609681,31.580353,-87.383342
01101,Montgomery County,01,AL,2034059353,37703222,32.202881,-86.204461
01103,Morgan County,01,AL,1501335553,50196370,34.454484,-86.846402
01105,Perry County,01,AL,1863936201,10902207,32.639005,-87.293827
01107,Pickens County,01,AL,2282835044,22621093,33.2968,-88.096864
01109,Pike County,01,AL,1740645369,2339145,31.798653,-85.941608
01111,Randolph County,01,AL,1503618354,9283013,33.296461,-85.464064
01113,Russell County,01,AL,1660652495,15564412,32.289811,-85.18698
01115,St. Clair County,01,AL,1635759668,56431801,33.719491,-86.311327
01117,Shelby County,01,AL,2034281696,62286215,33.266893,-86.661007
01119,Sumter County,01,AL,2340898915,24634880,32.597481,-88.200057
01121,Talladega County,01,AL,1908347265,60873716,33.369314,-86.17593
01123,Tallapoosa County,01,AL,1855797991,128790986,32.863308,-85.799618
01125,Tuscaloosa County,01,AL,3420980038,78703449,33.29022,-87.522783
01127,Walker County,01,AL,2048757782,36683003,33.791558,-87.301094
01129,Washington County,01,AL,2797848586,21524393,31.408503,-88.212404
01131,Wilcox County,01,AL,2299540558,50592191,31.990082,-87.304935
01133,Winston County,01,AL,1587657467,48873867,34.154566,-87.365346
02013,Aleutians East Borough,02,AK,18094314940,20797208728,55.245044,-161.997477
02016,Aleutians West Census Area,02,AK,11377885026,25183635754,51.948964,179.621188
02020,Anchorage Municipality,02,AK,4421121090,620772451,61.17425,-149.284329
02050,Bethel Census Area,02,AK,105253430580,12735049150,60.929141,-160.152625
02060,Bristol Bay Borough,02,AK,1248248809,949842637,58.741661,-156.966805
02063,Chugach Census Area,02,AK,24683085007,14538012081,60.488474,-146.203092
02066,Copper River Census Area,02,AK,63953072617,1218890955,62.034479,-143.922167
02068,Denali Borough,02,AK,32740165566,66105677,63.682039,-150.027016
02070,Dillingham Census Area,02,AK,47484825298,5943879883,59.543326,-158.267123
02090,Fairbanks North Star Borough,02,AK,18996920890,259490619,64.670454,-146.496061
02100,Haines Borough,02,AK,6069910088,1042408269,59.098404,-135.575791
02105,Hoonah-Angoon Census Area,02,AK,16989573435,7803641230,58.403336,-135.884909
02110,Juneau City and Borough,02,AK,7003853675,1426248704,58.37291,-134.178445
02122,Kenai Peninsula Borough,02,AK,41485210464,22540897216,60.366668,-152.322283
02130,Ketchikan Gateway Borough,02,AK,12579623384,4651597936,55.449938,-131.106685
02150,Kodiak Island Borough,02,AK,17325674232,14147257374,57.7044,-153.918372
02158,Kusilvak Census Area,02,AK,44229459238,6686116460,62.283588,-163.190171
02164,Lake and Peninsula Borough,02,AK,61724231553,25989628379,58.108507,-156.413413
02170,Matanuska-Susitna Borough,02,AK,63991627244,1445752957,62.265626,-149.503993
02180,Nome Census Area,02,AK,59490749603,13780642800,64.783686,-164.188912
02185,North Slope Borough,02,AK,230052121425,15551062281,69.449343,-153.47283
02188,Northwest Arctic Borough,02,AK,92367472818,12837268667,67.005066,-160.021086
02195,Petersburg Borough,02,AK,7513110542,2385848260,57.112458,-133.008598
02198,Prince of Wales-Hyder Census Area,02,AK,13643584003,14612158683,55.682773,-133.162389
02220,Sitka City and Borough,02,AK,7433427535,5037735764,57.193204,-135.367396
02230,Skagway Municipality,02,AK,1123980973,28784118,59.560379,-135.338279
02240,Southeast Fairbanks Census Area,02,AK,64315282486,749292918,63.864997,-143.218628
02275,Wrangell City and Borough,02,AK,6620347765,2384381271,56.180779,-132.026788
02282,Yakutat City and Borough,02,AK,19749306497,3986144517,60.017508,-140.416847
02290,Yukon-Koyukuk Census Area,02,AK,377055293513,5947344387,65.375727,-151.57785
04001,Apache County,04,AZ,29003497251,54139714,35.385084,-109.490172
04003,Cochise County,04,AZ,16083471945,17648749,31.840129,-109.775163
04005,Coconino County,04,AZ,48216132682,116637123,35.829692,-111.773728
04007,Gila County,04,AZ,12322068647,96466819,33.789618,-110.81187
04009,Graham County,04,AZ,11970605959,47476264,32.931828,-109.87831
04011,Greenlee County,04,AZ,4772927116,11947401,33.238872,-109.242323
04012,La Paz County,04,AZ,11646086556,36514346,33.72761,-114.038806
04013,Maricopa County,04,AZ,23833110838,62124435,33.345176,-112.49893
04015,Mohave County,04,AZ,34530024142,333399390,35.717705,-113.749689
04017,Navajo County,04,AZ,25769065747,24121095,35.390785,-110.321025
04019,Pima County,04,AZ,23798578895,5112015,32.128038,-111.783657
04021,Pinal County,04,AZ,13899613086,20747212,32.918521,-111.366339
04023,Santa Cruz County,04,AZ,3201899628,3068237,31.525733,-110.845228
04025,Yavapai County,04,AZ,21038297493,11358280,34.631071,-112.577225
04027,Yuma County,04,AZ,14280726749,13242852,32.773942,-113.910905
05001,Arkansas County,05,AR,2569631425,120698186,34.28957,-91.376547
05003,Ashley County,05,AR,2397012344,38656004,33.190835,-91.772267
05005,Baxter County,05,AR,1434675033,84916246,36.280268,-92.329949
05007,Benton County,05,AR,2195617603,94872357,36.337819,-94.256298
05009,Boone County,05,AR,1527375316,31797985,36.304299,-93.079236
05011,Bradley County,05,AR,1681335016,9505606,33.466549,-92.169156
05013,Calhoun County,05,AR,1628067843,9887802,33.56046,-92.513879
05015,Carroll County,05,AR,1631504871,22715757,36.33737,-93.540972
05017,Chicot County,05,AR,1649764401,140413175,33.267139,-91.297158
05019,Clark County,05,AR,2242855171,43965580,34.053316,-93.176208
05021,Clay County,05,AR,1655581941,5497697,36.367302,-90.418704
05023,Cleburne County,05,AR,1434747668,98885396,35.593628,-92.008898
05025,Cleveland County,05,AR,1548580962,2561701,33.893201,-92.188714
05027,Columbia County,05,AR,1984098878,1985830,33.223038,-93.232843
05029,Conway County,05,AR,1429458630,37757457,35.26569,-92.689249
05031,Craighead County,05,AR,1831541697,14320048,35.827729,-90.631421
05033,Crawford County,05,AR,1541738662,26917846,35.582959,-94.236193
05035,Crittenden County,05,AR,1587312632,81689126,35.197559,-90.30512
05037,Cross County,05,AR,1596255187,15389371,35.285692,-90.763984
05039,Dallas County,05,AR,1728358302,1731378,33.967823,-92.653999
05041,Desha County,05,AR,1919768424,185180909,33.828752,-91.244103
05043,Drew County,05,AR,2146237578,18789748,33.587242,-91.722778
05045,Faulkner County,05,AR,1676351918,43617755,35.146548,-92.336928
05047,Franklin County,05,AR,1577218110,28853849,35.508558,-93.887665
05049,Fulton County,05,AR,1600597359,6357861,36.381322,-91.819285
05051,Garland County,05,AR,1755013635,147452177,34.578852,-93.146932
05053,Grant County,05,AR,1636581698,2896901,34.285568,-92.422979
05055,Greene County,05,AR,1495304329,5273183,36.120607,-90.566346
05057,Hempstead County,05,AR,1883439299,35737908,33.735953,-93.664355
05059,Hot Spring County,05,AR,1592697300,18725599,34.315177,-92.944147
05061,Howard County,05,AR,1521182021,21361761,34.083064,-93.990931
05063,Independence County,05,AR,1978003734,20251226,35.737499,-91.559942
05065,Izard County,05,AR,1502713749,9576574,36.094879,-91.913625
05067,Jackson County,05,AR,1641044498,20284491,35.596467,-91.223205
05069,Jefferson County,05,AR,2259364695,113071690,34.277239,-91.929673
05071,Johnson County,05,AR,1711955744,59529090,35.573359,-93.466322
05073,Lafayette County,05,AR,1371327392,43028603,33.240629,-93.611514
05075,Lawrence County,05,AR,1521690358,12395693,36.041098,-91.101153
05077,Lee County,05,AR,1553493435,57858191,34.779505,-90.779717
05079,Lincoln County,05,AR,1449008946,26693606,33.956385,-91.742355
05081,Little River County,05,AR,1375943077,83115227,33.701941,-94.236287
05083,Logan County,05,AR,1836599802,53969487,35.218654,-93.72091
05085,Lonoke County,05,AR,1998045643,82719024,34.755114,-91.894132
05087,Madison County,05,AR,2160665381,7455733,36.012545,-93.724053
05089,Marion County,05,AR,1545182805,112951239,36.266664,-92.678577
05091,Miller County,05,AR,1616257232,36848741,33.305505,-93.901502
05093,Mississippi County,05,AR,2336409866,72224609,35.766944,-90.052207
05095,Monroe County,05,AR,1573316559,35707672,34.679512,-91.20331
05097,Montgomery County,05,AR,2021363886,52979164,34.545656,-93.664153
05099,Nevada County,05,AR,1600067809,7489490,33.666699,-93.305072
05101,Newton County,05,AR,2126576327,5935911,35.910742,-93.215898
05103,Ouachita County,05,AR,1897739680,18183262,33.591168,-92.878413
05105,Perry County,05,AR,1427953397,24428560,34.946363,-92.926877
05107,Phillips County,05,AR,1788024156,95966884,34.423687,-90.855593
05109,Pike County,05,AR,1554861227,35284868,34.158191,-93.658659
05111,Poinsett County,05,AR,1963975402,13892744,35.56887,-90.681104
05113,Polk County,05,AR,2219200783,12520930,34.49096,-94.230894
05115,Pope County,05,AR,2100355867,50772506,35.456557,-93.026818
05117,Prairie County,05,AR,1677059909,72638195,34.831116,-91.55362
05119,Pulaski County,05,AR,1964159826,126989205,34.770311,-92.312996
05121,Randolph County,05,AR,1688445994,10370824,36.341298,-91.028441
05123,St. Francis County,05,AR,1644082976,20017606,35.022838,-90.751506
05125,Saline County,05,AR,1873898608,17955554,34.648525,-92.674463
05127,Scott County,05,AR,2312470680,14373451,34.858869,-94.063641
05129,Searcy County,05,AR,1724618501,6461828,35.896387,-92.695888
05131,Sebastian County,05,AR,1375756983,34511833,35.196981,-94.274989
05133,Sevier County,05,AR,1459636819,45919661,33.994877,-94.243279
05135,Sharp County,05,AR,1566013574,5209695,36.173399,-91.471069
05137,Stone County,05,AR,1570673289,8145444,35.857001,-92.140482
05139,Union County,05,AR,2691170081,42102269,33.168219,-92.598145
05141,Van Buren County,05,AR,1837778050,37208224,35.582953,-92.515976
05143,Washington County,05,AR,2438344183,27900311,35.978001,-94.217269
05145,White County,05,AR,2677959079,20840622,35.255118,-91.753034
05147,Woodruff County,05,AR,1517662708,21064563,35.192777,-91.244535
05149,Yell County,05,AR,2409688595,46994485,34.997713,-93.408303
06001,Alameda County,06,CA,1910010507,216909647,37.647139,-121.912488
06003,Alpine County,06,CA,1912292607,12557304,38.621783,-119.798352
06005,Amador County,06,CA,1539967079,29437120,38.443549,-120.653858
06007,Butte County,06,CA,4238488659,105260548,39.665336,-121.603209
06009,Calaveras County,06,CA,2641829627,43797225,38.191068,-120.554107
06011,Colusa County,06,CA,2980245451,14696164,39.177739,-122.237563
06013,Contra Costa County,06,CA,1856752855,225364426,37.919479,-121.951543
06015,Del Norte County,06,CA,2606049835,578810831,41.749903,-123.980998
06017,El Dorado County,06,CA,4423288010,203364019,38.785612,-120.534225
06019,Fresno County,06,CA,15432139286,136609893,36.761006,-119.655019
06021,Glenn County,06,CA,3403160293,33693351,39.602546,-122.4017
06023,Humboldt County,06,CA,9241141221,1254150035,40.706655,-123.926176
06025,Imperial County,06,CA,10814568238,790135127,33.040814,-115.3554
06027,Inyo County,06,CA,26410783053,77280938,36.56216,-117.404209
06029,Kern County,06,CA,21068705434,78332288,35.346629,-118.729506
06031,Kings County,06,CA,3602601921,3164290,36.072478,-119.81553
06033,Lake County,06,CA,3250647505,189100321,39.108009,-122.745217
06035,Lassen County,06,CA,11762090640,462950977,40.715287,-120.621223
06037,Los Angeles County,06,CA,10515988121,1785003256,34.196398,-118.261862
06039,Madera County,06,CA,5534591545,42271836,37.209821,-119.749802
06041,Marin County,06,CA,1347159145,797808345,38.051367,-122.746396
06043,Mariposa County,06,CA,3752476985,36220865,37.574343,-119.911721
06045,Mendocino County,06,CA,9082586851,961786019,39.432388,-123.442881
06047,Merced County,06,CA,5019407135,105277636,37.194806,-120.722802
06049,Modoc County,06,CA,10225876984,660504011,41.592918,-120.71837
06051,Mono County,06,CA,7896625264,214695142,37.915836,-118.875167
06053,Monterey County,06,CA,8499609695,1267806850,36.240104,-121.315578
06055,Napa County,06,CA,1947606499,104444597,38.5071,-122.325904
06057,Nevada County,06,CA,2480587299,41531993,39.297508,-120.771343
06059,Orange County,06,CA,2053499195,406256078,33.675687,-117.777207
06061,Placer County,06,CA,3644330331,246442517,39.062032,-120.722718
06063,Plumas County,06,CA,6612400771,156387638,39.992295,-120.824371
06065,Riverside County,06,CA,18671879658,242864215,33.729828,-116.002239
06067,Sacramento County,06,CA,2500063005,75323439,38.450136,-121.344329
06069,San Benito County,06,CA,3596591086,4719300,36.611651,-121.085811
06071,San Bernardino County,06,CA,51976311343,96418184,34.856661,-116.181571
06073,San Diego County,06,CA,10905039592,816542690,33.023604,-116.776117
06075,San Francisco County,06,CA,120951669,479702222,37.727239,-123.032229
06077,San Joaquin County,06,CA,3605878836,89000661,37.934982,-121.272244
06079,San Luis Obispo County,06,CA,8549140866,815650229,35.388189,-120.448897
06081,San Mateo County,06,CA,1161882952,757162988,37.414672,-122.371546
06083,Santa Barbara County,06,CA,7080874935,2729198796,34.536677,-120.038364
06085,Santa Clara County,06,CA,3343892718,33595850,37.221614,-121.68954
06087,Santa Cruz County,06,CA,1152818089,419720203,37.012347,-122.007789
06089,Shasta County,06,CA,9778891285,185818272,40.760514,-122.043556
06091,Sierra County,06,CA,2468694578,23299110,39.576925,-120.521993
06093,Siskiyou County,06,CA,16261931187,179151859,41.587986,-122.533287
06095,Solano County,06,CA,2128287126,218615209,38.267226,-121.939594
06097,Sonoma County,06,CA,4080103614,497291856,38.525182,-122.92611
06099,Stanislaus County,06,CA,3875010968,46378776,37.562316,-121.002831
06101,Sutter County,06,CA,1560975502,14811541,39.03619,-121.70394
06103,Tehama County,06,CA,7638229380,33767224,40.126157,-122.232274
06105,Trinity County,06,CA,8234265080,73407950,40.647858,-123.114666
06107,Tulare County,06,CA,12493840856,37260863,36.228834,-118.781055
06109,Tuolumne County,06,CA,5752133236,138668835,38.021434,-119.964733
06111,Ventura County,06,CA,4767585000,947376202,34.358748,-119.133145
06113,Yolo County,06,CA,2623627933,22888380,38.679609,-121.90275
06115,Yuba County,06,CA,1636887866,31084093,39.27013,-121.344259
08001,Adams County,08,CO,3021842651,43699739,39.874325,-104.331872
08003,Alamosa County,08,CO,1871643028,1670455,37.568442,-105.788041
08005,Arapahoe County,08,CO,2066509941,19798771,39.644554,-104.331706
08007,Archuleta County,08,CO,3496712165,13740247,37.202395,-107.050863
08009,Baca County,08,CO,6617400566,6142192,37.30978,-102.543741
08011,Bent County,08,CO,3918255147,73141519,37.931891,-103.077584
08013,Boulder County,08,CO,1881327883,36482864,40.094966,-105.397702
08014,Broomfield County,08,CO,85387137,1502572,39.953593,-105.050787
08015,Chaffee County,08,CO,2624715693,3999975,38.734599,-106.300025
08017,Cheyenne County,08,CO,4605713958,8166129,38.835646,-102.601791
08019,Clear Creek County,08,CO,1023234059,3274900,39.689403,-105.670783
08021,Conejos County,08,CO,3334423894,9235012,37.213406,-106.176447
08023,Costilla County,08,CO,3179452305,8828906,37.277547,-105.42894
08025,Crowley County,08,CO,2039427879,33422981,38.30618,-103.772736
08027,Custer County,08,CO,1913031985,3364150,38.101996,-105.373512
08029,Delta County,08,CO,2958090989,16786781,38.861423,-107.865043
08031,Denver County,08,CO,396460145,4275563,39.76185,-104.881105
08033,Dolores County,08,CO,2763958508,2716141,37.733823,-108.506219
08035,Douglas County,08,CO,2177889325,6795841,39.325414,-104.925987
08037,Eagle County,08,CO,4362757704,18967163,39.626992,-106.695169
08039,Elbert County,08,CO,4791700174,442147,39.315157,-104.114076
08041,El Paso County,08,CO,5507392242,7065030,38.827383,-104.527472
08043,Fremont County,08,CO,3972613660,2235544,38.45517,-105.424958
08045,Garfield County,08,CO,7633796656,21707241,39.599352,-107.90978
08047,Gilpin County,08,CO,388556748,942056,39.861156,-105.528878
08049,Grand County,08,CO,4782276778,59886083,40.113065,-106.110837
08051,Gunnison County,08,CO,8389334152,53070998,38.670499,-107.05688
08053,Hinsdale County,08,CO,2893614472,15324685,37.811519,-107.383974
08055,Huerfano County,08,CO,4120756305,5792101,37.687815,-104.959928
08057,Jackson County,08,CO,4179530231,18750017,40.663432,-106.329248
08059,Jefferson County,08,CO,1979743477,25071356,39.579511,-105.245462
08061,Kiowa County,08,CO,4578603586,47032918,38.387663,-102.756849
08063,Kit Carson County,08,CO,5596501950,2251929,39.30534,-102.603023
08065,Lake County,08,CO,976215864,18111565,39.205341,-106.350079
08067,La Plata County,08,CO,4376255271,25642579,37.287367,-107.839718
08069,Larimer County,08,CO,6722952763,99045889,40.658093,-105.486764
08071,Las Animas County,08,CO,12361852648,6929970,37.318831,-104.04411
08073,Lincoln County,08,CO,6676289550,22780358,38.99374,-103.507555
08075,Logan County,08,CO,4761949507,16363553,40.728091,-103.090464
08077,Mesa County,08,CO,8621348062,31991710,39.019524,-108.460571
08079,Mineral County,08,CO,2268209075,5222161,37.549067,-107.003236
08081,Moffat County,08,CO,12284943822,19803411,40.610864,-108.217154
08083,Montezuma County,08,CO,5255990018,27208195,37.338025,-108.595786
08085,Montrose County,08,CO,5804023560,4923260,38.407507,-108.266282
08087,Morgan County,08,CO,3316441489,34663098,40.263159,-103.81221
08089,Otero County,08,CO,3268424308,20092555,37.88417,-103.72126
08091,Ouray County,08,CO,1400332623,3986292,38.154731,-107.78848
08093,Park County,08,CO,5681165602,43519329,39.118914,-105.717648
08095,Phillips County,08,CO,1781724977,301808,40.594712,-102.345105
08097,Pitkin County,08,CO,2514104903,6472577,39.217541,-106.916162
08099,Prowers County,08,CO,4243454812,15319854,37.958181,-102.392161
08101,Pueblo County,08,CO,6181242832,28941249,38.162765,-104.484668
08103,Rio Blanco County,08,CO,8342275014,4868111,39.972622,-108.200716
08105,Rio Grande County,08,CO,2361956083,984295,37.485853,-106.453128
08107,Routt County,08,CO,6117602804,15831744,40.483664,-106.987702
08109,Saguache County,08,CO,8206547700,4454510,38.031651,-106.234666
08111,San Juan County,08,CO,1003660671,2035929,37.781049,-107.670257
08113,San Miguel County,08,CO,3332602596,5207582,38.009319,-108.427263
08115,Sedgwick County,08,CO,1419419015,3530746,40.871568,-102.355358
08117,Summit County,08,CO,1575563218,28310936,39.621023,-106.137555
08119,Teller County,08,CO,1442988176,4960197,38.869976,-105.187365
08121,Washington County,08,CO,6521806797,15207397,39.96579,-103.209744
08123,Weld County,08,CO,10320993622,82329005,40.555961,-104.383666
08125,Yuma County,08,CO,6123764035,11134194,40.00077,-102.421649
09110,Capitol Planning Region,09,CT,2660820519,48788205,41.81697,-72.575886
09120,Greater Bridgeport Planning Region,09,CT,363067866,253764138,41.184558,-73.209401
09130,Lower Connecticut River Valley Planning Region,09,CT,1098452316,241091042,41.420307,-72.493525
09140,Naugatuck Valley Planning Region,09,CT,1069106360,22747873,41.518931,-73.087906
09150,Northeastern Connecticut Planning Region,09,CT,1434581261,23987846,41.842375,-71.972655
09160,Northwest Hills Planning Region,09,CT,2037392865,55597912,41.854809,-73.221494
09170,South Central Connecticut Planning Region,09,CT,950963145,653739737,41.290167,-72.837024
09180,Southeastern Connecticut Planning Region,09,CT,1549162983,216462800,41.484769,-72.101666
09190,Western Connecticut Planning Region,09,CT,1378202959,300184873,41.279055,-73.44655
10001,Kent County,10,DE,1517891094,549776917,39.097088,-75.502982
10003,New Castle County,10,DE,1104206939,175316802,39.575915,-75.644132
10005,Sussex County,10,DE,2424605748,674113743,38.673227,-75.337024
11001,District of Columbia,11,DC,158316184,18709787,38.904247,-77.016517
12001,Alachua County,12,FL,2267910953,241291892,29.67574,-82.357221
12003,Baker County,12,FL,1515738969,9686120,30.324442,-82.302284
12005,Bay County,12,FL,1964760713,1834028527,30.15914,-85.534395
12007,Bradford County,12,FL,761368539,16898784,29.952386,-82.166698
12009,Brevard County,12,FL,2628759927,1403943647,28.298311,-80.700333
12011,Broward County,12,FL,3115520735,273292460,26.193535,-80.476683
12013,Calhoun County,12,FL,1469394597,18070425,30.388801,-85.197915
12015,Charlotte County,12,FL,1764086777,689242503,26.906396,-82.003657
12017,Citrus County,12,FL,1507146172,981162732,28.850292,-82.595552
12019,Clay County,12,FL,1565900896,100869769,29.986584,-81.865036
12021,Collier County,12,FL,5171811319,1575210652,26.118786,-81.400955
12023,Columbia County,12,FL,2065197086,10207202,30.221651,-82.623371
12027,DeSoto County,12,FL,1649031786,6243548,27.190581,-81.806253
12029,Dixie County,12,FL,1826030991,876346098,29.552675,-83.236232
12031,Duval County,12,FL,1975169546,403639667,30.335245,-81.648113
12033,Escambia County,12,FL,1701606700,1213969803,30.529998,-87.320322
12035,Flagler County,12,FL,1259229649,219207667,29.474891,-81.286253
12037,Franklin County,12,FL,1411539848,2270399638,29.677794,-84.815213
12039,Gadsden County,12,FL,1337405282,31475262,30.578687,-84.612607
12041,Gilchrist County,12,FL,905705571,14362143,29.723456,-82.795801
12043,Glades County,12,FL,2089659352,467293938,26.95481,-81.19082
12045,Gulf County,12,FL,1433456928,624416742,29.859238,-85.272013
12047,Hamilton County,12,FL,1332018549,12330813,30.498438,-82.951116
12049,Hardee County,12,FL,1651297014,1472455,27.492846,-81.82158
12051,Hendry County,12,FL,2993896404,86578552,26.539967,-81.152114
12053,Hernando County,12,FL,1224975155,627920761,28.555995,-82.525969
12055,Highlands County,12,FL,2635726557,230667873,27.34108,-81.342353
12057,Hillsborough County,12,FL,2648267124,790775123,27.893154,-82.379991
12059,Holmes County,12,FL,1240232909,26393540,30.862007,-85.815939
12061,Indian River County,12,FL,1301540085,295514461,27.700528,-80.574789
12063,Jackson County,12,FL,2378205370,94103479,30.789249,-85.208814
12065,Jefferson County,12,FL,1549018611,193063920,30.396898,-83.921761
12067,Lafayette County,12,FL,1407256302,11817999,29.990066,-83.17851
12069,Lake County,12,FL,2466005448,529992538,28.764113,-81.712282
12071,Lee County,12,FL,2022848994,1900537643,26.563273,-81.984182
12073,Leon County,12,FL,1731219899,86414547,30.45931,-84.2778
12075,Levy County,12,FL,2896264178,1224291300,29.271854,-82.831233
12077,Liberty County,12,FL,2164099095,19582444,30.259849,-84.86858
12079,Madison County,12,FL,1804001484,49634046,30.447233,-83.470416
12081,Manatee County,12,FL,1923744064,573084393,27.475556,-82.393144
12083,Marion County,12,FL,4113994500,192281277,29.202805,-82.0431
12085,Martin County,12,FL,1408493389,542089457,27.083604,-80.398201
12086,Miami-Dade County,12,FL,4920781679,1267531174,25.616009,-80.50375
12087,Monroe County,12,FL,2546045482,11153864045,25.58612,-81.022603
12089,Nassau County,12,FL,1680075565,200050173,30.605963,-81.765087
12091,Okaloosa County,12,FL,2408331330,820578555,30.614325,-86.59108
12093,Okeechobee County,12,FL,1992442653,317924583,27.385592,-80.887388
12095,Orange County,12,FL,2338738374,260147532,28.514391,-81.323284
12097,Osceola County,12,FL,3438317678,462146368,28.059027,-81.139312
12099,Palm Beach County,12,FL,5087491664,1084969367,26.649126,-80.448354
12101,Pasco County,12,FL,1933694371,694082239,28.309823,-82.511006
12103,Pinellas County,12,FL,709091780,1535981840,27.905342,-82.798066
12105,Polk County,12,FL,4657106267,549837376,27.953685,-81.693493
12107,Putnam County,12,FL,1886428661,255286691,29.593896,-81.732039
12109,St. Johns County,12,FL,1555652804,572113480,29.890487,-81.40004
12111,St. Lucie County,12,FL,1481145187,300766786,27.379814,-80.443536
12113,Santa Rosa County,12,FL,2622106400,543294939,30.675348,-87.018919
12115,Sarasota County,12,FL,1440049637,1086618344,27.225327,-82.423714
12117,Seminole County,12,FL,801287619,93136452,28.690065,-81.131975
12119,Sumter County,12,FL,1442996400,58752793,28.713976,-82.069684
12121,Suwannee County,12,FL,1783430092,9505389,30.189244,-82.992754
12123,Taylor County,12,FL,2702230205,1213570858,29.967146,-83.639573
12125,Union County,12,FL,630804542,16049423,30.05428,-82.366918
12127,Volusia County,12,FL,2851876987,858119062,29.057769,-81.161792
12129,Wakulla County,12,FL,1570615734,804111188,30.091335,-84.359111
12131,Walton County,12,FL,2689179222,961275980,30.571247,-86.162798
12133,Washington County,12,FL,1514305979,81008171,30.602102,-85.655805
13001,Appling County,13,GA,1316393192,10358093,31.739712,-82.290103
13003,Atkinson County,13,GA,887636776,4701677,31.296806,-82.878151
13005,Bacon County,13,GA,735770219,4506310,31.55021,-82.451433
13007,Baker County,13,GA,885665381,18598653,31.31958,-84.454881
13009,Baldwin County,13,GA,670028055,24803189,33.05949,-83.255457
13011,Banks County,13,GA,602473935,4635947,34.351922,-83.498441
13013,Barrow County,13,GA,417082894,4909581,33.992009,-83.712303
13015,Bartow County,13,GA,1188576997,27365982,34.240917,-84.838188
13017,Ben Hill County,13,GA,647802123,9814374,31.740772,-83.147197
13019,Berrien County,13,GA,1174239570,11671125,31.288652,-83.22787
13021,Bibb County,13,GA,645898112,14305197,32.808845,-83.694194
13023,Bleckley County,13,GA,559122125,8425420,32.435403,-83.331717
13025,Brantley County,13,GA,1147972258,10291563,31.197334,-81.982978
13027,Brooks County,13,GA,1277341276,11955761,30.822934,-83.581905
13029,Bryan County,13,GA,1133284234,43751265,32.017969,-81.438543
13031,Bulloch County,13,GA,1750735216,32827781,32.394481,-81.741618
13033,Burke County,13,GA,2142023426,20571289,33.060181,-82.000164
13035,Butts County,13,GA,475754794,11269640,33.290355,-83.958221
13037,Calhoun County,13,GA,726191502,8271470,31.521279,-84.62629
13039,Camden County,13,GA,1632397629,392733634,30.913358,-81.642019
13043,Candler County,13,GA,629520842,15018189,32.40395,-82.071266
13045,Carroll County,13,GA,1292752886,12024409,33.582237,-85.080527
13047,Catoosa County,13,GA,419998926,771159,34.900212,-85.139385
13049,Charlton County,13,GA,2020415646,5963237,30.779904,-82.139644
13051,Chatham County,13,GA,1120728785,510896819,31.980404,-81.085184
13053,Chattahoochee County,13,GA,644225832,6277089,32.347445,-84.788021
13055,Chattooga County,13,GA,811512398,570806,34.474178,-85.345289
13057,Cherokee County,13,GA,1090435373,34427591,34.244317,-84.475057
13059,Clarke County,13,GA,308985573,4776726,33.952185,-83.367152
13061,Clay County,13,GA,506093894,56546964,31.619831,-84.992583
13063,Clayton County,13,GA,367145193,6928044,33.551603,-84.412868
13065,Clinch County,13,GA,2110829178,23303279,30.917653,-82.702614
13067,Cobb County,13,GA,879835655,12035155,33.939926,-84.57411
13069,Coffee County,13,GA,1533913422,26942696,31.549245,-82.84494
13071,Colquitt County,13,GA,1416807490,24881028,31.189707,-83.769773
13073,Columbia County,13,GA,751598753,45345679,33.552075,-82.249608
13075,Cook County,13,GA,591684404,12308449,31.152516,-83.429445
13077,Coweta County,13,GA,1142367466,12680737,33.352897,-84.762138
13079,Crawford County,13,GA,841524044,3986929,32.709428,-83.979187
13081,Crisp County,13,GA,706237950,21408088,31.920268,-83.75653
13083,Dade County,13,GA,450855116,488463,34.852424,-85.506201
13085,Dawson County,13,GA,546042256,9272655,34.442608,-84.173261
13087,Decatur County,13,GA,1546842840,67154651,30.880643,-84.58389
13089,DeKalb County,13,GA,693295479,8860287,33.770661,-84.226343
13091,Dodge County,13,GA,1284538002,18529136,32.164369,-83.167866
13093,Dooly County,13,GA,1016908646,12141885,32.151995,-83.807167
13095,Dougherty County,13,GA,851183380,15352851,31.532588,-84.20904
13097,Douglas County,13,GA,518530105,2424099,33.701242,-84.767314
13099,Early County,13,GA,1327626624,9702715,31.324191,-84.906723
13101,Echols County,13,GA,1088849471,809587,30.714008,-82.897376
13103,Effingham County,13,GA,1240163631,10550420,32.361688,-81.343355
13105,Elbert County,13,GA,909352139,59863331,34.116415,-82.841892
13107,Emanuel County,13,GA,1762679433,24889123,32.5911,-82.299763
13109,Evans County,13,GA,473694904,10295112,32.153083,-81.890153
13111,Fannin County,13,GA,1002597521,13473582,34.866543,-84.317331
13113,Fayette County,13,GA,503925707,12781937,33.412717,-84.493941
13115,Floyd County,13,GA,1320461799,22356808,34.26369,-85.213685
13117,Forsyth County,13,GA,581793050,58413050,34.225143,-84.127408
13119,Franklin County,13,GA,676873327,12752556,34.375266,-83.227532
13121,Fulton County,13,GA,1364249004,19874704,33.790034,-84.468182
13123,Gilmer County,13,GA,1103893380,12276629,34.690523,-84.454811
13125,Glascock County,13,GA,372299245,1832723,33.227491,-82.606913
13127,Glynn County,13,GA,1086851549,429106784,31.21271,-81.49645
13129,Gordon County,13,GA,923183222,5728607,34.509667,-84.873862
13131,Grady County,13,GA,1177051419,15026664,30.8759,-84.244965
13133,Greene County,13,GA,1003664492,48417220,33.576704,-83.166625
13135,Gwinnett County,13,GA,1116606767,15938345,33.958756,-84.025735
13137,Habersham County,13,GA,717081396,5672376,34.634392,-83.525875
13139,Hall County,13,GA,1016902387,93656704,34.317569,-83.8185
13141,Hancock County,13,GA,1220057418,17479620,33.26922,-83.000465
13143,Haralson County,13,GA,730804590,2616531,33.795165,-85.220063
13145,Harris County,13,GA,1201270819,23680869,32.731549,-84.912432
13147,Hart County,13,GA,601970611,63521436,34.348733,-82.96329
13149,Heard County,13,GA,766567357,13263789,33.291347,-85.137886
13151,Henry County,13,GA,825432653,20273033,33.452947,-84.154021
13153,Houston County,13,GA,973955120,9990190,32.458147,-83.662309
13155,Irwin County,13,GA,917795237,21756147,31.604306,-83.277037
13157,Jackson County,13,GA,879497245,8783520,34.130905,-83.562557
13159,Jasper County,13,GA,954167637,13100766,33.316981,-83.689151
13161,Jeff Davis County,13,GA,857075892,11600966,31.811615,-82.636825
13163,Jefferson County,13,GA,1363771360,8059597,33.058176,-82.420004
13165,Jenkins County,13,GA,899705946,13195935,32.794563,-81.971524
13167,Johnson County,13,GA,784815230,9256633,32.694584,-82.66397
13169,Jones County,13,GA,1020304153,3820256,33.021664,-83.562196
13171,Lamar County,13,GA,475264404,6044329,33.07444,-84.146689
13173,Lanier County,13,GA,509030778,8418857,31.038197,-83.063164
13175,Laurens County,13,GA,2090990047,28838463,32.39322,-82.926317
13177,Lee County,13,GA,921632944,15408829,31.818419,-84.146681
13179,Liberty County,13,GA,1337632044,222884791,31.807458,-81.457871
13181,Lincoln County,13,GA,544884775,121513274,33.792151,-82.448299
13183,Long County,13,GA,1037028629,8862019,31.749563,-81.74287
13185,Lowndes County,13,GA,1287842349,34541793,30.833145,-83.268995
13187,Lumpkin County,13,GA,732820607,3275562,34.56814,-83.998925
13189,McDuffie County,13,GA,666591524,23112523,33.480613,-82.479533
13191,McIntosh County,13,GA,1117184397,369182273,31.485629,-81.372141
13193,Macon County,13,GA,1037709938,13841916,32.362686,-84.051231
13195,Madison County,13,GA,731214549,8448220,34.12748,-83.208653
13197,Marion County,13,GA,947213840,3785944,32.359312,-84.528735
13199,Meriwether County,13,GA,1297342091,10832501,33.029267,-84.667058
13201,Miller County,13,GA,731471756,3211332,31.162931,-84.730398
13205,Mitchell County,13,GA,1326483085,4314212,31.228997,-84.192038
13207,Monroe County,13,GA,1025872450,5643846,33.018784,-83.921837
13209,Montgomery County,13,GA,624563059,9191488,32.172108,-82.533349
13211,Morgan County,13,GA,899791083,18672325,33.598696,-83.499435
13213,Murray County,13,GA,892235593,5719192,34.797097,-84.73799
13215,Muscogee County,13,GA,560731674,11683933,32.510197,-84.874946
13217,Newton County,13,GA,709175869,13946237,33.552751,-83.85136
13219,Oconee County,13,GA,477443085,5264894,33.834125,-83.437728
13221,Oglethorpe County,13,GA,1137165329,7708032,33.866806,-83.074081
13223,Paulding County,13,GA,809073017,5212122,33.92103,-84.867169
13225,Peach County,13,GA,389233785,2678496,32.571324,-83.831978
13227,Pickens County,13,GA,601031054,1690669,34.456746,-84.490351
13229,Pierce County,13,GA,881777233,7183926,31.353998,-82.21037
13231,Pike County,13,GA,559660486,8595984,33.081149,-84.389462
13233,Polk County,13,GA,803776473,4663881,33.996015,-85.188338
13235,Pulaski County,13,GA,645583957,5046606,32.238803,-83.481845
13237,Putnam County,13,GA,892721731,41451859,33.32106,-83.37179
13239,Quitman County,13,GA,391703076,24158295,31.862938,-85.004798
13241,Rabun County,13,GA,958643876,17853954,34.883934,-83.40487
13243,Randolph County,13,GA,1109126226,6830041,31.762651,-84.752311
13245,Richmond County,13,GA,840036608,10995252,33.361486,-82.074998
13247,Rockdale County,13,GA,336228519,5899671,33.652081,-84.02637
13249,Schley County,13,GA,432291202,2369649,32.263444,-84.322708
13251,Screven County,13,GA,1672668617,26023811,32.744751,-81.617585
13253,Seminole County,13,GA,615241253,49235709,30.93396,-84.867685
13255,Spalding County,13,GA,507561203,9375991,33.262348,-84.284905
13257,Stephens County,13,GA,463250304,13039270,34.553582,-83.290588
13259,Stewart County,13,GA,1188153054,12598484,32.073225,-84.834912
13261,Sumter County,13,GA,1250646292,25211441,32.042266,-84.204294
13263,Talbot County,13,GA,1013662779,8766848,32.704603,-84.530029
13265,Taliaferro County,13,GA,504029143,1917633,33.559319,-82.875272
13267,Tattnall County,13,GA,1245369512,19447412,32.043768,-82.059208
13269,Taylor County,13,GA,975613090,7801539,32.554667,-84.251426
13271,Telfair County,13,GA,1132621093,17356399,31.913641,-82.931063
13273,Terrell County,13,GA,869695791,4951325,31.777191,-84.439446
13275,Thomas County,13,GA,1410592608,19645695,30.864619,-83.919815
13277,Tift County,13,GA,675702322,20458292,31.457003,-83.525931
13279,Toombs County,13,GA,942788055,18076929,32.117753,-82.330597
13281,Towns County,13,GA,431178089,13754198,34.902529,-83.732264
13283,Treutlen County,13,GA,516524094,7810908,32.409586,-82.570882
13285,Troup County,13,GA,1072278217,82757751,33.034482,-85.02836
13287,Turner County,13,GA,739227757,11818093,31.7248,-83.620319
13289,Twiggs County,13,GA,930478095,8740237,32.665847,-83.425879
13291,Union County,13,GA,834191645,18088424,34.833333,-83.989257
13293,Upson County,13,GA,837774877,10585407,32.881837,-84.292283
13295,Walker County,13,GA,1155874769,1672676,34.735802,-85.305456
13297,Walton County,13,GA,846460833,8234411,33.783887,-83.731829
13299,Ware County,13,GA,2329020700,22655225,31.050881,-82.421507
13301,Warren County,13,GA,736483608,6034478,33.419169,-82.688012
13303,Washington County,13,GA,1757373959,15099021,32.971843,-82.798112
13305,Wayne County,13,GA,1662287070,17768149,31.547845,-81.912376
13307,Webster County,13,GA,543010089,2338844,32.046691,-84.553828
13309,Wheeler County,13,GA,765314383,12377032,32.105258,-82.733849
13311,White County,13,GA,623524628,3917258,34.644182,-83.743
13313,Whitfield County,13,GA,752248665,1579031,34.801726,-84.968541
13315,Wilcox County,13,GA,978525378,11147628,31.96272,-83.438259
13317,Wilkes County,13,GA,1216001422,11896927,33.779031,-82.747921
13319,Wilkinson County,13,GA,1163459876,7084800,32.804266,-83.175512
13321,Worth County,13,GA,1478083952,10525439,31.551773,-83.84996
15001,Hawaii County,15,HI,10433586956,2739520971,19.597764,-155.502443
15003,Honolulu County,15,HI,1556027672,4054461969,21.461365,-158.201974
15005,Kalawao County,15,HI,31057603,105764468,21.218764,-156.97401
15007,Kauai County,15,HI,1605377395,1674359172,22.012038,-159.705965
15009,Maui County,15,HI,3008374290,3203268772,20.855931,-156.60155
16001,Ada County,16,ID,2724708181,22156242,43.451477,-116.244376
16003,Adams County,16,ID,3529648934,17359846,44.877004,-116.461624
16005,Bannock County,16,ID,2881332847,92079663,42.692921,-112.228982
16007,Bear Lake County,16,ID,2527123155,191364281,42.285892,-111.327517
16009,Benewah County,16,ID,2012242914,18803193,47.218451,-116.633541
16011,Bingham County,16,ID,5422741965,68632371,43.216357,-112.399206
16013,Blaine County,16,ID,6831709645,44656617,43.394192,-113.955371
16015,Boise County,16,ID,4919826445,19104286,43.987275,-115.71511
16017,Bonner County,16,ID,4489032921,478907927,48.324634,-116.62745
16019,Bonneville County,16,ID,4832814958,88912980,43.395171,-111.621878
16021,Boundary County,16,ID,3285862967,24278846,48.773131,-116.524668
16023,Butte County,16,ID,5792474009,5259978,43.685101,-113.177631
16025,Camas County,16,ID,2782253887,11548054,43.502552,-114.772135
16027,Canyon County,16,ID,1520451463,43117846,43.625796,-116.709058
16029,Caribou County,16,ID,4569240774,89216879,42.786072,-111.544273
16031,Cassia County,16,ID,6644897882,39158534,42.282313,-113.626328
16033,Clark County,16,ID,4566524479,2476453,44.290218,-112.354613
16035,Clearwater County,16,ID,6364412864,79592497,46.67257,-115.6535
16037,Custer County,16,ID,12748378762,42527190,44.273351,-114.252267
16039,Elmore County,16,ID,7964417379,68330393,43.394698,-115.471205
16041,Franklin County,16,ID,1717211140,12153472,42.173609,-111.822965
16043,Fremont County,16,ID,4827633110,83440652,44.218091,-111.484429
16045,Gem County,16,ID,1449796226,12491930,44.061473,-116.398784
16047,Gooding County,16,ID,1888935206,12470063,42.973185,-114.82142
16049,Idaho County,16,ID,21956620662,67532942,45.849644,-115.467337
16051,Jefferson County,16,ID,2832619467,31166194,43.796965,-112.318588
16053,Jerome County,16,ID,1547629732,12908802,42.691395,-114.262086
16055,Kootenai County,16,ID,3205836473,184444919,47.675957,-116.695919
16057,Latah County,16,ID,2786483033,2369979,46.81892,-116.730974
16059,Lemhi County,16,ID,11819914567,14105634,44.928506,-113.887042
16061,Lewis County,16,ID,1240141961,2340247,46.236328,-116.42376
16063,Lincoln County,16,ID,3111517506,11588561,42.990782,-114.153089
16065,Madison County,16,ID,1215396274,10500950,43.788614,-111.656993
16067,Minidoka County,16,ID,1960610977,13927954,42.857211,-113.63984
16069,Nez Perce County,16,ID,2197139830,21252879,46.333791,-116.760909
16071,Oneida County,16,ID,3105269247,3995240,42.183895,-112.520449
16073,Owyhee County,16,ID,19860555061,74132051,42.572851,-116.18969
16075,Payette County,16,ID,1053849237,8872160,44.00243,-116.750238
16077,Power County,16,ID,3635892403,99205466,42.694126,-112.844407
16079,Shoshone County,16,ID,6830898576,13962457,47.347694,-115.885092
16081,Teton County,16,ID,1163139970,2868473,43.760994,-111.211765
16083,Twin Falls County,16,ID,4977216100,18060781,42.352309,-114.665639
16085,Valley County,16,ID,9492613291,177110437,44.85596,-115.618061
16087,Washington County,16,ID,3762870369,53228012,44.448223,-116.797792
17001,Adams County,17,IL,2214831300,41749180,39.986052,-91.194961
17003,Alexander County,17,IL,609667767,44639203,37.183658,-89.349516
17005,Bond County,17,IL,985066648,6462629,38.885924,-89.436592
17007,Boone County,17,IL,727114620,3360626,42.318983,-88.824295
17009,Brown County,17,IL,791828626,4144346,39.962069,-90.750309
17011,Bureau County,17,IL,2250884574,11523903,41.401304,-89.528377
17013,Calhoun County,17,IL,657415184,77051402,39.164262,-90.666295
17015,Carroll County,17,IL,1153597400,55881822,42.0709,-89.924189
17017,Cass County,17,IL,973198203,20569928,39.969202,-90.245704
17019,Champaign County,17,IL,2579898018,6110542,40.138985,-88.196975
17021,Christian County,17,IL,1837552893,16227346,39.545524,-89.279593
17023,Clark County,17,IL,1298554904,8771353,39.332334,-87.791683
17025,Clay County,17,IL,1213023030,3064499,38.746819,-88.482325
17027,Clinton County,17,IL,1227502157,75634262,38.606295,-89.426228
17029,Coles County,17,IL,1316418028,4650074,39.51368,-88.220782
17031,Cook County,17,IL,2447345098,1786339408,41.894294,-87.645455
17033,Crawford County,17,IL,1149031259,5744821,39.002787,-87.760619
17035,Cumberland County,17,IL,895989975,2538006,39.273121,-88.240619
17037,DeKalb County,17,IL,1635155504,8560431,41.894612,-88.768991
17039,De Witt County,17,IL,1029678323,19492326,40.181499,-88.901853
17041,Douglas County,17,IL,1079110220,1448705,39.766078,-88.222866
17043,DuPage County,17,IL,849088852,22153881,41.852058,-88.086039
17045,Edgar County,17,IL,1614400671,1565052,39.679037,-87.74711
17047,Edwards County,17,IL,576012470,781202,38.417095,-88.047941
17049,Effingham County,17,IL,1240005912,3174585,39.047945,-88.592849
17051,Fayette County,17,IL,1855578066,22920396,39.001125,-89.017923
17053,Ford County,17,IL,1257690130,1640595,40.596539,-88.224588
17055,Franklin County,17,IL,1059114972,58391305,37.991852,-88.926321
17057,Fulton County,17,IL,2242109835,43927321,40.46524,-90.202269
17059,Gallatin County,17,IL,836413648,13357002,37.768677,-88.227964
17061,Greene County,17,IL,1406736598,8423898,39.355439,-90.387682
17063,Grundy County,17,IL,1082945365,32126925,41.29241,-88.401054
17065,Hamilton County,17,IL,1125731581,3172088,38.085227,-88.539009
17067,Hancock County,17,IL,2055798714,53563360,40.401318,-91.168801
17069,Hardin County,17,IL,459435094,10485761,37.517852,-88.266148
17071,Henderson County,17,IL,981068795,42565932,40.814471,-90.941246
17073,Henry County,17,IL,2131719312,6804791,41.350021,-90.130838
17075,Iroquois County,17,IL,2894039689,4241183,40.748867,-87.833601
17077,Jackson County,17,IL,1511439596,48312243,37.786096,-89.381212
17079,Jasper County,17,IL,1281043617,9334509,39.004886,-88.150725
17081,Jefferson County,17,IL,1479490501,32550293,38.30078,-88.92421
17083,Jersey County,17,IL,957143526,20333974,39.080195,-90.361385
17085,Jo Daviess County,17,IL,1556385358,45789931,42.362391,-90.21147
17087,Johnson County,17,IL,890273379,12814662,37.460709,-88.882131
17089,Kane County,17,IL,1345145418,12474709,41.939594,-88.42804
17091,Kankakee County,17,IL,1752101352,12458977,41.13951,-87.861117
17093,Kendall County,17,IL,829411568,5137717,41.58814,-88.430626
17095,Knox County,17,IL,1855428863,8837382,40.930945,-90.213792
17097,Lake County,17,IL,1148932541,2395026197,42.185968,-87.805939
17099,LaSalle County,17,IL,2939993576,33775236,41.343341,-88.885931
17101,Lawrence County,17,IL,963938126,5076516,38.718954,-87.730221
17103,Lee County,17,IL,1877142078,9779872,41.747447,-89.299362
17105,Livingston County,17,IL,2702983877,5975815,40.894376,-88.552852
17107,Logan County,17,IL,1600748259,2262329,40.129277,-89.365309
17109,McDonough County,17,IL,1526339604,2012552,40.455808,-90.678954
17111,McHenry County,17,IL,1562790274,19871806,42.324298,-88.452245
17113,McLean County,17,IL,3064597289,7804856,40.494559,-88.844539
17115,Macon County,17,IL,1503613057,13477734,39.860237,-88.961529
17117,Macoupin County,17,IL,2235091100,12250027,39.265914,-89.92633
17119,Madison County,17,IL,1853176519,63521524,38.82712,-89.900227
17121,Marion County,17,IL,1482865623,9234118,38.648236,-88.920362
17123,Marshall County,17,IL,1001865309,30343504,41.031119,-89.342371
17125,Mason County,17,IL,1396914848,62748513,40.236993,-89.913575
17127,Massac County,17,IL,614218330,12784614,37.216119,-88.705658
17129,Menard County,17,IL,814269349,2640418,40.022569,-89.794133
17131,Mercer County,17,IL,1453604388,19411909,41.205605,-90.74177
17133,Monroe County,17,IL,997924034,33755285,38.277983,-90.179078
17135,Montgomery County,17,IL,1822745310,15472187,39.228068,-89.478141
17137,Morgan County,17,IL,1473595803,9053547,39.717657,-90.204993
17139,Moultrie County,17,IL,870127369,22111272,39.636896,-88.625726
17141,Ogle County,17,IL,1964903749,12378959,42.041884,-89.320176
17143,Peoria County,17,IL,1602412932,29919375,40.785972,-89.766993
17145,Perry County,17,IL,1144587283,13199036,38.084381,-89.368525
17147,Piatt County,17,IL,1137492089,754122,40.009033,-88.592355
17149,Pike County,17,IL,2153190724,45251530,39.625106,-90.889034
17151,Pope County,17,IL,955362039,14662240,37.417169,-88.542374
17153,Pulaski County,17,IL,516100615,9768333,37.215615,-89.127755
17155,Putnam County,17,IL,414649315,31195045,41.198961,-89.298347
17157,Randolph County,17,IL,1490194097,56150220,38.056515,-89.82121
17159,Richland County,17,IL,932484078,4874777,38.712187,-88.085452
17161,Rock Island County,17,IL,1107209785,61633874,41.468421,-90.572125
17163,St. Clair County,17,IL,1703526434,41843531,38.470198,-89.928546
17165,Saline County,17,IL,984171707,17977593,37.751508,-88.545024
17167,Sangamon County,17,IL,2248704829,22747766,39.756886,-89.662435
17169,Schuyler County,17,IL,1132602759,10510632,40.156905,-90.613464
17171,Scott County,17,IL,649542036,4814546,39.637002,-90.477771
17173,Shelby County,17,IL,1964529416,24746071,39.384917,-88.798865
17175,Stark County,17,IL,746189903,684784,41.096908,-89.797411
17177,Stephenson County,17,IL,1461392058,1350223,42.349726,-89.665994
17179,Tazewell County,17,IL,1674346567,29712323,40.508074,-89.51626
17181,Union County,17,IL,1070731267,22540420,37.485652,-89.244639
17183,Vermilion County,17,IL,2326634937,7531157,40.186754,-87.726778
17185,Wabash County,17,IL,578403994,10973569,38.445821,-87.839167
17187,Warren County,17,IL,1404768298,1672625,40.850441,-90.620223
17189,Washington County,17,IL,1457120179,3386079,38.35314,-89.417187
17191,Wayne County,17,IL,1848810381,4224962,38.431857,-88.43243
17193,White County,17,IL,1281999217,17833682,38.087326,-88.178623
17195,Whiteside County,17,IL,1771808920,31883751,41.750673,-89.911005
17197,Will County,17,IL,2164905500,34569925,41.448474,-87.978456
17199,Williamson County,17,IL,1088338986,62470432,37.730353,-88.930018
17201,Winnebago County,17,IL,1328792562,15873992,42.337396,-89.161205
17203,Woodford County,17,IL,1366366882,39858698,40.789787,-89.210587
18001,Adams County,18,IN,877812925,2693850,40.74573,-84.936134
18003,Allen County,18,IN,1702000525,7347978,41.091909,-85.071791
18005,Bartholomew County,18,IN,1053968861,6715105,39.205843,-85.897999
18007,Benton County,18,IN,1052616459,236033,40.600939,-87.314786
18009,Blackford County,18,IN,427559406,1298757,40.472672,-85.32373
18011,Boone County,18,IN,1095260015,876741,40.050892,-86.469014
18013,Brown County,18,IN,808043848,12025990,39.195113,-86.230121
18015,Carroll County,18,IN,964057410,7236323,40.58498,-86.565141
18017,Cass County,18,IN,1067448399,7002034,40.753799,-86.355168
18019,Clark County,18,IN,964737730,10702951,38.476217,-85.711122
18021,Clay County,18,IN,926180653,7047383,39.393928,-87.115858
18023,Clinton County,18,IN,1049119199,461117,40.305944,-86.477567
18025,Crawford County,18,IN,791534795,8201106,38.289433,-86.440871
18027,Daviess County,18,IN,1112436829,19061974,38.69609,-87.076943
18029,Dearborn County,18,IN,790171255,6019020,39.140897,-84.975868
18031,Decatur County,18,IN,964946132,1955432,39.30598,-85.499831
18033,DeKalb County,18,IN,939735804,2657419,41.39676,-85.002697
18035,Delaware County,18,IN,1015558818,9841207,40.227543,-85.399262
18037,Dubois County,18,IN,1106616362,20892925,38.373344,-86.873385
18039,Elkhart County,18,IN,1199580238,12457801,41.600693,-85.863986
18041,Fayette County,18,IN,556901575,366408,39.639654,-85.185034
18043,Floyd County,18,IN,384571595,2676083,38.318081,-85.911847
18045,Fountain County,18,IN,1024774339,5728993,40.121237,-87.234872
18047,Franklin County,18,IN,995658286,17155846,39.409762,-85.066964
18049,Fulton County,18,IN,954133332,7439345,41.050384,-86.265006
18051,Gibson County,18,IN,1262302951,30891646,38.317398,-87.580523
18053,Grant County,18,IN,1072484435,2101803,40.515758,-85.654946
18055,Greene County,18,IN,1404983933,8919619,39.047147,-87.004771
18057,Hamilton County,18,IN,1021441624,20942536,40.053513,-86.021709
18059,Hancock County,18,IN,792425277,2769690,39.822529,-85.77315
18061,Harrison County,18,IN,1253763070,5277000,38.186454,-86.103766
18063,Hendricks County,18,IN,1053849437,4880780,39.768963,-86.509908
18065,Henry County,18,IN,1014957931,7652084,39.929591,-85.397363
18067,Howard County,18,IN,759058622,2194576,40.483537,-86.114118
18069,Huntington County,18,IN,991031147,13127296,40.826394,-85.478597
18071,Jackson County,18,IN,1320836469,10174044,38.911957,-86.042516
18073,Jasper County,18,IN,1449563750,4428654,41.017688,-87.118814
18075,Jay County,18,IN,994310124,458556,40.434956,-85.002331
18077,Jefferson County,18,IN,934204258,5992630,38.783604,-85.44009
18079,Jennings County,18,IN,975382328,4528274,38.996229,-85.628103
18081,Johnson County,18,IN,829870741,3563935,39.496092,-86.094264
18083,Knox County,18,IN,1335995220,20908206,38.688381,-87.420358
18085,Kosciusko County,18,IN,1376439342,59432000,41.244293,-85.861575
18087,LaGrange County,18,IN,983239270,18315631,41.642462,-85.427845
18089,Lake County,18,IN,1292117916,330842544,41.472247,-87.374337
18091,LaPorte County,18,IN,1549560917,38773767,41.549013,-86.744739
18093,Lawrence County,18,IN,1163282516,7207557,38.839815,-86.48782
18095,Madison County,18,IN,1170470191,2546731,40.166203,-85.722454
18097,Marion County,18,IN,1025609006,18178631,39.782976,-86.135794
18099,Marshall County,18,IN,1148969978,15858580,41.325003,-86.269036
18101,Martin County,18,IN,869615719,12033245,38.705322,-86.801847
18103,Miami County,18,IN,968246954,9184623,40.772883,-86.044258
18105,Monroe County,18,IN,1021806891,43510634,39.160729,-86.52331
18107,Montgomery County,18,IN,1307030257,2067987,40.040296,-86.892715
18109,Morgan County,18,IN,1045922857,14491958,39.482646,-86.447457
18111,Newton County,18,IN,1040539826,4349506,40.962399,-87.402172
18113,Noble County,18,IN,1064085737,17060235,41.404679,-85.417271
18115,Ohio County,18,IN,223126824,3369528,38.940527,-84.964299
18117,Orange County,18,IN,1031795760,25416478,38.547381,-86.489257
18119,Owen County,18,IN,997909062,6568942,39.317339,-86.838845
18121,Parke County,18,IN,1151822274,13655204,39.77425,-87.19695
18123,Perry County,18,IN,988702371,11837413,38.081436,-86.62654
18125,Pike County,18,IN,865964082,17466144,38.397961,-87.232547
18127,Porter County,18,IN,1082907706,268619697,41.509914,-87.071313
18129,Posey County,18,IN,1060302168,26505383,38.027614,-87.868653
18131,Pulaski County,18,IN,1123212804,2224821,41.045272,-86.692538
18133,Putnam County,18,IN,1244585885,5585892,39.665548,-86.853373
18135,Randolph County,18,IN,1171656772,2420288,40.164079,-85.00579
18137,Ripley County,18,IN,1156241451,4232758,39.100226,-85.260494
18139,Rush County,18,IN,1057069253,838340,39.622362,-85.466529
18141,St. Joseph County,18,IN,1185646711,9336371,41.617723,-86.288048
18143,Scott County,18,IN,493140263,6074951,38.679431,-85.751898
18145,Shelby County,18,IN,1064838382,4195717,39.524135,-85.792174
18147,Spencer County,18,IN,1027934787,11968675,38.009697,-87.010375
18149,Starke County,18,IN,800679819,7929143,41.284478,-86.644636
18151,Steuben County,18,IN,799737098,35446880,41.643467,-85.002405
18153,Sullivan County,18,IN,1158231909,17922659,39.089225,-87.415843
18155,Switzerland County,18,IN,571526242,7531847,38.825854,-85.029681
18157,Tippecanoe County,18,IN,1292138881,11255447,40.389133,-86.893554
18159,Tipton County,18,IN,674797599,68028,40.310229,-86.056207
18161,Union County,18,IN,417480472,10326625,39.623094,-84.925145
18163,Vanderburgh County,18,IN,604506338,8955935,38.02007,-87.586166
18165,Vermillion County,18,IN,665353010,7817397,39.854045,-87.462071
18167,Vigo County,18,IN,1045400270,17661310,39.430874,-87.390989
18169,Wabash County,18,IN,1068471085,21851089,40.843747,-85.795192
18171,Warren County,18,IN,944543937,4442757,40.352498,-87.375163
18173,Warrick County,18,IN,996186009,16631845,38.097728,-87.272049
18175,Washington County,18,IN,1330447135,7529046,38.600613,-86.104751
18177,Wayne County,18,IN,1040539369,6701882,39.863091,-85.006735
18179,Wells County,18,IN,953341278,5596377,40.735547,-85.213349
18181,White County,18,IN,1308297040,9176034,40.75095,-86.864293
18183,Whitley County,18,IN,869256022,6074674,41.136426,-85.501892
19001,Adair County,19,IA,1474404192,2597996,41.328528,-94.478164
19003,Adams County,19,IA,1096686253,5367876,41.021656,-94.696906
19005,Allamakee County,19,IA,1655186561,51091699,43.274964,-91.382751
19007,Appanoose County,19,IA,1287997902,49093607,40.744249,-92.873062
19009,Audubon County,19,IA,1147262317,1152260,41.679178,-94.904312
19011,Benton County,19,IA,1854696287,5857896,42.092547,-92.05763
19013,Black Hawk County,19,IA,1465303202,17928724,42.471132,-92.3076
19015,Boone County,19,IA,1477486979,8209423,42.038623,-93.938605
19017,Bremer County,19,IA,1127886260,10165785,42.780895,-92.327356
19019,Buchanan County,19,IA,1479086684,5223044,42.470328,-91.838666
19021,Buena Vista County,19,IA,1488981872,13798140,42.741522,-95.141432
19023,Butler County,19,IA,1502550827,4194983,42.734757,-92.780153
19025,Calhoun County,19,IA,1475894592,5873827,42.386061,-94.643602
19027,Carroll County,19,IA,1474877207,2145349,42.039502,-94.86765
19029,Cass County,19,IA,1461422459,1787165,41.333824,-94.933302
19031,Cedar County,19,IA,1500798732,6385833,41.77236,-91.132611
19033,Cerro Gordo County,19,IA,1471889953,17659669,43.074975,-93.250965
19035,Cherokee County,19,IA,1494181144,423160,42.742737,-95.633262
19037,Chickasaw County,19,IA,1306192614,3455450,43.059741,-92.31721
19039,Clarke County,19,IA,1116573604,1524746,41.029726,-93.785259
19041,Clay County,19,IA,1469139443,13866670,43.081224,-95.149875
19043,Clayton County,19,IA,2016211326,36692127,42.840985,-91.323576
19045,Clinton County,19,IA,1799934697,39410955,41.898073,-90.534243
19047,Crawford County,19,IA,1849765413,2171717,42.043119,-95.38909
19049,Dallas County,19,IA,1523516297,8735225,41.68532,-94.040706
19051,Davis County,19,IA,1300661926,6904087,40.748089,-92.410345
19053,Decatur County,19,IA,1377569409,4138626,40.736379,-93.78458
19055,Delaware County,19,IA,1496193387,3185375,42.473014,-91.366767
19057,Des Moines County,19,IA,1077769233,35341938,40.915339,-91.186925
19059,Dickinson County,19,IA,985574546,60680641,43.389611,-95.196057
19061,Dubuque County,19,IA,1575486019,21140740,42.463481,-90.878771
19063,Emmet County,19,IA,1025349325,17175565,43.377984,-94.66937
19065,Fayette County,19,IA,1892806760,1354955,42.864122,-91.840376
19067,Floyd County,19,IA,1296471923,2023930,43.052741,-92.787367
19069,Franklin County,19,IA,1507300418,1438346,42.736545,-93.271415
19071,Fremont County,19,IA,1323918215,14168938,40.74259,-95.599182
19073,Greene County,19,IA,1475148030,4404193,42.042513,-94.388727
19075,Grundy County,19,IA,1299799697,92512,42.403339,-92.790244
19077,Guthrie County,19,IA,1529656727,6355531,41.683573,-94.501272
19079,Hamilton County,19,IA,1493725535,1956182,42.390789,-93.70913
19081,Hancock County,19,IA,1478895051,5265568,43.075411,-93.743697
19083,Hardin County,19,IA,1474498036,1783759,42.390208,-93.241669
19085,Harrison County,19,IA,1804896269,12325506,41.688584,-95.827149
19087,Henry County,19,IA,1124800190,5774829,40.984802,-91.547259
19089,Howard County,19,IA,1225702840,931480,43.365312,-92.321908
19091,Humboldt County,19,IA,1125017999,3373409,42.782221,-94.202775
19093,Ida County,19,IA,1117614339,1391966,42.39186,-95.507421
19095,Iowa County,19,IA,1518911690,2686847,41.683918,-92.059123
19097,Jackson County,19,IA,1647340582,35133402,42.164226,-90.574582
19099,Jasper County,19,IA,1891795093,6544165,41.685551,-93.054147
19101,Jefferson County,19,IA,1128002432,3522238,41.006376,-91.966628
19103,Johnson County,19,IA,1587655795,26070847,41.670668,-91.590529
19105,Jones County,19,IA,1490844764,3782491,42.125118,-91.116914
19107,Keokuk County,19,IA,1500056811,1944064,41.331182,-92.167721
19109,Kossuth County,19,IA,2519361810,4125592,43.212356,-94.213965
19111,Lee County,19,IA,1340448559,55266767,40.647588,-91.477157
19113,Linn County,19,IA,1857048431,19835227,42.077951,-91.597674
19115,Louisa County,19,IA,1040596799,40784321,41.218211,-91.256994
19117,Lucas County,19,IA,1115458264,9852845,41.033344,-93.331467
19119,Lyon County,19,IA,1521901260,440273,43.38358,-96.207201
19121,Madison County,19,IA,1452999047,2983840,41.330622,-94.015184
19123,Mahaska County,19,IA,1478496994,6594320,41.330797,-92.636366
19125,Marion County,19,IA,1436123091,41484609,41.331433,-93.093868
19127,Marshall County,19,IA,1482776071,1803080,42.0417,-92.981403
19129,Mills County,19,IA,1132940500,8316363,41.033703,-95.619101
19131,Mitchell County,19,IA,1215368214,1118491,43.348564,-92.784466
19133,Monona County,19,IA,1797639076,12591063,42.049432,-95.956566
19135,Monroe County,19,IA,1123299102,1522790,41.028847,-92.869642
19137,Montgomery County,19,IA,1098405769,2410446,41.021735,-95.15779
19139,Muscatine County,19,IA,1132964480,30262337,41.483776,-91.118699
19141,O'Brien County,19,IA,1484153956,447448,43.083746,-95.625624
19143,Osceola County,19,IA,1032593803,1835263,43.378542,-95.633788
19145,Page County,19,IA,1385497643,1359014,40.739097,-95.144301
19147,Palo Alto County,19,IA,1460400553,14428727,43.075337,-94.669055
19149,Plymouth County,19,IA,2234715258,2176851,42.737585,-96.215864
19151,Pocahontas County,19,IA,1495047199,3666528,42.734033,-94.678279
19153,Polk County,19,IA,1482460078,50523820,41.684816,-93.568971
19155,Pottawattamie County,19,IA,2463783967,20387189,41.340184,-95.544905
19157,Poweshiek County,19,IA,1514943343,2961952,41.684642,-92.522934
19159,Ringgold County,19,IA,1386898611,8756867,40.735334,-94.244251
19161,Sac County,19,IA,1489300201,8569436,42.387526,-95.105224
19163,Scott County,19,IA,1186463531,26196368,41.642079,-90.622289
19165,Shelby County,19,IA,1530103550,1486125,41.679014,-95.308917
19167,Sioux County,19,IA,1988881470,2802041,43.082646,-96.17801
19169,Story County,19,IA,1482882549,2862354,42.037538,-93.466093
19171,Tama County,19,IA,1867410495,2769418,42.074848,-92.529411
19173,Taylor County,19,IA,1377618878,7133363,40.737949,-94.697108
19175,Union County,19,IA,1097235795,5575854,41.02855,-94.245091
19177,Van Buren County,19,IA,1255605676,14880499,40.754117,-91.952943
19179,Wapello County,19,IA,1118466908,10822775,41.031275,-92.409466
19181,Warren County,19,IA,1475406267,8647198,41.332446,-93.568751
19183,Washington County,19,IA,1473258541,5339036,41.329401,-91.725052
19185,Wayne County,19,IA,1360957548,4272458,40.739983,-93.332613
19187,Webster County,19,IA,1853665899,7269394,42.433579,-94.175831
19189,Winnebago County,19,IA,1037261957,3182049,43.378124,-93.743488
19191,Winneshiek County,19,IA,1786686738,745729,43.292989,-91.850788
19193,Woodbury County,19,IA,2260790944,12793666,42.39322,-96.053296
19195,Worth County,19,IA,1036314929,4709127,43.373491,-93.248533
19197,Wright County,19,IA,1503260259,4703964,42.733007,-93.734735
20001,Allen County,20,KS,1295764235,13021929,37.884228,-95.300945
20003,Anderson County,20,KS,1501263984,10599676,38.215114,-95.292046
20005,Atchison County,20,KS,1116736556,6851102,39.532544,-95.313397
20007,Barber County,20,KS,2937240778,5411508,37.222906,-98.685052
20009,Barton County,20,KS,2318705427,13926862,38.481239,-98.767837
20011,Bourbon County,20,KS,1645836648,9402853,37.8561,-94.850928
20013,Brown County,20,KS,1478550072,3196147,39.825931,-95.569905
20015,Butler County,20,KS,3702946932,43541269,37.773649,-96.83884
20017,Chase County,20,KS,2002198770,12091093,38.299475,-96.594029
20019,Chautauqua County,20,KS,1654694134,15243776,37.154259,-96.245396
20021,Cherokee County,20,KS,1521791034,8951464,37.169392,-94.845698
20023,Cheyenne County,20,KS,2641501923,2738021,39.789901,-101.727317
20025,Clark County,20,KS,2524300310,6603384,37.233831,-99.813869
20027,Clay County,20,KS,1671314415,26701337,39.344964,-97.168853
20029,Cloud County,20,KS,1852726652,6859888,39.487329,-97.64139
20031,Coffey County,20,KS,1623623909,70470788,38.23645,-95.729137
20033,Comanche County,20,KS,2041681087,3604155,37.181442,-99.251293
20035,Cowley County,20,KS,2915648168,17322935,37.234507,-96.837247
20037,Crawford County,20,KS,1527499257,13573629,37.505821,-94.853897
20039,Decatur County,20,KS,2314199321,1631670,39.783542,-100.459708
20041,Dickinson County,20,KS,2193895358,12632458,38.867735,-97.157943
20043,Doniphan County,20,KS,1019096302,12433564,39.788502,-95.147225
20045,Douglas County,20,KS,1180428103,48875040,38.896417,-95.290947
20047,Edwards County,20,KS,1610699241,206413,37.883595,-99.304746
20049,Elk County,20,KS,1668637027,16060833,37.456026,-96.244642
20051,Ellis County,20,KS,2330762304,1197085,38.914597,-99.317313
20053,Ellsworth County,20,KS,1853331065,19969761,38.700845,-98.205355
20055,Finney County,20,KS,3372157854,1716371,38.049808,-100.739967
20057,Ford County,20,KS,2844508247,2097356,37.688416,-99.884748
20059,Franklin County,20,KS,1480882201,13893465,38.558019,-95.278962
20061,Geary County,20,KS,996243012,51658044,39.002139,-96.7681
20063,Gove County,20,KS,2775601942,245369,38.917239,-100.48736
20065,Graham County,20,KS,2327173853,599356,39.354972,-99.879894
20067,Grant County,20,KS,1488745953,871232,37.547537,-101.299362
20069,Gray County,20,KS,2250356175,1113338,37.744513,-100.451716
20071,Greeley County,20,KS,2016057909,0,38.480404,-101.80597
20073,Greenwood County,20,KS,2961143637,24145021,37.879347,-96.241732
20075,Hamilton County,20,KS,2580958332,2893322,37.995244,-101.793689
20077,Harper County,20,KS,2075290349,3899269,37.188184,-98.06659
20079,Harvey County,20,KS,1397961178,2503283,38.050144,-97.436706
20081,Haskell County,20,KS,1495772621,910409,37.554979,-100.879952
20083,Hodgeman County,20,KS,2227369149,826344,38.087493,-99.898407
20085,Jackson County,20,KS,1699600349,4666513,39.411145,-95.794485
20087,Jefferson County,20,KS,1379494404,62293259,39.239644,-95.375314
20089,Jewell County,20,KS,2356813569,11367163,39.777005,-98.222619
20091,Johnson County,20,KS,1226653398,16345313,38.883907,-94.82233
20093,Kearny County,20,KS,2254696659,1133601,37.994461,-101.308136
20095,Kingman County,20,KS,2236245129,8391920,37.552951,-98.144529
20097,Kiowa County,20,KS,1871627806,596764,37.561231,-99.286539
20099,Labette County,20,KS,1671560706,20006201,37.191468,-95.297473
20101,Lane County,20,KS,1858080220,551220,38.481286,-100.466185
20103,Leavenworth County,20,KS,1200218360,14338598,39.189511,-95.038977
20105,Lincoln County,20,KS,1863226707,2748359,39.04728,-98.214284
20107,Linn County,20,KS,1538662703,31893232,38.216549,-94.844932
20109,Logan County,20,KS,2779039725,274632,38.91327,-101.157402
20111,Lyon County,20,KS,2194958230,20561826,38.455403,-96.161641
20113,McPherson County,20,KS,2326547431,6003328,38.395812,-97.647489
20115,Marion County,20,KS,2445722725,24432825,38.359647,-97.102771
20117,Marshall County,20,KS,2331450541,12735557,39.782709,-96.521243
20119,Meade County,20,KS,2533222394,3258258,37.243886,-100.360094
20121,Miami County,20,KS,1491519614,37234703,38.566772,-94.832963
20123,Mitchell County,20,KS,1817632930,44979980,39.393026,-98.207362
20125,Montgomery County,20,KS,1666900085,20430012,37.189537,-95.742403
20127,Morris County,20,KS,1800929252,19545268,38.688204,-96.651448
20129,Morton County,20,KS,1889993632,507796,37.185249,-101.809516
20131,Nemaha County,20,KS,1858128456,5204921,39.791043,-96.005381
20133,Neosho County,20,KS,1480129690,16350961,37.564283,-95.315682
20135,Ness County,20,KS,2783562239,667491,38.480437,-99.908745
20137,Norton County,20,KS,2274122713,8421464,39.783867,-99.899235
20139,Osage County,20,KS,1827253333,37137002,38.650215,-95.708255
20141,Osborne County,20,KS,2311604929,4806274,39.348261,-98.767942
20143,Ottawa County,20,KS,1866683176,1567629,39.137963,-97.654802
20145,Pawnee County,20,KS,1953531640,992041,38.181477,-99.234772
20147,Phillips County,20,KS,2294395646,22493383,39.784506,-99.34215
20149,Pottawatomie County,20,KS,2177493043,54149843,39.382187,-96.337113
20151,Pratt County,20,KS,1903740948,1771939,37.647594,-98.74012
20153,Rawlins County,20,KS,2769775705,415527,39.786198,-101.076738
20155,Reno County,20,KS,3251231985,43517492,37.948185,-98.078346
20157,Republic County,20,KS,1857998455,7951912,39.828906,-97.650883
20159,Rice County,20,KS,1880936103,4482698,38.347178,-98.201415
20161,Riley County,20,KS,1579010806,32092080,39.29121,-96.727488
20163,Rooks County,20,KS,2306454192,11962259,39.346006,-99.324492
20165,Rush County,20,KS,1858997546,544720,38.523596,-99.309184
20167,Russell County,20,KS,2295402858,34126776,38.91604,-98.770949
20169,Saline County,20,KS,1865429340,2760902,38.791804,-97.651478
20171,Scott County,20,KS,1858536839,306079,38.481877,-100.90636
20173,Sedgwick County,20,KS,2582220576,31390123,37.681045,-97.461054
20175,Seward County,20,KS,1656693303,1961444,37.18096,-100.855257
20177,Shawnee County,20,KS,1409020130,30313507,39.041805,-95.755664
20179,Sheridan County,20,KS,2320518305,647342,39.350547,-100.441228
20181,Sherman County,20,KS,2735193251,548248,39.351352,-101.719859
20183,Smith County,20,KS,2319241775,3884267,39.78466,-98.785429
20185,Stafford County,20,KS,2051389756,7435417,38.03563,-98.719889
20187,Stanton County,20,KS,1762103387,178555,37.565932,-101.789383
20189,Stevens County,20,KS,1883593922,464936,37.2017,-101.317268
20191,Sumner County,20,KS,3060505681,8512878,37.236662,-97.493352
20193,Thomas County,20,KS,2783425128,288241,39.357713,-101.083386
20195,Trego County,20,KS,2303727352,26281951,38.921302,-99.865423
20197,Wabaunsee County,20,KS,2057320865,13845234,38.955154,-96.201262
20199,Wallace County,20,KS,2366348284,140936,38.926626,-101.771103
20201,Washington County,20,KS,2317414334,10139473,39.776714,-97.095611
20203,Wichita County,20,KS,1861078196,61987,38.481922,-101.347434
20205,Wilson County,20,KS,1477388031,12046473,37.558515,-95.745175
20207,Woodson County,20,KS,1289344338,19254559,37.888193,-95.758469
20209,Wyandotte County,20,KS,392739382,11801597,39.115384,-94.763087
21001,Adair County,21,KY,1049702545,18391917,37.105559,-85.28138
21003,Allen County,21,KY,890240991,21079866,36.75077,-86.192458
21005,Anderson County,21,KY,523849802,5244774,38.005396,-84.986417
21007,Ballard County,21,KY,639972655,69636340,37.051323,-89.010367
21009,Barren County,21,KY,1262269990,32723250,36.962805,-85.932108
21011,Bath County,21,KY,719997080,15570646,38.152249,-83.737641
21013,Bell County,21,KY,929803432,5484276,36.728928,-83.680718
21015,Boone County,21,KY,637830301,26513521,38.9589,-84.736371
21017,Bourbon County,21,KY,750448654,4820688,38.202562,-84.20986
21019,Boyd County,21,KY,414051809,5571590,38.360003,-82.681406
21021,Boyle County,21,KY,467067884,6486677,37.618104,-84.868352
21023,Bracken County,21,KY,524900457,16279752,38.680365,-84.115235
21025,Breathitt County,21,KY,1275366506,7370804,37.517807,-83.317158
21027,Breckinridge County,21,KY,1475580265,41098834,37.777988,-86.432919
21029,Bullitt County,21,KY,769444308,8237256,37.969945,-85.702635
21031,Butler County,21,KY,1103624033,13891042,37.207013,-86.682471
21033,Caldwell County,21,KY,893117876,8584485,37.148642,-87.870509
21035,Calloway County,21,KY,996755842,66943042,36.620978,-88.274086
21037,Campbell County,21,KY,391916807,20943964,38.946981,-84.379583
21039,Carlisle County,21,KY,490706561,24648733,36.85718,-88.976614
21041,Carroll County,21,KY,333331142,22186244,38.668394,-85.124024
21043,Carter County,21,KY,1060593553,6782466,38.314094,-83.038988
21045,Casey County,21,KY,1150621984,3842017,37.321962,-84.92822
21047,Christian County,21,KY,1858731000,16530508,36.892059,-87.492986
21049,Clark County,21,KY,653924827,6943411,37.970314,-84.145115
21051,Clay County,21,KY,1215470276,4754889,37.164273,-83.715454
21053,Clinton County,21,KY,510391738,21636754,36.727258,-85.136098
21055,Crittenden County,21,KY,931272391,30377986,37.358149,-88.10501
21057,Cumberland County,21,KY,790326358,14920717,36.782372,-85.388484
21059,Daviess County,21,KY,1187242067,46811527,37.731671,-87.087139
21061,Edmonson County,21,KY,784263747,13462746,37.227514,-86.218015
21063,Elliott County,21,KY,606888298,2595857,38.116883,-83.096116
21065,Estill County,21,KY,655477008,6549172,37.692449,-83.963983
21067,Fayette County,21,KY,735181665,4434380,38.040678,-84.458272
21069,Fleming County,21,KY,903057248,6844691,38.367848,-83.699205
21071,Floyd County,21,KY,1018643076,6228697,37.552456,-82.739724
21073,Franklin County,21,KY,538480614,10617911,38.234919,-84.868786
21075,Fulton County,21,KY,533360972,64082320,36.552511,-89.187659
21077,Gallatin County,21,KY,254547580,16452438,38.755663,-84.865143
21079,Garrard County,21,KY,595501702,10415371,37.630162,-84.545856
21081,Grant County,21,KY,668154249,7246883,38.649167,-84.625924
21083,Graves County,21,KY,1429042910,13030079,36.723344,-88.649897
21085,Grayson County,21,KY,1293792164,29767586,37.458577,-86.344011
21087,Green County,21,KY,740640299,7328706,37.278065,-85.537925
21089,Greenup County,21,KY,892130687,25867696,38.563562,-82.93382
21091,Hancock County,21,KY,486076270,29131626,37.843325,-86.792761
21093,Hardin County,21,KY,1615891718,16123680,37.695836,-85.963183
21095,Harlan County,21,KY,1206493477,6014134,36.859223,-83.221497
21097,Harrison County,21,KY,793722604,8855951,38.444578,-84.334131
21099,Hart County,21,KY,1068809200,13410820,37.305827,-85.878443
21101,Henderson County,21,KY,1130168819,75607018,37.792542,-87.572577
21103,Henry County,21,KY,741386195,12616890,38.451383,-85.119647
21105,Hickman County,21,KY,627634138,27735813,36.675896,-88.972084
21107,Hopkins County,21,KY,1404258118,31671290,37.31107,-87.542196
21109,Jackson County,21,KY,894134829,3328475,37.403458,-84.020576
21111,Jefferson County,21,KY,986344428,43437020,38.189532,-85.657624
21113,Jessamine County,21,KY,445767041,6121602,37.873291,-84.58396
21115,Johnson County,21,KY,678488580,5619567,37.847756,-82.830121
21117,Kenton County,21,KY,415359131,10196816,38.930503,-84.533438
21119,Knott County,21,KY,910442831,3438036,37.354368,-82.952546
21121,Knox County,21,KY,1000590554,3676706,36.8885,-83.855551
21123,Larue County,21,KY,676090529,6721655,37.544462,-85.696841
21125,Laurel County,21,KY,1123286188,25873416,37.113268,-84.119395
21127,Lawrence County,21,KY,1076391952,11578388,38.074453,-82.73829
21129,Lee County,21,KY,540843067,6309608,37.608116,-83.719248
21131,Leslie County,21,KY,1038269511,9125982,37.087846,-83.388617
21133,Letcher County,21,KY,875244021,2847896,37.118536,-82.861251
21135,Lewis County,21,KY,1250595455,31872268,38.535047,-83.370143
21137,Lincoln County,21,KY,862215191,9037597,37.457174,-84.658335
21139,Livingston County,21,KY,810561761,75614775,37.209517,-88.363426
21141,Logan County,21,KY,1430232787,12470413,36.859607,-86.881288
21143,Lyon County,21,KY,553700579,110705475,37.023976,-88.083391
21145,McCracken County,21,KY,644351557,49602861,37.054111,-88.712454
21147,McCreary County,21,KY,1105159773,10987658,36.731136,-84.491052
21149,McLean County,21,KY,654037067,9610577,37.526707,-87.265597
21151,Madison County,21,KY,1134231010,13798845,37.725511,-84.278362
21153,Magoffin County,21,KY,798864848,1848998,37.698983,-83.069721
21155,Marion County,21,KY,889793040,8563275,37.552604,-85.268959
21157,Marshall County,21,KY,782500003,98537659,36.882017,-88.332752
21159,Martin County,21,KY,594717447,2549460,37.796774,-82.506623
21161,Mason County,21,KY,621926398,16274514,38.594137,-83.828125
21163,Meade County,21,KY,791146216,49058513,37.967476,-86.200863
21165,Menifee County,21,KY,527162212,6205679,37.935485,-83.589355
21167,Mercer County,21,KY,645898189,10166125,37.812085,-84.879695
21169,Metcalfe County,21,KY,750193213,3985177,36.99243,-85.633456
21171,Monroe County,21,KY,853335721,6686907,36.714077,-85.713508
21173,Montgomery County,21,KY,511202049,3786799,38.038109,-83.912416
21175,Morgan County,21,KY,987053731,6950463,37.92294,-83.258944
21177,Muhlenberg County,21,KY,1210249680,31390324,37.213816,-87.134092
21179,Nelson County,21,KY,1084389928,13962497,37.80312,-85.465931
21181,Nicholas County,21,KY,505839859,3936676,38.338031,-84.026223
21183,Ohio County,21,KY,1520569116,23652967,37.477859,-86.844871
21185,Oldham County,21,KY,485089203,23440362,38.400127,-85.45615
21187,Owen County,21,KY,907751575,9741916,38.499395,-84.84159
21189,Owsley County,21,KY,511268801,2299985,37.423622,-83.691637
21191,Pendleton County,21,KY,717810239,12332855,38.696284,-84.351943
21193,Perry County,21,KY,879880331,7473919,37.241282,-83.217772
21195,Pike County,21,KY,2036305634,6073018,37.486031,-82.410912
21197,Powell County,21,KY,463508964,3003167,37.809567,-83.831235
21199,Pulaski County,21,KY,1704469885,49351326,37.107428,-84.576969
21201,Robertson County,21,KY,257938637,1333016,38.513473,-84.06423
21203,Rockcastle County,21,KY,819904083,3961380,37.36105,-84.314368
21205,Rowan County,21,KY,724888281,16537777,38.204266,-83.428079
21207,Russell County,21,KY,655971056,76673438,36.990587,-85.05495
21209,Scott County,21,KY,730879457,8342139,38.28571,-84.57834
21211,Shelby County,21,KY,983652093,15210928,38.239011,-85.228247
21213,Simpson County,21,KY,606511223,5930956,36.740937,-86.581793
21215,Spencer County,21,KY,483473768,12916810,38.025313,-85.317312
21217,Taylor County,21,KY,690009657,26953361,37.36621,-85.328059
21219,Todd County,21,KY,969984465,6586292,36.840338,-87.183642
21221,Trigg County,21,KY,1143304981,103337186,36.807681,-87.858652
21223,Trimble County,21,KY,382723828,21257574,38.62004,-85.351208
21225,Union County,21,KY,888050070,52667331,37.658029,-87.95165
21227,Warren County,21,KY,1403057985,15127045,36.995634,-86.423579
21229,Washington County,21,KY,769962860,10138826,37.754209,-85.175416
21231,Wayne County,21,KY,1186326542,67647953,36.800772,-84.82659
21233,Webster County,21,KY,859944623,9398697,37.520375,-87.685206
21235,Whitley County,21,KY,1134211587,18639649,36.758024,-84.144648
21237,Wolfe County,21,KY,575390049,1534248,37.743893,-83.49511
21239,Woodford County,21,KY,490993051,6380990,38.043103,-84.748855
22001,Acadia Parish,22,LA,1697073813,5934788,30.291497,-92.411037
22003,Allen Parish,22,LA,1973788820,10457653,30.652744,-92.819605
22005,Ascension Parish,22,LA,751018421,32968280,30.206444,-90.912502
22007,Assumption Parish,22,LA,891009957,67104891,29.9033,-91.065219
22009,Avoyelles Parish,22,LA,2154028913,87952333,31.088503,-91.983275
22011,Beauregard Parish,22,LA,2997852791,21944259,30.645018,-93.340253
22013,Bienville Parish,22,LA,2101370398,27972980,32.340952,-93.041151
22015,Bossier Parish,22,LA,2174491553,70806182,32.698481,-93.626561
22017,Caddo Parish,22,LA,2277812595,149099518,32.580106,-93.88497
22019,Calcasieu Parish,22,LA,2755958086,77914414,30.229559,-93.358015
22021,Caldwell Parish,22,LA,1372098436,29104196,32.101219,-92.114231
22023,Cameron Parish,22,LA,3327199807,1688890170,29.871812,-93.164948
22025,Catahoula Parish,22,LA,1833587418,81544665,31.666517,-91.846703
22027,Claiborne Parish,22,LA,1954908517,32473223,32.82716,-92.989728
22029,Concordia Parish,22,LA,1805584100,130099124,31.469805,-91.626315
22031,De Soto Parish,22,LA,2269992573,46989269,32.059248,-93.740797
22033,East Baton Rouge Parish,22,LA,1179744887,38443657,30.54393,-91.093131
22035,East Carroll Parish,22,LA,1090092485,56411688,32.73017,-91.234141
22037,East Feliciana Parish,22,LA,1174022930,6150607,30.839784,-91.043434
22039,Evangeline Parish,22,LA,1715687376,44662183,30.720693,-92.404086
22041,Franklin Parish,22,LA,1616925546,28050179,32.139076,-91.672371
22043,Grant Parish,22,LA,1667305573,54548379,31.597787,-92.561716
22045,Iberia Parish,22,LA,1488572462,1205958049,29.606013,-91.842706
22047,Iberville Parish,22,LA,1602476038,88659446,30.270653,-91.365872
22049,Jackson Parish,22,LA,1474681465,28647417,32.30429,-92.5617
22051,Jefferson Parish,22,LA,779233472,883630909,29.5033,-90.036231
22053,Jefferson Davis Parish,22,LA,1687430141,18666917,30.269529,-92.816221
22055,Lafayette Parish,22,LA,696257607,1149127,30.206507,-92.06417
22057,Lafourche Parish,22,LA,2765571304,1037643577,29.491992,-90.394849
22059,LaSalle Parish,22,LA,1618363238,97655624,31.680083,-92.161596
22061,Lincoln Parish,22,LA,1221532396,1897706,32.601823,-92.662303
22063,Livingston Parish,22,LA,1678652694,112175420,30.440419,-90.727474
22065,Madison Parish,22,LA,1615854948,68460376,32.346878,-91.231932
22067,Morehouse Parish,22,LA,2058910717,28888046,32.820008,-91.800399
22069,Natchitoches Parish,22,LA,3245276850,120549025,31.732509,-93.082546
22071,Orleans Parish,22,LA,439001672,467102619,30.05342,-89.934502
22073,Ouachita Parish,22,LA,1580797957,55327711,32.480932,-92.151581
22075,Plaquemines Parish,22,LA,2021731566,4627380285,29.282447,-89.576068
22077,Pointe Coupee Parish,22,LA,1442300230,86716680,30.708319,-91.604621
22079,Rapides Parish,22,LA,3429428124,96893609,31.193204,-92.535953
22081,Red River Parish,22,LA,1007453088,34259705,32.101213,-93.34905
22083,Richland Parish,22,LA,1439031396,22771218,32.413158,-91.748353
22085,Sabine Parish,22,LA,2244547678,375313525,31.560402,-93.559579
22087,St. Bernard Parish,22,LA,977763283,4604190778,29.91811,-89.263494
22089,St. Charles Parish,22,LA,719347893,308635082,29.905722,-90.357855
22091,St. Helena Parish,22,LA,1058078903,2796358,30.822539,-90.708307
22093,St. James Parish,22,LA,616057914,38773983,30.024777,-90.793956
22095,St. John the Baptist Parish,22,LA,555484724,506440074,30.144068,-90.49096
22097,St. Landry Parish,22,LA,2393224011,39013551,30.583441,-91.989274
22099,St. Martin Parish,22,LA,1910038831,205294657,30.121433,-91.611481
22101,St. Mary Parish,22,LA,1446578734,1453492316,29.629349,-91.463804
22103,St. Tammany Parish,22,LA,2189266452,648380545,30.410022,-89.951962
22105,Tangipahoa Parish,22,LA,2049124754,136690438,30.621348,-90.40649
22107,Tensas Parish,22,LA,1562545689,99432220,32.001489,-91.342576
22109,Terrebonne Parish,22,LA,3185395698,2207589251,29.33413,-90.843674
22111,Union Parish,22,LA,2271194160,73615328,32.829349,-92.37565
22113,Vermilion Parish,22,LA,3035607246,932171851,29.806638,-92.321394
22115,Vernon Parish,22,LA,3436205538,35121001,31.102841,-93.18833
22117,Washington Parish,22,LA,1734352072,16140411,30.852144,-90.046253
22119,Webster Parish,22,LA,1536688180,55947134,32.732152,-93.339825
22121,West Baton Rouge Parish,22,LA,498174685,29604699,30.464052,-91.309808
22123,West Carroll Parish,22,LA,931582171,2386489,32.79248,-91.451998
22125,West Feliciana Parish,22,LA,1044584260,58751921,30.873364,-91.421776
22127,Winn Parish,22,LA,2460497668,17449604,31.941187,-92.641269
23001,Androscoggin County,23,ME,1211995418,75541705,44.167681,-70.207435
23003,Aroostook County,23,ME,17278162809,405078327,46.709193,-68.612409
23005,Cumberland County,23,ME,2165729697,987482231,43.808348,-70.330375
23007,Franklin County,23,ME,4395226704,121284631,44.976724,-70.414935
23009,Hancock County,23,ME,4110642801,1962698999,44.564906,-68.370703
23011,Kennebec County,23,ME,2246742799,216787826,44.417012,-69.765764
23013,Knox County,23,ME,945723205,2017077723,44.042045,-69.038514
23015,Lincoln County,23,ME,1180688993,631299424,43.994781,-69.513624
23017,Oxford County,23,ME,5379294383,255884970,44.4945,-70.734421
23019,Penobscot County,23,ME,8798661091,414021728,45.409284,-68.666616
23021,Piscataquis County,23,ME,10258545867,1080517302,45.915639,-69.102231
23023,Sagadahoc County,23,ME,657801805,300571247,43.916845,-69.844227
23025,Somerset County,23,ME,10163811939,437942552,45.503646,-69.95611
23027,Waldo County,23,ME,1890642742,317988397,44.505822,-69.138961
23029,Washington County,23,ME,6637427367,1799648496,44.967009,-67.609354
23031,York County,23,ME,2567186511,721352437,43.426019,-70.668425
24001,Allegany County,24,MD,1093489886,14710933,39.612313,-78.703104
24003,Anne Arundel County,24,MD,1074343714,448054686,38.991617,-76.560894
24005,Baltimore County,24,MD,1549740650,215957832,39.443167,-76.616569
24009,Calvert County,24,MD,552158541,341580669,38.522719,-76.529762
24011,Caroline County,24,MD,827350253,16777065,38.871531,-75.831662
24013,Carroll County,24,MD,1159316253,13112686,39.563328,-77.01533
24015,Cecil County,24,MD,896912539,185281256,39.562354,-75.941585
24017,Charles County,24,MD,1185745256,479451413,38.472853,-77.015427
24019,Dorchester County,24,MD,1400573748,1145353067,38.429196,-76.047433
24021,Frederick County,24,MD,1711000486,17635238,39.470177,-77.397636
24023,Garrett County,24,MD,1681102438,22498420,39.547299,-79.274619
24025,Harford County,24,MD,1132149297,231888421,39.537429,-76.299789
24027,Howard County,24,MD,649957176,6336170,39.252264,-76.924406
24029,Kent County,24,MD,717394874,353423861,39.241279,-76.125987
24031,Montgomery County,24,MD,1277235204,35644638,39.137381,-77.203063
24033,Prince George's County,24,MD,1250040416,41926971,38.829278,-76.848188
24035,Queen Anne's County,24,MD,962618587,360075353,39.040693,-76.082405
24037,St. Mary's County,24,MD,928676346,1050726154,38.223077,-76.534487
24039,Somerset County,24,MD,828145300,752652883,38.07445,-75.853323
24041,Talbot County,24,MD,695556098,539368999,38.748349,-76.178476
24043,Washington County,24,MD,1185655254,24820607,39.603621,-77.814671
24045,Wicomico County,24,MD,969768022,66763786,38.36737,-75.632083
24047,Worcester County,24,MD,1213156432,586531107,38.222133,-75.309931
24510,Baltimore city,24,MD,209649328,28758743,39.300032,-76.610476
25001,Barnstable County,25,MA,1020973582,2360362409,41.706123,-70.164823
25003,Berkshire County,25,MA,2400592147,50709767,42.371493,-73.217928
25005,Bristol County,25,MA,1432549561,357457333,41.748588,-71.088894
25007,Dukes County,25,MA,267292993,1004291415,41.38097,-70.701499
25009,Essex County,25,MA,1275603096,870174947,42.642708,-70.864909
25011,Franklin County,25,MA,1810939912,65598236,42.584504,-72.591792
25013,Hampden County,25,MA,1598035088,44416923,42.136198,-72.635648
25015,Hampshire County,25,MA,1365533874,46625894,42.339459,-72.663694
25017,Middlesex County,25,MA,2118264213,75317586,42.481718,-71.394916
25019,Nantucket County,25,MA,119637316,666826385,41.293392,-70.102164
25021,Norfolk County,25,MA,1025902909,124957102,42.171738,-71.18111
25023,Plymouth County,25,MA,1705510383,1126116263,41.987196,-70.741942
25025,Suffolk County,25,MA,150875412,160499085,42.338551,-71.018253
25027,Worcester County,25,MA,3912634568,177352210,42.311693,-71.940282
26001,Alcona County,26,MI,1747349240,2890404966,44.657509,-83.29458
26003,Alger County,26,MI,2369927689,10703517569,46.521736,-86.657119
26005,Allegan County,26,MI,2137395690,2610802937,42.421251,-86.261403
26007,Alpena County,26,MI,1481211409,2908626983,44.894954,-83.426574
26009,Antrim County,26,MI,1232002673,326536774,45.005455,-85.175639
26011,Arenac County,26,MI,940627660,822313309,44.036833,-83.740675
26013,Baraga County,26,MI,2326915077,441618719,46.695859,-88.36181
26015,Barry County,26,MI,1432533268,61999481,42.582811,-85.31455
26017,Bay County,26,MI,1145834941,487713370,43.699711,-83.978701
26019,Benzie County,26,MI,828008634,1398251499,44.636844,-86.231999
26021,Berrien County,26,MI,1470546336,2625447249,41.791382,-86.742543
26023,Branch County,26,MI,1311597696,34428004,41.918455,-85.066885
26025,Calhoun County,26,MI,1829210177,31256789,42.24299,-85.012385
26027,Cass County,26,MI,1269375087,47139869,41.917243,-86.000142
26029,Charlevoix County,26,MI,1078288790,2522931117,45.618554,-85.543684
26031,Cheboygan County,26,MI,1852563997,440607444,45.476022,-84.495431
26033,Chippewa County,26,MI,4036516926,2952502495,46.321819,-84.52063
26035,Clare County,26,MI,1461703749,28496979,43.991137,-84.838325
26037,Clinton County,26,MI,1469427624,18687990,42.950455,-84.591695
26039,Crawford County,26,MI,1441108424,17887265,44.680175,-84.611343
26041,Delta County,26,MI,3033120256,2124407010,45.805229,-86.901938
26043,Dickinson County,26,MI,1970845135,40505952,46.012833,-87.866139
26045,Eaton County,26,MI,1489783263,10942054,42.58953,-84.84645
26047,Emmet County,26,MI,1210940739,1073419241,45.590094,-84.986822
26049,Genesee County,26,MI,1649674145,32748546,43.021077,-83.706372
26051,Gladwin County,26,MI,1299620412,36677056,43.98975,-84.389816
26053,Gogebic County,26,MI,2854517941,970153215,46.488054,-89.788314
26055,Grand Traverse County,26,MI,1202625102,354771223,44.718688,-85.553848
26057,Gratiot County,26,MI,1472098902,8369164,43.292326,-84.60469
26059,Hillsdale County,26,MI,1549207167,22939100,41.927461,-84.637479
26061,Houghton County,26,MI,2613558395,1275354760,46.998427,-88.651903
26063,Huron County,26,MI,2165275133,3369019054,43.907616,-82.857045
26065,Ingham County,26,MI,1440257552,11984867,42.603534,-84.373811
26067,Ionia County,26,MI,1479710874,22590323,42.94465,-85.073766
26069,Iosco County,26,MI,1423138614,3472103967,44.386912,-83.380141
26071,Iron County,26,MI,3020175215,116800609,46.170254,-88.540526
26073,Isabella County,26,MI,1483287235,12943517,43.645233,-84.839424
26075,Jackson County,26,MI,1817904855,55933445,42.248474,-84.420868
26077,Kalamazoo County,26,MI,1455457976,47507421,42.246266,-85.532854
26079,Kalkaska County,26,MI,1449729129,28020186,44.678881,-85.088992
26081,Kent County,26,MI,2198720085,59599780,43.032497,-85.547446
26083,Keweenaw County,26,MI,1398883242,14053673396,47.367297,-88.351332
26085,Lake County,26,MI,1470061186,17483127,43.995187,-85.8114
26087,Lapeer County,26,MI,1675677868,41080675,43.088633,-83.224325
26089,Leelanau County,26,MI,899241892,5659105321,45.146182,-86.051574
26091,Lenawee County,26,MI,1941553343,30470381,41.896022,-84.074356
26093,Livingston County,26,MI,1464076022,52118264,42.602532,-83.911718
26095,Luce County,26,MI,2328593561,2624711552,46.510988,-85.517552
26097,Mackinac County,26,MI,2646654801,2793754478,46.167868,-85.303762
26099,Macomb County,26,MI,1241505061,237173296,42.671553,-82.911456
26101,Manistee County,26,MI,1404616368,1912438858,44.245268,-86.327537
26103,Marquette County,26,MI,4685420990,4185337774,46.656596,-87.584028
26105,Mason County,26,MI,1281963205,1935616622,43.957196,-86.442937
26107,Mecosta County,26,MI,1437843578,41665709,43.635295,-85.332751
26109,Menominee County,26,MI,2704053651,761798350,45.535568,-87.501457
26111,Midland County,26,MI,1341248824,26442920,43.648203,-84.379414
26113,Missaukee County,26,MI,1462793671,23588781,44.325424,-85.085471
26115,Monroe County,26,MI,1422818200,338203447,41.916097,-83.487106
26117,Montcalm County,26,MI,1826793471,39944685,43.312782,-85.149468
26119,Montmorency County,26,MI,1415881030,41352700,45.024134,-84.130107
26121,Muskegon County,26,MI,1305130151,2476314283,43.428739,-86.420908
26123,Newaygo County,26,MI,2172706360,59083043,43.562712,-85.791372
26125,Oakland County,26,MI,2246536802,103196194,42.660452,-83.38421
26127,Oceana County,26,MI,1393686390,1988709489,43.603954,-86.467177
26129,Ogemaw County,26,MI,1459466626,29641292,44.33328,-84.128073
26131,Ontonagon County,26,MI,3395416178,6292279424,46.835325,-89.276912
26133,Osceola County,26,MI,1466674406,17425113,43.997552,-85.322283
26135,Oscoda County,26,MI,1465088063,15136485,44.687257,-84.126905
26137,Otsego County,26,MI,1333860411,29050564,45.021787,-84.576603
26139,Ottawa County,26,MI,1459508867,2765824532,43.054969,-86.219349
26141,Presque Isle County,26,MI,1706069656,4957327108,45.252397,-83.432283
26143,Roscommon County,26,MI,1346526240,155723123,44.339517,-84.611271
26145,Saginaw County,26,MI,2074078770,39262555,43.328267,-84.05541
26147,St. Clair County,26,MI,1868645087,297870348,42.928803,-82.668913
26149,St. Joseph County,26,MI,1296650393,52801554,41.911488,-85.52287
26151,Sanilac County,26,MI,2493048508,1624879474,43.449155,-82.642815
26153,Schoolcraft County,26,MI,3035145674,1844210517,46.021122,-86.197029
26155,Shiawassee County,26,MI,1375198039,25833543,42.951545,-84.146352
26157,Tuscola County,26,MI,2084527019,282490891,43.487902,-83.436618
26159,Van Buren County,26,MI,1574177249,1248660328,42.28215,-86.306076
26161,Washtenaw County,26,MI,1828539920,42523115,42.252217,-83.843423
26163,Wayne County,26,MI,1584644895,156839875,42.284664,-83.261953
26165,Wexford County,26,MI,1463148676,27182043,44.331375,-85.570046
27001,Aitkin County,27,MN,4717323619,449370012,46.602409,-93.419694
27003,Anoka County,27,MN,1092905199,62440487,45.27411,-93.242723
27005,Becker County,27,MN,3405929305,336990161,46.937629,-95.741757
27007,Beltrami County,27,MN,6486994906,1425755980,47.879508,-95.00505
27009,Benton County,27,MN,1057499903,12286827,45.701225,-94.00144
27011,Big Stone County,27,MN,1292738450,74945835,45.419925,-96.402226
27013,Blue Earth County,27,MN,1936886797,45960599,44.03371,-94.064012
27015,Brown County,27,MN,1582765943,18533953,44.246541,-94.733647
27017,Carlton County,27,MN,2230473957,36173451,46.603818,-92.671044
27019,Carver County,27,MN,916541649,57071065,44.82132,-93.800091
27021,Cass County,27,MN,5235567137,1016592500,46.951745,-94.333705
27023,Chippewa County,27,MN,1505361876,17238350,45.028625,-95.564108
27025,Chisago County,27,MN,1074584867,71183600,45.505444,-92.903849
27027,Clay County,27,MN,2706993097,19303392,46.898377,-96.494901
27029,Clearwater County,27,MN,2587406740,80628708,47.575873,-95.371117
27031,Cook County,27,MN,3762153874,4887906440,47.758556,-90.344319
27033,Cottonwood County,27,MN,1657522319,22249932,44.010639,-95.183152
27035,Crow Wing County,27,MN,2585738273,409712717,46.491653,-94.070718
27037,Dakota County,27,MN,1457015232,62996790,44.670893,-93.062481
27039,Dodge County,27,MN,1138031312,804838,44.020706,-92.869353
27041,Douglas County,27,MN,1649506207,215746559,45.936835,-95.462155
27043,Faribault County,27,MN,1845313180,24410688,43.676522,-93.947234
27045,Fillmore County,27,MN,2230843181,2055817,43.679187,-92.093937
27047,Freeborn County,27,MN,1831756443,39305226,43.674202,-93.350289
27049,Goodhue County,27,MN,1959878210,59112990,44.406178,-92.716
27051,Grant County,27,MN,1418795379,71705190,45.930743,-96.010699
27053,Hennepin County,27,MN,1434869636,136603501,45.006121,-93.475228
27055,Houston County,27,MN,1429966784,43313922,43.66699,-91.501556
27057,Hubbard County,27,MN,2398360003,190330918,47.095551,-94.91329
27059,Isanti County,27,MN,1128667913,41203726,45.562431,-93.296339
27061,Itasca County,27,MN,6908825994,674112376,47.490817,-93.611102
27063,Jackson County,27,MN,1820689902,42120424,43.671111,-95.149731
27065,Kanabec County,27,MN,1350962864,31252180,45.94776,-93.297788
27067,Kandiyohi County,27,MN,2065166105,168381165,45.152714,-95.004981
27069,Kittson County,27,MN,2846395551,12419291,48.77604,-96.780349
27071,Koochiching County,27,MN,8041150183,132757600,48.245374,-93.782896
27073,Lac qui Parle County,27,MN,1981395036,33648339,44.999826,-96.176851
27075,Lake County,27,MN,5462563492,2283905085,47.517111,-91.411704
27077,Lake of the Woods County,27,MN,3360906040,1248825402,48.7681,-94.904633
27079,Le Sueur County,27,MN,1162212764,65216707,44.373421,-93.730106
27081,Lincoln County,27,MN,1390269886,30163010,44.408238,-96.272032
27083,Lyon County,27,MN,1850315114,18794794,44.409195,-95.847268
27085,McLeod County,27,MN,1273004665,36432583,44.821657,-94.272323
27087,Mahnomen County,27,MN,1444868085,64851532,47.328387,-95.811089
27089,Marshall County,27,MN,4597384205,98012348,48.362728,-96.357761
27091,Martin County,27,MN,1844928117,44669375,43.677173,-94.547096
27093,Meeker County,27,MN,1574629040,94913815,45.123155,-94.527346
27095,Mille Lacs County,27,MN,1482265590,282932803,45.929043,-93.632996
27097,Morrison County,27,MN,2913980696,73275537,46.020484,-94.266619
27099,Mower County,27,MN,1842188272,617123,43.666249,-92.759514
27101,Murray County,27,MN,1825079944,38432252,44.015594,-95.761581
27103,Nicollet County,27,MN,1161653543,47494286,44.35882,-94.245684
27105,Nobles County,27,MN,1852143784,19253011,43.677686,-95.763132
27107,Norman County,27,MN,2260512788,10208059,47.329453,-96.463776
27109,Olmsted County,27,MN,1692579774,3226187,43.9995,-92.410096
27111,Otter Tail County,27,MN,5106510658,654470600,46.405727,-95.714581
27113,Pennington County,27,MN,1596779102,4338967,48.069247,-96.037725
27115,Pine County,27,MN,3655344666,60270933,46.10094,-92.763094
27117,Pipestone County,27,MN,1204481403,2347611,44.015361,-96.257015
27119,Polk County,27,MN,5104864820,69390824,47.774254,-96.400027
27121,Pope County,27,MN,1747086641,109712781,45.589623,-95.446705
27123,Ramsey County,27,MN,394323905,46008726,45.015204,-93.099965
27125,Red Lake County,27,MN,1119929342,227815,47.865487,-96.08718
27127,Redwood County,27,MN,2275493970,8220183,44.403536,-95.254241
27129,Renville County,27,MN,2545711276,10851894,44.723697,-94.955617
27131,Rice County,27,MN,1284233685,52063538,44.350775,-93.298513
27133,Rock County,27,MN,1249562279,698231,43.669587,-96.263238
27135,Roseau County,27,MN,4329782924,16924046,48.761068,-95.821504
27137,St. Louis County,27,MN,16182544692,1586178742,47.578635,-92.514585
27139,Scott County,27,MN,922320603,31800969,44.651811,-93.533733
27141,Sherburne County,27,MN,1121327043,47058538,45.453166,-93.769164
27143,Sibley County,27,MN,1525091340,30329930,44.575734,-94.230123
27145,Stearns County,27,MN,3478032955,121782131,45.555235,-94.610482
27147,Steele County,27,MN,1112525200,6972355,44.015261,-93.220453
27149,Stevens County,27,MN,1459869414,30336104,45.593461,-95.992315
27151,Swift County,27,MN,1921840373,26237086,45.27581,-95.690124
27153,Todd County,27,MN,2447791807,89136471,46.066569,-94.900576
27155,Traverse County,27,MN,1486320973,31025234,45.769935,-96.474832
27157,Wabasha County,27,MN,1354362716,68875490,44.289634,-92.233454
27159,Wadena County,27,MN,1389132780,18009881,46.586986,-94.988608
27161,Waseca County,27,MN,1096505128,24893714,44.01846,-93.589844
27163,Washington County,27,MN,996415255,99954121,45.037929,-92.890117
27165,Watonwan County,27,MN,1126508687,12387832,43.978109,-94.613798
27167,Wilkin County,27,MN,1945179855,480470,46.362335,-96.476657
27169,Winona County,27,MN,1621791131,40051875,43.981353,-91.777044
27171,Wright County,27,MN,1712364892,137897439,45.175091,-93.966396
27173,Yellow Medicine County,27,MN,1966062963,10687958,44.715736,-95.862756
28001,Adams County,28,MS,1197464268,65273639,31.486224,-91.351797
28003,Alcorn County,28,MS,1036110409,3408033,34.886569,-88.581109
28005,Amite County,28,MS,1890950868,3877823,31.203933,-90.795542
28007,Attala County,28,MS,1903529295,4425860,33.090468,-89.588622
28009,Benton County,28,MS,1053131424,5279184,34.809593,-89.200213
28011,Bolivar County,28,MS,2270141682,81446732,33.799139,-90.88412
28013,Calhoun County,28,MS,1519218292,3590388,33.936634,-89.337114
28015,Carroll County,28,MS,1627517131,16050556,33.440795,-89.918887
28017,Chickasaw County,28,MS,1299608408,6380767,33.933277,-88.947558
28019,Choctaw County,28,MS,1083125335,4295085,33.345964,-89.251332
28021,Claiborne County,28,MS,1262400025,35711134,31.97281,-90.915424
28023,Clarke County,28,MS,1791173034,5073931,32.045374,-88.687976
28025,Clay County,28,MS,1062082196,15376919,33.65967,-88.782468
28027,Coahoma County,28,MS,1432526490,77525442,34.230316,-90.60401
28029,Copiah County,28,MS,2013158772,5644780,31.866915,-90.448758
28031,Covington County,28,MS,1071784951,2880713,31.633331,-89.548897
28033,DeSoto County,28,MS,1233730201,50234812,34.874922,-89.991211
28035,Forrest County,28,MS,1207042886,10872917,31.18858,-89.259447
28037,Franklin County,28,MS,1460658822,7250805,31.477773,-90.895457
28039,George County,28,MS,1239816911,12838126,30.855431,-88.642268
28041,Greene County,28,MS,1845983901,15430619,31.212845,-88.634811
28043,Grenada County,28,MS,1093291104,70659566,33.770031,-89.80274
28045,Hancock County,28,MS,1227561217,204095552,30.391641,-89.482791
28047,Harrison County,28,MS,1485708639,1064623409,30.416536,-89.083376
28049,Hinds County,28,MS,2252888810,19259026,32.267788,-90.466017
28051,Holmes County,28,MS,1959776830,20568825,33.125942,-90.091197
28053,Humphreys County,28,MS,1084375633,32514314,33.130996,-90.523421
28055,Issaquena County,28,MS,1069614257,73664788,32.755539,-91.003535
28057,Itawamba County,28,MS,1379932999,19825536,34.281075,-88.363127
28059,Jackson County,28,MS,1872109196,830292614,30.456005,-88.625101
28061,Jasper County,28,MS,1751636189,3130850,32.016748,-89.119176
28063,Jefferson County,28,MS,1346620554,18988092,31.733633,-91.043878
28065,Jefferson Davis County,28,MS,1057871277,1791496,31.564808,-89.827086
28067,Jones County,28,MS,1799639019,12681687,31.616601,-89.168532
28069,Kemper County,28,MS,1984403151,2182350,32.750136,-88.625631
28071,Lafayette County,28,MS,1636088510,123105438,34.353078,-89.485385
28073,Lamar County,28,MS,1286109795,8871408,31.197586,-89.506369
28075,Lauderdale County,28,MS,1822508246,29730521,32.403998,-88.660449
28077,Lawrence County,28,MS,1115254005,13188412,31.550009,-90.10753
28079,Leake County,28,MS,1509697192,6376466,32.76063,-89.52225
28081,Lee County,28,MS,1165404269,8314457,34.29237,-88.682439
28083,Leflore County,28,MS,1538645699,31868197,33.54979,-90.294934
28085,Lincoln County,28,MS,1518269754,5291052,31.535216,-90.453566
28087,Lowndes County,28,MS,1309105224,28532500,33.471424,-88.439723
28089,Madison County,28,MS,1849790735,72085470,32.63437,-90.03416
28091,Marion County,28,MS,1404804180,16115365,31.230167,-89.821712
28093,Marshall County,28,MS,1829011195,9173803,34.76619,-89.504231
28095,Monroe County,28,MS,1981578016,18140832,33.89003,-88.485038
28097,Montgomery County,28,MS,1054074831,2352156,33.500714,-89.639625
28099,Neshoba County,28,MS,1476641121,3830971,32.752518,-89.119274
28101,Newton County,28,MS,1496417773,4525334,32.40197,-89.118412
28103,Noxubee County,28,MS,1800451920,12487951,33.106606,-88.566152
28105,Oktibbeha County,28,MS,1186834308,9566078,33.422313,-88.876151
28107,Panola County,28,MS,1774595233,51686997,34.365205,-89.963065
28109,Pearl River County,28,MS,2101307249,20783013,30.774793,-89.586904
28111,Perry County,28,MS,1676452290,7561701,31.169307,-88.988755
28113,Pike County,28,MS,1059783761,3907959,31.177516,-90.397725
28115,Pontotoc County,28,MS,1289330915,8308394,34.227081,-89.037239
28117,Prentiss County,28,MS,1074806610,8324262,34.620566,-88.522184
28119,Quitman County,28,MS,1048975539,3676001,34.252833,-90.290171
28121,Rankin County,28,MS,2008526161,79225994,32.267123,-89.946063
28123,Scott County,28,MS,1577902084,3001523,32.411959,-89.533486
28125,Sharkey County,28,MS,1118149684,8806463,32.892395,-90.827613
28127,Simpson County,28,MS,1525930873,3378528,31.902505,-89.917709
28129,Smith County,28,MS,1647926077,2599432,32.019029,-89.494876
28131,Stone County,28,MS,1153800120,6712351,30.790184,-89.112297
28133,Sunflower County,28,MS,1807187010,23747316,33.605529,-90.59509
28135,Tallahatchie County,28,MS,1672069540,16969517,33.954529,-90.172243
28137,Tate County,28,MS,1048332525,16090911,34.649553,-89.943105
28139,Tippah County,28,MS,1185754676,5522228,34.763618,-88.918819
28141,Tishomingo County,28,MS,1098925142,52373918,34.738835,-88.234827
28143,Tunica County,28,MS,1176191638,57012297,34.652201,-90.37177
28145,Union County,28,MS,1076417817,3369003,34.489533,-89.002339
28147,Walthall County,28,MS,1046169275,1236552,31.164492,-90.103431
28149,Warren County,28,MS,1524296048,77750343,32.356095,-90.852384
28151,Washington County,28,MS,1875077588,94257003,33.273174,-90.944446
28153,Wayne County,28,MS,2099745602,7255476,31.642503,-88.678214
28155,Webster County,28,MS,1090793736,5364867,33.612061,-89.283961
28157,Wilkinson County,28,MS,1756287539,25018736,31.161091,-91.324617
28159,Winston County,28,MS,1572773194,7341897,33.078724,-89.037391
28161,Yalobusha County,28,MS,1209914676,72140595,34.030666,-89.703807
28163,Yazoo County,28,MS,2388847326,30612555,32.765675,-90.387928
29001,Adair County,29,MO,1469362054,5468507,40.190666,-92.603592
29003,Andrew County,29,MO,1120510438,9677371,39.988863,-94.803551
29005,Atchison County,29,MO,1417462628,7359186,40.431846,-95.437555
29007,Audrain County,29,MO,1792918163,11843439,39.214481,-91.843418
29009,Barry County,29,MO,2015326675,32912693,36.699376,-93.834334
29011,Barton County,29,MO,1533351028,12152201,37.500799,-94.344089
29013,Bates County,29,MO,2167033437,38030738,38.257217,-94.339246
29015,Benton County,29,MO,1823437753,125605711,38.301036,-93.287942
29017,Bollinger County,29,MO,1600364576,8530122,37.318427,-90.024645
29019,Boone County,29,MO,1775568233,14222019,38.989861,-92.310202
29021,Buchanan County,29,MO,1057361281,17942874,39.660369,-94.808173
29023,Butler County,29,MO,1799410880,11191324,36.71518,-90.40313
29025,Caldwell County,29,MO,1104353494,8399237,39.658998,-93.979179
29027,Callaway County,29,MO,2161520464,33187172,38.835547,-91.923446
29029,Camden County,29,MO,1699124110,136304761,38.026527,-92.765327
29031,Cape Girardeau County,29,MO,1498351218,20284964,37.384141,-89.685658
29033,Carroll County,29,MO,1799061890,17533392,39.427375,-93.500227
29035,Carter County,29,MO,1314052440,4304986,36.944858,-90.945705
29037,Cass County,29,MO,1804223316,14963188,38.646474,-94.354547
29039,Cedar County,29,MO,1228870903,62637821,37.733655,-93.850014
29041,Chariton County,29,MO,1945541994,40353307,39.517968,-92.96162
29043,Christian County,29,MO,1457133932,3049199,36.969739,-93.187614
29045,Clark County,29,MO,1306924726,18695976,40.407275,-91.729472
29047,Clay County,29,MO,1029905842,28508807,39.315551,-94.421502
29049,Clinton County,29,MO,1085049760,11764909,39.608723,-94.395803
29051,Cole County,29,MO,1014104092,19106873,38.503233,-92.280027
29053,Cooper County,29,MO,1462695259,11475878,38.847093,-92.810069
29055,Crawford County,29,MO,1923005890,3306286,37.966559,-91.313936
29057,Dade County,29,MO,1269120978,42072597,37.43235,-93.854878
29059,Dallas County,29,MO,1401057564,4909180,37.683583,-93.033815
29061,Daviess County,29,MO,1458893649,14926594,39.962839,-93.970053
29063,DeKalb County,29,MO,1091312448,11560688,39.894665,-94.40719
29065,Dent County,29,MO,1949641179,4518781,37.603072,-91.489717
29067,Douglas County,29,MO,2107274104,2520175,36.946517,-92.515892
29069,Dunklin County,29,MO,1403538813,13708531,36.153025,-90.062254
29071,Franklin County,29,MO,2389725909,20813993,38.413003,-91.072832
29073,Gasconade County,29,MO,1344216320,18008168,38.441183,-91.50578
29075,Gentry County,29,MO,1272776755,762384,40.208127,-94.405321
29077,Greene County,29,MO,1749093453,6607713,37.258196,-93.340641
29079,Grundy County,29,MO,1127403258,7116081,40.112541,-93.565054
29081,Harrison County,29,MO,1871309888,10070644,40.34562,-93.992582
29083,Henry County,29,MO,1805055455,91656837,38.386491,-93.792628
29085,Hickory County,29,MO,1032908447,33454640,37.93691,-93.322988
29087,Holt County,29,MO,1198369591,19839053,40.095724,-95.219072
29089,Howard County,29,MO,1201239501,19855699,39.143365,-92.695926
29091,Howell County,29,MO,2401376472,2920041,36.774369,-91.887368
29093,Iron County,29,MO,1425174278,4665920,37.625971,-90.699587
29095,Jackson County,29,MO,1565698759,30621015,39.005364,-94.343211
29097,Jasper County,29,MO,1653723332,7163884,37.205197,-94.337259
29099,Jefferson County,29,MO,1699708490,20267934,38.25763,-90.543681
29101,Johnson County,29,MO,2147776086,10180467,38.741528,-93.811863
29103,Knox County,29,MO,1305380284,7303439,40.136856,-92.146835
29105,Laclede County,29,MO,1980373787,8720826,37.659698,-92.594843
29107,Lafayette County,29,MO,1627237795,27073170,39.068705,-93.802639
29109,Lawrence County,29,MO,1584393363,4247256,37.10659,-93.830551
29111,Lewis County,29,MO,1307990182,14964045,40.084559,-91.728803
29113,Lincoln County,29,MO,1622789067,36002285,39.062255,-90.962916
29115,Linn County,29,MO,1594366554,14989603,39.86444,-93.108019
29117,Livingston County,29,MO,1378657549,16187907,39.778587,-93.548201
29119,McDonald County,29,MO,1397155461,520251,36.627955,-94.343716
29121,Macon County,29,MO,2075118027,28912941,39.829795,-92.56434
29123,Madison County,29,MO,1280453084,8323284,37.474481,-90.343413
29125,Maries County,29,MO,1364873607,7632374,38.162615,-91.923601
29127,Marion County,29,MO,1131623305,19113754,39.807538,-91.635379
29129,Mercer County,29,MO,1175427717,3302140,40.421413,-93.567631
29131,Miller County,29,MO,1534756299,19216025,38.21668,-92.429876
29133,Mississippi County,29,MO,1066029407,44515175,36.826264,-89.295929
29135,Moniteau County,29,MO,1074931224,9940393,38.633037,-92.583642
29137,Monroe County,29,MO,1677352687,58366943,39.49827,-92.006458
29139,Montgomery County,29,MO,1385765320,14100641,38.935184,-91.465427
29141,Morgan County,29,MO,1547866672,42414965,38.420806,-92.874835
29143,New Madrid County,29,MO,1747940899,56236293,36.594261,-89.655948
29145,Newton County,29,MO,1618106507,4715004,36.908371,-94.335034
29147,Nodaway County,29,MO,2271326611,2361588,40.361136,-94.883146
29149,Oregon County,29,MO,2045687598,4528441,36.68531,-91.401827
29151,Osage County,29,MO,1571034360,17734586,38.464253,-91.859504
29153,Ozark County,29,MO,1929557613,26607427,36.64959,-92.458549
29155,Pemiscot County,29,MO,1275841039,53915406,36.209916,-89.785942
29157,Perry County,29,MO,1228574129,25394864,37.71113,-89.802125
29159,Pettis County,29,MO,1766982900,10471760,38.727367,-93.285207
29161,Phelps County,29,MO,1739919007,6567069,37.866326,-91.790349
29163,Pike County,29,MO,1736428526,36976721,39.339959,-91.171607
29165,Platte County,29,MO,1087337874,16894639,39.37869,-94.761477
29167,Polk County,29,MO,1646006426,17837670,37.616761,-93.400817
29169,Pulaski County,29,MO,1417014584,11312724,37.824835,-92.207022
29171,Putnam County,29,MO,1339844722,5942463,40.478606,-93.014531
29173,Ralls County,29,MO,1216743024,36381069,39.553455,-91.524787
29175,Randolph County,29,MO,1250220618,13254192,39.439249,-92.492959
29177,Ray County,29,MO,1473655260,13412073,39.308401,-93.995746
29179,Reynolds County,29,MO,2093946390,15373678,37.366464,-90.972282
29181,Ripley County,29,MO,1630438188,5455724,36.65017,-90.874834
29183,St. Charles County,29,MO,1451692063,82663660,38.781102,-90.674915
29185,St. Clair County,29,MO,1748193268,70137865,38.04223,-93.77656
29186,Ste. Genevieve County,29,MO,1292800351,19739769,37.885845,-90.161531
29187,St. Francois County,29,MO,1170380016,7218075,37.810707,-90.473868
29189,St. Louis County,29,MO,1315699985,39811029,38.640688,-90.446073
29195,Saline County,29,MO,1956761965,29542462,39.13584,-93.204164
29197,Schuyler County,29,MO,795916404,2216011,40.469361,-92.519016
29199,Scotland County,29,MO,1130548365,7217862,40.447686,-92.142824
29201,Scott County,29,MO,1087808786,15175232,37.047793,-89.568098
29203,Shannon County,29,MO,2599881424,464012,37.152498,-91.391328
29205,Shelby County,29,MO,1297230219,3764606,39.797531,-92.088719
29207,Stoddard County,29,MO,2131929142,15025824,36.851557,-89.947481
29209,Stone County,29,MO,1201273286,121206420,36.745822,-93.457842
29211,Sullivan County,29,MO,1678265913,9121738,40.209587,-93.109783
29213,Taney County,29,MO,1637553942,50101664,36.649827,-93.042819
29215,Texas County,29,MO,3049106823,5071079,37.314257,-91.964478
29217,Vernon County,29,MO,2140343862,27020859,37.850196,-94.341597
29219,Warren County,29,MO,1110043615,23774997,38.761902,-91.159306
29221,Washington County,29,MO,1968043965,6791224,37.942611,-90.897018
29223,Wayne County,29,MO,1966281377,38535344,37.111074,-90.453931
29225,Webster County,29,MO,1534731555,3109298,37.280804,-92.87608
29227,Worth County,29,MO,690564983,493903,40.480499,-94.419198
29229,Wright County,29,MO,1765786965,3526470,37.267633,-92.479989
29510,St. Louis city,29,MO,159853177,11534970,38.635699,-90.244582
30001,Beaverhead County,30,MT,14355492119,78345288,45.133863,-112.892869
30003,Big Horn County,30,MT,12944280256,47395459,45.407868,-107.518162
30005,Blaine County,30,MT,10949218323,29079295,48.428282,-108.967648
30007,Broadwater County,30,MT,3088195859,118487318,46.329849,-111.497873
30009,Carbon County,30,MT,5303728456,35213028,45.224468,-109.028554
30011,Carter County,30,MT,8651796246,19503322,45.516825,-104.515324
30013,Cascade County,30,MT,6988320248,34314469,47.316575,-111.350262
30015,Chouteau County,30,MT,10288778623,62611691,47.886834,-110.4362
30017,Custer County,30,MT,9798723729,25612454,46.261414,-105.550352
30019,Daniels County,30,MT,3694021962,1021697,48.794429,-105.541739
30021,Dawson County,30,MT,6143260044,29884287,47.26613,-104.898271
30023,Deer Lodge County,30,MT,1907998859,12199890,46.094672,-113.141624
30025,Fallon County,30,MT,4197320395,5915331,46.318184,-104.405718
30027,Fergus County,30,MT,11238811037,27700317,47.221816,-109.232956
30029,Flathead County,30,MT,13175846353,437160633,48.295422,-114.052059
30031,Gallatin County,30,MT,6747833277,73613712,45.518054,-111.163921
30033,Garfield County,30,MT,12112233250,446864356,47.267184,-106.995991
30035,Glacier County,30,MT,7757405145,105684958,48.705671,-112.990502
30037,Golden Valley County,30,MT,3041740574,2621792,46.380624,-109.174586
30039,Granite County,30,MT,4473328971,14546367,46.395955,-113.427356
30041,Hill County,30,MT,7509401939,44199218,48.631959,-110.106321
30043,Jefferson County,30,MT,4291603026,6256292,46.124232,-112.059428
30045,Judith Basin County,30,MT,4842466558,2066740,47.032558,-110.30532
30047,Lake County,30,MT,3860292624,423545836,47.642901,-114.083687
30049,Lewis and Clark County,30,MT,8957164728,101496096,47.132013,-112.373367
30051,Liberty County,30,MT,3703651373,44411471,48.559654,-111.036924
30053,Lincoln County,30,MT,9356484224,161555792,48.552385,-115.463185
30055,McCone County,30,MT,6843332036,103024685,47.629628,-105.757222
30057,Madison County,30,MT,9293281839,39849039,45.32529,-111.913791
30059,Meagher County,30,MT,6194909927,7475979,46.5857,-110.92174
30061,Mineral County,30,MT,3158799814,9897218,47.129687,-115.085385
30063,Missoula County,30,MT,6715861996,64585268,47.027263,-113.892691
30065,Musselshell County,30,MT,4840577746,7118682,46.505281,-108.439763
30067,Park County,30,MT,7258388275,27861797,45.463081,-110.53493
30069,Petroleum County,30,MT,4288047859,48927318,47.141917,-108.226575
30071,Phillips County,30,MT,13313630163,185493134,48.250143,-107.928897
30073,Pondera County,30,MT,4207608377,43980663,48.228604,-112.220761
30075,Powder River County,30,MT,8542288818,1565958,45.408926,-105.555344
30077,Powell County,30,MT,6024421103,16247901,46.844225,-112.9311
30079,Prairie County,30,MT,4497780199,15092932,46.812388,-105.503938
30081,Ravalli County,30,MT,6192574711,24289479,46.077744,-114.105795
30083,Richland County,30,MT,5398974515,49002593,47.785633,-104.563408
30085,Roosevelt County,30,MT,6098391704,38582249,48.282747,-104.99517
30087,Rosebud County,30,MT,12971010183,44234227,46.173206,-106.666792
30089,Sanders County,30,MT,7149404118,76395125,47.756497,-115.180306
30091,Sheridan County,30,MT,4343256741,75111952,48.705587,-104.533916
30093,Silver Bow County,30,MT,1859585011,1501437,45.896232,-112.660071
30095,Stillwater County,30,MT,4653550993,23732517,45.658545,-109.381576
30097,Sweet Grass County,30,MT,4805816390,17455905,45.811292,-109.944796
30099,Teton County,30,MT,5883457565,52625570,47.819035,-112.281725
30101,Toole County,30,MT,4959475398,78025726,48.645125,-111.733472
30103,Treasure County,30,MT,2532492074,17149960,46.227113,-107.275296
30105,Valley County,30,MT,12758579872,351382239,48.34985,-106.670424
30107,Wheatland County,30,MT,3684208396,13010928,46.496967,-109.857684
30109,Wibaux County,30,MT,2303979499,1756846,46.962966,-104.274518
30111,Yellowstone County,30,MT,6820102421,40493134,45.936987,-108.276656
31001,Adams County,31,NE,1458833580,2516930,40.520632,-98.500044
31003,Antelope County,31,NE,2220026330,3715966,42.183225,-98.058037
31005,Arthur County,31,NE,1852234562,7644718,41.57193,-101.695917
31007,Banner County,31,NE,1932231568,392060,41.53975,-103.726263
31009,Blaine County,31,NE,1840709884,9415061,41.931945,-99.996407
31011,Boone County,31,NE,1778104027,1780542,41.703934,-98.070476
31013,Box Butte County,31,NE,2784653174,7115630,42.21038,-103.081779
31015,Boyd County,31,NE,1396957276,13360589,42.894448,-98.773022
31017,Brown County,31,NE,3163421479,9689323,42.359562,-99.92392
31019,Buffalo County,31,NE,2507740549,18531976,40.855265,-99.074984
31021,Burt County,31,NE,1273203888,14183704,41.854179,-96.337746
31023,Butler County,31,NE,1514595612,15598402,41.226072,-97.132039
31025,Cass County,31,NE,1442361950,23289936,40.909878,-96.140609
31027,Cedar County,31,NE,1917080040,14653906,42.60456,-97.25687
31029,Chase County,31,NE,2316548821,7962797,40.53039,-101.694192
31031,Cherry County,31,NE,15436585720,128192827,42.571323,-101.047653
31033,Cheyenne County,31,NE,3097645443,292549,41.214236,-103.011929
31035,Clay County,31,NE,1482222882,3234876,40.523669,-98.050858
31037,Colfax County,31,NE,1065675346,13096487,41.57496,-97.088945
31039,Cuming County,31,NE,1477563029,10772508,41.915865,-96.788517
31041,Custer County,31,NE,6670405020,1285152,41.393893,-99.726866
31043,Dakota County,31,NE,684472406,8143543,42.391624,-96.561327
31045,Dawes County,31,NE,3616756317,11755838,42.713038,-103.135436
31047,Dawson County,31,NE,2625694321,14624783,40.86784,-99.815583
31049,Deuel County,31,NE,1139142625,2295555,41.111903,-102.332609
31051,Dixon County,31,NE,1231852119,18379775,42.485086,-96.855784
31053,Dodge County,31,NE,1369696181,36672841,41.577008,-96.645852
31055,Douglas County,31,NE,845585111,33326339,41.297091,-96.154066
31057,Dundy County,31,NE,2381956202,3046331,40.180165,-101.681133
31059,Fillmore County,31,NE,1490200736,2991991,40.52504,-97.596705
31061,Franklin County,31,NE,1491355862,487899,40.183203,-98.96208
31063,Frontier County,31,NE,2524345617,14047824,40.530947,-100.406683
31065,Furnas County,31,NE,1862730822,3727356,40.192252,-99.908637
31067,Gage County,31,NE,2205292883,21993061,40.255234,-96.683453
31069,Garden County,31,NE,4415478553,67450146,41.633364,-102.302985
31071,Garfield County,31,NE,1474624515,5255328,41.906912,-98.951283
31073,Gosper County,31,NE,1186729291,11718689,40.509095,-99.823206
31075,Grant County,31,NE,2011633362,17249018,41.913957,-101.755965
31077,Greeley County,31,NE,1475843024,2150066,41.567563,-98.530567
31079,Hall County,31,NE,1415507132,14540001,40.866027,-98.502664
31081,Hamilton County,31,NE,1403851005,7017550,40.872817,-98.022329
31083,Harlan County,31,NE,1433471190,53339808,40.178766,-99.403418
31085,Hayes County,31,NE,1846829891,562429,40.537234,-101.047963
31087,Hitchcock County,31,NE,1838765352,22080713,40.176896,-101.044217
31089,Holt County,31,NE,6246663903,14619277,42.459287,-98.784766
31091,Hooker County,31,NE,1867293650,1385457,41.920317,-101.117324
31093,Howard County,31,NE,1474391207,16386643,41.216851,-98.513342
31095,Jefferson County,31,NE,1476765697,14202851,40.175736,-97.143103
31097,Johnson County,31,NE,974059399,1675330,40.394955,-96.265264
31099,Kearney County,31,NE,1336933473,404663,40.50912,-98.947602
31101,Keith County,31,NE,2750729944,123802447,41.194245,-101.644449
31103,Keya Paha County,31,NE,2001740191,2710300,42.87548,-99.718351
31105,Kimball County,31,NE,2465517096,1448446,41.199274,-103.703153
31107,Knox County,31,NE,2870314748,81551358,42.634404,-97.891349
31109,Lancaster County,31,NE,2169269688,22850324,40.783547,-96.688658
31111,Lincoln County,31,NE,6641091556,28437984,41.050322,-100.744481
31113,Logan County,31,NE,1478101926,1203586,41.542155,-100.443665
31115,Loup County,31,NE,1459046154,20032911,41.90279,-99.509276
31117,McPherson County,31,NE,2225470204,2671077,41.648414,-101.120851
31119,Madison County,31,NE,1483057701,7352795,41.909929,-97.606856
31121,Merrick County,31,NE,1263381767,23270576,41.16979,-98.031057
31123,Morrill County,31,NE,3687380850,16454219,41.732204,-102.990594
31125,Nance County,31,NE,1143726173,17186004,41.402385,-97.991408
31127,Nemaha County,31,NE,1054904339,5966167,40.387389,-95.852721
31129,Nuckolls County,31,NE,1489645187,1718484,40.176492,-98.046842
31131,Otoe County,31,NE,1594435564,8815511,40.637992,-96.131027
31133,Pawnee County,31,NE,1116478177,4852359,40.137797,-96.245214
31135,Perkins County,31,NE,2287768804,2840175,40.857646,-101.627468
31137,Phelps County,31,NE,1397985736,1709313,40.516365,-99.406557
31139,Pierce County,31,NE,1484707023,3482144,42.271413,-97.610992
31141,Platte County,31,NE,1748547661,24530571,41.576866,-97.513467
31143,Polk County,31,NE,1136569019,4687900,41.187925,-97.570663
31145,Red Willow County,31,NE,1857462671,2164642,40.16942,-100.468576
31147,Richardson County,31,NE,1429261305,7077610,40.123743,-95.718603
31149,Rock County,31,NE,2611461739,8812080,42.394749,-99.420851
31151,Saline County,31,NE,1486832714,5800636,40.516802,-97.131755
31153,Sarpy County,31,NE,616409496,24667969,41.115064,-96.109125
31155,Saunders County,31,NE,1939041580,28883394,41.22339,-96.6421
31157,Scotts Bluff County,31,NE,1915608705,15369467,41.850506,-103.703021
31159,Seward County,31,NE,1479997504,11540727,40.871944,-97.140383
31161,Sheridan County,31,NE,6320009960,76575662,42.512289,-102.36828
31163,Sherman County,31,NE,1465613583,14937776,41.218743,-98.972849
31165,Sioux County,31,NE,5352788430,1662499,42.470668,-103.73217
31167,Stanton County,31,NE,1107564315,8725894,41.905045,-97.177109
31169,Thayer County,31,NE,1486107871,3070762,40.173429,-97.596235
31171,Thomas County,31,NE,1845505749,2087569,41.85573,-100.524703
31173,Thurston County,31,NE,1019398005,6437925,42.154061,-96.533943
31175,Valley County,31,NE,1471346018,6133639,41.564094,-98.983484
31177,Washington County,31,NE,1009909970,8467982,41.533973,-96.224577
31179,Wayne County,31,NE,1147146595,1084985,42.210746,-97.126243
31181,Webster County,31,NE,1489017942,337241,40.180646,-98.49859
31183,Wheeler County,31,NE,1489717918,1059454,41.922575,-98.520853
31185,York County,31,NE,1482809124,8579993,40.873056,-97.596742
32001,Churchill County,32,NV,12820847808,190742991,39.53771,-118.264166
32003,Clark County,32,NV,20439308559,438384090,36.21413,-115.014398
32005,Douglas County,32,NV,1840283025,72182210,38.905129,-119.609019
32007,Elko County,32,NV,44478647069,75156805,41.141133,-115.351424
32009,Esmeralda County,32,NV,9277050177,18552010,37.778966,-117.632382
32011,Eureka County,32,NV,10814982418,11058701,39.977788,-116.272208
32013,Humboldt County,32,NV,24969535383,44194899,41.407914,-118.127591
32015,Lander County,32,NV,14294783204,662270,39.90021,-117.04724
32017,Lincoln County,32,NV,27540342252,9802713,37.634605,-114.863037
32019,Lyon County,32,NV,5187884295,59489121,39.022213,-119.197425
32021,Mineral County,32,NV,9715777469,155864513,38.516647,-118.416279
32023,Nye County,32,NV,47090939214,43207981,37.965864,-116.459011
32027,Pershing County,32,NV,15634691978,79934815,40.439639,-118.409477
32029,Storey County,32,NV,683238145,1881143,39.438385,-119.524646
32031,Washoe County,32,NV,16358036858,582745905,40.73132,-119.663269
32033,White Pine County,32,NV,23016356487,23426584,39.418176,-114.900565
32510,Carson City,32,NV,374341371,32594082,39.15306,-119.747368
33001,Belknap County,33,NH,1040780145,176540721,43.519109,-71.425366
33003,Carroll County,33,NH,2413515422,159620276,43.867774,-71.20156
33005,Cheshire County,33,NH,1830367249,57589052,42.92546,-72.248183
33007,Coos County,33,NH,4647923888,92542131,44.652548,-71.289431
33009,Grafton County,33,NH,4425249956,106463890,43.926439,-71.842424
33011,Hillsborough County,33,NH,2270202107,41309760,42.911532,-71.723055
33013,Merrimack County,33,NH,2416197730,57178203,43.299579,-71.680041
33015,Rockingham County,33,NH,1801055121,258626550,42.988664,-71.09908
33017,Strafford County,33,NH,951743430,39154072,43.293272,-71.035589
33019,Sullivan County,33,NH,1393091317,36932078,43.361188,-72.222084
34001,Atlantic County,34,NJ,1438939254,301106094,39.469355,-74.633759
34003,Bergen County,34,NJ,602918746,35387155,40.959698,-74.074727
34005,Burlington County,34,NJ,2070137467,54133685,39.875786,-74.663006
34007,Camden County,34,NJ,573324567,15689888,39.802407,-74.961249
34009,Cape May County,34,NJ,651437193,955149826,39.085841,-74.846354
34011,Cumberland County,34,NJ,1251948172,503663199,39.328434,-75.121628
34013,Essex County,34,NJ,326552231,8653266,40.7874,-74.246292
34015,Gloucester County,34,NJ,833996720,38239948,39.722875,-75.145679
34017,Hudson County,34,NJ,119640823,41836491,40.731375,-74.078601
34019,Hunterdon County,34,NJ,1108086284,24761598,40.565283,-74.911969
34021,Mercer County,34,NJ,581395408,11337168,40.282503,-74.703724
34023,Middlesex County,34,NJ,800946849,35297517,40.439621,-74.40743
34025,Monmouth County,34,NJ,1212642647,500373882,40.287048,-74.152446
34027,Morris County,34,NJ,1194048303,53103740,40.858896,-74.547292
34029,Ocean County,34,NJ,1627263273,742151361,39.865669,-74.258864
34031,Passaic County,34,NJ,482081967,31997850,41.036655,-74.299408
34033,Salem County,34,NJ,859515221,105389623,39.573828,-75.357356
34035,Somerset County,34,NJ,781832066,7993022,40.565527,-74.619938
34037,Sussex County,34,NJ,1342876715,43884322,41.137461,-74.691914
34039,Union County,34,NJ,266163571,6841269,40.659871,-74.308696
34041,Warren County,34,NJ,923435921,15825325,40.853491,-75.009498
35001,Bernalillo County,35,NM,3007611376,15882885,35.053628,-106.66908
35003,Catron County,35,NM,17933561654,14193499,33.901621,-108.391928
35005,Chaves County,35,NM,15713917209,20469858,33.361604,-104.469837
35006,Cibola County,35,NM,11758505166,5554598,34.928272,-107.99268
35007,Colfax County,35,NM,9733113273,26296498,36.612964,-104.64011
35009,Curry County,35,NM,3640289850,7992977,34.572984,-103.346055
35011,De Baca County,35,NM,6016818946,29090018,34.359273,-104.368696
35013,Doña Ana County,35,NM,9863137493,17594316,32.349919,-106.834968
35015,Eddy County,35,NM,10816688004,56493049,32.457835,-104.306434
35017,Grant County,35,NM,10259478309,15295130,32.732087,-108.381504
35019,Guadalupe County,35,NM,7847072133,2887948,34.869782,-104.784968
35021,Harding County,35,NM,5504963122,1162620,35.859352,-103.853424
35023,Hidalgo County,35,NM,8905805092,23581028,31.898052,-108.751929
35025,Lea County,35,NM,11374066521,8147103,32.795687,-103.413271
35027,Lincoln County,35,NM,12512530054,554839,33.740841,-105.449805
35028,Los Alamos County,35,NM,282626748,208105,35.870047,-106.307968
35029,Luna County,35,NM,7679773818,433660,32.184523,-107.747191
35031,McKinley County,35,NM,14118189399,12689169,35.584062,-108.253294
35033,Mora County,35,NM,4988962636,6093304,35.982841,-104.921898
35035,Otero County,35,NM,17126455957,36944199,32.615599,-105.751308
35037,Quay County,35,NM,7443508558,18554572,35.107018,-103.548071
35039,Rio Arriba County,35,NM,15179593246,91463243,36.509669,-106.693983
35041,Roosevelt County,35,NM,6335242926,18679639,34.021207,-103.483004
35043,Sandoval County,35,NM,9609358685,10851799,35.685091,-106.883119
35045,San Juan County,35,NM,14289565202,54893423,36.511624,-108.324578
35047,San Miguel County,35,NM,12228666257,51380263,35.476859,-104.803519
35049,Santa Fe County,35,NM,4947861292,2643021,35.514531,-105.963972
35051,Sierra County,35,NM,10829293031,147631578,33.119468,-107.188161
35053,Socorro County,35,NM,17214061665,4843011,33.991658,-106.939136
35055,Taos County,35,NM,5704119616,3383128,36.577183,-105.638878
35057,Torrance County,35,NM,8664061385,2316559,34.554978,-105.890557
35059,Union County,35,NM,9906834380,15498790,36.488085,-103.475723
35061,Valencia County,35,NM,2762854194,2760090,34.71684,-106.806582
36001,Albany County,36,NY,1354273423,26971925,42.58824,-73.97401
36003,Allegany County,36,NY,2666409356,12990521,42.247853,-78.026153
36005,Bronx County,36,NY,109235672,39353304,40.848711,-73.852939
36007,Broome County,36,NY,1827626589,25078245,42.161977,-75.830283
36009,Cattaraugus County,36,NY,3388177068,36783591,42.239099,-78.662332
36011,Cayuga County,36,NY,1791207571,445691126,43.008546,-76.574587
36013,Chautauqua County,36,NY,2746450219,1139029655,42.304216,-79.407595
36015,Chemung County,36,NY,1054988439,8875327,42.148697,-76.752471
36017,Chenango County,36,NY,2314006879,13433905,42.478024,-75.602241
36019,Clinton County,36,NY,2687763025,206581998,44.752712,-73.705643
36021,Columbia County,36,NY,1643770715,35071400,42.247696,-73.626718
36023,Cortland County,36,NY,1291817953,7110638,42.594039,-76.07624
36025,Delaware County,36,NY,3736306657,64163829,42.193986,-74.966728
36027,Dutchess County,36,NY,2060598611,76906718,41.754825,-73.740014
36029,Erie County,36,NY,2700743427,476876396,42.752759,-78.778192
36031,Essex County,36,NY,4646753187,316350563,44.109601,-73.778431
36033,Franklin County,36,NY,4219857155,176622254,44.594376,-74.31067
36035,Fulton County,36,NY,1283234687,96916403,43.115609,-74.423678
36037,Genesee County,36,NY,1276803034,6136678,43.00091,-78.192778
36039,Greene County,36,NY,1676140498,28201061,42.28697,-74.149542
36041,Hamilton County,36,NY,4447989312,234204425,43.657879,-74.502456
36043,Herkimer County,36,NY,3653400320,120358452,43.571009,-74.841097
36045,Jefferson County,36,NY,3283923657,1524539436,43.996389,-76.052968
36047,Kings County,36,NY,179684484,71158757,40.635045,-73.95064
36049,Lewis County,36,NY,3305625876,39648337,43.782706,-75.444132
36051,Livingston County,36,NY,1635976564,22076449,42.729042,-77.778463
36053,Madison County,36,NY,1696054036,16691322,42.910026,-75.663575
36055,Monroe County,36,NY,1701477039,1838269506,43.250347,-77.700518
36057,Montgomery County,36,NY,1044052635,18613523,42.900891,-74.435357
36059,Nassau County,36,NY,736960644,437290665,40.729612,-73.589414
36061,New York County,36,NY,58683879,29010416,40.776642,-73.970187
36063,Niagara County,36,NY,1352876140,1598772310,43.272672,-78.812943
36065,Oneida County,36,NY,3140211187,117357244,43.242727,-75.434282
36067,Onondaga County,36,NY,2016027800,70512842,43.006516,-76.196134
36069,Ontario County,36,NY,1668148120,47853414,42.856357,-77.303497
36071,Orange County,36,NY,2103272841,67953621,41.40241,-74.306252
36073,Orleans County,36,NY,1013364725,1103744014,43.339906,-78.207028
36075,Oswego County,36,NY,2464650884,933469962,43.461443,-76.209262
36077,Otsego County,36,NY,2594488425,36312826,42.629776,-75.028841
36079,Putnam County,36,NY,596350119,41229629,41.427907,-73.743861
36081,Queens County,36,NY,281594053,188444349,40.654658,-73.841209
36083,Rensselaer County,36,NY,1689859764,33525770,42.710421,-73.513845
36085,Richmond County,36,NY,148982680,117441532,40.561263,-74.1399
36087,Rockland County,36,NY,449840998,66919666,41.154628,-74.024662
36089,St. Lawrence County,36,NY,6939939683,366960962,44.488112,-75.074311
36091,Saratoga County,36,NY,2097812305,87488004,43.106135,-73.855387
36093,Schenectady County,36,NY,530089712,12366944,42.817552,-74.043559
36095,Schoharie County,36,NY,1610503551,11676951,42.591294,-74.438172
36097,Schuyler County,36,NY,850405403,36246373,42.419776,-76.938603
36099,Seneca County,36,NY,838372770,172818533,42.782294,-76.827088
36101,Steuben County,36,NY,3601398422,35039875,42.266725,-77.385525
36103,Suffolk County,36,NY,2359277313,3787417976,40.943554,-72.692218
36105,Sullivan County,36,NY,2507484146,73737482,41.719993,-74.771577
36107,Tioga County,36,NY,1343600016,11044570,42.178057,-76.297456
36109,Tompkins County,36,NY,1229321338,43781287,42.453006,-76.473483
36111,Ulster County,36,NY,2911757764,94596810,41.947212,-74.265458
36113,Warren County,36,NY,2246093482,166839689,43.555105,-73.838139
36115,Washington County,36,NY,2152773115,38123568,43.312377,-73.439428
36117,Wayne County,36,NY,1563913376,2018184725,43.218114,-77.049402
36119,Westchester County,36,NY,1115811940,179391718,41.152686,-73.745753
36121,Wyoming County,36,NY,1535086366,9085228,42.701365,-78.228576
36123,Yates County,36,NY,875777224,97488350,42.638237,-77.104324
37001,Alamance County,37,NC,1096742604,27933991,36.043954,-79.400573
37003,Alexander County,37,NC,673358185,9445988,35.920951,-81.177467
37005,Alleghany County,37,NC,608220278,3687222,36.489356,-81.132299
37007,Anson County,37,NC,1376478141,14603213,34.974972,-80.109763
37009,Ashe County,37,NC,1104018837,8062965,36.443469,-81.499334
37011,Avery County,37,NC,640602137,445285,36.07209,-81.920285
37013,Beaufort County,37,NC,2156776424,336988229,35.482313,-76.842014
37015,Bertie County,37,NC,1810858588,109120751,36.059043,-76.962364
37017,Bladen County,37,NC,2266321539,33022256,34.591938,-78.539489
37019,Brunswick County,37,NC,2201668727,516634770,34.038754,-78.227765
37021,Buncombe County,37,NC,1700301515,8941579,35.609371,-82.530423
37023,Burke County,37,NC,1311146878,20719897,35.746182,-81.70618
37025,Cabarrus County,37,NC,935587431,6985702,35.388346,-80.552728
37027,Caldwell County,37,NC,1222184253,7052759,35.966396,-81.51254
37029,Camden County,37,NC,622438924,181122666,36.342344,-76.162488
37031,Carteret County,37,NC,1314688738,2131061847,34.858343,-76.53586
37033,Caswell County,37,NC,1101995790,8340796,36.394298,-79.339609
37035,Catawba County,37,NC,1039552786,37943193,35.661883,-81.214906
37037,Chatham County,37,NC,1765028677,70582736,35.704994,-79.251454
37039,Cherokee County,37,NC,1179842236,28813485,35.13715,-84.061449
37041,Chowan County,37,NC,447179939,157966156,36.128979,-76.602752
37043,Clay County,37,NC,556849483,15046554,35.052997,-83.752264
37045,Cleveland County,37,NC,1202400604,10177696,35.33463,-81.557114
37047,Columbus County,37,NC,2429722348,43711694,34.261602,-78.639308
37049,Craven County,37,NC,1830014536,172777673,35.116829,-77.08132
37051,Cumberland County,37,NC,1690137273,15312234,35.050192,-78.828719
37053,Currituck County,37,NC,678344374,685095432,36.372174,-75.941224
37055,Dare County,37,NC,992558551,3000513281,35.606269,-75.767536
37057,Davidson County,37,NC,1432725178,37607387,35.795131,-80.207107
37059,Davie County,37,NC,682977541,7511429,35.929355,-80.542552
37061,Duplin County,37,NC,2110115796,14237879,34.934403,-77.933543
37063,Durham County,37,NC,744742287,26718209,36.033828,-78.878125
37065,Edgecombe County,37,NC,1309073899,3706145,35.917077,-77.602742
37067,Forsyth County,37,NC,1056347047,11644850,36.132466,-80.256961
37069,Franklin County,37,NC,1273761680,7173998,36.088241,-78.28309
37071,Gaston County,37,NC,921389647,20549066,35.293344,-81.177256
37073,Gates County,37,NC,882181709,13292008,36.442135,-76.702355
37075,Graham County,37,NC,756194687,25055910,35.348364,-83.830915
37077,Granville County,37,NC,1377850209,14503653,36.299884,-78.657634
37079,Greene County,37,NC,690838977,1229492,35.481959,-77.681688
37081,Guilford County,37,NC,1673080902,30289482,36.079065,-79.788665
37083,Halifax County,37,NC,1874472930,16919664,36.251438,-77.644842
37085,Harnett County,37,NC,1541213647,16447759,35.36866,-78.871665
37087,Haywood County,37,NC,1433713851,2438478,35.558882,-82.981307
37089,Henderson County,37,NC,965929033,5555324,35.336427,-82.479583
37091,Hertford County,37,NC,914689326,18737418,36.363517,-76.981616
37093,Hoke County,37,NC,1010491623,3949309,35.017233,-79.241964
37095,Hyde County,37,NC,1585958032,2192938302,35.408157,-76.153687
37097,Iredell County,37,NC,1487784717,59453449,35.806251,-80.874524
37099,Jackson County,37,NC,1271968586,9746824,35.285454,-83.123966
37101,Johnston County,37,NC,2051320566,9400157,35.513419,-78.367348
37103,Jones County,37,NC,1220836956,6031825,35.032268,-77.356195
37105,Lee County,37,NC,660622415,10710345,35.476336,-79.172117
37107,Lenoir County,37,NC,1033630006,5900299,35.240066,-77.635514
37109,Lincoln County,37,NC,766239896,23350160,35.488491,-81.226893
37111,McDowell County,37,NC,1139476689,13977729,35.682271,-82.048044
37113,Macon County,37,NC,1335306208,10575399,35.152959,-83.421901
37115,Madison County,37,NC,1164498325,4840167,35.864206,-82.712631
37117,Martin County,37,NC,1182102539,746610,35.847301,-77.119602
37119,Mecklenburg County,37,NC,1356138514,58201069,35.246862,-80.833832
37121,Mitchell County,37,NC,573036225,1632150,36.013102,-82.163554
37123,Montgomery County,37,NC,1273075626,25886753,35.327548,-79.910752
37125,Moore County,37,NC,1806816088,20883669,35.308273,-79.492723
37127,Nash County,37,NC,1399742907,6174819,35.965945,-77.987555
37129,New Hanover County,37,NC,497937487,353803887,34.183445,-77.864204
37131,Northampton County,37,NC,1390073545,35850398,36.421774,-77.398352
37133,Onslow County,37,NC,1973791552,370648831,34.763109,-77.499469
37135,Orange County,37,NC,1029618364,8862452,36.062525,-79.120033
37137,Pamlico County,37,NC,871570771,583036551,35.147575,-76.665268
37139,Pasquotank County,37,NC,587610259,161751355,36.265199,-76.260691
37141,Pender County,37,NC,2256645361,162833419,34.512556,-77.888106
37143,Perquimans County,37,NC,640173980,211755191,36.180897,-76.403244
37145,Person County,37,NC,1016154886,31205409,36.386356,-78.96563
37147,Pitt County,37,NC,1689620173,8247778,35.59249,-77.372739
37149,Polk County,37,NC,615606321,1964035,35.277901,-82.167621
37151,Randolph County,37,NC,2026235121,19710825,35.709915,-79.806215
37153,Richmond County,37,NC,1226849522,15575098,35.004636,-79.755695
37155,Robeson County,37,NC,2453481926,5076395,34.63921,-79.100881
37157,Rockingham County,37,NC,1465006551,18434917,36.381806,-79.782754
37159,Rowan County,37,NC,1325062500,31968204,35.641355,-80.521721
37161,Rutherford County,37,NC,1464475268,4693780,35.402747,-81.919582
37163,Sampson County,37,NC,2449946534,4923828,34.989298,-78.371261
37165,Scotland County,37,NC,826569986,3842049,34.840023,-79.477337
37167,Stanly County,37,NC,1023253144,25183933,35.310449,-80.254374
37169,Stokes County,37,NC,1163743205,17577923,36.393797,-80.269921
37171,Surry County,37,NC,1379541810,10392706,36.415416,-80.686463
37173,Swain County,37,NC,1366803332,32416279,35.568849,-83.465614
37175,Transylvania County,37,NC,979943598,5091023,35.210103,-82.816666
37177,Tyrrell County,37,NC,1012106670,534571696,35.87042,-76.165345
37179,Union County,37,NC,1638781797,17888591,34.99182,-80.530426
37181,Vance County,37,NC,653701482,42190675,36.365481,-78.405434
37183,Wake County,37,NC,2161632139,58019078,35.789846,-78.650624
37185,Warren County,37,NC,1112119289,38613740,36.398105,-78.099899
37187,Washington County,37,NC,897456201,195282199,35.844713,-76.572291
37189,Watauga County,37,NC,809214845,2271720,36.235368,-81.709888
37191,Wayne County,37,NC,1434651140,9842326,35.35419,-78.00867
37193,Wilkes County,37,NC,1952016295,6854041,36.208883,-81.166095
37195,Wilson County,37,NC,952012884,14332533,35.700357,-77.921598
37197,Yadkin County,37,NC,867498039,7176192,36.158765,-80.665164
37199,Yancey County,37,NC,809610024,1524558,35.889326,-82.303954
38001,Adams County,38,ND,2557733897,2894336,46.096815,-102.533198
38003,Barnes County,38,ND,3863120989,56577967,46.94255,-98.070195
38005,Benson County,38,ND,3596341571,131677670,48.071743,-99.351152
38007,Billings County,38,ND,2974571269,11986463,47.007044,-103.364016
38009,Bottineau County,38,ND,4322321780,74690378,48.794412,-100.831257
38011,Bowman County,38,ND,3009070655,13583664,46.110144,-103.505943
38013,Burke County,38,ND,2858360397,65734594,48.786453,-102.520087
38015,Burleigh County,38,ND,4228659157,92691314,46.978829,-100.469533
38017,Cass County,38,ND,4571159550,7449098,46.927003,-97.252375
38019,Cavalier County,38,ND,3856816538,53639348,48.768439,-98.46379
38021,Dickey County,38,ND,2930554410,27619632,46.107756,-98.496518
38023,Divide County,38,ND,3266310795,86676913,48.814754,-103.509326
38025,Dunn County,38,ND,5201969430,190528746,47.354557,-102.612322
38027,Eddy County,38,ND,1632310789,36012924,47.723436,-98.900474
38029,Emmons County,38,ND,3906739847,121497556,46.284255,-100.237842
38031,Foster County,38,ND,1642258768,33103934,47.471431,-98.872876
38033,Golden Valley County,38,ND,2592280438,4148883,46.938924,-103.844612
38035,Grand Forks County,38,ND,3719806622,8267350,47.926003,-97.450851
38037,Grant County,38,ND,4297393834,17563451,46.357827,-101.639049
38039,Griggs County,38,ND,1835486229,20446712,47.456334,-98.232286
38041,Hettinger County,38,ND,2932485807,4008872,46.435704,-102.454238
38043,Kidder County,38,ND,3499233940,211737414,46.938273,-99.731198
38045,LaMoure County,38,ND,2968139578,12824671,46.464195,-98.526057
38047,Logan County,38,ND,2570819036,47710154,46.469278,-99.504585
38049,McHenry County,38,ND,4853487958,97323497,48.233842,-100.633267
38051,McIntosh County,38,ND,2524106808,51795568,46.108682,-99.416487
38053,McKenzie County,38,ND,7148711637,260120464,47.742475,-103.403215
38055,McLean County,38,ND,5465578831,563811097,47.653206,-101.421914
38057,Mercer County,38,ND,2700790031,180823535,47.307147,-101.833328
38059,Morton County,38,ND,4988026117,49931491,46.710029,-101.310041
38061,Mountrail County,38,ND,4727150574,301102217,48.210073,-102.364895
38063,Nelson County,38,ND,2542889239,70073746,47.918667,-98.204428
38065,Oliver County,38,ND,1871017447,22475760,47.118079,-101.33142
38067,Pembina County,38,ND,2896993134,7008436,48.766896,-97.545405
38069,Pierce County,38,ND,2637345130,166227811,48.238883,-99.966497
38071,Ramsey County,38,ND,3070086476,299504065,48.266163,-98.739031
38073,Ransom County,38,ND,2233792872,3582338,46.449276,-97.647554
38075,Renville County,38,ND,2272050279,40658500,48.712781,-101.658152
38077,Richland County,38,ND,3718378994,25035244,46.265219,-96.93796
38079,Rolette County,38,ND,2338867335,94423046,48.768271,-99.840463
38081,Sargent County,38,ND,2223461624,21731925,46.108204,-97.630051
38083,Sheridan County,38,ND,2518053313,86198847,47.581359,-100.330986
38085,Sioux County,38,ND,2833580512,88449896,46.110618,-101.061284
38087,Slope County,38,ND,3147520241,10980611,46.445834,-103.462462
38089,Stark County,38,ND,3457408931,14023939,46.817031,-102.662026
38091,Steele County,38,ND,1844441513,8435674,47.451062,-97.71892
38093,Stutsman County,38,ND,5754703472,197271625,46.972223,-98.956123
38095,Towner County,38,ND,2655029702,42795048,48.682183,-99.248158
38097,Traill County,38,ND,2232235427,1462184,47.446271,-97.164636
38099,Walsh County,38,ND,3319346397,32181390,48.376979,-97.72223
38101,Ward County,38,ND,5213719152,111244414,48.216686,-101.540537
38103,Wells County,38,ND,3290664846,51166900,47.580851,-99.682213
38105,Williams County,38,ND,5380959359,181836635,48.355765,-103.501333
39001,Adams County,39,OH,1512221265,6250108,38.834468,-83.478082
39003,Allen County,39,OH,1042587388,11152061,40.771627,-84.106103
39005,Ashland County,39,OH,1095528196,9969109,40.843273,-82.270127
39007,Ashtabula County,39,OH,1819252261,1724330055,41.906637,-80.745592
39009,Athens County,39,OH,1304429460,12364206,39.332755,-82.045885
39011,Auglaize County,39,OH,1039590219,1339586,40.561309,-84.224018
39013,Belmont County,39,OH,1378201569,23693388,40.017682,-80.967727
39015,Brown County,39,OH,1267911780,8879057,38.931377,-83.866772
39017,Butler County,39,OH,1208270965,9195666,39.439747,-84.565734
39019,Carroll County,39,OH,1022040910,11183048,40.579884,-81.090787
39021,Champaign County,39,OH,1111045221,2180178,40.132775,-83.767604
39023,Clark County,39,OH,1025322040,14608569,39.917032,-83.783676
39025,Clermont County,39,OH,1172125418,19874908,39.052054,-84.149485
39027,Clinton County,39,OH,1058609496,9329331,39.416681,-83.804583
39029,Columbiana County,39,OH,1377658470,7277033,40.770073,-80.778455
39031,Coshocton County,39,OH,1460521589,9127208,40.29671,-81.930109
39033,Crawford County,39,OH,1040619655,2359514,40.848524,-82.924783
39035,Cuyahoga County,39,OH,1184170000,2041734546,41.555037,-81.604957
39037,Darke County,39,OH,1549077538,4244898,40.131467,-84.621191
39039,Defiance County,39,OH,1065623073,7100811,41.321679,-84.486433
39041,Delaware County,39,OH,1147743708,36698376,40.278941,-83.007462
39043,Erie County,39,OH,650833152,969939816,41.394143,-82.586835
39045,Fairfield County,39,OH,1306299937,10869534,39.747694,-82.626685
39047,Fayette County,39,OH,1052469885,1694038,39.555246,-83.461893
39049,Franklin County,39,OH,1378966325,29013424,39.969875,-83.009086
39051,Fulton County,39,OH,1050103237,4586248,41.597264,-84.124267
39053,Gallia County,39,OH,1208305869,12087309,38.817046,-82.301746
39055,Geauga County,39,OH,1037107805,20701156,41.499322,-81.173505
39057,Greene County,39,OH,1071296931,6803805,39.687479,-83.894894
39059,Guernsey County,39,OH,1352599522,15666081,40.056665,-81.497875
39061,Hamilton County,39,OH,1050120461,18612564,39.196927,-84.544187
39063,Hancock County,39,OH,1376118085,6028216,41.000217,-83.665947
39065,Hardin County,39,OH,1218033117,630279,40.660415,-83.664077
39067,Harrison County,39,OH,1042032638,21847163,40.292318,-81.091565
39069,Henry County,39,OH,1077461417,9687647,41.331584,-84.0689
39071,Highland County,39,OH,1432479979,12194983,39.184422,-83.601359
39073,Hocking County,39,OH,1091289821,5955974,39.490342,-82.483447
39075,Holmes County,39,OH,1094566303,3694365,40.565597,-81.930001
39077,Huron County,39,OH,1274903645,8628942,41.14508,-82.594641
39079,Jackson County,39,OH,1088598926,3167846,39.013477,-82.614142
39081,Jefferson County,39,OH,1057037102,7335056,40.399384,-80.763527
39083,Knox County,39,OH,1361036418,10721050,40.40362,-82.422393
39085,Lake County,39,OH,594129618,1942308103,41.778142,-81.19733
39087,Lawrence County,39,OH,1174282178,10029914,38.603866,-82.517186
39089,Licking County,39,OH,1767478814,12761091,40.091505,-82.483435
39091,Logan County,39,OH,1187522538,21594566,40.387553,-83.766343
39093,Lorain County,39,OH,1270483154,1119495057,41.438805,-82.179722
39095,Lucas County,39,OH,879721651,663490729,41.682321,-83.468903
39097,Madison County,39,OH,1208715705,2129636,39.89661,-83.400887
39099,Mahoning County,39,OH,1065746923,35461887,41.01088,-80.770396
39101,Marion County,39,OH,1045855303,908577,40.588034,-83.168803
39103,Medina County,39,OH,1091571148,4196171,41.116174,-81.899764
39105,Meigs County,39,OH,1113957874,7519818,39.089807,-82.028397
39107,Mercer County,39,OH,1197732213,28431995,40.535333,-84.632059
39109,Miami County,39,OH,1053040428,7924793,40.053326,-84.228413
39111,Monroe County,39,OH,1180317743,4495411,39.726253,-81.090983
39113,Montgomery County,39,OH,1194894573,7494894,39.753736,-84.290591
39115,Morgan County,39,OH,1078538282,13868572,39.624946,-81.861697
39117,Morrow County,39,OH,1051881045,2819351,40.525266,-82.797729
39119,Muskingum County,39,OH,1721165826,20823924,39.966046,-81.943506
39121,Noble County,39,OH,1030846430,16984489,39.767232,-81.452493
39123,Ottawa County,39,OH,659674516,855668003,41.545495,-83.012613
39125,Paulding County,39,OH,1078561237,6245396,41.118948,-84.582125
39127,Perry County,39,OH,1056544080,11790392,39.743187,-82.237952
39129,Pickaway County,39,OH,1298084314,13880987,39.648947,-83.052827
39131,Pike County,39,OH,1140325072,9566957,39.071341,-83.052911
39133,Portage County,39,OH,1262380877,43125138,41.16897,-81.196962
39135,Preble County,39,OH,1098741137,6062721,39.73881,-84.644758
39137,Putnam County,39,OH,1249784146,4544339,41.024533,-84.129879
39139,Richland County,39,OH,1282631596,12560134,40.774159,-82.542781
39141,Ross County,39,OH,1784931095,9994410,39.323895,-83.059538
39143,Sandusky County,39,OH,1057351023,24514231,41.355319,-83.142776
39145,Scioto County,39,OH,1580270731,16094954,38.814889,-82.998675
39147,Seneca County,39,OH,1427151722,4576816,41.119992,-83.127547
39149,Shelby County,39,OH,1055922235,7802978,40.33668,-84.204142
39151,Stark County,39,OH,1489779853,13611937,40.814131,-81.365667
39153,Summit County,39,OH,1069129550,19007561,41.121847,-81.534928
39155,Trumbull County,39,OH,1599521858,47808460,41.306374,-80.7704
39157,Tuscarawas County,39,OH,1469987545,10363043,40.447439,-81.471166
39159,Union County,39,OH,1118126414,13420715,40.295901,-83.367042
39161,Van Wert County,39,OH,1059692857,3287921,40.85552,-84.585775
39163,Vinton County,39,OH,1068008170,6781751,39.252042,-82.485961
39165,Warren County,39,OH,1039665901,15705152,39.425663,-84.16994
39167,Washington County,39,OH,1636805227,20784952,39.450676,-81.490636
39169,Wayne County,39,OH,1436897058,5040384,40.829661,-81.887194
39171,Williams County,39,OH,1089504756,6298923,41.564959,-84.584324
39173,Wood County,39,OH,1598453880,8706879,41.360183,-83.622682
39175,Wyandot County,39,OH,1053812244,1783532,40.839782,-83.313681
40001,Adair County,40,OK,1486345557,8864933,35.898043,-94.651026
40003,Alfalfa County,40,OK,2244392664,38546676,36.729703,-98.323445
40005,Atoka County,40,OK,2526412629,37269115,34.392469,-96.036558
40007,Beaver County,40,OK,4700407073,7347161,36.748334,-100.483056
40009,Beckham County,40,OK,2335328722,5521744,35.270601,-99.690057
40011,Blaine County,40,OK,2404706856,26921320,35.877795,-98.429031
40013,Bryan County,40,OK,2342250031,101809038,33.964004,-96.265135
40015,Caddo County,40,OK,3309366432,32099077,35.16792,-98.381045
40017,Canadian County,40,OK,2322112748,23146754,35.543354,-97.979889
40019,Carter County,40,OK,2129750449,29733323,34.251848,-97.287927
40021,Cherokee County,40,OK,1940228930,69661251,35.904367,-94.996796
40023,Choctaw County,40,OK,1995281898,75475686,34.027699,-95.554079
40025,Cimarron County,40,OK,4752131819,15923999,36.74839,-102.517698
40027,Cleveland County,40,OK,1395713695,49260752,35.206376,-97.323088
40029,Coal County,40,OK,1338434468,12075986,34.582861,-96.288039
40031,Comanche County,40,OK,2769531009,37661894,34.66263,-98.476612
40033,Cotton County,40,OK,1638523151,23986260,34.290676,-98.373438
40035,Craig County,40,OK,1971642559,3649781,36.76389,-95.201553
40037,Creek County,40,OK,2460214791,50817257,35.907398,-96.380177
40039,Custer County,40,OK,2560924945,34326632,35.645601,-98.997386
40041,Delaware County,40,OK,1910774948,140487351,36.393437,-94.808189
40043,Dewey County,40,OK,2589024032,22668882,35.97796,-99.014385
40045,Ellis County,40,OK,3189509979,952235,36.224258,-99.750139
40047,Garfield County,40,OK,2741521326,4075930,36.378132,-97.788741
40049,Garvin County,40,OK,2077546552,30019851,34.70935,-97.312723
40051,Grady County,40,OK,2850386657,11374380,35.021058,-97.88689
40053,Grant County,40,OK,2591904426,7042653,36.788254,-97.788151
40055,Greer County,40,OK,1655740225,11148547,34.933853,-99.552968
40057,Harmon County,40,OK,1391491971,3800411,34.745971,-99.844194
40059,Harper County,40,OK,2689919590,5259447,36.80035,-99.662805
40061,Haskell County,40,OK,1493711222,126247870,35.232431,-95.109642
40063,Hughes County,40,OK,2083575253,26461993,35.052934,-96.251183
40065,Jackson County,40,OK,2078860497,4114418,34.594006,-99.412235
40067,Jefferson County,40,OK,1965685985,39417590,34.105082,-97.83889
40069,Johnston County,40,OK,1665492483,39645099,34.313455,-96.654254
40071,Kay County,40,OK,2381778880,65545215,36.814885,-97.143862
40073,Kingfisher County,40,OK,2326031241,20586906,35.949436,-97.934557
40075,Kiowa County,40,OK,2629039887,40296743,34.921489,-98.981617
40077,Latimer County,40,OK,1870249270,18237494,34.875137,-95.272262
40079,Le Flore County,40,OK,4116561528,49746379,34.897356,-94.695074
40081,Lincoln County,40,OK,2466629763,34723064,35.703117,-96.881392
40083,Logan County,40,OK,1926268077,13203700,35.914277,-97.450952
40085,Love County,40,OK,1331031195,47500219,33.957804,-97.245093
40087,McClain County,40,OK,1478151608,24711113,35.016436,-97.449803
40089,McCurtain County,40,OK,4793486699,133952594,34.117073,-94.766086
40091,McIntosh County,40,OK,1601338581,242888281,35.369108,-95.671787
40093,Major County,40,OK,2473438558,7651009,36.313119,-98.542015
40095,Marshall County,40,OK,962153977,143719930,34.027007,-96.770533
40097,Mayes County,40,OK,1697286680,73073740,36.303804,-95.235638
40099,Murray County,40,OK,1078405803,22710693,34.485766,-97.071557
40101,Muskogee County,40,OK,2099548022,76078046,35.617551,-95.383911
40103,Noble County,40,OK,1895123224,28103707,36.384901,-97.236335
40105,Nowata County,40,OK,1465460409,38903890,36.789615,-95.613312
40107,Okfuskee County,40,OK,1601800028,26649343,35.466804,-96.327762
40109,Oklahoma County,40,OK,1836035186,24721024,35.554611,-97.409401
40111,Okmulgee County,40,OK,1806369916,12960866,35.6435,-95.965947
40113,Osage County,40,OK,5818878186,148530641,36.624299,-96.408112
40115,Ottawa County,40,OK,1219410535,35714103,36.835764,-94.802681
40117,Pawnee County,40,OK,1472027960,68849518,36.313704,-96.696669
40119,Payne County,40,OK,1773885850,31991880,36.079225,-96.975255
40121,Pittsburg County,40,OK,3381261537,187443330,34.92554,-95.74813
40123,Pontotoc County,40,OK,1865705449,12725534,34.721421,-96.691804
40125,Pottawatomie County,40,OK,2040375639,14845673,35.211391,-96.957004
40127,Pushmataha County,40,OK,3614429654,69991694,34.377899,-95.408082
40129,Roger Mills County,40,OK,2955524813,13688537,35.708554,-99.741572
40131,Rogers County,40,OK,1750176496,92946097,36.377794,-95.601383
40133,Seminole County,40,OK,1638993887,19960707,35.158366,-96.602857
40135,Sequoyah County,40,OK,1744553526,105073391,35.502435,-94.750757
40137,Stephens County,40,OK,2253839276,54824811,34.481361,-97.855607
40139,Texas County,40,OK,5286923168,19169341,36.746317,-101.483855
40141,Tillman County,40,OK,2256226949,20895054,34.371085,-98.931701
40143,Tulsa County,40,OK,1476917121,42925549,36.120318,-95.941813
40145,Wagoner County,40,OK,1455356134,74815302,35.963388,-95.514201
40147,Washington County,40,OK,1076201531,22871165,36.704403,-95.906253
40149,Washita County,40,OK,2597989578,14579003,35.290068,-98.992195
40151,Woods County,40,OK,3331971779,9081295,36.726984,-98.863649
40153,Woodward County,40,OK,3218801189,9693573,36.425619,-99.273661
41001,Baker County,41,OR,7945996815,51832631,44.703427,-117.691933
41003,Benton County,41,OR,1748781826,7670897,44.493882,-123.424664
41005,Clackamas County,41,OR,4845115802,31863504,45.160493,-122.195127
41007,Clatsop County,41,OR,2145128377,661373108,46.024509,-123.705037
41009,Columbia County,41,OR,1705984350,78454244,45.941932,-123.081079
41011,Coos County,41,OR,4133733922,544707632,43.18591,-124.094133
41013,Crook County,41,OR,7715390875,21004473,44.163054,-120.371585
41015,Curry County,41,OR,4217491537,934612806,42.466439,-124.210929
41017,Deschutes County,41,OR,7815573280,94727628,43.915118,-121.225575
41019,Douglas County,41,OR,13042338719,251961371,43.286328,-123.154476
41021,Gilliam County,41,OR,3120213758,46914702,45.382955,-120.276246
41023,Grant County,41,OR,11726925885,1893807,44.496326,-119.014057
41025,Harney County,41,OR,26248072909,241568254,43.064449,-118.987169
41027,Hood River County,41,OR,1352455749,29044350,45.511775,-121.655976
41029,Jackson County,41,OR,7208589508,46774848,42.411621,-122.675611
41031,Jefferson County,41,OR,4614570973,26212115,44.645151,-121.178632
41033,Josephine County,41,OR,4244080759,5631773,42.386983,-123.57162
41035,Klamath County,41,OR,15410161273,485165201,42.683761,-121.646168
41037,Lake County,41,OR,21078901114,568489460,42.788401,-120.38979
41039,Lane County,41,OR,11795044825,436058218,43.928334,-122.897581
41041,Lincoln County,41,OR,2540733352,553145247,44.641061,-123.911212
41043,Linn County,41,OR,5929797336,50130716,44.488898,-122.537208
41045,Malheur County,41,OR,25609041936,109006701,43.188625,-117.603191
41047,Marion County,41,OR,3058360780,26468479,44.900898,-122.57626
41049,Morrow County,41,OR,5259046260,44372727,45.425496,-119.602311
41051,Multnomah County,41,OR,1116334868,88031754,45.547711,-122.417363
41053,Polk County,41,OR,1918983619,8331775,44.900372,-123.39864
41055,Sherman County,41,OR,2133151630,19617472,45.399216,-120.678512
41057,Tillamook County,41,OR,2857229733,593692069,45.45589,-123.759299
41059,Umatilla County,41,OR,8327976997,41618632,45.5912,-118.73388
41061,Union County,41,OR,5275651492,4936782,45.304081,-117.999149
41063,Wallowa County,41,OR,8147835329,14191752,45.593753,-117.18558
41065,Wasco County,41,OR,6167114402,35722739,45.164536,-121.165069
41067,Washington County,41,OR,1875855589,6118186,45.553542,-123.097615
41069,Wheeler County,41,OR,4444475013,1241033,44.736415,-120.026861
41071,Yamhill County,41,OR,1854279303,6373252,45.247827,-123.316399
42001,Adams County,42,PA,1343409411,7762899,39.869471,-77.21773
42003,Allegheny County,42,PA,1890579938,37035881,40.469757,-79.980451
42005,Armstrong County,42,PA,1692093660,27586719,40.81238,-79.464129
42007,Beaver County,42,PA,1125854807,24162294,40.68414,-80.350721
42009,Bedford County,42,PA,2621037920,11998904,39.998634,-78.494747
42011,Berks County,42,PA,2218072315,24220126,40.413957,-75.92686
42013,Blair County,42,PA,1359916303,3294803,40.498683,-78.309597
42015,Bradford County,42,PA,2971688854,35331261,41.791504,-76.502123
42017,Bucks County,42,PA,1565304253,45293397,40.336887,-75.10706
42019,Butler County,42,PA,2044750110,16004632,40.913847,-79.918978
42021,Cambria County,42,PA,1781816295,13645124,40.510209,-78.710488
42023,Cameron County,42,PA,1026239937,5653225,41.438291,-78.198323
42025,Carbon County,42,PA,987706484,15918751,40.918367,-75.705039
42027,Centre County,42,PA,2867787637,11295681,40.909322,-77.847667
42029,Chester County,42,PA,1943908013,22410055,39.974029,-75.749751
42031,Clarion County,42,PA,1556156937,23330902,41.198159,-79.420369
42033,Clearfield County,42,PA,2965691769,24125590,41.006862,-78.477724
42035,Clinton County,42,PA,2304129979,23182058,41.239508,-77.629009
42037,Columbia County,42,PA,1251636166,18574480,41.045517,-76.40426
42039,Crawford County,42,PA,2621988043,65390015,41.687876,-80.107795
42041,Cumberland County,42,PA,1412792253,12666284,40.164805,-77.263442
42043,Dauphin County,42,PA,1359407363,86047350,40.412565,-76.792634
42045,Delaware County,42,PA,476068775,17591835,39.916685,-75.398818
42047,Elk County,42,PA,2141664027,12792134,41.427332,-78.653937
42049,Erie County,42,PA,2069143912,1966272916,42.117952,-80.096386
42051,Fayette County,42,PA,2048054609,20636361,39.918907,-79.640119
42053,Forest County,42,PA,1106595595,8369676,41.513304,-79.249705
42055,Franklin County,42,PA,2000239709,1553435,39.926772,-77.724521
42057,Fulton County,42,PA,1133252799,1305486,39.91075,-78.122617
42059,Greene County,42,PA,1491658047,5296803,39.847707,-80.225655
42061,Huntingdon County,42,PA,2265182336,37851956,40.422311,-77.968595
42063,Indiana County,42,PA,2142939384,18085569,40.651432,-79.087545
42065,Jefferson County,42,PA,1689810002,11296014,41.138028,-79.012419
42067,Juniata County,42,PA,1013697487,5502986,40.530673,-77.400438
42069,Lackawanna County,42,PA,1188509485,15908159,41.436636,-75.608768
42071,Lancaster County,42,PA,2444751650,103368816,40.041992,-76.250198
42073,Lawrence County,42,PA,925634970,11380404,40.992735,-80.334446
42075,Lebanon County,42,PA,937148928,1722125,40.371448,-76.464819
42077,Lehigh County,42,PA,894428133,7453862,40.614241,-75.590627
42079,Luzerne County,42,PA,2304589784,42011358,41.173078,-75.976053
42081,Lycoming County,42,PA,3182886780,38917581,41.343882,-77.055262
42083,McKean County,42,PA,2537396002,13034578,41.81459,-78.572463
42085,Mercer County,42,PA,1741866411,25964036,41.300014,-80.252786
42087,Mifflin County,42,PA,1064581424,9507560,40.601615,-77.651832
42089,Monroe County,42,PA,1575647530,22664084,41.05624,-75.329065
42091,Montgomery County,42,PA,1250892852,10979155,40.209999,-75.370201
42093,Montour County,42,PA,337556585,5174320,41.029284,-76.665225
42095,Northampton County,42,PA,957743111,19060960,40.752791,-75.307447
42097,Northumberland County,42,PA,1185380645,50638539,40.851524,-76.709877
42099,Perry County,42,PA,1428247560,10591170,40.39778,-77.266328
42101,Philadelphia County,42,PA,347981627,21606292,40.009376,-75.133346
42103,Pike County,42,PA,1411272636,56780852,41.325949,-75.031514
42105,Potter County,42,PA,2800422711,558970,41.748587,-77.894436
42107,Schuylkill County,42,PA,2016509897,10820294,40.703682,-76.217788
42109,Snyder County,42,PA,851547200,7158854,40.755412,-77.07302
42111,Somerset County,42,PA,2784359437,17101197,39.981297,-79.028486
42113,Sullivan County,42,PA,1165337814,6617028,41.439285,-76.511717
42115,Susquehanna County,42,PA,2132840100,22389171,41.819665,-75.800969
42117,Tioga County,42,PA,2936765818,8279717,41.766858,-77.257288
42119,Union County,42,PA,818320616,4614461,40.962179,-77.055475
42121,Venango County,42,PA,1746337768,22149577,41.400714,-79.765813
42123,Warren County,42,PA,2290280115,37368144,41.834298,-79.298182
42125,Washington County,42,PA,2219644664,9945723,40.200005,-80.252132
42127,Wayne County,42,PA,1879734049,64785690,41.646602,-75.292493
42129,Westmoreland County,42,PA,2661757833,21294222,40.311068,-79.466688
42131,Wyoming County,42,PA,1028894328,20019505,41.525167,-76.008682
42133,York County,42,PA,2342295977,16503209,39.921751,-76.728889
44001,Bristol County,44,RI,62500773,53359134,41.70684,-71.286687
44003,Kent County,44,RI,436588773,50686111,41.675118,-71.580282
44005,Newport County,44,RI,265293779,547001789,41.501045,-71.283063
44007,Providence County,44,RI,1060552451,67870210,41.869768,-71.578625
44009,Washington County,44,RI,852827596,604769732,41.396792,-71.620282
45001,Abbeville County,45,SC,1272188737,53216416,34.229041,-82.454058
45003,Aiken County,45,SC,2773070081,24554644,33.550013,-81.632983
45005,Allendale County,45,SC,1056960693,11194313,32.979757,-81.363265
45007,Anderson County,45,SC,1848876935,108544449,34.521235,-82.638603
45009,Bamberg County,45,SC,1018815104,5686290,33.203021,-81.053161
45011,Barnwell County,45,SC,1420294945,23008122,33.260552,-81.434228
45013,Beaufort County,45,SC,1491889108,900045411,32.358112,-80.689422
45015,Berkeley County,45,SC,2858661511,337919154,33.2077,-79.953655
45017,Calhoun County,45,SC,987179024,29351080,33.67478,-80.780347
45019,Charleston County,45,SC,2377703219,1162130898,32.800458,-79.94248
45021,Cherokee County,45,SC,1017770810,11691708,35.049796,-81.607647
45023,Chester County,45,SC,1503905790,14249301,34.689342,-81.161249
45025,Chesterfield County,45,SC,2069364015,17265236,34.637018,-80.159227
45027,Clarendon County,45,SC,1572659561,229094635,33.664682,-80.217889
45029,Colleton County,45,SC,2736286772,197740350,32.849386,-80.656402
45031,Darlington County,45,SC,1451987311,14598203,34.332185,-79.962115
45033,Dillon County,45,SC,1049143220,4515866,34.390209,-79.375294
45035,Dorchester County,45,SC,1472172215,6781942,33.082186,-80.404697
45037,Edgefield County,45,SC,1296776326,16307326,33.779453,-81.959637
45039,Fairfield County,45,SC,1777521259,61063162,34.395669,-81.127001
45041,Florence County,45,SC,2073299579,9766888,34.028535,-79.710233
45043,Georgetown County,45,SC,2107215789,551060938,33.417531,-79.296333
45045,Greenville County,45,SC,2035563102,24968466,34.892645,-82.372077
45047,Greenwood County,45,SC,1180009086,21260069,34.155796,-82.127876
45049,Hampton County,45,SC,1450327687,7072565,32.778334,-81.143822
45051,Horry County,45,SC,2934867846,314856610,33.909269,-78.976675
45053,Jasper County,45,SC,1696789992,120164567,32.43059,-81.021627
45055,Kershaw County,45,SC,1881916518,35348695,34.338356,-80.590885
45057,Lancaster County,45,SC,1422274877,15293348,34.686818,-80.703688
45059,Laurens County,45,SC,1846327161,26061233,34.483676,-82.005498
45061,Lee County,45,SC,1062372307,2715077,34.15864,-80.251209
45063,Lexington County,45,SC,1810412790,151817364,33.892373,-81.272903
45065,McCormick County,45,SC,929521275,89977042,33.897599,-82.316196
45067,Marion County,45,SC,1267466476,12418901,34.08362,-79.354001
45069,Marlboro County,45,SC,1242867263,14489019,34.60167,-79.679435
45071,Newberry County,45,SC,1632484450,43979027,34.289881,-81.599676
45073,Oconee County,45,SC,1622796885,121710335,34.748766,-83.06154
45075,Orangeburg County,45,SC,2865509345,55697625,33.436135,-80.802913
45077,Pickens County,45,SC,1287059828,40968091,34.885368,-82.723377
45079,Richland County,45,SC,1961418141,37932713,34.029095,-80.898037
45081,Saluda County,45,SC,1172510653,23102147,34.005278,-81.727903
45083,Spartanburg County,45,SC,2093689770,29514144,34.932014,-81.991624
45085,Sumter County,45,SC,1722544860,44046815,33.91614,-80.382376
45087,Union County,45,SC,1330177794,4792745,34.690397,-81.615896
45089,Williamsburg County,45,SC,2419477550,7461492,33.626462,-79.716474
45091,York County,45,SC,1763872776,39009230,34.970188,-81.183187
46003,Aurora County,46,SD,1834902863,11201379,43.724719,-98.577587
46005,Beadle County,46,SD,3260011986,15834230,44.418265,-98.279422
46007,Bennett County,46,SD,3068208298,15044356,43.186912,-101.677181
46009,Bon Homme County,46,SD,1459586268,46799495,42.985799,-97.884199
46011,Brookings County,46,SD,2051833292,32942236,44.376675,-96.797797
46013,Brown County,46,SD,4436728204,46414569,45.589254,-98.352175
46015,Brule County,46,SD,2116594503,75770744,43.729873,-99.092909
46017,Buffalo County,46,SD,1220933806,42362357,44.044306,-99.203998
46019,Butte County,46,SD,5827498556,42750488,44.896226,-103.501436
46021,Campbell County,46,SD,1900214169,96243697,45.785575,-100.002107
46023,Charles Mix County,46,SD,2841580912,137517024,43.206185,-98.595143
46025,Clark County,46,SD,2479944305,25864874,44.855211,-97.724912
46027,Clay County,46,SD,1067132267,13978087,42.91615,-96.980468
46029,Codington County,46,SD,1780837050,76608858,44.966285,-97.198837
46031,Corson County,46,SD,6396478610,155287098,45.685671,-101.179665
46033,Custer County,46,SD,4032463871,5490769,43.684943,-103.46225
46035,Davison County,46,SD,1128285086,3404449,43.680439,-98.155868
46037,Day County,46,SD,2663777421,162139506,45.355161,-97.58143
46039,Deuel County,46,SD,1612885713,35935421,44.75629,-96.690239
46041,Dewey County,46,SD,5963127471,370089902,45.148049,-100.837953
46043,Douglas County,46,SD,1118358780,4832944,43.391506,-98.358433
46045,Edmunds County,46,SD,2916275921,64969684,45.41168,-99.205362
46047,Fall River County,46,SD,4506292101,24021148,43.221619,-103.512609
46049,Faulk County,46,SD,2542625555,62622903,45.065476,-99.153564
46051,Grant County,46,SD,1764937242,15765681,45.172637,-96.772261
46053,Gregory County,46,SD,2628707540,99900744,43.175142,-99.206591
46055,Haakon County,46,SD,4689279884,42452623,44.288097,-101.540856
46057,Hamlin County,46,SD,1313172143,80426441,44.680619,-97.178598
46059,Hand County,46,SD,3720862490,9284294,44.546713,-99.004575
46061,Hanson County,46,SD,1125562874,2003166,43.680612,-97.796845
46063,Harding County,46,SD,6919333290,16954253,45.596611,-103.473871
46065,Hughes County,46,SD,1920546198,153323261,44.384452,-99.975684
46067,Hutchinson County,46,SD,2105694664,3644220,43.33671,-97.749383
46069,Hyde County,46,SD,2229019814,14541548,44.537174,-99.472736
46071,Jackson County,46,SD,4827433507,19106096,43.677506,-101.626323
46073,Jerauld County,46,SD,1362677265,16727973,44.06341,-98.62317
46075,Jones County,46,SD,2511438728,3147180,43.951991,-100.686138
46077,Kingsbury County,46,SD,2155483577,81655106,44.362969,-97.499313
46079,Lake County,46,SD,1457879899,31783045,44.02845,-97.123223
46081,Lawrence County,46,SD,2072127352,667509,44.348514,-103.806362
46083,Lincoln County,46,SD,1495182130,1179561,43.27942,-96.722286
46085,Lyman County,46,SD,4253498702,167300445,43.894812,-99.841925
46087,McCook County,46,SD,1487184882,6895715,43.680416,-97.358048
46089,McPherson County,46,SD,2943956443,38506560,45.784249,-99.211421
46091,Marshall County,46,SD,2170620943,124689684,45.737044,-97.58087
46093,Meade County,46,SD,8989677128,30742173,44.605282,-102.714169
46095,Mellette County,46,SD,3385920520,9210222,43.581334,-100.75521
46097,Miner County,46,SD,1476734132,4537900,44.021541,-97.608122
46099,Minnehaha County,46,SD,2089707837,18182409,43.667472,-96.795726
46101,Moody County,46,SD,1345185721,3690537,44.012429,-96.676054
46102,Oglala Lakota County,46,SD,5422402222,7126155,43.333393,-102.561486
46103,Pennington County,46,SD,7191788574,19926710,44.002349,-102.823801
46105,Perkins County,46,SD,7434457141,50539948,45.483387,-102.467995
46107,Potter County,46,SD,2230336533,97172021,45.052713,-99.962003
46109,Roberts County,46,SD,2851720399,89929974,45.623397,-96.947551
46111,Sanborn County,46,SD,1474329183,3132216,44.018942,-98.091709
46115,Spink County,46,SD,3894043703,16165380,44.923772,-98.339615
46117,Stanley County,46,SD,3741060757,188383651,44.413984,-100.747822
46119,Sully County,46,SD,2607411018,164375674,44.722325,-100.131399
46121,Todd County,46,SD,3596439528,5855476,43.208794,-100.707664
46123,Tripp County,46,SD,4175808486,13340585,43.349729,-99.876219
46125,Turner County,46,SD,1598188442,1636386,43.30867,-97.150185
46127,Union County,46,SD,1193354526,16502827,42.831106,-96.650829
46129,Walworth County,46,SD,1832300802,96288709,45.427605,-100.027856
46135,Yankton County,46,SD,1349873612,28676585,43.006603,-97.388361
46137,Ziebach County,46,SD,5079608332,24212305,44.989764,-101.660827
47001,Anderson County,47,TN,873359909,19657734,36.116731,-84.195418
47003,Bedford County,47,TN,1226719752,2980759,35.51366,-86.458294
47005,Benton County,47,TN,1021248371,108583505,36.070948,-88.071232
47007,Bledsoe County,47,TN,1052973468,858669,35.593561,-85.20591
47009,Blount County,47,TN,1447336789,20158689,35.688185,-83.922973
47011,Bradley County,47,TN,851489209,6959141,35.153914,-84.859414
47013,Campbell County,47,TN,1243685306,46425147,36.401592,-84.159249
47015,Cannon County,47,TN,687992379,156144,35.808394,-86.062404
47017,Carroll County,47,TN,1547925981,6308712,35.965748,-88.452379
47019,Carter County,47,TN,883855126,16669994,36.284744,-82.126593
47021,Cheatham County,47,TN,783466439,11821692,36.255169,-87.100808
47023,Chester County,47,TN,740053474,575590,35.420253,-88.611353
47025,Claiborne County,47,TN,1125619421,18052387,36.501572,-83.660698
47027,Clay County,47,TN,612608184,59089285,36.545749,-85.545717
47029,Cocke County,47,TN,1129584562,17932684,35.916198,-83.119224
47031,Coffee County,47,TN,1111010401,14479480,35.488765,-86.078202
47033,Crockett County,47,TN,687714872,545783,35.818795,-89.132494
47035,Cumberland County,47,TN,1764575269,9098322,35.952398,-84.994761
47037,Davidson County,47,TN,1303999199,56424538,36.169129,-86.78479
47039,Decatur County,47,TN,864741776,28501002,35.603136,-88.110292
47041,DeKalb County,47,TN,788430955,63639368,35.982219,-85.833596
47043,Dickson County,47,TN,1268833489,3679792,36.145533,-87.364155
47045,Dyer County,47,TN,1326982067,35839863,36.054196,-89.398306
47047,Fayette County,47,TN,1823539295,3696802,35.196993,-89.413803
47049,Fentress County,47,TN,1291385622,841022,36.369892,-84.937764
47051,Franklin County,47,TN,1436141691,55046635,35.155926,-86.099203
47053,Gibson County,47,TN,1561102697,2345193,35.991632,-88.933812
47055,Giles County,47,TN,1582304898,642572,35.202723,-87.035319
47057,Grainger County,47,TN,726715759,56600343,36.277509,-83.509546
47059,Greene County,47,TN,1611409726,5099752,36.179487,-82.847523
47061,Grundy County,47,TN,933545795,1755421,35.393352,-85.710374
47063,Hamblen County,47,TN,417476191,37852326,36.218397,-83.266071
47065,Hamilton County,47,TN,1404197535,86784458,35.163472,-85.201843
47067,Hancock County,47,TN,575816010,2988718,36.521353,-83.227493
47069,Hardeman County,47,TN,1729509838,6768751,35.218785,-88.988697
47071,Hardin County,47,TN,1495684381,48706058,35.201893,-88.185696
47073,Hawkins County,47,TN,1261468092,32541837,36.452089,-82.931485
47075,Haywood County,47,TN,1380741528,2472509,35.586678,-89.282691
47077,Henderson County,47,TN,1346816756,15219341,35.653994,-88.387674
47079,Henry County,47,TN,1455320362,81582236,36.325295,-88.300288
47081,Hickman County,47,TN,1586324712,373710,35.802327,-87.467116
47083,Houston County,47,TN,518758193,17303404,36.285782,-87.705598
47085,Humphreys County,47,TN,1374668726,67184110,36.040822,-87.790453
47087,Jackson County,47,TN,799813547,27751888,36.35425,-85.674128
47089,Jefferson County,47,TN,712639796,101435633,36.048452,-83.441216
47091,Johnson County,47,TN,772956196,11007739,36.453203,-81.861247
47093,Knox County,47,TN,1316555497,45575160,35.992726,-83.937721
47095,Lake County,47,TN,429381241,72799687,36.333905,-89.485536
47097,Lauderdale County,47,TN,1222203226,80251266,35.762951,-89.627732
47099,Lawrence County,47,TN,1598359119,2218403,35.220476,-87.396546
47101,Lewis County,47,TN,730614739,1024940,35.523244,-87.496983
47103,Lincoln County,47,TN,1477179214,971039,35.142784,-86.593403
47105,Loudon County,47,TN,593811373,46869994,35.735085,-84.314085
47107,McMinn County,47,TN,1113997325,5340568,35.424472,-84.619949
47109,McNairy County,47,TN,1457753351,1994997,35.175375,-88.56374
47111,Macon County,47,TN,795498343,246690,36.537757,-86.00096
47113,Madison County,47,TN,1443073935,3757608,35.606056,-88.833424
47115,Marion County,47,TN,1290472798,36484703,35.133422,-85.618399
47117,Marshall County,47,TN,972442312,1801922,35.468329,-86.765868
47119,Maury County,47,TN,1587995804,6344537,35.615696,-87.077763
47121,Meigs County,47,TN,505397668,55738399,35.512203,-84.816102
47123,Monroe County,47,TN,1646646988,43545177,35.447818,-84.249705
47125,Montgomery County,47,TN,1396441788,12068782,36.500354,-87.380887
47127,Moore County,47,TN,334684850,3093435,35.288888,-86.358684
47129,Morgan County,47,TN,1352439680,823018,36.138697,-84.639262
47131,Obion County,47,TN,1411149165,27448111,36.361892,-89.148078
47133,Overton County,47,TN,1122727661,3486591,36.34485,-85.283076
47135,Perry County,47,TN,1074235994,20984700,35.663752,-87.869326
47137,Pickett County,47,TN,422090560,29845401,36.559364,-85.075741
47139,Polk County,47,TN,1125622665,19906879,35.109437,-84.541112
47141,Putnam County,47,TN,1038860592,3777708,36.14094,-85.49618
47143,Rhea County,47,TN,817071271,54409427,35.60059,-84.949548
47145,Roane County,47,TN,934385981,88599487,35.84725,-84.523929
47147,Robertson County,47,TN,1233703853,457701,36.524385,-86.872594
47149,Rutherford County,47,TN,1603892840,12406556,35.843369,-86.417213
47151,Scott County,47,TN,1378652171,2418741,36.430592,-84.504091
47153,Sequatchie County,47,TN,688550847,498315,35.372336,-85.410082
47155,Sevier County,47,TN,1534599867,13427921,35.787822,-83.5249
47157,Shelby County,47,TN,1971662004,51371287,35.184553,-89.894612
47159,Smith County,47,TN,814020543,28690306,36.256645,-85.941915
47161,Stewart County,47,TN,1190814528,86082696,36.458464,-87.811889
47163,Sullivan County,47,TN,1071072985,41861227,36.509681,-82.301336
47165,Sumner County,47,TN,1371278935,38053791,36.472423,-86.458405
47167,Tipton County,47,TN,1180026943,32703276,35.498763,-89.747145
47169,Trousdale County,47,TN,296143586,5960709,36.39303,-86.156691
47171,Unicoi County,47,TN,481902934,825726,36.100129,-82.418218
47173,Union County,47,TN,579077904,61005196,36.28414,-83.836088
47175,Van Buren County,47,TN,708142395,2893456,35.699234,-85.458409
47177,Warren County,47,TN,1120619163,3524883,35.67825,-85.777343
47179,Washington County,47,TN,845756030,8485270,36.295665,-82.495037
47181,Wayne County,47,TN,1901333937,4023436,35.242847,-87.819843
47183,Weakley County,47,TN,1503107797,3707114,36.303596,-88.721194
47185,White County,47,TN,975592109,7113368,35.927049,-85.455785
47187,Williamson County,47,TN,1509613349,3011572,35.894845,-86.897888
47189,Wilson County,47,TN,1479109874,29878235,36.149431,-86.291181
48001,Anderson County,48,TX,2752164827,39845046,31.841261,-95.661727
48003,Andrews County,48,TX,3886758047,1049250,32.312258,-102.640206
48005,Angelina County,48,TX,2066460810,173300091,31.251896,-94.611134
48007,Aransas County,48,TX,652854900,714540086,28.122621,-96.967501
48009,Archer County,48,TX,2339508191,57767717,33.616305,-98.687267
48011,Armstrong County,48,TX,2354617585,12183672,34.964179,-101.356636
48013,Atascosa County,48,TX,3158599705,4992623,28.891478,-98.535381
48015,Austin County,48,TX,1674415879,25596214,29.891901,-96.27017
48017,Bailey County,48,TX,2141847187,1775275,34.067521,-102.830345
48019,Bandera County,48,TX,2048663920,17291422,29.756389,-99.248285
48021,Bastrop County,48,TX,2300500051,19009784,30.100772,-97.310639
48023,Baylor County,48,TX,2246764590,86991035,33.618802,-99.208189
48025,Bee County,48,TX,2279809489,246409,28.416077,-97.742586
48027,Bell County,48,TX,2729408686,94385099,31.04275,-97.481268
48029,Bexar County,48,TX,3212426728,40788666,29.448671,-98.520147
48031,Blanco County,48,TX,1836953707,10813186,30.266203,-98.399332
48033,Borden County,48,TX,2324366072,22297606,32.73859,-101.439199
48035,Bosque County,48,TX,2545883877,50838528,31.900819,-97.637641
48037,Bowie County,48,TX,2291982021,98385599,33.446065,-94.422393
48039,Brazoria County,48,TX,3530854198,635541938,29.167817,-95.434647
48041,Brazos County,48,TX,1518090939,13210254,30.656713,-96.302394
48043,Brewster County,48,TX,16015872748,22061017,29.808997,-103.252458
48045,Briscoe County,48,TX,2330991073,4068657,34.525172,-101.205893
48047,Brooks County,48,TX,2443277014,741627,27.034994,-98.215276
48049,Brown County,48,TX,2446120254,32375524,31.764137,-98.998456
48051,Burleson County,48,TX,1707015413,46043534,30.493487,-96.622091
48053,Burnet County,48,TX,2576520284,69861743,30.78963,-98.201187
48055,Caldwell County,48,TX,1410355147,4949867,29.832399,-97.628141
48057,Calhoun County,48,TX,1312945541,1361646236,28.441719,-96.579574
48059,Callahan County,48,TX,2329363241,4898783,32.29315,-99.372249
48061,Cameron County,48,TX,2309542672,1004829810,26.102923,-97.478958
48063,Camp County,48,TX,507242364,19129375,32.974581,-94.979085
48065,Carson County,48,TX,2383397227,10026604,35.405496,-101.355356
48067,Cass County,48,TX,2426683491,60494144,33.083698,-94.357579
48069,Castro County,48,TX,2316600393,12557414,34.533621,-102.258786
48071,Chambers County,48,TX,1546471871,709790251,29.696374,-94.669445
48073,Cherokee County,48,TX,2727140662,23874005,31.843881,-95.156343
48075,Childress County,48,TX,1803954626,44560655,34.524624,-100.208166
48077,Clay County,48,TX,2819871856,72506820,33.785904,-98.212917
48079,Cochran County,48,TX,2007453830,229068,33.60844,-102.830449
48081,Coke County,48,TX,2361153198,42331832,31.87711,-100.635231
48083,Coleman County,48,TX,3270933224,47963343,31.914205,-99.346622
48085,Collin County,48,TX,2178871854,115507424,33.194494,-96.579428
48087,Collingsworth County,48,TX,2378750408,2278703,34.963358,-100.272135
48089,Colorado County,48,TX,2487142712,34691168,29.596296,-96.508935
48091,Comal County,48,TX,1449171191,39766830,29.812377,-98.258129
48093,Comanche County,48,TX,2428768926,25719485,31.951645,-98.549617
48095,Concho County,48,TX,2547914005,25740025,31.318883,-99.863649
48097,Cooke County,48,TX,2265789888,61319327,33.639196,-97.210343
48099,Coryell County,48,TX,2725307438,11833644,31.391177,-97.798022
48101,Cottle County,48,TX,2332448732,2723997,34.091906,-100.276442
48103,Crane County,48,TX,2033319687,1695980,31.422796,-102.487774
48105,Crockett County,48,TX,7270935061,53329,30.717532,-101.404211
48107,Crosby County,48,TX,2331503444,3873557,33.609144,-101.29871
48109,Culberson County,48,TX,9873439555,556134,31.445908,-104.526945
48111,Dallam County,48,TX,3893095084,5180577,36.28637,-102.59402
48113,Dallas County,48,TX,2261577252,91947122,32.766987,-96.778424
48115,Dawson County,48,TX,2331781562,4720730,32.742528,-101.948771
48117,Deaf Smith County,48,TX,3876750570,3926557,34.940766,-102.607564
48119,Delta County,48,TX,665192724,54647564,33.385933,-95.67335
48121,Denton County,48,TX,2275817772,188973111,33.205132,-97.12114
48123,DeWitt County,48,TX,2354237965,3919919,29.082346,-97.361654
48125,Dickens County,48,TX,2335454676,9057848,33.615363,-100.787617
48127,Dimmit County,48,TX,3441795903,14575999,28.423587,-99.765871
48129,Donley County,48,TX,2401014207,15563758,34.955036,-100.815846
48131,Duval County,48,TX,4645084668,5478267,27.681123,-98.497393
48133,Eastland County,48,TX,2399644791,14002299,32.324645,-98.83656
48135,Ector County,48,TX,2325508519,10188915,31.865301,-102.542507
48137,Edwards County,48,TX,5485263220,5196312,29.985933,-100.3074
48139,Ellis County,48,TX,2423462949,41944384,32.346878,-96.79694
48141,El Paso County,48,TX,2624928792,4638585,31.766456,-106.24152
48143,Erath County,48,TX,2805419712,17166727,32.236669,-98.220545
48145,Falls County,48,TX,1982623104,21693054,31.25193,-96.934127
48147,Fannin County,48,TX,2307251053,20847065,33.591161,-96.104988
48149,Fayette County,48,TX,2460316901,25574662,29.877886,-96.921231
48151,Fisher County,48,TX,2328272103,7258480,32.740473,-100.40312
48153,Floyd County,48,TX,2569637283,983737,34.07373,-101.303274
48155,Foard County,48,TX,1824378631,8514741,33.963306,-99.816828
48157,Fort Bend County,48,TX,2231981778,60805734,29.526602,-95.771015
48159,Franklin County,48,TX,736569934,26875120,33.175846,-95.219066
48161,Freestone County,48,TX,2273311866,36936963,31.701749,-96.144957
48163,Frio County,48,TX,2935753503,2193621,28.869383,-99.109005
48165,Gaines County,48,TX,3891102467,1262946,32.743942,-102.631561
48167,Galveston County,48,TX,982670091,1280836456,29.233927,-94.888197
48169,Garza County,48,TX,2313937114,7209242,33.183792,-101.301134
48171,Gillespie County,48,TX,2740731344,9000570,30.325093,-98.94185
48173,Glasscock County,48,TX,2331552974,2245302,31.868006,-101.521494
48175,Goliad County,48,TX,2206698612,19050015,28.6607,-97.430415
48177,Gonzales County,48,TX,2762704899,8204086,29.461912,-97.49192
48179,Gray County,48,TX,2398261679,8700790,35.402542,-100.812374
48181,Grayson County,48,TX,2416024350,120093895,33.624548,-96.675777
48183,Gregg County,48,TX,708052151,6206460,32.486401,-94.816277
48185,Grimes County,48,TX,2039528004,36609847,30.543231,-95.988082
48187,Guadalupe County,48,TX,1842133804,9159633,29.582671,-97.948995
48189,Hale County,48,TX,2602109423,246678,34.068436,-101.822888
48191,Hall County,48,TX,2288233615,53366403,34.453189,-100.576343
48193,Hamilton County,48,TX,2165008743,1238628,31.707342,-98.111756
48195,Hansford County,48,TX,2382296646,1548341,36.272847,-101.35693
48197,Hardeman County,48,TX,1800337387,4548860,34.289904,-99.745697
48199,Hardin County,48,TX,2306581582,18001144,30.329648,-94.393178
48201,Harris County,48,TX,4421152651,182185468,29.857273,-95.393037
48203,Harrison County,48,TX,2331141019,40649337,32.547991,-94.374434
48205,Hartley County,48,TX,3786435508,3023183,35.840244,-102.610047
48207,Haskell County,48,TX,2339103809,18465208,33.175964,-99.730774
48209,Hays County,48,TX,1753038621,5043724,30.061225,-98.029267
48211,Hemphill County,48,TX,2347270018,15205586,35.815956,-100.27921
48213,Henderson County,48,TX,2263061906,193353703,32.211633,-95.853418
48215,Hidalgo County,48,TX,4069375491,30138614,26.396384,-98.18099
48217,Hill County,48,TX,2483430145,69544766,31.982681,-97.130668
48219,Hockley County,48,TX,2352723967,446119,33.605932,-102.343398
48221,Hood County,48,TX,1089707278,41753389,32.430149,-97.831677
48223,Hopkins County,48,TX,1987637219,65631763,33.148967,-95.565434
48225,Houston County,48,TX,3188268195,14446047,31.323036,-95.4216
48227,Howard County,48,TX,2333039148,8841781,32.30343,-101.438721
48229,Hudspeth County,48,TX,11837584063,2114586,31.450868,-105.377549
48231,Hunt County,48,TX,2176679797,107761746,33.123308,-96.08423
48233,Hutchinson County,48,TX,2298418617,19497034,35.837047,-101.362746
48235,Irion County,48,TX,2723485995,176317,31.303424,-100.981304
48237,Jack County,48,TX,2359405672,23704614,33.23216,-98.171177
48239,Jackson County,48,TX,2148246693,71039573,28.959802,-96.58908
48241,Jasper County,48,TX,2431105359,80399907,30.752932,-94.022294
48243,Jeff Davis County,48,TX,5865172239,206206,30.625357,-104.191873
48245,Jefferson County,48,TX,2270732118,611205490,29.854,-94.149331
48247,Jim Hogg County,48,TX,2942674729,92565,27.053231,-98.747572
48249,Jim Wells County,48,TX,2240795374,8723372,27.733516,-98.090814
48251,Johnson County,48,TX,1877871517,23810470,32.379654,-97.364906
48253,Jones County,48,TX,2405076785,22097342,32.743709,-99.87443
48255,Karnes County,48,TX,1936669679,15010315,28.908996,-97.852205
48257,Kaufman County,48,TX,2021981825,69470378,32.598944,-96.288377
48259,Kendall County,48,TX,1715747613,1496797,29.943525,-98.709269
48261,Kenedy County,48,TX,3777657843,1261927310,26.890213,-97.591143
48263,Kent County,48,TX,2337482031,1065195,33.18478,-100.76972
48265,Kerr County,48,TX,2857617599,10231764,30.059953,-99.353339
48267,Kimble County,48,TX,3240024038,505509,30.479472,-99.746396
48269,King County,48,TX,2359150569,6396290,33.614268,-100.245345
48271,Kinney County,48,TX,3523765249,11885327,29.347086,-100.4177
48273,Kleberg County,48,TX,2282572444,541041659,27.438735,-97.66062
48275,Knox County,48,TX,2203098613,12587673,33.61189,-99.730356
48277,Lamar County,48,TX,2349976646,66748711,33.667263,-95.570348
48279,Lamb County,48,TX,2631897589,3973764,34.068861,-102.348018
48281,Lampasas County,48,TX,1845440046,2749903,31.196731,-98.240889
48283,La Salle County,48,TX,3850545747,19503739,28.351098,-99.096774
48285,Lavaca County,48,TX,2511535215,1882216,29.382578,-96.923633
48287,Lee County,48,TX,1629204758,13122562,30.321498,-96.976823
48289,Leon County,48,TX,2779462026,19328383,31.300493,-95.995622
48291,Liberty County,48,TX,3000121460,46620493,30.158508,-94.844061
48293,Limestone County,48,TX,2345053180,71830221,31.547543,-96.593623
48295,Lipscomb County,48,TX,2414422645,298741,36.2802,-100.272683
48297,Live Oak County,48,TX,2692796909,101483818,28.351535,-98.126961
48299,Llano County,48,TX,2419217897,82338677,30.707584,-98.68469
48301,Loving County,48,TX,1732230053,19981167,31.844936,-103.561229
48303,Lubbock County,48,TX,2319597736,13210797,33.611469,-101.819944
48305,Lynn County,48,TX,2309924847,4169718,33.178412,-101.818493
48307,McCulloch County,48,TX,2759893532,20286193,31.205477,-99.359856
48309,McLennan County,48,TX,2685015343,61002370,31.549596,-97.201511
48311,McMullen County,48,TX,2952066567,43985124,28.384922,-98.578853
48313,Madison County,48,TX,1207103458,16493254,30.966878,-95.930372
48315,Marion County,48,TX,986530318,102099491,32.798182,-94.356853
48317,Martin County,48,TX,2369724590,1931832,32.30983,-101.961836
48319,Mason County,48,TX,2405674102,8755301,30.703916,-99.237302
48321,Matagorda County,48,TX,2831173987,1345214023,28.77476,-96.001532
48323,Maverick County,48,TX,3313828190,31862966,28.729787,-100.316678
48325,Medina County,48,TX,3432668368,23757602,29.353661,-99.111085
48327,Menard County,48,TX,2336237980,613559,30.885268,-99.858861
48329,Midland County,48,TX,2331915358,4252951,31.814269,-102.002454
48331,Milam County,48,TX,2632349434,11831398,30.791242,-96.984395
48333,Mills County,48,TX,1937892798,4023558,31.494888,-98.594623
48335,Mitchell County,48,TX,2359720442,12480258,32.304117,-100.924392
48337,Montague County,48,TX,2411034611,19087359,33.678356,-97.725014
48339,Montgomery County,48,TX,2699052575,90064391,30.298801,-95.50295
48341,Moore County,48,TX,2330207191,25699789,35.835676,-101.890502
48343,Morris County,48,TX,652649023,17382447,33.116466,-94.731265
48345,Motley County,48,TX,2562963900,644140,34.057899,-100.793152
48347,Nacogdoches County,48,TX,2450966942,89731149,31.62056,-94.62025
48349,Navarro County,48,TX,2615116305,197615409,32.048448,-96.476909
48351,Newton County,48,TX,2418212546,15672146,30.786718,-93.73925
48353,Nolan County,48,TX,2362061742,5052159,32.312338,-100.418108
48355,Nueces County,48,TX,2173636003,845192062,27.740032,-97.516214
48357,Ochiltree County,48,TX,2376792063,1331778,36.278744,-100.815864
48359,Oldham County,48,TX,3886337114,2339716,35.401921,-102.59762
48361,Orange County,48,TX,864501045,118360262,30.122323,-93.8941
48363,Palo Pinto County,48,TX,2467090694,85364147,32.752204,-98.317967
48365,Panola County,48,TX,2101400900,25810623,32.163978,-94.305156
48367,Parker County,48,TX,2340620308,16513787,32.777096,-97.805905
48369,Parmer County,48,TX,2281317978,11355762,34.532163,-102.784853
48371,Pecos County,48,TX,12338274936,2532275,30.773298,-102.718153
48373,Polk County,48,TX,2737733252,136271620,30.784553,-94.837338
48375,Potter County,48,TX,2352718727,35190085,35.398675,-101.893804
48377,Presidio County,48,TX,9985057446,1773188,30.005891,-104.261619
48379,Rains County,48,TX,594376473,75984089,32.870457,-95.795613
48381,Randall County,48,TX,2363909286,25203162,34.962529,-101.895547
48383,Reagan County,48,TX,3044049119,1792716,31.375191,-101.514395
48385,Real County,48,TX,1810812879,2346259,29.830097,-99.812549
48387,Red River County,48,TX,2703677244,33255080,33.619625,-95.048429
48389,Reeves County,48,TX,6825534318,17396672,31.308366,-103.712706
48391,Refugio County,48,TX,1995545557,123688759,28.322116,-97.162472
48393,Roberts County,48,TX,2393298442,346846,35.838596,-100.836682
48395,Robertson County,48,TX,2214840334,27332985,31.025481,-96.514941
48397,Rockwall County,48,TX,329469169,56264592,32.899886,-96.41205
48399,Runnels County,48,TX,2722259323,15604788,31.845119,-99.982715
48401,Rusk County,48,TX,2393663216,37217198,32.109423,-94.756382
48403,Sabine County,48,TX,1273523416,219936062,31.3433,-93.851913
48405,San Augustine County,48,TX,1374400363,159644688,31.382449,-94.16318
48407,San Jacinto County,48,TX,1474332269,151949232,30.574388,-95.163136
48409,San Patricio County,48,TX,1795693481,37532483,28.011794,-97.517157
48411,San Saba County,48,TX,2940447162,8300211,31.155138,-98.819292
48413,Schleicher County,48,TX,3394546068,87401,30.896233,-100.527216
48415,Scurry County,48,TX,2345090474,5436957,32.744353,-100.913346
48417,Shackelford County,48,TX,2367989254,3268209,32.74382,-99.347005
48419,Shelby County,48,TX,2060566466,101081677,31.790139,-94.142579
48421,Sherman County,48,TX,2390195607,425429,36.278593,-101.899265
48423,Smith County,48,TX,2386604748,73163264,32.375105,-95.268939
48425,Somervell County,48,TX,482274684,14205924,32.218071,-97.769217
48427,Starr County,48,TX,3168019232,15386852,26.530903,-98.740235
48429,Stephens County,48,TX,2322497231,64147705,32.738052,-98.839344
48431,Sterling County,48,TX,2391722770,167451,31.835773,-101.054911
48433,Stonewall County,48,TX,2373238700,10177387,33.17958,-100.253807
48435,Sutton County,48,TX,3765674775,1277066,30.522185,-100.513359
48437,Swisher County,48,TX,2305502705,27277988,34.526319,-101.743865
48439,Tarrant County,48,TX,2240985247,99783487,32.772119,-97.291224
48441,Taylor County,48,TX,2371228265,9760311,32.297126,-99.89043
48443,Terrell County,48,TX,6107081791,259482,30.232343,-102.072513
48445,Terry County,48,TX,2302113089,5414060,33.171229,-102.339284
48447,Throckmorton County,48,TX,2363499444,7586186,33.170695,-99.205796
48449,Titus County,48,TX,1052317453,50093989,33.214599,-94.966783
48451,Tom Green County,48,TX,3942790948,47251782,31.398295,-100.46385
48453,Travis County,48,TX,2575210710,79595808,30.239513,-97.69127
48455,Trinity County,48,TX,1796920725,52260791,31.096675,-95.151687
48457,Tyler County,48,TX,2394158673,29093514,30.769295,-94.375656
48459,Upshur County,48,TX,1509910836,24878112,32.735349,-94.941184
48461,Upton County,48,TX,3215010597,464309,31.353816,-102.041546
48463,Uvalde County,48,TX,4019458733,17382915,29.350308,-99.768427
48465,Val Verde County,48,TX,8144863966,227711025,29.875285,-101.143324
48467,Van Zandt County,48,TX,2182250324,44149754,32.558787,-95.836906
48469,Victoria County,48,TX,2284593984,17476842,28.79637,-96.971198
48471,Walker County,48,TX,2031126329,44745757,30.743163,-95.569825
48473,Waller County,48,TX,1329431896,11827973,30.01359,-95.982149
48475,Ward County,48,TX,2164201058,624206,31.513069,-103.105113
48477,Washington County,48,TX,1564855487,45471320,30.215075,-96.410272
48479,Webb County,48,TX,8706187276,36554554,27.760799,-99.340752
48481,Wharton County,48,TX,2813095079,21310003,29.27848,-96.229674
48483,Wheeler County,48,TX,2368629232,2455912,35.392593,-100.253107
48485,Wichita County,48,TX,1625458309,13645835,33.988212,-98.70801
48487,Wilbarger County,48,TX,2514738100,18202665,34.08492,-99.24244
48489,Willacy County,48,TX,1529680708,502856285,26.481861,-97.594731
48491,Williamson County,48,TX,2890005224,41559490,30.649082,-97.605065
48493,Wilson County,48,TX,2081662650,12111507,29.173883,-98.086734
48495,Winkler County,48,TX,2178876165,19838,31.832862,-103.054925
48497,Wise County,48,TX,2342372276,47035843,33.219095,-97.653997
48499,Wood County,48,TX,1671172293,130731064,32.783588,-95.382166
48501,Yoakum County,48,TX,2071252477,34329,33.162339,-102.832241
48503,Young County,48,TX,2368539759,42371869,33.158778,-98.67839
48505,Zapata County,48,TX,2585876042,154371160,26.996981,-99.182603
48507,Zavala County,48,TX,3360268878,11208707,28.864652,-99.75983
49001,Beaver County,49,UT,6689710369,5298466,38.357535,-113.238948
49003,Box Elder County,49,UT,14973507312,2455159793,41.622623,-113.060252
49005,Cache County,49,UT,3016525066,21115037,41.734118,-111.745394
49007,Carbon County,49,UT,3831481453,15484604,39.673284,-110.588484
49009,Daggett County,49,UT,1803965918,61230034,40.890099,-109.505785
49011,Davis County,49,UT,841011791,804179376,41.037559,-112.201943
49013,Duchesne County,49,UT,8379965573,38811228,40.289393,-110.429584
49015,Emery County,49,UT,11558171971,24695314,39.009025,-110.7211
49017,Garfield County,49,UT,13414986702,75978582,37.831663,-111.450907
49019,Grand County,49,UT,9512657346,30634870,38.974326,-109.57345
49021,Iron County,49,UT,8537032444,11390957,37.909304,-113.30674
49023,Juab County,49,UT,8784753342,36271581,39.71412,-112.790471
49025,Kane County,49,UT,10344775234,292843946,37.275089,-111.815329
49027,Millard County,49,UT,17574316025,133292861,38.956744,-113.133092
49029,Morgan County,49,UT,1577814087,4437369,41.091027,-111.577885
49031,Piute County,49,UT,1963753824,20286511,38.335881,-112.129375
49033,Rich County,49,UT,2664471792,149106409,41.627598,-111.240227
49035,Salt Lake County,49,UT,1949876462,136855044,40.667883,-111.92424
49037,San Juan County,49,UT,20263457815,285011859,37.602633,-109.791574
49039,Sanpete County,49,UT,4117605581,32165095,39.373426,-111.576933
49041,Sevier County,49,UT,4948109948,20139931,38.746824,-111.81193
49043,Summit County,49,UT,4845023362,26030792,40.87206,-110.968486
49045,Tooele County,49,UT,18234213841,636479912,40.467753,-113.123979
49047,Uintah County,49,UT,11610607590,55966014,40.125887,-109.517748
49049,Utah County,49,UT,5191527713,362177780,40.120418,-111.668563
49051,Wasatch County,49,UT,3048291110,79107621,40.334884,-111.161568
49053,Washington County,49,UT,6287425956,7782767,37.262531,-113.4878
49055,Wayne County,49,UT,6374203167,14660837,38.259856,-110.990872
49057,Weber County,49,UT,1582606369,126602101,41.270325,-111.876883
50001,Addison County,50,VT,1984788915,107311072,44.031248,-73.141581
50003,Bennington County,50,VT,1746264294,6898408,43.035328,-73.111496
50005,Caledonia County,50,VT,1681454164,22351439,44.468791,-72.112168
50007,Chittenden County,50,VT,1390433438,217071279,44.463329,-73.06941
50009,Essex County,50,VT,1715530571,28688490,44.724021,-71.732736
50011,Franklin County,50,VT,1634181032,150651912,44.858964,-72.909402
50013,Grand Isle County,50,VT,211782350,288954848,44.801787,-73.300759
50015,Lamoille County,50,VT,1194643959,12744800,44.611192,-72.632659
50017,Orange County,50,VT,1779343340,12005265,44.003373,-72.369579
50019,Orleans County,50,VT,1798880704,71408888,44.828442,-72.25163
50021,Rutland County,50,VT,2410114034,38760900,43.612399,-73.060304
50023,Washington County,50,VT,1779477067,21517931,44.274969,-72.609444
50025,Windham County,50,VT,2035623287,32917039,42.995304,-72.721877
50027,Windsor County,50,VT,2510071972,19366112,43.572448,-72.598813
51001,Accomack County,51,VA,1163732898,2229252990,37.765944,-75.757807
51003,Albemarle County,51,VA,1866013520,14223772,38.024184,-78.553506
51005,Alleghany County,51,VA,1156616591,8162741,37.787905,-80.008669
51007,Amelia County,51,VA,920379345,8188217,37.331927,-77.977462
51009,Amherst County,51,VA,1227554631,12898694,37.629304,-79.154667
51011,Appomattox County,51,VA,865635017,3206454,37.370725,-78.81094
51013,Arlington County,51,VA,67332992,273562,38.878337,-77.100703
51015,Augusta County,51,VA,2504708862,9537137,38.17259,-79.140975
51017,Bath County,51,VA,1370626043,14039993,38.068368,-79.731203
51019,Bedford County,51,VA,1968660754,42062887,37.312257,-79.527223
51021,Bland County,51,VA,926296565,2561891,37.130612,-81.125853
51023,Botetourt County,51,VA,1401898974,12126225,37.565482,-79.797546
51025,Brunswick County,51,VA,1466554906,8366820,36.764204,-77.861483
51027,Buchanan County,51,VA,1302386893,2804450,37.26812,-82.038151
51029,Buckingham County,51,VA,1501215440,9911855,37.573928,-78.529169
51031,Campbell County,51,VA,1303300986,8894442,37.210152,-79.095428
51033,Caroline County,51,VA,1365863117,24926087,38.028033,-77.353736
51035,Carroll County,51,VA,1229582401,7586185,36.731963,-80.727831
51036,Charles City County,51,VA,473711550,55274680,37.361054,-77.05417
51037,Charlotte County,51,VA,1231010116,5809378,37.009042,-78.658568
51041,Chesterfield County,51,VA,1096874571,34967237,37.378434,-77.585847
51043,Clarke County,51,VA,455729731,5685740,39.115307,-77.990748
51045,Craig County,51,VA,849770438,2793174,37.473603,-80.231051
51047,Culpeper County,51,VA,982076139,9005667,38.48593,-77.956476
51049,Cumberland County,51,VA,770454314,5917833,37.520189,-78.252836
51051,Dickenson County,51,VA,855836330,8105806,37.136701,-82.34922
51053,Dinwiddie County,51,VA,1305057845,8988308,37.073498,-77.635492
51057,Essex County,51,VA,666543883,74795386,37.936389,-76.933747
51059,Fairfax County,51,VA,1012738309,40071741,38.82952,-77.273252
51061,Fauquier County,51,VA,1678296035,9665552,38.744096,-77.8215
51063,Floyd County,51,VA,986585627,2190752,36.931433,-80.350266
51065,Fluvanna County,51,VA,743630407,10747024,37.830584,-78.283494
51067,Franklin County,51,VA,1788671765,54404459,36.991186,-79.882715
51069,Frederick County,51,VA,1070013827,5860366,39.20366,-78.263829
51071,Giles County,51,VA,925207239,11232364,37.318072,-80.698321
51073,Gloucester County,51,VA,564124714,181747503,37.403541,-76.523505
51075,Goochland County,51,VA,730451416,21934893,37.718814,-77.917626
51077,Grayson County,51,VA,1144218747,9792930,36.652229,-81.215324
51079,Greene County,51,VA,403900921,1680243,38.297981,-78.470163
51081,Greensville County,51,VA,764634552,4086108,36.680336,-77.560277
51083,Halifax County,51,VA,2117913727,30523987,36.766461,-78.939614
51085,Hanover County,51,VA,1211008825,12702538,37.760215,-77.491317
51087,Henrico County,51,VA,605276561,28882714,37.43752,-77.300333
51089,Henry County,51,VA,990284625,5269785,36.620612,-79.980662
51091,Highland County,51,VA,1075266904,1791758,38.366243,-79.564472
51093,Isle of Wight County,51,VA,817621467,122099188,36.901418,-76.707569
51095,James City County,51,VA,368550685,95239463,37.324837,-76.777888
51097,King and Queen County,51,VA,816185249,28929275,37.717772,-76.905581
51099,King George County,51,VA,465234037,21087162,38.27718,-77.162636
51101,King William County,51,VA,709424849,31090165,37.70826,-77.091054
51103,Lancaster County,51,VA,345261477,254114185,37.704843,-76.412663
51105,Lee County,51,VA,1127622849,4896591,36.701721,-83.130112
51107,Loudoun County,51,VA,1335753248,14496364,39.0812,-77.638898
51109,Louisa County,51,VA,1282245762,37822855,37.972704,-77.959795
51111,Lunenburg County,51,VA,1118097708,1743628,36.945555,-78.240528
51113,Madison County,51,VA,830450499,3206844,38.412059,-78.276961
51115,Mathews County,51,VA,222508058,430071655,37.425348,-76.268808
51117,Mecklenburg County,51,VA,1619544370,139655803,36.687256,-78.368959
51119,Middlesex County,51,VA,337554148,208310589,37.606975,-76.528082
51121,Montgomery County,51,VA,1001929083,6282286,37.175538,-80.387794
51125,Nelson County,51,VA,1219224542,8983980,37.789079,-78.88344
51127,New Kent County,51,VA,543986299,35598427,37.51016,-76.999331
51131,Northampton County,51,VA,548331040,1511369142,37.302775,-75.924018
51133,Northumberland County,51,VA,495805446,243886813,37.856974,-76.379687
51135,Nottoway County,51,VA,814265583,4297830,37.141167,-78.053866
51137,Orange County,51,VA,881929772,7015339,38.249326,-78.011092
51139,Page County,51,VA,802941049,8378554,38.623209,-78.491872
51141,Patrick County,51,VA,1250846155,7141128,36.667138,-80.286413
51143,Pittsylvania County,51,VA,2509705675,23903849,36.821721,-79.398502
51145,Powhatan County,51,VA,673921282,5444168,37.549404,-77.912855
51147,Prince Edward County,51,VA,906356801,10079281,37.224881,-78.432957
51149,Prince George County,51,VA,687232241,42745198,37.187325,-77.220993
51153,Prince William County,51,VA,868305539,30842048,38.701119,-77.479579
51155,Pulaski County,51,VA,828378951,24875979,37.063385,-80.713444
51157,Rappahannock County,51,VA,689900919,2142396,38.684522,-78.168824
51159,Richmond County,51,VA,495925426,64458631,37.942894,-76.730561
51161,Roanoke County,51,VA,648915076,1762677,37.330792,-80.191237
51163,Rockbridge County,51,VA,1545053253,8821787,37.814517,-79.447754
51165,Rockingham County,51,VA,2200954972,10645881,38.507585,-78.885321
51167,Russell County,51,VA,1226421378,7558481,36.93342,-82.095934
51169,Scott County,51,VA,1387786258,8105326,36.712776,-82.613624
51171,Shenandoah County,51,VA,1315919345,9716888,38.856204,-78.573987
51173,Smyth County,51,VA,1169223433,3287728,36.842318,-81.539786
51175,Southampton County,51,VA,1551909770,8090235,36.720068,-77.103813
51177,Spotsylvania County,51,VA,1041093158,32918176,38.182431,-77.657226
51179,Stafford County,51,VA,697237751,28087427,38.423084,-77.458048
51181,Surry County,51,VA,722475752,81216905,37.119761,-76.880172
51183,Sussex County,51,VA,1269679003,6740704,36.926645,-77.259732
51185,Tazewell County,51,VA,1343663016,2920222,37.125395,-81.562924
51187,Warren County,51,VA,555738444,8583334,38.908221,-78.207594
51191,Washington County,51,VA,1453483686,12984238,36.747814,-81.950322
51193,Westmoreland County,51,VA,593951805,61108784,38.109311,-76.803933
51195,Wise County,51,VA,1044904290,5247907,36.974561,-82.62156
51197,Wythe County,51,VA,1196450498,7232493,36.899868,-81.08301
51199,York County,51,VA,271175180,285635878,37.220914,-76.395533
51510,Alexandria city,51,VA,38682332,1069028,38.819251,-77.08367
51520,Bristol city,51,VA,33336229,322409,36.616954,-82.157564
51530,Buena Vista city,51,VA,16674752,219579,37.729345,-79.358134
51540,Charlottesville city,51,VA,26535238,46120,38.037658,-78.485381
51550,Chesapeake city,51,VA,876598053,32349712,36.679376,-76.301788
51570,Colonial Heights city,51,VA,19475360,709877,37.261685,-77.396804
51580,Covington city,51,VA,14163842,521492,37.78106,-79.985434
51590,Danville city,51,VA,110858220,2327667,36.583334,-79.408071
51595,Emporia city,51,VA,17881071,165621,36.696182,-77.535975
51600,Fairfax city,51,VA,16163924,84155,38.853183,-77.299025
51610,Falls Church city,51,VA,5300262,32,38.884722,-77.175603
51620,Franklin city,51,VA,21438217,227442,36.684014,-76.941396
51630,Fredericksburg city,51,VA,27066499,178344,38.299272,-77.486658
51640,Galax city,51,VA,21332077,105290,36.66564,-80.914308
51650,Hampton city,51,VA,133282615,219667964,37.047961,-76.297293
51660,Harrisonburg city,51,VA,44898873,131080,38.436255,-78.873303
51670,Hopewell city,51,VA,26817673,1228128,37.29101,-77.298944
51678,Lexington city,51,VA,6473000,67783,37.782332,-79.44432
51680,Lynchburg city,51,VA,126848431,1422888,37.399016,-79.195458
51683,Manassas city,51,VA,25493247,146287,38.746808,-77.482633
51685,Manassas Park city,51,VA,7857548,1609,38.769398,-77.442323
51690,Martinsville city,51,VA,28374648,135578,36.683527,-79.863647
51700,Newport News city,51,VA,178698611,131131002,37.076136,-76.52198
51710,Norfolk city,51,VA,137981432,111701531,36.923015,-76.244641
51720,Norton city,51,VA,19366553,88961,36.931549,-82.625996
51730,Petersburg city,51,VA,58845730,577678,37.20473,-77.392368
51735,Poquoson city,51,VA,39773690,163429842,37.12836,-76.303534
51740,Portsmouth city,51,VA,86248205,34658275,36.859339,-76.356973
51750,Radford city,51,VA,25061727,858278,37.120119,-80.559147
51760,Richmond city,51,VA,155205067,6849165,37.531399,-77.476009
51770,Roanoke city,51,VA,110129436,855753,37.278458,-79.958174
51775,Salem city,51,VA,37593968,275156,37.285333,-80.055241
51790,Staunton city,51,VA,51593819,147694,38.157978,-79.061876
51800,Suffolk city,51,VA,1033837942,77026744,36.697157,-76.634781
51810,Virginia Beach city,51,VA,633818768,654697226,36.779525,-76.029142
51820,Waynesboro city,51,VA,38771593,364644,38.067157,-78.90142
51830,Williamsburg city,51,VA,23149770,416905,37.269481,-76.708193
51840,Winchester city,51,VA,23809500,54462,39.173869,-78.176356
53001,Adams County,53,WA,4985698849,12464425,47.011238,-118.512861
53003,Asotin County,53,WA,1647427910,11291731,46.181861,-117.227781
53005,Benton County,53,WA,4403309852,154293637,46.228125,-119.516659
53007,Chelan County,53,WA,7565814948,189653434,47.860974,-120.619041
53009,Clallam County,53,WA,4503402368,2409320333,48.110903,-123.88986
53011,Clark County,53,WA,1627806031,70187041,45.77173,-122.485953
53013,Columbia County,53,WA,2249624776,12561759,46.29285,-117.911634
53015,Cowlitz County,53,WA,2955587568,65453462,46.196785,-122.67846
53017,Douglas County,53,WA,4711819966,76557106,47.741763,-119.694622
53019,Ferry County,53,WA,5706368571,140294391,48.473256,-118.533589
53021,Franklin County,53,WA,3215718486,60508754,46.537502,-118.903891
53023,Garfield County,53,WA,1841054896,19294817,46.429318,-117.536705
53025,Grant County,53,WA,6939995086,289820268,47.213633,-119.467788
53027,Grays Harbor County,53,WA,4924766329,834338614,47.113732,-123.826735
53029,Island County,53,WA,539943914,799920796,48.158554,-122.670649
53031,Jefferson County,53,WA,4671633824,994992501,47.805708,-123.527057
53033,King County,53,WA,5479731923,496543152,47.490552,-121.833977
53035,Kitsap County,53,WA,1023333490,442162371,47.639595,-122.649634
53037,Kittitas County,53,WA,5949905813,92507199,47.124441,-120.676709
53039,Klickitat County,53,WA,4847515944,84930636,45.870446,-120.779305
53041,Lewis County,53,WA,6223175362,86929744,46.580071,-122.377444
53043,Lincoln County,53,WA,5984424968,75262191,47.582743,-118.417692
53045,Mason County,53,WA,2485231719,236957000,47.350832,-123.173103
53047,Okanogan County,53,WA,13639376692,120435136,48.548453,-119.742235
53049,Pacific County,53,WA,2417424652,759293242,46.556587,-123.782419
53051,Pend Oreille County,53,WA,3626617235,65406812,48.543825,-117.232191
53053,Pierce County,53,WA,4320045162,356075817,47.051413,-122.15324
53055,San Juan County,53,WA,450435910,1157474835,48.50719,-123.103769
53057,Skagit County,53,WA,4481277787,483821018,48.493292,-121.81577
53059,Skamania County,53,WA,4294894337,73326450,46.024785,-121.953232
53061,Snohomish County,53,WA,5404047756,282924414,48.054913,-121.765038
53063,Spokane County,53,WA,4569319084,43407377,47.620375,-117.403371
53065,Stevens County,53,WA,6415666349,162933477,48.388728,-117.854455
53067,Thurston County,53,WA,1871269446,133615150,46.935822,-122.830152
53069,Wahkiakum County,53,WA,680980771,61564427,46.294638,-123.424458
53071,Walla Walla County,53,WA,3289370356,74932288,46.254606,-118.48037
53073,Whatcom County,53,WA,5459563206,1028031790,48.842653,-121.836432
53075,Whitman County,53,WA,5592463290,48246698,46.905944,-117.53539
53077,Yakima County,53,WA,11122734360,41188783,46.456558,-120.740145
54001,Barbour County,54,WV,883338376,4639586,39.139725,-79.996947
54003,Berkeley County,54,WV,831767529,1060958,39.447938,-78.037754
54005,Boone County,54,WV,1301133236,4305989,38.022814,-81.713538
54007,Braxton County,54,WV,1322796522,14344826,38.69933,-80.73166
54009,Brooke County,54,WV,231015796,8732461,40.272645,-80.578691
54011,Cabell County,54,WV,727847834,18112163,38.419578,-82.243397
54013,Calhoun County,54,WV,723286841,3670131,38.844159,-81.115478
54015,Clay County,54,WV,885617417,4862288,38.459826,-81.081866
54017,Doddridge County,54,WV,828078406,1950541,39.264307,-80.711498
54019,Fayette County,54,WV,1713426761,17320227,38.030948,-81.08607
54021,Gilmer County,54,WV,876717620,4082112,38.915867,-80.849413
54023,Grant County,54,WV,1236387826,7546060,39.105988,-79.195064
54025,Greenbrier County,54,WV,2641329257,12163298,37.924418,-80.45059
54027,Hampshire County,54,WV,1658633561,10902927,39.312139,-78.611989
54029,Hancock County,54,WV,213958963,13877476,40.516958,-80.570164
54031,Hardy County,54,WV,1508190150,5624064,39.011361,-78.841729
54033,Harrison County,54,WV,1077456354,1318839,39.279182,-80.386498
54035,Jackson County,54,WV,1202685109,18828941,38.834234,-81.677717
54037,Jefferson County,54,WV,542072979,6150171,39.307398,-77.86322
54039,Kanawha County,54,WV,2335428426,24054880,38.328068,-81.523516
54041,Lewis County,54,WV,1002143596,7036534,38.988877,-80.495477
54043,Lincoln County,54,WV,1132065762,4053564,38.17177,-82.077623
54045,Logan County,54,WV,1172954858,4748322,37.830591,-81.940853
54047,McDowell County,54,WV,1381648566,3731571,37.38276,-81.658204
54049,Marion County,54,WV,799749352,7079302,39.505839,-80.243402
54051,Marshall County,54,WV,791063472,17411505,39.854426,-80.671794
54053,Mason County,54,WV,1115683500,36124377,38.770914,-82.029007
54055,Mercer County,54,WV,1085106063,4442450,37.403448,-81.106456
54057,Mineral County,54,WV,849209715,3466312,39.404781,-78.95669
54059,Mingo County,54,WV,1095926635,2177833,37.721161,-82.158989
54061,Monongalia County,54,WV,932633985,14990435,39.633645,-80.059074
54063,Monroe County,54,WV,1224426771,2297599,37.554062,-80.550329
54065,Morgan County,54,WV,593295507,1401571,39.557345,-78.256517
54067,Nicholas County,54,WV,1675324341,19580619,38.291432,-80.797515
54069,Ohio County,54,WV,274098976,8274294,40.100323,-80.6199
54071,Pendleton County,54,WV,1802760302,5428393,38.67445,-79.340617
54073,Pleasants County,54,WV,337007574,11468023,39.368133,-81.161172
54075,Pocahontas County,54,WV,2435206742,4094092,38.332606,-80.010121
54077,Preston County,54,WV,1680420301,6668159,39.46903,-79.668865
54079,Putnam County,54,WV,895304727,12224530,38.510518,-81.906109
54081,Raleigh County,54,WV,1567910104,10328835,37.762469,-81.264672
54083,Randolph County,54,WV,2692810850,667359,38.781095,-79.867788
54085,Ritchie County,54,WV,1170648850,4424612,39.177112,-81.066317
54087,Roane County,54,WV,1252422375,404682,38.74295,-81.354494
54089,Summers County,54,WV,933918959,18481563,37.655999,-80.856325
54091,Taylor County,54,WV,447475053,7532835,39.332478,-80.046554
54093,Tucker County,54,WV,1085320044,5303786,39.111175,-79.559968
54095,Tyler County,54,WV,663818560,11382160,39.465634,-80.877219
54097,Upshur County,54,WV,918506904,302703,38.90253,-80.231606
54099,Wayne County,54,WV,1310547889,15816947,38.143642,-82.422666
54101,Webster County,54,WV,1433479488,7146543,38.483459,-80.449052
54103,Wetzel County,54,WV,927389119,8449879,39.59818,-80.635399
54105,Wirt County,54,WV,602201076,5839709,39.020034,-81.382975
54107,Wood County,54,WV,949229778,26590767,39.211602,-81.516234
54109,Wyoming County,54,WV,1293620955,6083278,37.60366,-81.549032
55001,Adams County,55,WI,1672216223,108348983,43.973757,-89.767228
55003,Ashland County,55,WI,2706458787,3230728302,46.544424,-90.679691
55005,Barron County,55,WI,2235297630,69178273,45.437192,-91.852892
55007,Bayfield County,55,WI,3827694378,1460283600,46.634199,-91.177282
55009,Brown County,55,WI,1372931372,221810752,44.474024,-87.99613
55011,Buffalo County,55,WI,1750290756,87549574,44.385633,-91.761294
55013,Burnett County,55,WI,2127924577,151846353,45.866897,-92.37573
55015,Calumet County,55,WI,824263569,204161559,44.07841,-88.212132
55017,Chippewa County,55,WI,2611628499,85233303,45.069092,-91.283505
55019,Clark County,55,WI,3133102389,23238613,44.739346,-90.609953
55021,Columbia County,55,WI,1982894214,78696997,43.471882,-89.330472
55023,Crawford County,55,WI,1478377503,73569261,43.242768,-90.935185
55025,Dane County,55,WI,3098910671,106205565,43.067468,-89.417852
55027,Dodge County,55,WI,2268049874,81331258,43.429628,-88.701939
55029,Door County,55,WI,1248209716,4890672315,45.093417,-87.048683
55031,Douglas County,55,WI,3378048824,454292862,46.463218,-91.892477
55033,Dunn County,55,WI,2201902877,35572577,44.947751,-91.897645
55035,Eau Claire County,55,WI,1652211243,18848551,44.726355,-91.286414
55037,Florence County,55,WI,1263976516,24111637,45.871828,-88.406988
55039,Fond du Lac County,55,WI,1863667256,119853823,43.754722,-88.493284
55041,Forest County,55,WI,2626936100,83536591,45.666881,-88.773326
55043,Grant County,55,WI,2970397063,94526753,42.870028,-90.694229
55045,Green County,55,WI,1512667179,1313241,42.675522,-89.605074
55047,Green Lake County,55,WI,905314776,79202662,43.780247,-88.97038
55049,Iowa County,55,WI,1975379654,13870580,43.001021,-90.133691
55051,Iron County,55,WI,1963751253,416872439,46.32655,-90.261298
55053,Jackson County,55,WI,2558687749,32538319,44.32459,-90.79951
55055,Jefferson County,55,WI,1441308425,67985724,43.013804,-88.773985
55057,Juneau County,55,WI,1986729542,98638538,43.932836,-90.113984
55059,Kenosha County,55,WI,704044388,1248872159,42.587526,-87.879996
55061,Kewaunee County,55,WI,886951790,1921336269,44.605677,-87.448008
55063,La Crosse County,55,WI,1170175855,73149624,43.908222,-91.111758
55065,Lafayette County,55,WI,1640985415,2539010,42.655578,-90.130292
55067,Langlade County,55,WI,2255076113,44299599,45.254863,-89.06707
55069,Lincoln County,55,WI,2275832535,72745054,45.333148,-89.73224
55071,Manitowoc County,55,WI,1526285247,2343354900,44.156137,-87.577352
55073,Marathon County,55,WI,4002033765,80653069,44.898036,-89.757823
55075,Marinette County,55,WI,3624605714,389870113,45.346899,-87.991198
55077,Marquette County,55,WI,1180290395,22667821,43.826053,-89.409095
55078,Menominee County,55,WI,926217566,19022479,44.991304,-88.669251
55079,Milwaukee County,55,WI,625371985,2455452227,42.912643,-87.862312
55081,Monroe County,55,WI,2333329774,18586766,43.945175,-90.619969
55083,Oconto County,55,WI,2583453775,392049248,44.996575,-88.206516
55085,Oneida County,55,WI,2885102824,317602311,45.716176,-89.534533
55087,Outagamie County,55,WI,1651266086,18260943,44.418226,-88.464988
55089,Ozaukee County,55,WI,603495166,2287434584,43.501807,-87.847551
55091,Pepin County,55,WI,600897314,43238609,44.627436,-91.83489
55093,Pierce County,55,WI,1486700541,48452323,44.725336,-92.426279
55095,Polk County,55,WI,2368076577,109026970,45.462041,-92.447066
55097,Portage County,55,WI,2074252976,56835087,44.476246,-89.49807
55099,Price County,55,WI,3247992725,62094098,45.679072,-90.35965
55101,Racine County,55,WI,861457778,1190182837,42.780392,-87.771599
55103,Richland County,55,WI,1518120286,8153423,43.376199,-90.435693
55105,Rock County,55,WI,1860044982,20695798,42.66988,-89.075284
55107,Rusk County,55,WI,2366092264,44813690,45.472734,-91.136745
55109,St. Croix County,55,WI,1870380086,33740117,45.028959,-92.447284
55111,Sauk County,55,WI,2153800047,45578927,43.428001,-89.943318
55113,Sawyer County,55,WI,3257170151,239930110,45.864999,-91.147063
55115,Shawano County,55,WI,2313441748,41883059,44.789641,-88.755813
55117,Sheboygan County,55,WI,1324828370,1967670377,43.738713,-87.731531
55119,Taylor County,55,WI,2525374175,24630990,45.211656,-90.504853
55121,Trempealeau County,55,WI,1898373580,23331638,44.30305,-91.358867
55123,Vernon County,55,WI,2050138652,64286576,43.599366,-90.821983
55125,Vilas County,55,WI,2221459139,414414743,46.049848,-89.501254
55127,Walworth County,55,WI,1438566003,54811390,42.66811,-88.541731
55129,Washburn County,55,WI,2064515987,145563867,45.892489,-91.796422
55131,Washington County,55,WI,1115362170,12999404,43.391156,-88.232917
55133,Waukesha County,55,WI,1423780683,79806616,43.018368,-88.30424
55135,Waupaca County,55,WI,1936538046,45253543,44.478004,-88.967005
55137,Waushara County,55,WI,1621749748,29096948,44.112823,-89.239786
55139,Winnebago County,55,WI,1125861145,372630325,44.085707,-88.668149
55141,Wood County,55,WI,2053905279,42047719,44.461413,-90.038825
56001,Albany County,56,WY,11070062818,89554047,41.665514,-105.721883
56003,Big Horn County,56,WY,8124681752,55228616,44.525117,-107.994848
56005,Campbell County,56,WY,12437291886,11010427,44.191999,-105.517014
56007,Carbon County,56,WY,20455066929,171534313,41.70359,-106.933153
56009,Converse County,56,WY,11020385629,26068678,42.984623,-105.524752
56011,Crook County,56,WY,7393068933,28186052,44.589266,-104.567298
56013,Fremont County,56,WY,23785388834,212768588,43.054831,-108.608935
56015,Goshen County,56,WY,5764310957,16969725,42.089455,-104.35354
56017,Hot Springs County,56,WY,5191453508,5100561,43.720209,-108.435076
56019,Johnson County,56,WY,10759204099,52952166,44.044048,-106.588541
56021,Laramie County,56,WY,6956355036,4348083,41.29283,-104.660395
56023,Lincoln County,56,WY,10555073815,49947312,42.229993,-110.682961
56025,Natrona County,56,WY,13831927736,90969877,42.977645,-106.768219
56027,Niobrara County,56,WY,6801380673,4969450,43.062159,-104.468373
56029,Park County,56,WY,17972027722,67638744,44.492387,-109.593597
56031,Platte County,56,WY,5390953617,76102033,42.131593,-104.953963
56033,Sheridan County,56,WY,6535475074,7986330,44.781369,-106.881211
56035,Sublette County,56,WY,12655929030,127353627,42.767928,-109.91617
56037,Sweetwater County,56,WY,27005754360,166230245,41.660328,-108.875677
56039,Teton County,56,WY,10351781979,570867193,44.048662,-110.426087
56041,Uinta County,56,WY,5391631768,16625817,41.284726,-110.558947
56043,Washakie County,56,WY,5798152470,10415890,43.878831,-107.669052
56045,Weston County,56,WY,6210804121,5225499,43.846213,-104.57002
72001,Adjuntas Municipio,72,PR,172726407,1051110,18.181611,-66.758165
72003,Aguada Municipio,72,PR,79923635,38025989,18.375673,-67.185745
72005,Aguadilla Municipio,72,PR,94642779,101102905,18.480191,-67.143762
72007,Aguas Buenas Municipio,72,PR,77919500,28383,18.256524,-66.128496
72009,Aibonito Municipio,72,PR,81098530,67829,18.130723,-66.26446
72011,Añasco Municipio,72,PR,101768273,14586805,18.286905,-67.131282
72013,Arecibo Municipio,72,PR,326181952,117203464,18.434004,-66.674994
72015,Arroyo Municipio,72,PR,38872744,53456651,17.97206,-66.041945
72017,Barceloneta Municipio,72,PR,48421894,31649450,18.469989,-66.55823
72019,Barranquitas Municipio,72,PR,88714044,77812,18.200018,-66.309282
72021,Bayamón Municipio,72,PR,115097582,314191,18.34942,-66.168626
72023,Cabo Rojo Municipio,72,PR,182247776,277245345,17.997138,-67.180862
72025,Caguas Municipio,72,PR,151783114,1201073,18.211109,-66.050964
72027,Camuy Municipio,72,PR,120058677,40429657,18.445469,-66.863134
72029,Canóvanas Municipio,72,PR,85130269,362179,18.330044,-65.886021
72031,Carolina Municipio,72,PR,117529651,38717131,18.396776,-65.968778
72033,Cataño Municipio,72,PR,12515854,5614795,18.444614,-66.148819
72035,Cayey Municipio,72,PR,134509880,68570,18.103624,-66.151667
72037,Ceiba Municipio,72,PR,75201649,336178484,18.253265,-65.620765
72039,Ciales Municipio,72,PR,172310193,459604,18.295913,-66.515588
72041,Cidra Municipio,72,PR,93297947,1120363,18.174391,-66.161618
72043,Coamo Municipio,72,PR,202052320,38061,18.1038,-66.357586
72045,Comerío Municipio,72,PR,73558550,318383,18.225032,-66.219481
72047,Corozal Municipio,72,PR,110248542,16284,18.30391,-66.326179
72049,Culebra Municipio,72,PR,30166574,407107287,18.326611,-65.307771
72051,Dorado Municipio,72,PR,59869070,79239770,18.474376,-66.261973
72053,Fajardo Municipio,72,PR,77458701,195342715,18.386378,-65.588454
72054,Florida Municipio,72,PR,39404175,21333,18.368659,-66.562734
72055,Guánica Municipio,72,PR,95960072,109853143,17.948052,-66.922989
72057,Guayama Municipio,72,PR,168445342,108210431,17.973929,-66.137467
72059,Guayanilla Municipio,72,PR,109480895,56910875,18.005338,-66.798293
72061,Guaynabo Municipio,72,PR,71444635,468302,18.344357,-66.114056
72063,Gurabo Municipio,72,PR,72220853,1108805,18.272581,-65.981177
72065,Hatillo Municipio,72,PR,108200656,43988738,18.441141,-66.79821
72067,Hormigueros Municipio,72,PR,29384895,481,18.134695,-67.116199
72069,Humacao Municipio,72,PR,115821799,69096343,18.135403,-65.786229
72071,Isabela Municipio,72,PR,143256003,94636772,18.483998,-67.013978
72073,Jayuya Municipio,72,PR,115340542,3091,18.211152,-66.58687
72075,Juana Díaz Municipio,72,PR,156119307,121326507,17.997974,-66.490496
72077,Juncos Municipio,72,PR,68609109,323994,18.224133,-65.908542
72079,Lajas Municipio,72,PR,155287830,106643202,17.978511,-67.040111
72081,Lares Municipio,72,PR,159155345,485277,18.276925,-66.869587
72083,Las Marías Municipio,72,PR,120071823,376224,18.227594,-66.97758
72085,Las Piedras Municipio,72,PR,87748419,32509,18.187148,-65.871189
72087,Loíza Municipio,72,PR,50179424,119730395,18.445503,-65.942649
72089,Luquillo Municipio,72,PR,66851394,53659425,18.367996,-65.709904
72091,Manatí Municipio,72,PR,116913019,66163823,18.444803,-66.493137
72093,Maricao Municipio,72,PR,94852003,12228,18.173956,-66.935547
72095,Maunabo Municipio,72,PR,54816717,44549509,17.999786,-65.896403
72097,Mayagüez Municipio,72,PR,200954973,508925231,18.08385,-67.886337
72099,Moca Municipio,72,PR,130383563,56474,18.377637,-67.079574
72101,Morovis Municipio,72,PR,100676192,139537,18.318017,-66.420392
72103,Naguabo Municipio,72,PR,133801408,53350090,18.21107,-65.735749
72105,Naranjito Municipio,72,PR,70969175,898340,18.28992,-66.25344
72107,Orocovis Municipio,72,PR,164788359,402899,18.218733,-66.436899
72109,Patillas Municipio,72,PR,120704457,74065750,18.000311,-65.986642
72111,Peñuelas Municipio,72,PR,115560336,60208304,18.026618,-66.728125
72113,Ponce Municipio,72,PR,297688922,203748247,18.001717,-66.606662
72115,Quebradillas Municipio,72,PR,58747703,30224116,18.466357,-66.927603
72117,Rincón Municipio,72,PR,37005462,103924382,18.33898,-67.250771
72119,Río Grande Municipio,72,PR,157008571,74876349,18.376369,-65.798434
72121,Sabana Grande Municipio,72,PR,94050242,25323,18.084483,-66.947609
72123,Salinas Municipio,72,PR,179755401,115816412,17.971485,-66.262252
72125,San Germán Municipio,72,PR,141145285,29099,18.1078,-67.037263
72127,San Juan Municipio,72,PR,124024379,75273472,18.422249,-66.069081
72129,San Lorenzo Municipio,72,PR,137547961,256428,18.147107,-65.976167
72131,San Sebastián Municipio,72,PR,182394907,2060665,18.331064,-66.969064
72133,Santa Isabel Municipio,72,PR,88189167,111096016,17.952922,-66.387588
72135,Toa Alta Municipio,72,PR,69972563,1405465,18.364556,-66.244669
72137,Toa Baja Municipio,72,PR,60201713,48075983,18.45691,-66.193193
72139,Trujillo Alto Municipio,72,PR,53763396,1615332,18.335387,-66.003787
72141,Utuado Municipio,72,PR,294045394,3982227,18.270865,-66.702989
72143,Vega Alta Municipio,72,PR,71816311,25307600,18.43622,-66.336412
72145,Vega Baja Municipio,72,PR,118746311,57826361,18.455128,-66.397883
72147,Vieques Municipio,72,PR,131541389,552192821,18.125418,-65.432474
72149,Villalba Municipio,72,PR,92298567,3622640,18.130718,-66.472244
72151,Yabucoa Municipio,72,PR,143005187,72592515,18.059858,-65.859871
72153,Yauco Municipio,72,PR,175373919,1623262,18.085669,-66.857901
