geoid,county_name,state_abbr,year,industry_code,industry_name,annual_avg_employment,total_annual_wages,avg_weekly_wage,num_establishments
10001,Kent County,DE,2024,00,All Industries,36904,2384108488,1242,1504
10003,New Castle County,DE,2024,00,All Industries,28480,1679936100,1134,961
10005,Sussex County,DE,2024,00,All Industries,20055,1070336506,1026,536
11001,District of Columbia,DC,2024,00,All Industries,28650,1615047073,1084,873
12001,Alachua County,FL,2024,00,All Industries,10175,489827228,926,205
12003,Baker County,FL,2024,00,All Industries,3155,134162606,818,42
12005,Bay County,FL,2024,00,All Industries,46134,3548043348,1479,2590
12007,Bradford County,FL,2024,00,All Industries,39114,2788471479,1371,1921
12009,Brevard County,FL,2024,00,All Industries,32093,2107689073,1263,1351
12011,Broward County,FL,2024,00,All Industries,25072,1505773036,1155,879
12013,Calhoun County,FL,2024,00,All Industries,18052,982777810,1047,506
12015,Charlotte County,FL,2024,00,All Industries,11031,538588896,939,232
12017,Citrus County,FL,2024,00,All Industries,4011,173309560,831,56
12019,Clay County,FL,2024,00,All Industries,46990,3646052952,1492,2678
12021,Collier County,FL,2024,00,All Industries,39970,2876866369,1384,1997
12023,Columbia County,FL,2024,00,All Industries,32949,2186468564,1276,1415
12027,DeSoto County,FL,2024,00,All Industries,18908,1042327188,1060,547
12029,Dixie County,FL,2024,00,All Industries,11887,588522875,952,260
12031,Duval County,FL,2024,00,All Industries,4867,213628824,844,72
12033,Escambia County,FL,2024,00,All Industries,47846,3745234868,1505,2768
12035,Flagler County,FL,2024,00,All Industries,40826,2966433571,1397,2075
12037,Franklin County,FL,2024,00,All Industries,33805,2266420366,1289,1481
12039,Gadsden County,FL,2024,00,All Industries,26784,1645273531,1181,985
12041,Gilchrist County,FL,2024,00,All Industries,19764,1103048877,1073,588
12043,Glades County,FL,2024,00,All Industries,12743,639629165,965,290
12045,Gulf County,FL,2024,00,All Industries,5723,255120400,857,90
12047,Hamilton County,FL,2024,00,All Industries,48702,3845589094,1518,2859
12049,Hardee County,FL,2024,00,All Industries,41681,3057099737,1410,2154
12051,Hendry County,FL,2024,00,All Industries,34661,2347544479,1302,1548
12053,Hernando County,FL,2024,00,All Industries,27640,1716782245,1194,1040
12055,Highlands County,FL,2024,00,All Industries,20620,1164942876,1086,631
12057,Hillsborough County,FL,2024,00,All Industries,13599,691907765,978,321
12059,Holmes County,FL,2024,00,All Industries,6579,297784286,870,109
12061,Indian River County,FL,2024,00,All Industries,49558,3947115631,1532,2952
12063,Jackson County,FL,2024,00,All Industries,42537,3149010875,1424,2235
12065,Jefferson County,FL,2024,00,All Industries,35517,2429840903,1316,1617
12067,Lafayette County,FL,2024,00,All Industries,28496,1789463270,1208,1097
12069,Lake County,FL,2024,00,All Industries,21476,1228009187,1100,676
12071,Lee County,FL,2024,00,All Industries,14455,745358676,992,353
12073,Leon County,FL,2024,00,All Industries,7435,341620483,884,130
12075,Levy County,FL,2024,00,All Industries,414,16697095,776,4
12077,Liberty County,FL,2024,00,All Industries,43393,3242094324,1437,2317
12079,Madison County,FL,2024,00,All Industries,36373,2513309637,1329,1687
12081,Manatee County,FL,2024,00,All Industries,29352,1863316605,1221,1155
12083,Marion County,FL,2024,00,All Industries,22332,1292247808,1113,722
12085,Martin County,FL,2024,00,All Industries,15311,799981899,1005,388
12086,Miami-Dade County,FL,2024,00,All Industries,11801,583448553,951,257
12087,Monroe County,FL,2024,00,All Industries,8290,386582359,897,152
12089,Nassau County,FL,2024,00,All Industries,1270,52090204,789,14
12091,Okaloosa County,FL,2024,00,All Industries,44249,3336350084,1450,2400
12093,Okeechobee County,FL,2024,00,All Industries,37229,2597950683,1342,1758
12095,Orange County,FL,2024,00,All Industries,30208,1938342252,1234,1215
12097,Osceola County,FL,2024,00,All Industries,23188,1357658740,1126,770
12099,Palm Beach County,FL,2024,00,All Industries,16167,855777432,1018,423
12101,Pasco County,FL,2024,00,All Industries,9146,432762493,910,175
12103,Pinellas County,FL,2024,00,All Industries,2126,88655624,802,26
12105,Polk County,FL,2024,00,All Industries,45105,3431778154,1463,2486
12107,Putnam County,FL,2024,00,All Industries,38085,2683764039,1355,1831
12109,St. Johns County,FL,2024,00,All Industries,31064,2014540209,1247,1276
12111,St. Lucie County,FL,2024,00,All Industries,24044,1424241983,1139,819
12113,Santa Rosa County,FL,2024,00,All Industries,17023,912745275,1031,460
12115,Sarasota County,FL,2024,00,All Industries,10002,480114937,923,200
12117,Seminole County,FL,2024,00,All Industries,2982,126393354,815,39
12119,Sumter County,FL,2024,00,All Industries,45961,3528378535,1476,2572
12121,Suwannee County,FL,2024,00,All Industries,38941,2770749706,1368,1906
12123,Taylor County,FL,2024,00,All Industries,31920,2091910477,1260,1338
12125,Union County,FL,2024,00,All Industries,24899,1491937617,1152,869
12127,Volusia County,FL,2024,00,All Industries,17879,970885430,1044,498
12129,Wakulla County,FL,2024,00,All Industries,10858,528639693,936,226
12131,Walton County,FL,2024,00,All Industries,3838,165303395,828,53
12133,Washington County,FL,2024,00,All Industries,46817,3626151227,1489,2660
13001,Appling County,GA,2024,00,All Industries,59863,4783587117,1537,3585
13003,Atkinson County,GA,2024,00,All Industries,51439,3821529228,1429,2719
13005,Bacon County,GA,2024,00,All Industries,43014,2954028827,1321,1972
13007,Baker County,GA,2024,00,All Industries,34589,2181165823,1213,1343
13009,Baldwin County,GA,2024,00,All Industries,26165,1502997659,1105,832
13011,Banks County,GA,2024,00,All Industries,17740,919403832,997,440
13013,Barrow County,GA,2024,00,All Industries,9315,430447401,889,165
13015,Bartow County,GA,2024,00,All Industries,891,36168961,781,10
13017,Ben Hill County,GA,2024,00,All Industries,52466,3933754243,1442,2819
13019,Berrien County,GA,2024,00,All Industries,44041,3054716623,1334,2057
13021,Bibb County,GA,2024,00,All Industries,35616,2270316400,1226,1413
13023,Bleckley County,GA,2024,00,All Industries,27192,1580611702,1118,888
13025,Brantley County,GA,2024,00,All Industries,18767,985480656,1010,481
13027,Brooks County,GA,2024,00,All Industries,10342,484987007,902,193
13029,Bryan County,GA,2024,00,All Industries,1918,79172034,794,22
13031,Bulloch County,GA,2024,00,All Industries,53493,4047385756,1455,2920
13033,Burke County,GA,2024,00,All Industries,45068,3156810918,1347,2143
13035,Butts County,GA,2024,00,All Industries,36644,2360937906,1239,1485
13037,Calhoun County,GA,2024,00,All Industries,28219,1659632245,1131,946
13039,Camden County,GA,2024,00,All Industries,19794,1052963980,1023,524
13043,Candler County,GA,2024,00,All Industries,2945,123581605,807,37
13045,Carroll County,GA,2024,00,All Industries,54520,4162423769,1468,3022
13047,Catoosa County,GA,2024,00,All Industries,46095,3260311712,1360,2232
13049,Charlton County,GA,2024,00,All Industries,37671,2452902166,1252,1559
13051,Chatham County,GA,2024,00,All Industries,29246,1740059286,1144,1005
13053,Chattahoochee County,GA,2024,00,All Industries,20821,1121853803,1036,569
13055,Chattooga County,GA,2024,00,All Industries,12397,598333981,928,252
13057,Cherokee County,GA,2024,00,All Industries,3972,169397676,820,53
13059,Clarke County,GA,2024,00,All Industries,55547,4278868281,1481,3127
13061,Clay County,GA,2024,00,All Industries,47123,3365290420,1373,2322
13063,Clayton County,GA,2024,00,All Industries,38698,2546272925,1265,1635
13065,Clinch County,GA,2024,00,All Industries,30273,1821892827,1157,1066
13067,Cobb County,GA,2024,00,All Industries,21848,1192150125,1049,616
13069,Coffee County,GA,2024,00,All Industries,13424,657093770,941,284
13071,Colquitt County,GA,2024,00,All Industries,4999,216620245,833,71
13073,Columbia County,GA,2024,00,All Industries,56574,4396719291,1495,3233
13075,Cook County,GA,2024,00,All Industries,48150,3471604897,1387,2414
13077,Coweta County,GA,2024,00,All Industries,39725,2641050183,1279,1712
13079,Crawford County,GA,2024,00,All Industries,31300,1905132866,1171,1129
13081,Crisp County,GA,2024,00,All Industries,22876,1263908197,1063,665
13083,Dade County,GA,2024,00,All Industries,14451,717260057,954,319
13085,Dawson County,GA,2024,00,All Industries,6026,265249314,846,91
13087,Decatur County,GA,2024,00,All Industries,57602,4516055202,1508,3341
13089,DeKalb County,GA,2024,00,All Industries,49177,3579325873,1400,2507
13091,Dodge County,GA,2024,00,All Industries,40752,2737233941,1292,1791
13093,Dooly County,GA,2024,00,All Industries,32327,1989779405,1184,1194
13095,Dougherty County,GA,2024,00,All Industries,23903,1337018202,1076,715
13097,Douglas County,GA,2024,00,All Industries,15478,778832843,968,354
13099,Early County,GA,2024,00,All Industries,7053,315284882,860,112
13101,Echols County,GA,2024,00,All Industries,58629,4636719896,1521,3451
13103,Effingham County,GA,2024,00,All Industries,50204,3688453348,1413,2602
13105,Elbert County,GA,2024,00,All Industries,41779,2834824197,1305,1872
13107,Emanuel County,GA,2024,00,All Industries,33355,2075894680,1197,1261
13109,Evans County,GA,2024,00,All Industries,24930,1411534706,1089,767
13111,Fannin County,GA,2024,00,All Industries,16505,841812129,981,392
13113,Fayette County,GA,2024,00,All Industries,8080,366726949,873,135
13115,Floyd County,GA,2024,00,All Industries,59656,4758791089,1534,3562
13117,Forsyth County,GA,2024,00,All Industries,51231,3798987322,1426,2699
13119,Franklin County,GA,2024,00,All Industries,42806,2933820953,1318,1955
13121,Fulton County,GA,2024,00,All Industries,34382,2163354901,1210,1329
13123,Gilmer County,GA,2024,00,All Industries,25957,1487457709,1102,821
13125,Glascock County,GA,2024,00,All Industries,17532,906197913,994,431
13127,Glynn County,GA,2024,00,All Industries,9108,419621586,886,160
13129,Gordon County,GA,2024,00,All Industries,683,27630968,778,7
13131,Grady County,GA,2024,00,All Industries,52258,3910927796,1439,2798
13133,Greene County,GA,2024,00,All Industries,43834,3034293430,1331,2040
13135,Gwinnett County,GA,2024,00,All Industries,35409,2252221622,1223,1399
13137,Habersham County,GA,2024,00,All Industries,26984,1564787211,1115,877
13139,Hall County,GA,2024,00,All Industries,18559,971990197,1007,473
13141,Hancock County,GA,2024,00,All Industries,10135,473877336,899,187
13143,Haralson County,GA,2024,00,All Industries,1710,70349499,791,20
13145,Harris County,GA,2024,00,All Industries,53285,4024274768,1452,2899
13147,Hart County,GA,2024,00,All Industries,44861,3136103868,1344,2126
13149,Heard County,GA,2024,00,All Industries,36436,2342494842,1236,1471
13151,Henry County,GA,2024,00,All Industries,28011,1643523212,1128,934
13153,Houston County,GA,2024,00,All Industries,19587,1039242037,1020,516
13155,Irwin County,GA,2024,00,All Industries,11162,529539585,912,215
13157,Jackson County,GA,2024,00,All Industries,2737,114474529,804,34
13159,Jasper County,GA,2024,00,All Industries,54313,4139104448,1466,3001
13161,Jeff Davis County,GA,2024,00,All Industries,45888,3239320806,1358,2214
13163,Jefferson County,GA,2024,00,All Industries,37463,2434174561,1250,1544
13165,Jenkins County,GA,2024,00,All Industries,29038,1723665713,1142,993
13167,Johnson County,GA,2024,00,All Industries,20614,1107848004,1034,560
13169,Jones County,GA,2024,00,All Industries,12189,586608333,926,246
13171,Lamar County,GA,2024,00,All Industries,3764,160006059,817,49
13173,Lanier County,GA,2024,00,All Industries,55340,4255265103,1479,3105
13175,Laurens County,GA,2024,00,All Industries,46915,3343944243,1371,2303
13177,Lee County,GA,2024,00,All Industries,38490,2527260779,1263,1619
13179,Liberty County,GA,2024,00,All Industries,30066,1805274756,1155,1054
13181,Lincoln County,GA,2024,00,All Industries,21641,1177860469,1047,607
13183,Long County,GA,2024,00,All Industries,13216,645083580,939,278
13185,Lowndes County,GA,2024,00,All Industries,4792,206987281,831,67
13187,Lumpkin County,GA,2024,00,All Industries,56367,4372832257,1492,3211
13189,McDuffie County,GA,2024,00,All Industries,47942,3449974178,1384,2395
13191,McIntosh County,GA,2024,00,All Industries,39517,2621753496,1276,1697
13193,Macon County,GA,2024,00,All Industries,31093,1888230939,1168,1117
13195,Madison County,GA,2024,00,All Industries,22668,1249279434,1060,655
13197,Marion County,GA,2024,00,All Industries,14243,704965326,952,311
13199,Meriwether County,GA,2024,00,All Industries,5819,255332494,844,86
13201,Miller County,GA,2024,00,All Industries,57394,4491805911,1505,3319
13203,Mitchell County,GA,2024,00,All Industries,48969,3557410613,1397,2488
13205,Monroe County,GA,2024,00,All Industries,40545,2717719742,1289,1775
13207,Montgomery County,GA,2024,00,All Industries,32120,1972593622,1181,1181
13209,Morgan County,GA,2024,00,All Industries,23695,1322104898,1073,705
13211,Murray County,GA,2024,00,All Industries,15270,766253571,965,347
13213,Muscogee County,GA,2024,00,All Industries,6846,305084205,857,108
13215,Newton County,GA,2024,00,All Industries,58421,4612186063,1518,3428
13217,Oconee County,GA,2024,00,All Industries,49996,3666253547,1410,2583
13219,Oglethorpe County,GA,2024,00,All Industries,41572,2815026142,1302,1856
13221,Paulding County,GA,2024,00,All Industries,33147,2058362803,1194,1247
13223,Peach County,GA,2024,00,All Industries,24722,1396336861,1086,757
13225,Pickens County,GA,2024,00,All Industries,16298,828999181,978,384
13227,Pierce County,GA,2024,00,All Industries,7873,356242415,870,130
13229,Pike County,GA,2024,00,All Industries,59448,4733972715,1531,3540
13231,Polk County,GA,2024,00,All Industries,51024,3776576996,1423,2680
13233,Pulaski County,GA,2024,00,All Industries,42599,2913739041,1315,1938
13235,Putnam County,GA,2024,00,All Industries,34174,2145538484,1207,1315
13237,Quitman County,GA,2024,00,All Industries,25749,1471975323,1099,810
13239,Rabun County,GA,2024,00,All Industries,17325,893101109,991,423
13241,Randolph County,GA,2024,00,All Industries,8900,408807125,883,155
13243,Richmond County,GA,2024,00,All Industries,475,19150538,775,5
13245,Rockdale County,GA,2024,00,All Industries,52051,3888233613,1437,2778
13247,Schley County,GA,2024,00,All Industries,43626,3013858440,1329,2022
13249,Screven County,GA,2024,00,All Industries,35201,2234120663,1221,1385
13251,Seminole County,GA,2024,00,All Industries,26777,1549078135,1113,865
13253,Spalding County,GA,2024,00,All Industries,18352,958609536,1005,464
13255,Stephens County,GA,2024,00,All Industries,9927,462778334,897,181
13257,Stewart County,GA,2024,00,All Industries,1503,61625530,788,17
13259,Sumter County,GA,2024,00,All Industries,53078,4001296729,1450,2879
13261,Talbot County,GA,2024,00,All Industries,44653,3115384337,1342,2108
13263,Taliaferro County,GA,2024,00,All Industries,36228,2324109342,1234,1456
13265,Tattnall County,GA,2024,00,All Industries,27804,1627530280,1126,922
13267,Taylor County,GA,2024,00,All Industries,19379,1025524462,1018,507
13269,Telfair County,GA,2024,00,All Industries,10954,518156041,910,210
13271,Terrell County,GA,2024,00,All Industries,2530,105466704,802,31
13273,Thomas County,GA,2024,00,All Industries,54105,4115766344,1463,2981
13275,Tift County,GA,2024,00,All Industries,45680,3218316733,1355,2196
13277,Toombs County,GA,2024,00,All Industries,37256,2415569357,1247,1529
13279,Towns County,GA,2024,00,All Industries,28831,1707388924,1139,981
13281,Treutlen County,GA,2024,00,All Industries,20406,1093845888,1031,551
13283,Troup County,GA,2024,00,All Industries,11982,574988236,923,239
13285,Turner County,GA,2024,00,All Industries,3557,150714377,815,46
13287,Twiggs County,GA,2024,00,All Industries,55132,4231642458,1476,3084
13289,Union County,GA,2024,00,All Industries,46707,3322655629,1368,2285
13291,Upson County,GA,2024,00,All Industries,38283,2508371719,1260,1604
13293,Walker County,GA,2024,00,All Industries,29858,1788654067,1152,1041
13295,Walton County,GA,2024,00,All Industries,21433,1163573812,1044,597
13297,Ware County,GA,2024,00,All Industries,13009,633179626,936,271
13299,Warren County,GA,2024,00,All Industries,4584,197368549,828,63
13301,Washington County,GA,2024,00,All Industries,56159,4348925071,1489,3190
13303,Wayne County,GA,2024,00,All Industries,47735,3428472846,1381,2376
13305,Webster County,GA,2024,00,All Industries,39310,2602580579,1273,1681
13307,Wheeler County,GA,2024,00,All Industries,30885,1871325709,1165,1104
13309,White County,GA,2024,00,All Industries,22460,1234708236,1057,645
13311,Whitfield County,GA,2024,00,All Industries,14036,692777516,949,305
13313,Wilcox County,GA,2024,00,All Industries,5611,245429220,841,82
13315,Wilkes County,GA,2024,00,All Industries,57186,4467614183,1502,3297
13317,Wilkinson County,GA,2024,00,All Industries,48762,3535625425,1394,2469
13319,Worth County,GA,2024,00,All Industries,40337,2698195939,1286,1759
15001,Hawaii County,HI,2024,00,All Industries,29308,1859481102,1220,1152
15003,Honolulu County,HI,2024,00,All Industries,22287,1288851258,1112,720
15005,Kalawao County,HI,2024,00,All Industries,15267,797139996,1004,386
15007,Kauai County,HI,2024,00,All Industries,8246,384237275,896,150
15009,Maui County,HI,2024,00,All Industries,1225,50200922,788,14
16001,Ada County,ID,2024,00,All Industries,22822,1260113037,1062,662
16003,Adams County,ID,2024,00,All Industries,14398,714117410,954,317
16005,Bannock County,ID,2024,00,All Industries,5973,262703965,846,89
16007,Bear Lake County,ID,2024,00,All Industries,57548,4509774919,1507,3335
16009,Benewah County,ID,2024,00,All Industries,49123,3573648504,1399,2502
16011,Bingham County,ID,2024,00,All Industries,40699,2732226619,1291,1787
16013,Blaine County,ID,2024,00,All Industries,32274,1985369381,1183,1191
16015,Boise County,ID,2024,00,All Industries,23849,1333149540,1075,712
16017,Bonner County,ID,2024,00,All Industries,15425,775617380,967,353
16019,Bonneville County,ID,2024,00,All Industries,7000,312666716,859,111
16021,Boundary County,ID,2024,00,All Industries,58575,4630366111,1520,3445
16023,Butte County,ID,2024,00,All Industries,50151,3682775912,1412,2597
16025,Camas County,ID,2024,00,All Industries,41726,2829744059,1304,1868
16027,Canyon County,ID,2024,00,All Industries,33301,2071349603,1196,1257
16029,Caribou County,ID,2024,00,All Industries,24877,1407649128,1088,764
16031,Cassia County,ID,2024,00,All Industries,16452,838523849,980,390
16033,Clark County,ID,2024,00,All Industries,8027,364035967,872,134
16035,Clearwater County,ID,2024,00,All Industries,59602,4752363803,1533,3556
16037,Custer County,ID,2024,00,All Industries,51178,3793237069,1425,2694
16039,Elmore County,ID,2024,00,All Industries,42753,2928667998,1317,1951
16041,Franklin County,ID,2024,00,All Industries,34328,2158736323,1209,1325
16043,Fremont County,ID,2024,00,All Industries,25904,1483499314,1101,818
16045,Gem County,ID,2024,00,All Industries,17479,902836817,993,429
16047,Gooding County,ID,2024,00,All Industries,9054,416811716,885,159
16049,Idaho County,ID,2024,00,All Industries,630,25464432,777,7
16051,Jefferson County,ID,2024,00,All Industries,52205,3905104726,1439,2793
16053,Jerome County,ID,2024,00,All Industries,43780,3028998436,1331,2035
16055,Kootenai County,ID,2024,00,All Industries,35356,2247593113,1223,1395
16057,Latah County,ID,2024,00,All Industries,26931,1560756000,1114,874
16059,Lemhi County,ID,2024,00,All Industries,18506,968556284,1006,470
16061,Lewis County,ID,2024,00,All Industries,10081,470993965,898,186
16063,Lincoln County,ID,2024,00,All Industries,1657,68110147,790,19
16065,Madison County,ID,2024,00,All Industries,53232,4018378882,1452,2894
16067,Minidoka County,ID,2024,00,All Industries,44807,3130735373,1344,2121
16069,Nez Perce County,ID,2024,00,All Industries,36383,2337793517,1236,1467
16071,Oneida County,ID,2024,00,All Industries,27958,1639419185,1128,931
16073,Owyhee County,ID,2024,00,All Industries,19533,1035682250,1020,513
16075,Payette County,ID,2024,00,All Industries,11109,526630118,912,214
16077,Power County,ID,2024,00,All Industries,2684,112162360,804,33
16079,Shoshone County,ID,2024,00,All Industries,54259,4133059537,1465,2996
16081,Teton County,ID,2024,00,All Industries,45834,3233878810,1357,2209
16083,Twin Falls County,ID,2024,00,All Industries,37410,2429400419,1249,1540
16085,Valley County,ID,2024,00,All Industries,28985,1719488869,1141,990
16087,Washington County,ID,2024,00,All Industries,20560,1104214716,1033,558
17001,Adams County,IL,2024,00,All Industries,12221,574185117,904,229
17003,Alexander County,IL,2024,00,All Industries,2392,98949907,796,28
17005,Bond County,IL,2024,00,All Industries,62563,4739181989,1457,3421
17007,Boone County,IL,2024,00,All Industries,52735,3698521370,1349,2514
17009,Brown County,IL,2024,00,All Industries,42906,2768193425,1241,1744
17011,Bureau County,IL,2024,00,All Industries,33077,1948273905,1133,1112
17013,Calhoun County,IL,2024,00,All Industries,23248,1238762808,1025,619
17015,Carroll County,IL,2024,00,All Industries,13419,639660135,917,263
17017,Cass County,IL,2024,00,All Industries,3591,151007938,809,45
17019,Champaign County,IL,2024,00,All Industries,63762,4873668635,1470,3542
17021,Christian County,IL,2024,00,All Industries,53933,3819473228,1362,2617
17023,Clark County,IL,2024,00,All Industries,44104,2875686245,1254,1830
17025,Clay County,IL,2024,00,All Industries,34275,2042307686,1146,1182
17027,Clinton County,IL,2024,00,All Industries,24447,1319391520,1038,671
17029,Coles County,IL,2024,00,All Industries,14618,706824193,930,299
17031,Cook County,IL,2024,00,All Industries,4789,204665290,822,64
17033,Crawford County,IL,2024,00,All Industries,64960,5009720218,1483,3664
17035,Cumberland County,IL,2024,00,All Industries,55131,3942065773,1375,2722
17037,DeKalb County,IL,2024,00,All Industries,45303,2984885639,1267,1919
17039,De Witt County,IL,2024,00,All Industries,35474,2138042425,1159,1254
17041,Douglas County,IL,2024,00,All Industries,25645,1401607636,1051,726
17043,DuPage County,IL,2024,00,All Industries,15816,775581270,943,337
17045,Edgar County,IL,2024,00,All Industries,5987,259963329,835,85
17047,Edwards County,IL,2024,00,All Industries,66158,5147412489,1496,3788
17049,Effingham County,IL,2024,00,All Industries,56330,4066371194,1388,2830
17051,Fayette County,IL,2024,00,All Industries,46501,3095660518,1280,2010
17053,Ford County,IL,2024,00,All Industries,36672,2235358266,1172,1327
17055,Franklin County,IL,2024,00,All Industries,26843,1485464438,1064,783
17057,Fulton County,IL,2024,00,All Industries,17014,845979035,956,377
17059,Gallatin County,IL,2024,00,All Industries,7186,316946161,848,109
17061,Greene County,IL,2024,00,All Industries,67357,5286823936,1509,3914
17063,Grundy County,IL,2024,00,All Industries,57528,4192245798,1401,2939
17065,Hamilton County,IL,2024,00,All Industries,47699,3208076084,1293,2102
17067,Hancock County,IL,2024,00,All Industries,37870,2334314794,1185,1403
17069,Hardin County,IL,2024,00,All Industries,28042,1571017952,1077,842
17071,Henderson County,IL,2024,00,All Industries,18213,918067894,969,419
17073,Henry County,IL,2024,00,All Industries,8384,375526260,861,134
17075,Iroquois County,IL,2024,00,All Industries,68555,5427798266,1523,4043
17077,Jackson County,IL,2024,00,All Industries,58726,4319761090,1415,3051
17079,Jasper County,IL,2024,00,All Industries,48898,3322200279,1307,2197
17081,Jefferson County,IL,2024,00,All Industries,39069,2434974335,1199,1481
17083,Jersey County,IL,2024,00,All Industries,29240,1658156814,1091,903
17085,Jo Daviess County,IL,2024,00,All Industries,19411,991747718,983,463
17087,Johnson County,IL,2024,00,All Industries,9582,435747045,875,161
17089,Kane County,IL,2024,00,All Industries,69753,5570413284,1536,4173
17091,Kankakee County,IL,2024,00,All Industries,59925,4448991312,1428,3164
17093,Kendall County,IL,2024,00,All Industries,50096,3437897905,1320,2294
17095,Knox County,IL,2024,00,All Industries,40267,2537212922,1212,1561
17097,Lake County,IL,2024,00,All Industries,30438,1746936363,1104,966
17099,LaSalle County,IL,2024,00,All Industries,20609,1067068229,996,509
17101,Lawrence County,IL,2024,00,All Industries,10781,497654679,888,191
17103,Lee County,IL,2024,00,All Industries,952,38597776,780,10
17105,Livingston County,IL,2024,00,All Industries,61123,4579788663,1441,3280
17107,Logan County,IL,2024,00,All Industries,51294,3555236218,1333,2392
17109,McDonough County,IL,2024,00,All Industries,41465,2641092197,1225,1643
17111,McHenry County,IL,2024,00,All Industries,31637,1837414678,1117,1031
17113,McLean County,IL,2024,00,All Industries,21808,1144081889,1009,558
17115,Macon County,IL,2024,00,All Industries,11979,561157524,901,222
17117,Macoupin County,IL,2024,00,All Industries,2150,88641583,793,25
17119,Madison County,IL,2024,00,All Industries,62321,4712226702,1454,3397
17121,Marion County,IL,2024,00,All Industries,52493,3674285214,1346,2493
17123,Marshall County,IL,2024,00,All Industries,42664,2746676539,1238,1727
17125,Mason County,IL,2024,00,All Industries,32835,1929476287,1130,1098
17127,Massac County,IL,2024,00,All Industries,23006,1222684460,1022,608
17129,Menard County,IL,2024,00,All Industries,13177,626301056,914,256
17131,Mercer County,IL,2024,00,All Industries,3348,140326077,806,41
17133,Monroe County,IL,2024,00,All Industries,63520,4846381724,1467,3517
17135,Montgomery County,IL,2024,00,All Industries,53691,3794905587,1359,2596
17137,Morgan County,IL,2024,00,All Industries,43862,2853837873,1251,1813
17139,Moultrie County,IL,2024,00,All Industries,34033,2023178583,1143,1168
17141,Ogle County,IL,2024,00,All Industries,24204,1302927718,1035,660
17143,Peoria County,IL,2024,00,All Industries,14376,693133491,927,291
17145,Perry County,IL,2024,00,All Industries,4547,193693857,819,60
17147,Piatt County,IL,2024,00,All Industries,64718,4982101822,1480,3639
17149,Pike County,IL,2024,00,All Industries,54889,3917166646,1372,2701
17151,Pope County,IL,2024,00,All Industries,45060,2962639895,1264,1901
17153,Pulaski County,IL,2024,00,All Industries,35232,2118581699,1156,1239
17155,Putnam County,IL,2024,00,All Industries,25403,1384866179,1048,715
17157,Randolph County,IL,2024,00,All Industries,15574,761559083,940,329
17159,Richland County,IL,2024,00,All Industries,5745,248660411,832,81
17161,Rock Island County,IL,2024,00,All Industries,65916,5119462608,1494,3763
17163,St. Clair County,IL,2024,00,All Industries,56088,4041140444,1386,2808
17165,Saline County,IL,2024,00,All Industries,46259,3073149037,1278,1991
17167,Sangamon County,IL,2024,00,All Industries,36430,2215566055,1170,1312
17169,Schuyler County,IL,2024,00,All Industries,26601,1468391496,1062,771
17171,Scott County,IL,2024,00,All Industries,16772,831625362,954,369
17173,Shelby County,IL,2024,00,All Industries,6943,305267652,846,104
17175,Stark County,IL,2024,00,All Industries,67115,5258542432,1507,3889
17177,Stephenson County,IL,2024,00,All Industries,57286,4166683563,1399,2917
17179,Tazewell County,IL,2024,00,All Industries,47457,3185233118,1291,2083
17181,Union County,IL,2024,00,All Industries,37628,2314191098,1183,1388
17183,Vermilion County,IL,2024,00,All Industries,27799,1553557501,1075,830
17185,Wabash County,IL,2024,00,All Industries,17971,903382598,967,410
17187,Warren County,IL,2024,00,All Industries,8142,363560233,859,129
17189,Washington County,IL,2024,00,All Industries,68313,5399185277,1520,4016
17191,Wayne County,IL,2024,00,All Industries,58484,4293867370,1412,3028
17193,White County,IL,2024,00,All Industries,48655,3298957887,1304,2177
17195,Whiteside County,IL,2024,00,All Industries,38827,2414519015,1196,1465
17197,Will County,IL,2024,00,All Industries,28998,1640420764,1088,891
17199,Williamson County,IL,2024,00,All Industries,19169,976730937,980,454
17201,Winnebago County,IL,2024,00,All Industries,9340,423449534,872,156
17203,Woodford County,IL,2024,00,All Industries,69511,5541468809,1533,4146
18001,Adams County,IN,2024,00,All Industries,48440,3814752848,1514,2831
18003,Allen County,IN,2024,00,All Industries,41420,3029279058,1406,2130
18005,Bartholomew County,IN,2024,00,All Industries,34399,2322592884,1298,1527
18007,Benton County,IN,2024,00,All Industries,27378,1694773080,1190,1023
18009,Blackford County,IN,2024,00,All Industries,20358,1145875932,1082,618
18011,Boone County,IN,2024,00,All Industries,13337,675783251,974,311
18013,Brown County,IN,2024,00,All Industries,6317,284601992,866,103
18015,Carroll County,IN,2024,00,All Industries,49296,3915920644,1528,2923
18017,Cass County,IN,2024,00,All Industries,42276,3120832139,1420,2210
18019,Clark County,IN,2024,00,All Industries,35255,2404530566,1312,1595
18021,Clay County,IN,2024,00,All Industries,28234,1767095364,1204,1080
18023,Clinton County,IN,2024,00,All Industries,21214,1208583501,1096,662
18025,Crawford County,IN,2024,00,All Industries,14193,728875421,988,343
18027,Daviess County,IN,2024,00,All Industries,7173,328079448,880,123
18029,Dearborn County,IN,2024,00,All Industries,152,6098490,772,2
18031,Decatur County,IN,2024,00,All Industries,43131,3213483026,1433,2292
18033,DeKalb County,IN,2024,00,All Industries,36111,2487640559,1325,1665
18035,Delaware County,IN,2024,00,All Industries,29090,1840589958,1217,1137
18037,Dubois County,IN,2024,00,All Industries,22070,1272463381,1109,708
18039,Elkhart County,IN,2024,00,All Industries,15049,783139901,1001,377
18041,Fayette County,IN,2024,00,All Industries,8029,372729214,893,145
18043,Floyd County,IN,2024,00,All Industries,1008,41132857,785,11
18045,Fountain County,IN,2024,00,All Industries,43987,3307380044,1446,2375
18047,Franklin County,IN,2024,00,All Industries,36967,2571922863,1338,1736
18049,Fulton County,IN,2024,00,All Industries,29946,1915256862,1230,1196
18051,Gibson County,IN,2024,00,All Industries,22926,1337515571,1122,755
18053,Grant County,IN,2024,00,All Industries,15905,838576693,1014,412
18055,Greene County,IN,2024,00,All Industries,8885,418551292,906,168
18057,Hamilton County,IN,2024,00,All Industries,1864,77339536,798,22
18059,Hancock County,IN,2024,00,All Industries,44843,3402449373,1459,2459
18061,Harrison County,IN,2024,00,All Industries,37823,2657377478,1351,1809
18063,Hendricks County,IN,2024,00,All Industries,30802,1991096078,1243,1257
18065,Henry County,IN,2024,00,All Industries,23782,1403740073,1135,803
18067,Howard County,IN,2024,00,All Industries,16761,895185795,1027,449
18069,Huntington County,IN,2024,00,All Industries,9740,465497887,919,192
18071,Jackson County,IN,2024,00,All Industries,2720,114718525,811,35
18073,Jasper County,IN,2024,00,All Industries,45699,3498691013,1472,2545
18075,Jay County,IN,2024,00,All Industries,38679,2744004403,1364,1883
18077,Jefferson County,IN,2024,00,All Industries,31658,2068107604,1256,1319
18079,Jennings County,IN,2024,00,All Industries,24638,1471136885,1148,853
18081,Johnson County,IN,2024,00,All Industries,17617,952967208,1040,487
18083,Knox County,IN,2024,00,All Industries,10596,513663901,932,218
18085,Kosciusko County,IN,2024,00,All Industries,3576,153269824,824,49
18087,LaGrange County,IN,2024,00,All Industries,46555,3596104963,1485,2633
18089,Lake County,IN,2024,00,All Industries,39535,2831803640,1377,1958
18091,LaPorte County,IN,2024,00,All Industries,32514,2146291442,1269,1382
18093,Lawrence County,IN,2024,00,All Industries,25494,1539706008,1161,905
18095,Madison County,IN,2024,00,All Industries,18473,1011920932,1053,526
18097,Marion County,IN,2024,00,All Industries,11452,563002226,945,246
18099,Marshall County,IN,2024,00,All Industries,4432,192993435,837,64
18101,Martin County,IN,2024,00,All Industries,47411,3694691225,1499,2722
18103,Miami County,IN,2024,00,All Industries,40391,2920775187,1391,2035
18105,Monroe County,IN,2024,00,All Industries,33370,2225647590,1283,1447
18107,Montgomery County,IN,2024,00,All Industries,26349,1609386362,1175,958
18109,Morgan County,IN,2024,00,All Industries,19329,1072046967,1067,567
18111,Newton County,IN,2024,00,All Industries,12308,613512862,959,275
18113,Noble County,IN,2024,00,All Industries,5288,233889357,851,81
18115,Ohio County,IN,2024,00,All Industries,48267,3794449797,1512,2812
18117,Orange County,IN,2024,00,All Industries,41247,3010919045,1404,2114
18119,Owen County,IN,2024,00,All Industries,34226,2306176049,1296,1514
18121,Parke County,IN,2024,00,All Industries,27205,1680299422,1188,1012
18123,Perry County,IN,2024,00,All Industries,20185,1133345313,1080,609
18125,Pike County,IN,2024,00,All Industries,13164,665195809,972,305
18127,Porter County,IN,2024,00,All Industries,6144,275957589,864,99
18129,Posey County,IN,2024,00,All Industries,49123,3895380680,1525,2904
18131,Pulaski County,IN,2024,00,All Industries,42103,3102235214,1417,2194
18133,Putnam County,IN,2024,00,All Industries,35082,2387876818,1309,1582
18135,Randolph County,IN,2024,00,All Industries,28061,1752384793,1201,1068
18137,Ripley County,IN,2024,00,All Industries,21041,1195815969,1093,653
18139,Rush County,IN,2024,00,All Industries,14020,718051066,985,337
18141,St. Joseph County,IN,2024,00,All Industries,7000,319198132,877,119
18143,Scott County,IN,2024,00,All Industries,49979,3997483874,1538,2998
18145,Shelby County,IN,2024,00,All Industries,42959,3194723693,1430,2275
18147,Spencer County,IN,2024,00,All Industries,35938,2470749899,1322,1651
18149,Starke County,IN,2024,00,All Industries,28917,1825642474,1214,1125
18151,Steuben County,IN,2024,00,All Industries,21897,1259458936,1106,698
18153,Sullivan County,IN,2024,00,All Industries,14876,772078634,998,370
18155,Switzerland County,IN,2024,00,All Industries,7856,363610986,890,140
18157,Tippecanoe County,IN,2024,00,All Industries,835,33957806,782,9
18159,Tipton County,IN,2024,00,All Industries,43814,3288309432,1443,2358
18161,Union County,IN,2024,00,All Industries,36794,2554795290,1335,1722
18163,Vanderburgh County,IN,2024,00,All Industries,29773,1900072467,1227,1184
18165,Vermillion County,IN,2024,00,All Industries,22753,1324274215,1119,745
18167,Vigo County,IN,2024,00,All Industries,15732,827278513,1011,405
18169,Wabash County,IN,2024,00,All Industries,8712,409196151,903,163
18171,Warren County,IN,2024,00,All Industries,1691,69927572,795,20
18173,Warrick County,IN,2024,00,All Industries,44670,3383141849,1456,2442
18175,Washington County,IN,2024,00,All Industries,37650,2640012993,1348,1794
18177,Wayne County,IN,2024,00,All Industries,30629,1975674770,1240,1244
18179,Wells County,IN,2024,00,All Industries,23609,1390261803,1132,793
18181,White County,IN,2024,00,All Industries,16588,883650703,1024,441
18183,Whitley County,IN,2024,00,All Industries,9568,455953626,916,187
19001,Adair County,IA,2024,00,All Industries,45781,3228511175,1356,2204
19003,Adams County,IA,2024,00,All Industries,37356,2424565143,1248,1536
19005,Allamakee County,IA,2024,00,All Industries,28932,1715315795,1140,987
19007,Appanoose County,IA,2024,00,All Industries,20507,1100638940,1032,556
19009,Audubon County,IA,2024,00,All Industries,12082,580599481,924,242
19011,Benton County,IA,2024,00,All Industries,3658,155239858,816,48
19013,Black Hawk County,IA,2024,00,All Industries,55233,4243108942,1477,3095
19015,Boone County,IA,2024,00,All Industries,46808,3332988295,1369,2294
19017,Bremer County,IA,2024,00,All Industries,38384,2517570633,1261,1612
19019,Buchanan County,IA,2024,00,All Industries,29959,1796719162,1153,1048
19021,Buena Vista County,IA,2024,00,All Industries,21534,1170505088,1045,602
19023,Butler County,IA,2024,00,All Industries,13110,638977150,937,274
19025,Calhoun County,IA,2024,00,All Industries,4685,202032254,829,65
19027,Carroll County,IA,2024,00,All Industries,56260,4360529779,1491,3200
19029,Cass County,IA,2024,00,All Industries,47835,3438871913,1383,2385
19031,Cedar County,IA,2024,00,All Industries,39411,2611917717,1274,1688
19033,Cerro Gordo County,IA,2024,00,All Industries,30986,1879529028,1166,1110
19035,Cherokee County,IA,2024,00,All Industries,22561,1241777735,1058,650
19037,Chickasaw County,IA,2024,00,All Industries,14137,698713264,950,308
19039,Clarke County,IA,2024,00,All Industries,5712,250231148,842,84
19041,Clay County,IA,2024,00,All Industries,57287,4479357115,1504,3308
19043,Clayton County,IA,2024,00,All Industries,48863,3546234605,1396,2478
19045,Clinton County,IA,2024,00,All Industries,40438,2707671300,1288,1767
19047,Crawford County,IA,2024,00,All Industries,32013,1963745392,1180,1174
19049,Dallas County,IA,2024,00,All Industries,23588,1314456881,1072,700
19051,Davis County,IA,2024,00,All Industries,15164,759855876,964,343
19053,Decatur County,IA,2024,00,All Industries,6739,299836542,856,105
19055,Delaware County,IA,2024,00,All Industries,58314,4599590950,1517,3417
19057,Des Moines County,IA,2024,00,All Industries,49890,3654931906,1409,2573
19059,Dickinson County,IA,2024,00,All Industries,41465,2804831383,1301,1847
19061,Dubuque County,IA,2024,00,All Industries,33040,2049368256,1193,1240
19063,Emmet County,IA,2024,00,All Industries,24616,1388598937,1085,751
19065,Fayette County,IA,2024,00,All Industries,16191,822404987,977,380
19067,Floyd County,IA,2024,00,All Industries,7766,350848435,869,128
19069,Franklin County,IA,2024,00,All Industries,59342,4721310845,1530,3528
19071,Fremont County,IA,2024,00,All Industries,50917,3765035706,1422,2670
19073,Greene County,IA,2024,00,All Industries,42492,2903397964,1314,1930
19075,Grundy County,IA,2024,00,All Industries,34067,2136397619,1206,1308
19077,Guthrie County,IA,2024,00,All Industries,25643,1464091766,1098,804
19079,Hamilton County,IA,2024,00,All Industries,17218,886360598,990,419
19081,Hancock County,IA,2024,00,All Industries,8793,403266827,882,152
19083,Hardin County,IA,2024,00,All Industries,369,14850698,774,4
19085,Harrison County,IA,2024,00,All Industries,51944,3876546006,1435,2768
19087,Henry County,IA,2024,00,All Industries,43519,3003371045,1327,2013
19089,Howard County,IA,2024,00,All Industries,35095,2224896878,1219,1377
19091,Humboldt County,IA,2024,00,All Industries,26670,1540991094,1111,859
19093,Ida County,IA,2024,00,All Industries,18245,951722708,1003,460
19095,Iowa County,IA,2024,00,All Industries,9821,457138265,895,179
19097,Jackson County,IA,2024,00,All Industries,1396,57139055,787,16
19099,Jasper County,IA,2024,00,All Industries,52971,3989462804,1448,2868
19101,Jefferson County,IA,2024,00,All Industries,44546,3104750625,1340,2099
19103,Johnson County,IA,2024,00,All Industries,36122,2314739924,1232,1449
19105,Jones County,IA,2024,00,All Industries,27697,1619296922,1124,916
19107,Keokuk County,IA,2024,00,All Industries,19272,1018491316,1016,502
19109,Kossuth County,IA,2024,00,All Industries,10848,512370340,908,207
19111,Lee County,IA,2024,00,All Industries,2423,100833912,800,29
19113,Linn County,IA,2024,00,All Industries,53998,4103786101,1462,2970
19115,Louisa County,IA,2024,00,All Industries,45574,3207607086,1354,2187
19117,Lucas County,IA,2024,00,All Industries,37149,2405989469,1245,1522
19119,Lyon County,IA,2024,00,All Industries,28724,1699009248,1137,975
19121,Madison County,IA,2024,00,All Industries,20300,1086719957,1029,546
19123,Mahaska County,IA,2024,00,All Industries,11875,569008914,921,236
19125,Marion County,IA,2024,00,All Industries,3450,145935267,813,44
19127,Marshall County,IA,2024,00,All Industries,55025,4219515898,1475,3073
19129,Mills County,IA,2024,00,All Industries,46601,3311800349,1367,2276
19131,Mitchell County,IA,2024,00,All Industries,38176,2498645513,1259,1596
19133,Monona County,IA,2024,00,All Industries,29751,1780128073,1151,1035
19135,Monroe County,IA,2024,00,All Industries,21327,1156302249,1043,592
19137,Montgomery County,IA,2024,00,All Industries,12902,627053987,935,268
19139,Muscatine County,IA,2024,00,All Industries,4477,192443121,827,61
19141,O'Brien County,IA,2024,00,All Industries,56053,4336729562,1488,3179
19143,Osceola County,IA,2024,00,All Industries,47628,3417400110,1380,2367
19145,Page County,IA,2024,00,All Industries,39203,2592708056,1272,1673
19147,Palo Alto County,IA,2024,00,All Industries,30778,1862653398,1164,1097
19149,Plymouth County,IA,2024,00,All Industries,22354,1227291040,1056,640
19151,Pocahontas County,IA,2024,00,All Industries,13929,686505559,948,301
19153,Polk County,IA,2024,00,All Industries,5504,240357475,840,80
19155,Pottawattamie County,IA,2024,00,All Industries,57080,4455273041,1501,3286
19157,Poweshiek County,IA,2024,00,All Industries,48655,3524406371,1393,2459
19159,Ringgold County,IA,2024,00,All Industries,40230,2688177098,1285,1751
19161,Sac County,IA,2024,00,All Industries,31806,1946646425,1177,1161
19163,Scott County,IA,2024,00,All Industries,23381,1299686329,1069,689
19165,Shelby County,IA,2024,00,All Industries,14956,747363630,961,336
19167,Sioux County,IA,2024,00,All Industries,6532,289722682,853,101
19169,Story County,IA,2024,00,All Industries,58107,4575223020,1514,3395
19171,Tama County,IA,2024,00,All Industries,49682,3632819131,1406,2554
19173,Taylor County,IA,2024,00,All Industries,41257,2785052639,1298,1831
19175,Union County,IA,2024,00,All Industries,32833,2031985433,1190,1227
19177,Van Buren County,IA,2024,00,All Industries,24408,1373488118,1082,741
19179,Wapello County,IA,2024,00,All Industries,15983,809628200,974,373
19181,Warren County,IA,2024,00,All Industries,7559,340450718,866,123
19183,Washington County,IA,2024,00,All Industries,59134,4696579497,1527,3505
19185,Wayne County,IA,2024,00,All Industries,50709,3742638390,1419,2650
19187,Webster County,IA,2024,00,All Industries,42285,2883402870,1311,1913
19189,Winnebago County,IA,2024,00,All Industries,33860,2118730939,1203,1294
19191,Winneshiek County,IA,2024,00,All Industries,25435,1448696406,1095,793
19193,Woodbury County,IA,2024,00,All Industries,17011,873350610,987,411
19195,Worth County,IA,2024,00,All Industries,8586,392585254,879,147
19197,Wright County,IA,2024,00,All Industries,161,6457295,771,2
20001,Allen County,KS,2024,00,All Industries,39006,2429660658,1198,1477
20003,Anderson County,KS,2024,00,All Industries,29178,1653603204,1090,900
20005,Atchison County,KS,2024,00,All Industries,19349,987891886,982,461
20007,Barber County,KS,2024,00,All Industries,9520,432588991,874,160
20009,Barton County,KS,2024,00,All Industries,69691,5562983537,1535,4166
20011,Bourbon County,KS,2024,00,All Industries,59862,4442185101,1427,3158
20013,Brown County,KS,2024,00,All Industries,50034,3431863679,1319,2288
20015,Butler County,KS,2024,00,All Industries,40205,2531876474,1211,1557
20017,Chase County,KS,2024,00,All Industries,30376,1742297693,1103,963
20019,Chautauqua County,KS,2024,00,All Industries,20547,1063127336,995,507
20021,Cherokee County,KS,2024,00,All Industries,10718,494365404,887,189
20023,Cheyenne County,KS,2024,00,All Industries,890,36052403,779,9
20025,Clark County,KS,2024,00,All Industries,61061,4572971598,1440,3274
20027,Clay County,KS,2024,00,All Industries,51232,3549116931,1332,2387
20029,Cloud County,KS,2024,00,All Industries,41403,2635670688,1224,1638
20031,Coffey County,KS,2024,00,All Industries,31574,1832632869,1116,1028
20033,Comanche County,KS,2024,00,All Industries,21746,1140055900,1008,555
20035,Cowley County,KS,2024,00,All Industries,11917,557829313,900,221
20037,Crawford County,KS,2024,00,All Industries,2088,86011150,792,24
20039,Decatur County,KS,2024,00,All Industries,62259,4705324576,1453,3391
20041,Dickinson County,KS,2024,00,All Industries,52430,3668010871,1345,2488
20043,Doniphan County,KS,2024,00,All Industries,42601,2741105590,1237,1722
20045,Douglas County,KS,2024,00,All Industries,32773,1924667460,1129,1095
20047,Edwards County,KS,2024,00,All Industries,22944,1218573410,1021,605
20049,Elk County,KS,2024,00,All Industries,13115,622887785,913,254
20051,Ellis County,KS,2024,00,All Industries,3286,137610583,805,41
20053,Ellsworth County,KS,2024,00,All Industries,63457,4839318242,1467,3511
20055,Finney County,KS,2024,00,All Industries,53629,3788616143,1359,2591
20057,Ford County,KS,2024,00,All Industries,43800,2848246207,1251,1808
20059,Franklin County,KS,2024,00,All Industries,33971,2018284695,1143,1164
20061,Geary County,KS,2024,00,All Industries,24142,1298731608,1035,658
20063,Gove County,KS,2024,00,All Industries,14313,689586944,927,289
20065,Graham County,KS,2024,00,All Industries,4485,190893267,819,59
20067,Grant County,KS,2024,00,All Industries,64656,4975029540,1480,3633
20069,Gray County,KS,2024,00,All Industries,54827,3910792142,1372,2695
20071,Greeley County,KS,2024,00,All Industries,44998,2956963168,1264,1896
20073,Greenwood County,KS,2024,00,All Industries,35169,2113542618,1156,1235
20075,Hamilton County,KS,2024,00,All Industries,25341,1380584972,1048,712
20077,Harper County,KS,2024,00,All Industries,15512,757975654,940,327
20079,Harvey County,KS,2024,00,All Industries,5683,245774760,832,80
20081,Haskell County,KS,2024,00,All Industries,65854,5112305265,1493,3756
20083,Hodgeman County,KS,2024,00,All Industries,56025,4034608829,1385,2802
20085,Jackson County,KS,2024,00,All Industries,46196,3067320816,1277,1986
20087,Jefferson County,KS,2024,00,All Industries,36368,2210502010,1169,1308
20089,Jewell County,KS,2024,00,All Industries,26539,1464025229,1061,768
20091,Johnson County,KS,2024,00,All Industries,16710,827956873,953,367
20093,Kearny County,KS,2024,00,All Industries,6881,302296941,845,103
20095,Kingman County,KS,2024,00,All Industries,67052,5251221677,1506,3882
20097,Kiowa County,KS,2024,00,All Industries,57224,4160138902,1398,2911
20099,Labette County,KS,2024,00,All Industries,47395,3179386235,1290,2078
20101,Lane County,KS,2024,00,All Industries,37566,2309041992,1182,1384
20103,Leavenworth County,KS,2024,00,All Industries,27737,1549106173,1074,827
20105,Lincoln County,KS,2024,00,All Industries,17908,899578779,966,408
20107,Linn County,KS,2024,00,All Industries,8080,360504425,858,127
20109,Logan County,KS,2024,00,All Industries,68251,5391857777,1519,4010
20111,Lyon County,KS,2024,00,All Industries,58422,4287237648,1411,3022
20113,McPherson County,KS,2024,00,All Industries,48593,3293025943,1303,2173
20115,Marion County,KS,2024,00,All Industries,38764,2409222662,1195,1461
20117,Marshall County,KS,2024,00,All Industries,28935,1635827805,1087,887
20119,Meade County,KS,2024,00,All Industries,19107,972892290,979,452
20121,Miami County,KS,2024,00,All Industries,9278,420308665,871,154
20123,Mitchell County,KS,2024,00,All Industries,69449,5534056248,1532,4140
20125,Montgomery County,KS,2024,00,All Industries,59620,4415977081,1424,3135
20127,Morris County,KS,2024,00,All Industries,49791,3408306338,1316,2269
20129,Morton County,KS,2024,00,All Industries,39963,2511106855,1208,1540
20131,Nemaha County,KS,2024,00,All Industries,30134,1724247343,1100,950
20133,Neosho County,KS,2024,00,All Industries,20305,1047796256,992,498
20135,Ness County,KS,2024,00,All Industries,10476,481753593,884,183
20137,Norton County,KS,2024,00,All Industries,647,26119354,776,7
20139,Osage County,KS,2024,00,All Industries,60819,4546431955,1438,3250
20141,Osborne County,KS,2024,00,All Industries,50990,3525296557,1330,2367
20143,Ottawa County,KS,2024,00,All Industries,41161,2614569584,1222,1622
20145,Pawnee County,KS,2024,00,All Industries,31332,1814251034,1114,1015
20147,Phillips County,KS,2024,00,All Industries,21503,1124340909,1006,545
20149,Pottawatomie County,KS,2024,00,All Industries,11675,544885878,898,214
20151,Pratt County,KS,2024,00,All Industries,1846,75786985,790,21
20153,Rawlins County,KS,2024,00,All Industries,62017,4678453448,1451,3367
20155,Reno County,KS,2024,00,All Industries,52188,3643859012,1343,2467
20157,Republic County,KS,2024,00,All Industries,42359,2719673000,1235,1705
20159,Rice County,KS,2024,00,All Industries,32530,1905895412,1127,1081
20161,Riley County,KS,2024,00,All Industries,22702,1202579221,1019,595
20163,Rooks County,KS,2024,00,All Industries,12873,609612865,911,247
20165,Rush County,KS,2024,00,All Industries,3044,127054933,803,37
20167,Russell County,KS,2024,00,All Industries,63215,4812115628,1464,3487
20169,Saline County,KS,2024,00,All Industries,53386,3764062154,1356,2570
20171,Scott County,KS,2024,00,All Industries,43558,2826481994,1248,1791
20173,Sedgwick County,KS,2024,00,All Industries,33729,1999239752,1140,1150
20175,Seward County,KS,2024,00,All Industries,23900,1282405933,1032,647
20177,Shawnee County,KS,2024,00,All Industries,14071,675980539,924,282
20179,Sheridan County,KS,2024,00,All Industries,4242,179963569,816,55
20181,Sherman County,KS,2024,00,All Industries,64414,4947495303,1477,3608
20183,Smith County,KS,2024,00,All Industries,54585,3885977175,1369,2674
20185,Stafford County,KS,2024,00,All Industries,44756,2934867470,1261,1878
20187,Stanton County,KS,2024,00,All Industries,34927,2094166189,1153,1221
20189,Stevens County,KS,2024,00,All Industries,25098,1363873333,1045,701
20191,Sumner County,KS,2024,00,All Industries,15270,744037626,937,319
20193,Thomas County,KS,2024,00,All Industries,5441,234556001,829,76
20195,Trego County,KS,2024,00,All Industries,65612,5084439543,1490,3731
20197,Wabaunsee County,KS,2024,00,All Industries,55783,4009462376,1382,2781
20199,Wallace County,KS,2024,00,All Industries,45954,3044893633,1274,1968
20201,Washington County,KS,2024,00,All Industries,36125,2190733315,1166,1293
20203,Wichita County,KS,2024,00,All Industries,26297,1447036447,1058,757
20205,Wilson County,KS,2024,00,All Industries,16468,813687360,950,358
20207,Woodson County,KS,2024,00,All Industries,6639,290746697,842,98
20209,Wyandotte County,KS,2024,00,All Industries,66810,5223024470,1503,3856
21001,Adair County,KY,2024,00,All Industries,17573,949962126,1040,485
21003,Allen County,KY,2024,00,All Industries,10552,511155637,932,217
21005,Anderson County,KY,2024,00,All Industries,3531,151215517,824,48
21007,Ballard County,KY,2024,00,All Industries,46511,3591052107,1485,2628
21009,Barren County,KY,2024,00,All Industries,39490,2827175974,1377,1954
21011,Bath County,KY,2024,00,All Industries,32470,2142232186,1269,1379
21013,Bell County,KY,2024,00,All Industries,25449,1536083176,1161,902
21015,Boone County,KY,2024,00,All Industries,18429,1008855278,1053,524
21017,Bourbon County,KY,2024,00,All Industries,11408,560433390,945,244
21019,Boyd County,KY,2024,00,All Industries,4387,190877871,837,63
21021,Boyle County,KY,2024,00,All Industries,47367,3689577796,1498,2717
21023,Bracken County,KY,2024,00,All Industries,40346,2916086264,1390,2031
21025,Breathitt County,KY,2024,00,All Industries,33326,2221527762,1282,1444
21027,Breckinridge County,KY,2024,00,All Industries,26305,1605763353,1174,955
21029,Bullitt County,KY,2024,00,All Industries,19284,1068865313,1066,565
21031,Butler County,KY,2024,00,All Industries,12264,610883453,958,273
21033,Caldwell County,KY,2024,00,All Industries,5243,231712536,850,80
21035,Calloway County,KY,2024,00,All Industries,48223,3789275796,1511,2808
21037,Campbell County,KY,2024,00,All Industries,41202,3006168865,1403,2110
21039,Carlisle County,KY,2024,00,All Industries,34182,2301995649,1295,1510
21041,Carroll County,KY,2024,00,All Industries,27161,1676615840,1187,1009
21043,Carter County,KY,2024,00,All Industries,20140,1130102401,1079,607
21045,Casey County,KY,2024,00,All Industries,13120,662505828,971,303
21047,Christian County,KY,2024,00,All Industries,6099,273719511,863,98
21049,Clark County,KY,2024,00,All Industries,49079,3890146107,1524,2900
21051,Clay County,KY,2024,00,All Industries,42058,3097423777,1416,2189
21053,Clinton County,KY,2024,00,All Industries,35038,2383635846,1308,1578
21055,Crittenden County,KY,2024,00,All Industries,28017,1748640639,1200,1065
21057,Cumberland County,KY,2024,00,All Industries,20996,1192511801,1092,651
21059,Daviess County,KY,2024,00,All Industries,13976,715300513,984,335
21061,Edmonson County,KY,2024,00,All Industries,6955,316898797,876,118
21063,Elliott County,KY,2024,00,All Industries,49935,3992188729,1537,2993
21065,Estill County,KY,2024,00,All Industries,42914,3189851000,1429,2271
21067,Fayette County,KY,2024,00,All Industries,35893,2466379640,1321,1647
21069,Fleming County,KY,2024,00,All Industries,28873,1821837748,1213,1122
21071,Floyd County,KY,2024,00,All Industries,21852,1256093511,1105,696
21073,Franklin County,KY,2024,00,All Industries,14832,769267509,997,368
21075,Fulton County,KY,2024,00,All Industries,7811,361250394,889,139
21077,Gallatin County,KY,2024,00,All Industries,791,32140282,781,9
21079,Garrard County,KY,2024,00,All Industries,43770,3283450533,1443,2354
21081,Grant County,KY,2024,00,All Industries,36749,2550363775,1335,1718
21083,Graves County,KY,2024,00,All Industries,29729,1896207168,1227,1181
21085,Grayson County,KY,2024,00,All Industries,22708,1320847532,1119,743
21087,Green County,KY,2024,00,All Industries,15688,824406816,1011,403
21089,Greenup County,KY,2024,00,All Industries,8667,406774302,903,162
21091,Hancock County,KY,2024,00,All Industries,1647,68049475,795,19
21093,Hardin County,KY,2024,00,All Industries,44626,3378222377,1456,2438
21095,Harlan County,KY,2024,00,All Industries,37605,2635520220,1348,1790
21097,Harrison County,KY,2024,00,All Industries,30585,1971748900,1240,1241
21099,Hart County,KY,2024,00,All Industries,23564,1386773864,1132,791
21101,Henderson County,KY,2024,00,All Industries,16544,880718434,1024,439
21103,Henry County,KY,2024,00,All Industries,9523,453470521,916,186
21105,Hickman County,KY,2024,00,All Industries,2502,105088978,808,31
21107,Hopkins County,KY,2024,00,All Industries,45482,3474166533,1469,2523
21109,Jackson County,KY,2024,00,All Industries,38461,2721848976,1361,1864
21111,Jefferson County,KY,2024,00,All Industries,31441,2048462941,1253,1303
21113,Jessamine County,KY,2024,00,All Industries,24420,1453872507,1145,841
21115,Johnson County,KY,2024,00,All Industries,17400,938202362,1037,477
21117,Kenton County,KY,2024,00,All Industries,10379,501339051,929,212
21119,Knott County,KY,2024,00,All Industries,3358,143342108,821,45
21121,Knox County,KY,2024,00,All Industries,46338,3571282999,1482,2611
21123,Larue County,KY,2024,00,All Industries,39317,2809350043,1374,1939
21125,Laurel County,KY,2024,00,All Industries,32297,2126349294,1266,1366
21127,Lawrence County,KY,2024,00,All Industries,25276,1522143461,1158,892
21129,Lee County,KY,2024,00,All Industries,18256,996858602,1050,516
21131,Leslie County,KY,2024,00,All Industries,11235,550379891,942,239
21133,Letcher County,KY,2024,00,All Industries,4214,182767550,834,60
21135,Lewis County,KY,2024,00,All Industries,47194,3669571775,1495,2699
21137,Lincoln County,KY,2024,00,All Industries,40173,2898023421,1387,2016
21139,Livingston County,KY,2024,00,All Industries,33153,2205407958,1279,1431
21141,Logan County,KY,2024,00,All Industries,26132,1591586725,1171,944
21143,Lyon County,KY,2024,00,All Industries,19111,1056631863,1063,556
21145,McCracken County,KY,2024,00,All Industries,12091,600593042,955,267
21147,McCreary County,KY,2024,00,All Industries,5070,223365302,847,76
21149,McLean County,KY,2024,00,All Industries,48050,3769032863,1508,2789
21151,Madison County,KY,2024,00,All Industries,41029,2987869109,1400,2094
21153,Magoffin County,KY,2024,00,All Industries,34009,2285638932,1292,1497
21155,Marion County,KY,2024,00,All Industries,26988,1662202301,1184,998
21157,Marshall County,KY,2024,00,All Industries,19967,1117632039,1076,598
21159,Martin County,KY,2024,00,All Industries,12947,651978504,968,297
21161,Mason County,KY,2024,00,All Industries,5926,265135365,860,94
21163,Meade County,KY,2024,00,All Industries,48906,3869666262,1522,2881
21165,Menifee County,KY,2024,00,All Industries,41885,3078887109,1414,2173
21167,Mercer County,KY,2024,00,All Industries,34865,2367042217,1306,1564
21169,Metcalfe County,KY,2024,00,All Industries,27844,1733990187,1198,1054
21171,Monroe County,KY,2024,00,All Industries,20823,1179804526,1090,642
21173,Montgomery County,KY,2024,00,All Industries,13803,704536277,982,329
21175,Morgan County,KY,2024,00,All Industries,6782,308077739,874,114
21177,Muhlenberg County,KY,2024,00,All Industries,49762,3971471971,1535,2974
21179,Nelson County,KY,2024,00,All Industries,42741,3171077419,1427,2254
21181,Nicholas County,KY,2024,00,All Industries,35721,2449617813,1319,1633
21183,Ohio County,KY,2024,00,All Industries,28700,1806950384,1211,1111
21185,Oldham County,KY,2024,00,All Industries,21679,1243149324,1103,687
21187,Owen County,KY,2024,00,All Industries,14659,758266361,995,361
21189,Owsley County,KY,2024,00,All Industries,7638,352192423,887,135
21191,Pendleton County,KY,2024,00,All Industries,618,25025349,779,7
21193,Perry County,KY,2024,00,All Industries,43597,3264440040,1440,2337
21195,Pike County,KY,2024,00,All Industries,36576,2533296459,1332,1704
21197,Powell County,KY,2024,00,All Industries,29556,1881082892,1224,1169
21199,Pulaski County,KY,2024,00,All Industries,22535,1307666433,1116,733
21201,Robertson County,KY,2024,00,All Industries,15515,813168755,1008,396
21203,Rockcastle County,KY,2024,00,All Industries,8494,397479419,900,157
21205,Rowan County,KY,2024,00,All Industries,1474,60697631,792,17
21207,Russell County,KY,2024,00,All Industries,44453,3358974972,1453,2421
21209,Scott County,KY,2024,00,All Industries,37432,2618215992,1345,1775
21211,Shelby County,KY,2024,00,All Industries,30412,1956387710,1237,1229
21213,Simpson County,KY,2024,00,All Industries,23391,1373355852,1129,781
21215,Spencer County,KY,2024,00,All Industries,16371,869243460,1021,432
21217,Taylor County,KY,2024,00,All Industries,9350,443938725,913,181
21219,Todd County,KY,2024,00,All Industries,2330,97542222,805,29
21221,Trigg County,KY,2024,00,All Industries,45309,3454682215,1466,2506
21223,Trimble County,KY,2024,00,All Industries,38288,2704307835,1358,1849
21225,Union County,KY,2024,00,All Industries,31268,2032864840,1250,1290
21227,Warren County,KY,2024,00,All Industries,24247,1440217583,1142,830
21229,Washington County,KY,2024,00,All Industries,17227,926490476,1034,469
21231,Wayne County,KY,2024,00,All Industries,10206,491570342,926,206
21233,Webster County,KY,2024,00,All Industries,3185,135516577,818,42
21235,Whitley County,KY,2024,00,All Industries,46165,3551561768,1479,2593
21237,Wolfe County,KY,2024,00,All Industries,39144,2791571990,1371,1924
21239,Woodford County,KY,2024,00,All Industries,32124,2110514280,1263,1353
22001,Acadia Parish,LA,2024,00,All Industries,8740,400525299,881,151
22003,Allen Parish,LA,2024,00,All Industries,315,12666223,773,3
22005,Ascension Parish,LA,2024,00,All Industries,51891,3870745207,1434,2763
22007,Assumption Parish,LA,2024,00,All Industries,43466,2998167544,1326,2009
22009,Avoyelles Parish,LA,2024,00,All Industries,35041,2220227279,1218,1374
22011,Beauregard Parish,LA,2024,00,All Industries,26617,1536982154,1110,857
22013,Bienville Parish,LA,2024,00,All Industries,18192,948311065,1002,458
22015,Bossier Parish,LA,2024,00,All Industries,9767,454277374,894,177
22017,Caddo Parish,LA,2024,00,All Industries,1342,54881079,786,15
22019,Calcasieu Parish,LA,2024,00,All Industries,52918,3983589189,1448,2863
22021,Caldwell Parish,LA,2024,00,All Industries,44493,3099474308,1340,2095
22023,Cameron Parish,LA,2024,00,All Industries,36068,2309996823,1232,1445
22025,Catahoula Parish,LA,2024,00,All Industries,27644,1615215165,1124,913
22027,Claiborne Parish,LA,2024,00,All Industries,19219,1015006858,1016,500
22029,Concordia Parish,LA,2024,00,All Industries,10794,509435947,908,205
22031,De Soto Parish,LA,2024,00,All Industries,2370,98544013,800,28
22033,East Baton Rouge Parish,LA,2024,00,All Industries,53945,4097839670,1461,2964
22035,East Carroll Parish,LA,2024,00,All Industries,45520,3202187570,1353,2182
22037,East Feliciana Parish,LA,2024,00,All Industries,37096,2401237598,1245,1518
22039,Evangeline Parish,LA,2024,00,All Industries,28671,1694854675,1137,972
22041,Franklin Parish,LA,2024,00,All Industries,20246,1083109149,1029,544
22043,Grant Parish,LA,2024,00,All Industries,11821,566001020,921,235
22045,Iberia Parish,LA,2024,00,All Industries,3397,143572552,813,44
22047,Iberville Parish,LA,2024,00,All Industries,54972,4213496650,1474,3068
22049,Jackson Parish,LA,2024,00,All Industries,46547,3306307332,1366,2271
22051,Jefferson Parish,LA,2024,00,All Industries,38123,2493820825,1258,1592
22053,Jefferson Davis Parish,LA,2024,00,All Industries,29698,1775900684,1150,1032
22055,Lafayette Parish,LA,2024,00,All Industries,21273,1152617940,1042,590
22057,Lafourche Parish,LA,2024,00,All Industries,12849,624021158,934,266
22059,LaSalle Parish,LA,2024,00,All Industries,4424,190007590,826,61
22061,Lincoln Parish,LA,2024,00,All Industries,55999,4330560129,1487,3173
22063,Livingston Parish,LA,2024,00,All Industries,47575,3411905309,1379,2362
22065,Madison Parish,LA,2024,00,All Industries,39150,2587810552,1271,1669
22067,Morehouse Parish,LA,2024,00,All Industries,30725,1858353192,1163,1094
22069,Natchitoches Parish,LA,2024,00,All Industries,22300,1223533229,1055,637
22071,Orleans Parish,LA,2024,00,All Industries,13876,683399913,947,299
22073,Ouachita Parish,LA,2024,00,All Industries,5451,237849128,839,79
22075,Plaquemines Parish,LA,2024,00,All Industries,57026,4449030107,1500,3280
22077,Pointe Coupee Parish,LA,2024,00,All Industries,48602,3518838753,1392,2454
22079,Rapides Parish,LA,2024,00,All Industries,40177,2683206778,1284,1747
22081,Red River Parish,LA,2024,00,All Industries,31752,1942212199,1176,1158
22083,Richland Parish,LA,2024,00,All Industries,23328,1295910570,1068,687
22085,Sabine Parish,LA,2024,00,All Industries,14903,744185168,960,334
22087,St. Bernard Parish,LA,2024,00,All Industries,6478,287097164,852,100
22089,St. Charles Parish,LA,2024,00,All Industries,58054,4568985287,1514,3389
22091,St. Helena Parish,LA,2024,00,All Industries,49629,3627178696,1405,2549
22093,St. James Parish,LA,2024,00,All Industries,41204,2780009503,1297,1827
22095,St. John the Baptist Parish,LA,2024,00,All Industries,32779,2027477706,1189,1223
22097,St. Landry Parish,LA,2024,00,All Industries,24355,1369639542,1081,738
22099,St. Martin Parish,LA,2024,00,All Industries,15930,806376922,973,371
22101,St. Mary Parish,LA,2024,00,All Industries,7505,337751699,865,122
22103,St. Tammany Parish,LA,2024,00,All Industries,59081,4690268948,1527,3500
22105,Tangipahoa Parish,LA,2024,00,All Industries,50656,3736925139,1419,2645
22107,Tensas Parish,LA,2024,00,All Industries,42231,2878218727,1311,1909
22109,Terrebonne Parish,LA,2024,00,All Industries,33807,2114212249,1203,1290
22111,Union Parish,LA,2024,00,All Industries,25382,1444775014,1095,791
22113,Vermilion Parish,LA,2024,00,All Industries,16957,869975175,987,409
22115,Vernon Parish,LA,2024,00,All Industries,8532,389812733,879,146
22117,Washington Parish,LA,2024,00,All Industries,108,4327760,771,1
22119,Webster Parish,LA,2024,00,All Industries,51683,3848078081,1432,2743
22121,West Baton Rouge Parish,LA,2024,00,All Industries,43258,2977834450,1324,1992
22123,West Carroll Parish,LA,2024,00,All Industries,34834,2202291438,1216,1360
22125,West Feliciana Parish,LA,2024,00,All Industries,26409,1521316984,1108,845
22127,Winn Parish,LA,2024,00,All Industries,17984,934979927,1000,449
23001,Androscoggin County,ME,2024,00,All Industries,65792,5105152332,1492,3750
23003,Aroostook County,ME,2024,00,All Industries,55963,4028153673,1384,2797
23005,Cumberland County,ME,2024,00,All Industries,46134,3061563439,1276,1982
23007,Franklin County,ME,2024,00,All Industries,36305,2205381629,1168,1305
23009,Hancock County,ME,2024,00,All Industries,26477,1459663372,1060,765
23011,Kennebec County,ME,2024,00,All Industries,16648,824292794,952,364
23013,Knox County,ME,2024,00,All Industries,6819,299330639,844,101
23015,Lincoln County,ME,2024,00,All Industries,66990,5243983683,1505,3875
23017,Oxford County,ME,2024,00,All Industries,57161,4153525987,1397,2905
23019,Penobscot County,ME,2024,00,All Industries,47333,3173543761,1289,2074
23021,Piscataquis County,ME,2024,00,All Industries,37504,2303897296,1181,1380
23023,Sagadahoc County,ME,2024,00,All Industries,27675,1544659256,1073,824
23025,Somerset County,ME,2024,00,All Industries,17846,895829639,965,406
23027,Waldo County,ME,2024,00,All Industries,8017,357408446,857,126
23029,Washington County,ME,2024,00,All Industries,68189,5384534687,1519,4003
23031,York County,ME,2024,00,All Industries,58360,4280612336,1411,3016
24001,Allegany County,MD,2024,00,All Industries,36705,2546004823,1334,1714
24003,Anne Arundel County,MD,2024,00,All Industries,29684,1892281252,1226,1178
24005,Baltimore County,MD,2024,00,All Industries,22664,1317482182,1118,740
24009,Calvert County,MD,2024,00,All Industries,8623,404402553,902,161
24011,Caroline County,MD,2024,00,All Industries,1602,66133227,794,19
24013,Carroll County,MD,2024,00,All Industries,44582,3373306036,1455,2433
24015,Cecil County,MD,2024,00,All Industries,37561,2631100697,1347,1786
24017,Charles County,MD,2024,00,All Industries,30540,1967761727,1239,1238
24019,Dorchester County,MD,2024,00,All Industries,23520,1383347942,1131,788
24021,Frederick County,MD,2024,00,All Industries,16499,877736094,1023,437
24023,Garrett County,MD,2024,00,All Industries,9479,451038199,915,185
24025,Harford County,MD,2024,00,All Industries,2458,103153474,807,31
24027,Howard County,MD,2024,00,All Industries,45437,3469113269,1468,2519
24029,Kent County,MD,2024,00,All Industries,38417,2717368881,1360,1860
24031,Montgomery County,MD,2024,00,All Industries,31396,2044414512,1252,1300
24033,Prince George's County,MD,2024,00,All Industries,24376,1450386013,1144,838
24035,Queen Anne's County,MD,2024,00,All Industries,17355,935158766,1036,475
24037,St. Mary's County,MD,2024,00,All Industries,10335,498846157,928,210
24039,Somerset County,MD,2024,00,All Industries,3314,141346033,820,44
24041,Talbot County,MD,2024,00,All Industries,46293,3566168478,1481,2606
24043,Washington County,MD,2024,00,All Industries,39273,2804809375,1373,1935
24045,Wicomico County,MD,2024,00,All Industries,32252,2122239607,1265,1363
24047,Worcester County,MD,2024,00,All Industries,25232,1518596394,1157,889
24510,Baltimore city,MD,2024,00,All Industries,49968,3996151692,1538,2996
25001,Barnstable County,MA,2024,00,All Industries,31699,1937842947,1176,1154
25003,Berkshire County,MA,2024,00,All Industries,23274,1292083063,1068,684
25005,Bristol County,MA,2024,00,All Industries,14850,741010476,960,332
25007,Dukes County,MA,2024,00,All Industries,6425,284519770,852,99
25009,Essex County,MA,2024,00,All Industries,58000,4562672657,1513,3383
25011,Franklin County,MA,2024,00,All Industries,49575,3621468981,1405,2544
25013,Hampden County,MA,2024,00,All Industries,41151,2774970136,1297,1823
25015,Hampshire County,MA,2024,00,All Industries,32726,2023035637,1189,1220
25017,Middlesex County,MA,2024,00,All Industries,24301,1365738535,1081,735
25019,Nantucket County,MA,2024,00,All Industries,15877,803129414,973,369
25021,Norfolk County,MA,2024,00,All Industries,7452,335101489,865,121
25023,Plymouth County,MA,2024,00,All Industries,59027,4683882817,1526,3494
25025,Suffolk County,MA,2024,00,All Industries,50603,3731215658,1418,2640
25027,Worcester County,MA,2024,00,All Industries,42178,2873106543,1310,1904
26001,Alcona County,MI,2024,00,All Industries,22577,1194351822,1017,590
26003,Alger County,MI,2024,00,All Industries,12748,602786638,909,244
26005,Allegan County,MI,2024,00,All Industries,2920,121671547,801,35
26007,Alpena County,MI,2024,00,All Industries,63091,4798188857,1463,3474
26009,Antrim County,MI,2024,00,All Industries,53262,3751530939,1355,2559
26011,Arenac County,MI,2024,00,All Industries,43433,2815281444,1247,1782
26013,Baraga County,MI,2024,00,All Industries,33604,1989440374,1139,1143
26015,Barry County,MI,2024,00,All Industries,23776,1274061314,1031,642
26017,Bay County,MI,2024,00,All Industries,13947,669031476,922,278
26019,Benzie County,MI,2024,00,All Industries,4118,174410061,814,53
26021,Berrien County,MI,2024,00,All Industries,64289,4933321603,1476,3595
26023,Branch County,MI,2024,00,All Industries,54460,3873204647,1368,2663
26025,Calhoun County,MI,2024,00,All Industries,44631,2923496114,1260,1869
26027,Cass County,MI,2024,00,All Industries,34803,2084255893,1152,1213
26029,Charlevoix County,MI,2024,00,All Industries,24974,1355358592,1044,695
26031,Cheboygan County,MI,2024,00,All Industries,15145,736869716,936,315
26033,Chippewa County,MI,2024,00,All Industries,5316,228789263,828,73
26035,Clare County,MI,2024,00,All Industries,65487,5070095037,1489,3718
26037,Clinton County,MI,2024,00,All Industries,55659,3996590847,1381,2769
26039,Crawford County,MI,2024,00,All Industries,45830,3033417660,1273,1959
26041,Delta County,MI,2024,00,All Industries,36001,2180652897,1165,1286
26043,Dickinson County,MI,2024,00,All Industries,26172,1438296558,1057,751
26045,Eaton County,MI,2024,00,All Industries,16343,806348643,949,354
26047,Emmet County,MI,2024,00,All Industries,6515,284852875,841,95
26049,Genesee County,MI,2024,00,All Industries,66686,5208587264,1502,3843
26051,Gladwin County,MI,2024,00,All Industries,56857,4121546614,1394,2878
26053,Gogebic County,MI,2024,00,All Industries,47028,3144914389,1286,2050
26055,Grand Traverse County,MI,2024,00,All Industries,37199,2278690588,1178,1360
26057,Gratiot County,MI,2024,00,All Industries,27371,1522930851,1070,809
26059,Hillsdale County,MI,2024,00,All Industries,17542,877518282,962,395
26061,Houghton County,MI,2024,00,All Industries,7713,342514136,854,120
26063,Huron County,MI,2024,00,All Industries,67884,5348642757,1515,3970
26065,Ingham County,MI,2024,00,All Industries,58055,4248143069,1407,2988
26067,Ionia County,MI,2024,00,All Industries,48226,3258051806,1299,2144
26069,Iosco County,MI,2024,00,All Industries,38398,2378430908,1191,1437
26071,Iron County,MI,2024,00,All Industries,28569,1609150876,1083,869
26073,Isabella County,MI,2024,00,All Industries,18740,950279269,975,438
26075,Jackson County,MI,2024,00,All Industries,8911,401816085,867,146
26077,Kalamazoo County,MI,2024,00,All Industries,69082,5490338937,1528,4100
26079,Kalkaska County,MI,2024,00,All Industries,59254,4376454070,1420,3100
26081,Kent County,MI,2024,00,All Industries,49425,3372898152,1312,2239
26083,Keweenaw County,MI,2024,00,All Industries,39596,2479750658,1204,1516
26085,Lake County,MI,2024,00,All Industries,29767,1697011588,1096,931
26087,Lapeer County,MI,2024,00,All Industries,19938,1024680943,988,483
26089,Leelanau County,MI,2024,00,All Industries,10110,462804498,880,174
26091,Lenawee County,MI,2024,00,All Industries,281,11285084,772,3
26093,Livingston County,MI,2024,00,All Industries,60452,4506332585,1434,3215
26095,Luce County,MI,2024,00,All Industries,50623,3489317628,1326,2337
26097,Mackinac County,MI,2024,00,All Industries,40794,2582711096,1218,1597
26099,Macomb County,MI,2024,00,All Industries,30966,1786570683,1110,995
26101,Manistee County,MI,2024,00,All Industries,21137,1100775382,1002,530
26103,Marquette County,MI,2024,00,All Industries,11308,525388506,893,204
26105,Mason County,MI,2024,00,All Industries,1479,60410054,785,16
26107,Mecosta County,MI,2024,00,All Industries,61650,4637851786,1447,3331
26109,Menominee County,MI,2024,00,All Industries,51821,3607377792,1339,2436
26111,Midland County,MI,2024,00,All Industries,41993,2687376217,1231,1680
26113,Missaukee County,MI,2024,00,All Industries,32164,1877713455,1123,1061
26115,Monroe County,MI,2024,00,All Industries,22335,1178459116,1015,580
26117,Montcalm County,MI,2024,00,All Industries,12506,589613202,907,237
26119,Montmorency County,MI,2024,00,All Industries,2677,111175711,799,32
26121,Muskegon County,MI,2024,00,All Industries,62849,4771087589,1460,3450
26123,Newaygo County,MI,2024,00,All Industries,53020,3727148940,1352,2538
26125,Oakland County,MI,2024,00,All Industries,43191,2793618715,1244,1764
26127,Oceana County,MI,2024,00,All Industries,33362,1970496914,1136,1129
26129,Ogemaw County,MI,2024,00,All Industries,23533,1257783537,1028,631
26131,Ontonagon County,MI,2024,00,All Industries,13705,655526416,920,271
26133,Osceola County,MI,2024,00,All Industries,3876,163624271,812,49
26135,Oscoda County,MI,2024,00,All Industries,64047,4905888850,1473,3570
26137,Otsego County,MI,2024,00,All Industries,54218,3848491162,1365,2642
26139,Ottawa County,MI,2024,00,All Industries,44389,2901501899,1257,1851
26141,Presque Isle County,MI,2024,00,All Industries,34561,2064980809,1149,1199
26143,Roscommon County,MI,2024,00,All Industries,24732,1338802778,1041,684
26145,Saginaw County,MI,2024,00,All Industries,14903,723033171,933,308
26147,St. Clair County,MI,2024,00,All Industries,5074,217671987,825,69
26149,St. Joseph County,MI,2024,00,All Industries,65245,5042330798,1486,3693
26151,Sanilac County,MI,2024,00,All Industries,55416,3971474073,1378,2748
26153,Schoolcraft County,MI,2024,00,All Industries,45588,3011091821,1270,1940
26155,Shiawassee County,MI,2024,00,All Industries,35759,2161046328,1162,1271
26157,Tuscola County,MI,2024,00,All Industries,25930,1421409258,1054,740
26159,Van Buren County,MI,2024,00,All Industries,16101,792180613,946,346
26161,Washtenaw County,MI,2024,00,All Industries,6272,273360392,838,91
26163,Wayne County,MI,2024,00,All Industries,66444,5180491401,1499,3818
26165,Wexford County,MI,2024,00,All Industries,56615,4096170021,1391,2856
27001,Aitkin County,MN,2024,00,All Industries,5837,260738240,859,92
27003,Anoka County,MN,2024,00,All Industries,48817,3859151933,1520,2871
27005,Becker County,MN,2024,00,All Industries,41796,3069372033,1412,2165
27007,Beltrami County,MN,2024,00,All Industries,34776,2358526323,1304,1557
27009,Benton County,MN,2024,00,All Industries,27755,1726473546,1196,1048
27011,Big Stone County,MN,2024,00,All Industries,20734,1173287138,1088,637
27013,Blue Earth County,MN,2024,00,All Industries,13714,699018071,980,325
27015,Brown County,MN,2024,00,All Industries,6693,303558785,872,112
27017,Carlton County,MN,2024,00,All Industries,49673,3960835814,1533,2964
27019,Carver County,MN,2024,00,All Industries,42652,3161440515,1425,2246
27021,Cass County,MN,2024,00,All Industries,35632,2440980090,1317,1626
27023,Chippewa County,MN,2024,00,All Industries,28611,1799311914,1209,1105
27025,Chisago County,MN,2024,00,All Industries,21590,1236510107,1101,682
27027,Clay County,MN,2024,00,All Industries,14570,752626325,993,358
27029,Clearwater County,MN,2024,00,All Industries,7549,347551641,885,132
27031,Cook County,MN,2024,00,All Industries,529,21383749,777,6
27033,Cottonwood County,MN,2024,00,All Industries,43508,3254681307,1439,2328
27035,Crow Wing County,MN,2024,00,All Industries,36488,2524606168,1331,1696
27037,Dakota County,MN,2024,00,All Industries,29467,1873322593,1223,1163
27039,Dodge County,MN,2024,00,All Industries,22446,1300905386,1115,728
27041,Douglas County,MN,2024,00,All Industries,15426,807406891,1007,392
27043,Faribault County,MN,2024,00,All Industries,8405,392716807,899,155
27045,Fillmore County,MN,2024,00,All Industries,1385,56934201,791,16
27047,Freeborn County,MN,2024,00,All Industries,44364,3349094409,1452,2412
27049,Goodhue County,MN,2024,00,All Industries,37344,2609404557,1344,1768
27051,Grant County,MN,2024,00,All Industries,30323,1948505582,1236,1223
27053,Hennepin County,MN,2024,00,All Industries,23302,1366472977,1128,776
27055,Houston County,MN,2024,00,All Industries,16282,863359767,1020,428
27057,Hubbard County,MN,2024,00,All Industries,9261,439054284,912,178
27059,Isanti County,MN,2024,00,All Industries,2241,93656964,804,27
27061,Itasca County,MN,2024,00,All Industries,45220,3444679823,1465,2497
27063,Jackson County,MN,2024,00,All Industries,38199,2695304696,1357,1841
27065,Kanabec County,MN,2024,00,All Industries,31179,2024860882,1249,1284
27067,Kandiyohi County,MN,2024,00,All Industries,24158,1433212878,1141,825
27069,Kittson County,MN,2024,00,All Industries,17138,920484954,1033,465
27071,Koochiching County,MN,2024,00,All Industries,10117,486564072,925,204
27073,Lac qui Parle County,MN,2024,00,All Industries,3097,131552037,817,41
27075,Lake County,MN,2024,00,All Industries,46076,3541437548,1478,2584
27077,Lake of the Woods County,MN,2024,00,All Industries,39055,2782447022,1370,1916
27079,Le Sueur County,MN,2024,00,All Industries,32035,2102388494,1262,1347
27081,Lincoln County,MN,2024,00,All Industries,25014,1501125090,1154,876
27083,Lyon County,MN,2024,00,All Industries,17994,978782452,1046,504
27085,McLeod County,MN,2024,00,All Industries,10973,535246171,938,230
27087,Mahnomen County,MN,2024,00,All Industries,3953,170619422,830,55
27089,Marshall County,MN,2024,00,All Industries,46932,3639367583,1491,2672
27091,Martin County,MN,2024,00,All Industries,39911,2870761658,1383,1992
27093,Meeker County,MN,2024,00,All Industries,32891,2181088416,1275,1411
27095,Mille Lacs County,MN,2024,00,All Industries,25870,1570209613,1167,928
27097,Morrison County,MN,2024,00,All Industries,18850,1038252260,1059,544
27099,Mower County,MN,2024,00,All Industries,11829,585100581,951,258
27101,Murray County,MN,2024,00,All Industries,4808,210815271,843,71
27103,Nicollet County,MN,2024,00,All Industries,47788,3738469929,1504,2762
27105,Nobles County,MN,2024,00,All Industries,40767,2960248605,1396,2070
27107,Norman County,MN,2024,00,All Industries,33747,2260960649,1288,1476
27109,Olmsted County,MN,2024,00,All Industries,26726,1640466447,1180,982
27111,Otter Tail County,MN,2024,00,All Industries,19706,1098894380,1072,585
27113,Pennington County,MN,2024,00,All Industries,12685,636127301,964,288
27115,Pine County,MN,2024,00,All Industries,5664,252226592,856,89
27117,Pipestone County,MN,2024,00,All Industries,48644,3838744586,1518,2853
27119,Polk County,MN,2024,00,All Industries,41623,3050907863,1410,2149
27121,Pope County,MN,2024,00,All Industries,34603,2342005192,1302,1543
27123,Ramsey County,MN,2024,00,All Industries,27582,1711895592,1194,1037
27125,Red Lake County,MN,2024,00,All Industries,20562,1160708810,1086,628
27127,Redwood County,MN,2024,00,All Industries,13541,688326333,978,319
27129,Renville County,MN,2024,00,All Industries,6520,294810224,870,108
27131,Rice County,MN,2024,00,All Industries,49500,3940191554,1531,2945
27133,Rock County,MN,2024,00,All Industries,42479,3142739432,1423,2229
27135,Roseau County,MN,2024,00,All Industries,35459,2424222047,1315,1612
27137,St. Louis County,MN,2024,00,All Industries,28438,1784497047,1207,1093
27139,Scott County,MN,2024,00,All Industries,21417,1223638418,1099,673
27141,Sherburne County,MN,2024,00,All Industries,14397,741697675,991,351
27143,Sibley County,MN,2024,00,All Industries,7376,338566167,883,128
27145,Stearns County,MN,2024,00,All Industries,356,14341314,775,4
27147,Steele County,MN,2024,00,All Industries,43335,3235743312,1436,2311
27149,Stevens County,MN,2024,00,All Industries,36315,2507611212,1328,1682
27151,Swift County,MN,2024,00,All Industries,29294,1858270814,1220,1151
27153,Todd County,MN,2024,00,All Industries,22273,1287796785,1112,719
27155,Traverse County,MN,2024,00,All Industries,15253,796241328,1004,385
27157,Wabasha County,MN,2024,00,All Industries,8232,383494421,896,150
27159,Wadena County,MN,2024,00,All Industries,1212,49654854,788,14
27161,Waseca County,MN,2024,00,All Industries,44191,3329919502,1449,2395
27163,Washington County,MN,2024,00,All Industries,37171,2592172688,1341,1753
27165,Watonwan County,MN,2024,00,All Industries,30150,1933216891,1233,1211
27167,Wilkin County,MN,2024,00,All Industries,23129,1353127463,1125,766
27169,Winona County,MN,2024,00,All Industries,16109,851957292,1017,421
27171,Wright County,MN,2024,00,All Industries,9088,429594986,909,173
27173,Yellow Medicine County,MN,2024,00,All Industries,2068,86140704,801,25
28001,Adams County,MS,2024,00,All Industries,54658,4177978176,1470,3036
28003,Alcorn County,MS,2024,00,All Industries,46233,3274317485,1362,2244
28005,Amite County,MS,2024,00,All Industries,37808,2465294191,1254,1569
28007,Attala County,MS,2024,00,All Industries,29384,1750967883,1146,1013
28009,Benton County,MS,2024,00,All Industries,20959,1131213767,1038,576
28011,Bolivar County,MS,2024,00,All Industries,12534,606097047,930,256
28013,Calhoun County,MS,2024,00,All Industries,4110,175660463,822,55
28015,Carroll County,MS,2024,00,All Industries,55685,4294611481,1483,3141
28017,Chickasaw County,MS,2024,00,All Industries,47260,3379413572,1375,2334
28019,Choctaw County,MS,2024,00,All Industries,38836,2558918950,1267,1645
28021,Claiborne County,MS,2024,00,All Industries,30411,1832990218,1159,1075
28023,Clarke County,MS,2024,00,All Industries,21986,1201698882,1051,623
28025,Clay County,MS,2024,00,All Industries,13561,665044944,943,289
28027,Coahoma County,MS,2024,00,All Industries,5137,223071826,835,73
28029,Copiah County,MS,2024,00,All Industries,56712,4412651286,1496,3247
28031,Covington County,MS,2024,00,All Industries,48287,3485916158,1388,2426
28033,DeSoto County,MS,2024,00,All Industries,39863,2653885002,1280,1723
28035,Forrest County,MS,2024,00,All Industries,31438,1916419051,1172,1138
28037,Franklin County,MS,2024,00,All Industries,23013,1273590497,1064,671
28039,George County,MS,2024,00,All Industries,14589,725449065,956,323
28041,Greene County,MS,2024,00,All Industries,6164,271889688,848,93
28043,Grenada County,MS,2024,00,All Industries,57739,4532097589,1509,3356
28045,Hancock County,MS,2024,00,All Industries,49315,3593898119,1401,2520
28047,Harrison County,MS,2024,00,All Industries,40890,2750257553,1293,1802
28049,Hinds County,MS,2024,00,All Industries,32465,2001254383,1185,1203
28051,Holmes County,MS,2024,00,All Industries,24040,1346888611,1077,722
28053,Humphreys County,MS,2024,00,All Industries,15616,787210645,969,359
28055,Issaquena County,MS,2024,00,All Industries,7191,322114050,861,115
28057,Itawamba County,MS,2024,00,All Industries,58766,4652950391,1523,3466
28059,Jackson County,MS,2024,00,All Industries,50342,3703214387,1415,2615
28061,Jasper County,MS,2024,00,All Industries,41917,2848036603,1307,1883
28063,Jefferson County,MS,2024,00,All Industries,33492,2087496215,1199,1270
28065,Jefferson Davis County,MS,2024,00,All Industries,25068,1421649935,1091,774
28067,Jones County,MS,2024,00,All Industries,16643,850378724,983,397
28069,Kemper County,MS,2024,00,All Industries,8218,373744910,875,138
28071,Lafayette County,MS,2024,00,All Industries,59794,4775289555,1536,3577
28073,Lamar County,MS,2024,00,All Industries,51369,3813937155,1428,2713
28075,Lauderdale County,MS,2024,00,All Industries,42944,2947222152,1320,1966
28077,Lawrence County,MS,2024,00,All Industries,34519,2175144545,1212,1338
28079,Leake County,MS,2024,00,All Industries,26095,1497761732,1104,828
28081,Lee County,MS,2024,00,All Industries,17670,914953302,996,437
28083,Leflore County,MS,2024,00,All Industries,9245,426782270,888,164
28085,Lincoln County,MS,2024,00,All Industries,821,33289181,780,9
28087,Lowndes County,MS,2024,00,All Industries,52396,3926066422,1441,2812
28089,Madison County,MS,2024,00,All Industries,43971,3047814200,1333,2051
28091,Marion County,MS,2024,00,All Industries,35547,2264263072,1225,1408
28093,Marshall County,MS,2024,00,All Industries,27122,1575280028,1117,884
28095,Monroe County,MS,2024,00,All Industries,18697,980934380,1009,478
28097,Montgomery County,MS,2024,00,All Industries,10273,481272977,901,191
28099,Neshoba County,MS,2024,00,All Industries,1848,76196506,793,21
28101,Newton County,MS,2024,00,All Industries,53423,4039602188,1454,2913
28103,Noxubee County,MS,2024,00,All Industries,44998,3149812747,1346,2137
28105,Oktibbeha County,MS,2024,00,All Industries,36574,2354725086,1238,1480
28107,Panola County,MS,2024,00,All Industries,28149,1654204822,1130,942
28109,Pearl River County,MS,2024,00,All Industries,19724,1048321956,1022,521
28111,Perry County,MS,2024,00,All Industries,11300,537124019,914,219
28113,Pike County,MS,2024,00,All Industries,2875,120510329,806,36
28115,Pontotoc County,MS,2024,00,All Industries,54450,4154544453,1467,3015
28117,Prentiss County,MS,2024,00,All Industries,46026,3253288477,1359,2226
28119,Quitman County,MS,2024,00,All Industries,37601,2446593598,1251,1554
28121,Rankin County,MS,2024,00,All Industries,29176,1734536116,1143,1001
28123,Scott County,MS,2024,00,All Industries,20751,1117116031,1035,566
28125,Sharkey County,MS,2024,00,All Industries,12327,594381560,927,250
28127,Simpson County,MS,2024,00,All Industries,3902,166230652,819,52
28129,Smith County,MS,2024,00,All Industries,55477,4270893217,1480,3120
28131,Stone County,MS,2024,00,All Industries,47053,3358100708,1372,2316
28133,Sunflower County,MS,2024,00,All Industries,38628,2539868610,1264,1630
28135,Tallahatchie County,MS,2024,00,All Industries,30203,1816273909,1156,1062
28137,Tate County,MS,2024,00,All Industries,21779,1187371125,1048,613
28139,Tippah County,MS,2024,00,All Industries,13354,653045601,940,282
28141,Tishomingo County,MS,2024,00,All Industries,4929,213357474,832,70
28143,Tunica County,MS,2024,00,All Industries,56505,4388726150,1494,3226
28145,Union County,MS,2024,00,All Industries,48080,3464319437,1386,2407
28147,Walthall County,MS,2024,00,All Industries,39655,2634550121,1278,1707
28149,Warren County,MS,2024,00,All Industries,31230,1899418201,1170,1125
28151,Washington County,MS,2024,00,All Industries,22806,1258978883,1062,661
28153,Wayne County,MS,2024,00,All Industries,14381,713116141,954,316
28155,Webster County,MS,2024,00,All Industries,5956,261890795,846,89
28157,Wilkinson County,MS,2024,00,All Industries,57532,4507888597,1507,3334
28159,Winston County,MS,2024,00,All Industries,49107,3571944665,1399,2501
28161,Yalobusha County,MS,2024,00,All Industries,40682,2730638131,1291,1786
28163,Yazoo County,MS,2024,00,All Industries,32258,1984030498,1183,1190
29001,Adair County,MO,2024,00,All Industries,49363,3366911563,1312,2234
29003,Andrew County,MO,2024,00,All Industries,39534,2474461847,1204,1512
29005,Atchison County,MO,2024,00,All Industries,29705,1692420555,1096,927
29007,Audrain County,MO,2024,00,All Industries,19876,1020787687,988,481
29009,Barry County,MO,2024,00,All Industries,10047,459563243,880,173
29011,Barton County,MO,2024,00,All Industries,219,8787348,772,2
29013,Bates County,MO,2024,00,All Industries,60390,4499563157,1433,3209
29015,Benton County,MO,2024,00,All Industries,50561,3483245978,1325,2332
29017,Bollinger County,MO,2024,00,All Industries,40732,2577337224,1217,1592
29019,Boone County,MO,2024,00,All Industries,30903,1781836894,1109,991
29021,Buchanan County,MO,2024,00,All Industries,21074,1096744988,1001,528
29023,Butler County,MO,2024,00,All Industries,11246,522107932,893,203
29025,Caldwell County,MO,2024,00,All Industries,1417,57827257,785,16
29027,Callaway County,MO,2024,00,All Industries,61588,4630997298,1446,3325
29029,Camden County,MO,2024,00,All Industries,51759,3601221081,1338,2431
29031,Cape Girardeau County,MO,2024,00,All Industries,41930,2681853288,1230,1675
29033,Carroll County,MO,2024,00,All Industries,32102,1872952264,1122,1057
29035,Carter County,MO,2024,00,All Industries,22273,1174395703,1014,577
29037,Cass County,MO,2024,00,All Industries,12444,586247567,906,235
29039,Cedar County,MO,2024,00,All Industries,2615,108507854,798,31
29041,Chariton County,MO,2024,00,All Industries,62786,4764072126,1459,3444
29043,Christian County,MO,2024,00,All Industries,52958,3720907132,1351,2533
29045,Clark County,MO,2024,00,All Industries,43129,2788074685,1243,1760
29047,Clay County,MO,2024,00,All Industries,33300,1965650662,1135,1125
29049,Clinton County,MO,2024,00,All Industries,23471,1253635064,1027,628
29051,Cole County,MO,2024,00,All Industries,13642,652027889,919,269
29053,Cooper County,MO,2024,00,All Industries,3814,160871317,811,49
29055,Crawford County,MO,2024,00,All Industries,63985,4898864204,1472,3564
29057,Dade County,MO,2024,00,All Industries,54156,3842164295,1364,2636
29059,Dallas County,MO,2024,00,All Industries,44327,2895872809,1256,1847
29061,Daviess County,MO,2024,00,All Industries,34498,2059989748,1148,1195
29063,DeKalb County,MO,2024,00,All Industries,24669,1334515111,1040,681
29065,Dent County,MO,2024,00,All Industries,14841,719497379,932,306
29067,Douglas County,MO,2024,00,All Industries,5012,214833973,824,68
29069,Dunklin County,MO,2024,00,All Industries,65183,5035221092,1486,3687
29071,Franklin County,MO,2024,00,All Industries,55354,3965062144,1378,2742
29073,Gasconade County,MO,2024,00,All Industries,45525,3005311621,1270,1936
29075,Gentry County,MO,2024,00,All Industries,35697,2156029919,1162,1267
29077,Greene County,MO,2024,00,All Industries,25868,1417090628,1053,737
29079,Grundy County,MO,2024,00,All Industries,16039,788559760,945,344
29081,Harrison County,MO,2024,00,All Industries,6210,270437317,837,90
29083,Henry County,MO,2024,00,All Industries,66381,5173218667,1499,3811
29085,Hickory County,MO,2024,00,All Industries,56553,4089672997,1391,2850
29087,Holt County,MO,2024,00,All Industries,46724,3116457819,1283,2027
29089,Howard County,MO,2024,00,All Industries,36895,2253651065,1175,1341
29091,Howell County,MO,2024,00,All Industries,27066,1501252735,1067,794
29093,Iron County,MO,2024,00,All Industries,17237,859262829,959,385
29095,Jackson County,MO,2024,00,All Industries,7409,327725581,851,113
29097,Jasper County,MO,2024,00,All Industries,67580,5312935546,1512,3938
29099,Jefferson County,MO,2024,00,All Industries,57751,4215852906,1404,2960
29101,Johnson County,MO,2024,00,All Industries,47922,3229178689,1296,2120
29103,Knox County,MO,2024,00,All Industries,38093,2352912897,1188,1417
29105,Laclede County,MO,2024,00,All Industries,28264,1587055529,1080,853
29107,Lafayette County,MO,2024,00,All Industries,18436,931657120,972,427
29109,Lawrence County,MO,2024,00,All Industries,8607,386610984,864,139
29111,Lewis County,MO,2024,00,All Industries,68778,5454215180,1525,4067
29113,Lincoln County,MO,2024,00,All Industries,58949,4343673502,1417,3072
29115,Linn County,MO,2024,00,All Industries,49120,3343540248,1309,2215
29117,Livingston County,MO,2024,00,All Industries,39292,2453877870,1201,1496
29119,McDonald County,MO,2024,00,All Industries,29463,1674555847,1093,915
29121,Macon County,MO,2024,00,All Industries,19634,1005642249,985,472
29123,Madison County,MO,2024,00,All Industries,9805,447137074,877,167
29125,Maries County,MO,2024,00,All Industries,69976,5597135502,1538,4197
29127,Marion County,MO,2024,00,All Industries,60148,4473209156,1430,3186
29129,Mercer County,MO,2024,00,All Industries,50319,3459611247,1322,2312
29131,Miller County,MO,2024,00,All Industries,40490,2556421762,1214,1576
29133,Mississippi County,MO,2024,00,All Industries,30661,1763640701,1106,978
29135,Moniteau County,MO,2024,00,All Industries,20832,1081268064,998,518
29137,Monroe County,MO,2024,00,All Industries,11004,509350140,890,197
29139,Montgomery County,MO,2024,00,All Industries,1175,47788735,782,13
29141,Morgan County,MO,2024,00,All Industries,61346,4604311811,1443,3302
29143,New Madrid County,MO,2024,00,All Industries,51517,3577254864,1335,2411
29145,Newton County,MO,2024,00,All Industries,41688,2660606341,1227,1658
29147,Nodaway County,MO,2024,00,All Industries,31859,1854366242,1119,1044
29149,Oregon County,MO,2024,00,All Industries,22031,1158587156,1011,567
29151,Osage County,MO,2024,00,All Industries,12202,573158289,903,228
29153,Ozark County,MO,2024,00,All Industries,2373,98137846,795,28
29155,Pemiscot County,MO,2024,00,All Industries,62544,4737055154,1457,3420
29157,Perry County,MO,2024,00,All Industries,52715,3696539169,1349,2512
29159,Pettis County,MO,2024,00,All Industries,42887,2766496115,1241,1743
29161,Phelps County,MO,2024,00,All Industries,33058,1946791361,1133,1111
29163,Pike County,MO,2024,00,All Industries,23229,1237495032,1024,618
29165,Platte County,MO,2024,00,All Industries,13400,638607126,916,262
29167,Polk County,MO,2024,00,All Industries,3571,150127645,808,45
29169,Pulaski County,MO,2024,00,All Industries,63743,4871515609,1470,3540
29171,Putnam County,MO,2024,00,All Industries,53914,3817534969,1362,2615
29173,Ralls County,MO,2024,00,All Industries,44085,2873962754,1254,1829
29175,Randolph County,MO,2024,00,All Industries,34256,2040798962,1146,1181
29177,Ray County,MO,2024,00,All Industries,24427,1318043594,1038,670
29179,Reynolds County,MO,2024,00,All Industries,14599,705744993,930,298
29181,Ripley County,MO,2024,00,All Industries,4770,203800857,822,64
29183,St. Charles County,MO,2024,00,All Industries,64941,5007541012,1483,3662
29185,St. Clair County,MO,2024,00,All Industries,55112,3940101334,1375,2721
29186,Ste. Genevieve County,MO,2024,00,All Industries,50198,3447818996,1321,2302
29187,St. Francois County,MO,2024,00,All Industries,45283,2983070080,1267,1918
29189,St. Louis County,MO,2024,00,All Industries,35454,2136447250,1159,1252
29197,Stoddard County,MO,2024,00,All Industries,66139,5145207102,1496,3786
29199,Stone County,MO,2024,00,All Industries,56310,4064308385,1388,2828
29201,Sullivan County,MO,2024,00,All Industries,46482,3093884654,1280,2008
29203,Taney County,MO,2024,00,All Industries,36653,2233797170,1172,1326
29205,Texas County,MO,2024,00,All Industries,26824,1484118109,1064,782
29207,Vernon County,MO,2024,00,All Industries,16995,844847473,956,376
29209,Warren County,MO,2024,00,All Industries,7166,315985261,848,108
29211,Washington County,MO,2024,00,All Industries,67338,5284592358,1509,3912
29213,Wayne County,MO,2024,00,All Industries,57509,4190228987,1401,2937
29215,Webster County,MO,2024,00,All Industries,47680,3206274040,1293,2101
29217,Worth County,MO,2024,00,All Industries,37851,2332727517,1185,1402
29219,Wright County,MO,2024,00,All Industries,28022,1569589419,1077,841
30001,Beaverhead County,MT,2024,00,All Industries,24970,1497596560,1153,873
30003,Big Horn County,MT,2024,00,All Industries,17949,975696344,1045,502
30005,Blaine County,MT,2024,00,All Industries,10929,532711241,937,229
30007,Broadwater County,MT,2024,00,All Industries,3908,168538148,829,54
30009,Carbon County,MT,2024,00,All Industries,46887,3634210551,1491,2667
30011,Carter County,MT,2024,00,All Industries,39867,2866178954,1383,1988
30013,Cascade County,MT,2024,00,All Industries,32846,2176936217,1275,1407
30015,Chouteau County,MT,2024,00,All Industries,25826,1566620510,1167,925
30017,Custer County,MT,2024,00,All Industries,18805,1035104896,1059,542
30019,Daniels County,MT,2024,00,All Industries,11785,582505078,951,257
30021,Dawson County,MT,2024,00,All Industries,4764,208716586,843,70
30023,Deer Lodge County,MT,2024,00,All Industries,47743,3733251640,1504,2757
30025,Fallon County,MT,2024,00,All Industries,40723,2955605329,1396,2066
30027,Fergus County,MT,2024,00,All Industries,33702,2256747193,1288,1473
30029,Flathead County,MT,2024,00,All Industries,26682,1636816772,1180,979
30031,Gallatin County,MT,2024,00,All Industries,19661,1095685758,1072,583
30033,Garfield County,MT,2024,00,All Industries,12641,633471227,964,286
30035,Glacier County,MT,2024,00,All Industries,5620,250067336,856,88
30037,Golden Valley County,MT,2024,00,All Industries,48599,3833465040,1517,2848
30039,Granite County,MT,2024,00,All Industries,41579,3046204015,1409,2145
30041,Hill County,MT,2024,00,All Industries,34558,2337730480,1301,1540
30043,Jefferson County,MT,2024,00,All Industries,27538,1708185345,1193,1034
30045,Judith Basin County,MT,2024,00,All Industries,20517,1157438932,1085,626
30047,Lake County,MT,2024,00,All Industries,13496,685558889,977,317
30049,Lewis and Clark County,MT,2024,00,All Industries,6476,292590396,869,107
30051,Liberty County,MT,2024,00,All Industries,49455,3934850751,1530,2940
30053,Lincoln County,MT,2024,00,All Industries,42435,3137975012,1422,2225
30055,McCone County,MT,2024,00,All Industries,35414,2419886078,1314,1608
30057,Madison County,MT,2024,00,All Industries,28394,1780726228,1206,1090
30059,Meagher County,MT,2024,00,All Industries,21373,1220364416,1098,671
30061,Mineral County,MT,2024,00,All Industries,14352,738868974,990,350
30063,Missoula County,MT,2024,00,All Industries,7332,336285767,882,127
30065,Musselshell County,MT,2024,00,All Industries,311,12517447,774,3
30067,Park County,MT,2024,00,All Industries,43291,3230918319,1435,2307
30069,Petroleum County,MT,2024,00,All Industries,36270,2503213986,1327,1678
30071,Phillips County,MT,2024,00,All Industries,29250,1854439422,1219,1148
30073,Pondera County,MT,2024,00,All Industries,22229,1284462211,1111,716
30075,Powder River County,MT,2024,00,All Industries,15208,793351370,1003,383
30077,Powell County,MT,2024,00,All Industries,8188,381153449,895,149
30079,Prairie County,MT,2024,00,All Industries,1167,47769730,787,13
30081,Ravalli County,MT,2024,00,All Industries,44147,3325033937,1448,2390
30083,Richland County,MT,2024,00,All Industries,37126,2587714205,1340,1750
30085,Roosevelt County,MT,2024,00,All Industries,30105,1929260843,1232,1207
30087,Rosebud County,MT,2024,00,All Industries,23085,1349732317,1124,764
30089,Sanders County,MT,2024,00,All Industries,16064,849006077,1016,419
30091,Sheridan County,MT,2024,00,All Industries,9044,427193441,908,172
30093,Silver Bow County,MT,2024,00,All Industries,2023,84194324,800,24
30095,Stillwater County,MT,2024,00,All Industries,45003,3420321867,1462,2475
30097,Sweet Grass County,MT,2024,00,All Industries,37982,2673386735,1354,1822
30099,Teton County,MT,2024,00,All Industries,30961,2005317974,1246,1268
30101,Toole County,MT,2024,00,All Industries,23941,1416174734,1138,813
30103,Treasure County,MT,2024,00,All Industries,16920,905833095,1030,455
30105,Valley County,MT,2024,00,All Industries,9900,474405745,922,197
30107,Wheatland County,MT,2024,00,All Industries,2879,121791228,814,37
30109,Wibaux County,MT,2024,00,All Industries,45859,3516782106,1475,2562
30111,Yellowstone County,MT,2024,00,All Industries,38838,2760231576,1367,1897
31001,Adams County,NE,2024,00,All Industries,17617,911582432,995,435
31003,Antelope County,NE,2024,00,All Industries,9192,424008697,887,162
31005,Arthur County,NE,2024,00,All Industries,767,31072359,779,8
31007,Banner County,NE,2024,00,All Industries,52343,3920233578,1440,2807
31009,Blaine County,NE,2024,00,All Industries,43918,3042578655,1332,2047
31011,Boone County,NE,2024,00,All Industries,35493,2259561127,1224,1405
31013,Box Butte County,NE,2024,00,All Industries,27069,1571239043,1116,881
31015,Boyd County,NE,2024,00,All Industries,18644,977490693,1008,476
31017,Brown County,NE,2024,00,All Industries,10219,478379739,900,189
31019,Buffalo County,NE,2024,00,All Industries,1794,73906183,792,21
31021,Burt County,NE,2024,00,All Industries,53370,4033696528,1453,2907
31023,Butler County,NE,2024,00,All Industries,44945,3144504385,1345,2133
31025,Cass County,NE,2024,00,All Industries,36520,2349949640,1237,1477
31027,Cedar County,NE,2024,00,All Industries,28096,1650091021,1129,939
31029,Chase County,NE,2024,00,All Industries,19671,1044805452,1021,519
31031,Cherry County,NE,2024,00,All Industries,11246,534157280,913,218
31033,Cheyenne County,NE,2024,00,All Industries,2822,118188386,805,35
31035,Clay County,NE,2024,00,All Industries,54397,4148565976,1467,3010
31037,Colfax County,NE,2024,00,All Industries,45972,3247836615,1359,2221
31039,Cuming County,NE,2024,00,All Industries,37548,2441809683,1251,1550
31041,Custer County,NE,2024,00,All Industries,29123,1730349499,1143,998
31043,Dakota County,NE,2024,00,All Industries,20698,1113526711,1035,564
31045,Dawes County,NE,2024,00,All Industries,12273,591341321,927,248
31047,Dawson County,NE,2024,00,All Industries,3849,163835893,819,51
31049,Deuel County,NE,2024,00,All Industries,55424,4264841924,1480,3114
31051,Dixon County,NE,2024,00,All Industries,46999,3352575344,1372,2311
31053,Dodge County,NE,2024,00,All Industries,38575,2535011878,1264,1626
31055,Douglas County,NE,2024,00,All Industries,30150,1812014475,1156,1059
31057,Dundy County,NE,2024,00,All Industries,21725,1183654469,1048,611
31059,Fillmore County,NE,2024,00,All Industries,13301,649980727,940,280
31061,Franklin County,NE,2024,00,All Industries,4876,210889898,832,69
31063,Frontier County,NE,2024,00,All Industries,56451,4382524371,1493,3220
31065,Furnas County,NE,2024,00,All Industries,48027,3458792590,1385,2402
31067,Gage County,NE,2024,00,All Industries,39602,2629620572,1277,1703
31069,Garden County,NE,2024,00,All Industries,31177,1895085951,1169,1122
31071,Garfield County,NE,2024,00,All Industries,22752,1255188726,1061,659
31073,Gosper County,NE,2024,00,All Industries,14328,709978450,953,314
31075,Grant County,NE,2024,00,All Industries,5903,259350403,845,88
31077,Greeley County,NE,2024,00,All Industries,57478,4501613317,1506,3328
31079,Hall County,NE,2024,00,All Industries,49054,3566345002,1398,2496
31081,Hamilton County,NE,2024,00,All Industries,40629,2725635765,1290,1782
31083,Harlan County,NE,2024,00,All Industries,32204,1979563926,1182,1186
31085,Hayes County,NE,2024,00,All Industries,23780,1328185336,1074,709
31087,Hitchcock County,NE,2024,00,All Industries,15355,771382673,966,350
31089,Holt County,NE,2024,00,All Industries,6930,309217407,858,109
31091,Hooker County,NE,2024,00,All Industries,58505,4622108762,1519,3437
31093,Howard County,NE,2024,00,All Industries,50081,3675303913,1411,2591
31095,Jefferson County,NE,2024,00,All Industries,41656,2823057458,1303,1863
31097,Johnson County,NE,2024,00,All Industries,33231,2065448399,1195,1253
31099,Kearney County,NE,2024,00,All Industries,24807,1402533276,1087,761
31101,Keith County,NE,2024,00,All Industries,16382,834193394,979,387
31103,Keya Paha County,NE,2024,00,All Industries,7957,360490910,871,132
31105,Kimball County,NE,2024,00,All Industries,59533,4744090394,1532,3549
31107,Knox County,NE,2024,00,All Industries,51108,3785669323,1424,2688
31109,Lancaster County,NE,2024,00,All Industries,42683,2921885649,1316,1945
31111,Lincoln County,NE,2024,00,All Industries,34259,2152802211,1208,1321
31113,Logan County,NE,2024,00,All Industries,25834,1478287715,1100,814
31115,Loup County,NE,2024,00,All Industries,17409,898410615,992,427
31117,McPherson County,NE,2024,00,All Industries,8984,413170912,884,157
31119,Madison County,NE,2024,00,All Industries,560,22608978,776,6
31121,Merrick County,NE,2024,00,All Industries,52135,3897441232,1438,2786
31123,Morrill County,NE,2024,00,All Industries,43710,3022120340,1330,2029
31125,Nance County,NE,2024,00,All Industries,35286,2241500368,1222,1390
31127,Nemaha County,NE,2024,00,All Industries,26861,1555448653,1114,870
31129,Nuckolls County,NE,2024,00,All Industries,18436,964034334,1006,468
31131,Otoe County,NE,2024,00,All Industries,10012,467304087,898,184
31133,Pawnee County,NE,2024,00,All Industries,1587,65158946,790,18
31135,Perkins County,NE,2024,00,All Industries,53162,4010619641,1451,2887
31137,Phelps County,NE,2024,00,All Industries,44738,3123831355,1343,2115
31139,Pierce County,NE,2024,00,All Industries,36313,2331605024,1235,1462
31141,Platte County,NE,2024,00,All Industries,27888,1634016090,1127,927
31143,Polk County,NE,2024,00,All Industries,19463,1031064553,1019,510
31145,Red Willow County,NE,2024,00,All Industries,11039,522797772,911,212
31147,Richardson County,NE,2024,00,All Industries,2614,109115412,803,32
31149,Rock County,NE,2024,00,All Industries,54189,4125204548,1464,2989
31151,Saline County,NE,2024,00,All Industries,45765,3226879728,1356,2203
31153,Sarpy County,NE,2024,00,All Industries,37340,2423116179,1248,1535
31155,Saunders County,NE,2024,00,All Industries,28915,1713990026,1140,986
31157,Scotts Bluff County,NE,2024,00,All Industries,20491,1099554931,1032,555
31159,Seward County,NE,2024,00,All Industries,12066,579697956,924,242
31161,Sheridan County,NE,2024,00,All Industries,3641,154478377,816,47
31163,Sherman County,NE,2024,00,All Industries,55216,4241195955,1477,3093
31165,Sioux County,NE,2024,00,All Industries,46792,3331334601,1369,2292
31167,Stanton County,NE,2024,00,All Industries,38367,2516033833,1261,1610
31169,Thayer County,NE,2024,00,All Industries,29942,1795370462,1153,1047
31171,Thomas County,NE,2024,00,All Industries,21518,1169398833,1045,601
31173,Thurston County,NE,2024,00,All Industries,13093,638004639,937,274
31175,Valley County,NE,2024,00,All Industries,4668,201247841,829,65
31177,Washington County,NE,2024,00,All Industries,56244,4358671356,1490,3199
31179,Wayne County,NE,2024,00,All Industries,47819,3437195973,1382,2384
31181,Webster County,NE,2024,00,All Industries,39394,2610357986,1274,1687
31183,Wheeler County,NE,2024,00,All Industries,30970,1878218043,1166,1109
31185,York County,NE,2024,00,All Industries,22545,1240649233,1058,649
32001,Churchill County,NV,2024,00,All Industries,6148,267518652,837,88
32003,Clark County,NV,2024,00,All Industries,66319,5166028310,1498,3805
32005,Douglas County,NV,2024,00,All Industries,56490,4083108102,1390,2844
32007,Elko County,NV,2024,00,All Industries,46662,3110662982,1282,2022
32009,Esmeralda County,NV,2024,00,All Industries,36833,2248554006,1174,1337
32011,Eureka County,NV,2024,00,All Industries,27004,1496853454,1066,791
32013,Humboldt County,NV,2024,00,All Industries,17175,855561326,958,382
32015,Lander County,NV,2024,00,All Industries,7346,324677622,850,112
32017,Lincoln County,NV,2024,00,All Industries,67517,5305581511,1511,3931
32019,Lyon County,NV,2024,00,All Industries,57689,4209275230,1403,2954
32021,Mineral County,NV,2024,00,All Industries,47860,3223298792,1295,2115
32023,Nye County,NV,2024,00,All Industries,38031,2347730778,1187,1413
32027,Pershing County,NV,2024,00,All Industries,18373,927820021,971,425
32029,Storey County,NV,2024,00,All Industries,8545,383522162,863,138
32031,Washoe County,NV,2024,00,All Industries,68716,5446854666,1524,4060
32033,White Pine County,NV,2024,00,All Industries,58887,4337010766,1416,3066
32510,Carson City,NV,2024,00,All Industries,24716,1337712903,1041,684
33001,Belknap County,NH,2024,00,All Industries,44102,3320076221,1448,2386
33003,Carroll County,NH,2024,00,All Industries,37082,2583328588,1340,1746
33005,Cheshire County,NH,2024,00,All Industries,30061,1925372044,1232,1204
33007,Coos County,NH,2024,00,All Industries,23040,1346281869,1124,761
33009,Grafton County,NH,2024,00,All Industries,16020,846110879,1016,417
33011,Hillsborough County,NH,2024,00,All Industries,8999,424747827,908,171
33013,Merrimack County,NH,2024,00,All Industries,1979,82292727,800,24
33015,Rockingham County,NH,2024,00,All Industries,44958,3415302893,1461,2471
33017,Strafford County,NH,2024,00,All Industries,37938,2668940546,1353,1819
33019,Sullivan County,NH,2024,00,All Industries,30917,2001368603,1245,1265
34001,Atlantic County,NJ,2024,00,All Industries,40576,2720637170,1289,1778
34003,Bergen County,NJ,2024,00,All Industries,32151,1975162628,1181,1183
34005,Burlington County,NJ,2024,00,All Industries,23726,1324325483,1073,706
34007,Camden County,NJ,2024,00,All Industries,15302,768175936,965,348
34009,Cape May County,NJ,2024,00,All Industries,6877,306607968,857,108
34011,Cumberland County,NJ,2024,00,All Industries,58452,4615842789,1519,3432
34013,Essex County,NJ,2024,00,All Industries,50027,3669561852,1411,2586
34015,Gloucester County,NJ,2024,00,All Industries,41603,2817986046,1303,1858
34017,Hudson County,NJ,2024,00,All Industries,33178,2060974286,1195,1249
34019,Hunterdon County,NJ,2024,00,All Industries,24753,1398599922,1087,758
34021,Mercer County,NJ,2024,00,All Industries,16329,830913841,979,385
34023,Middlesex County,NJ,2024,00,All Industries,7904,357808654,871,131
34025,Monmouth County,NJ,2024,00,All Industries,59479,4737671917,1532,3543
34027,Morris County,NJ,2024,00,All Industries,51055,3779927797,1424,2683
34029,Ocean County,NJ,2024,00,All Industries,42630,2916741421,1316,1941
34031,Passaic County,NJ,2024,00,All Industries,34205,2148192442,1208,1317
34033,Salem County,NJ,2024,00,All Industries,25780,1474280860,1100,812
34035,Somerset County,NJ,2024,00,All Industries,17356,895058245,992,425
34037,Sussex County,NJ,2024,00,All Industries,8931,410415840,884,156
34039,Union County,NJ,2024,00,All Industries,506,20410832,776,5
34041,Warren County,NJ,2024,00,All Industries,52082,3891626890,1437,2781
35001,Bernalillo County,NM,2024,00,All Industries,32933,1937087640,1131,1104
35003,Catron County,NM,2024,00,All Industries,23105,1229245686,1023,612
35005,Chaves County,NM,2024,00,All Industries,13276,631753336,915,259
35006,Cibola County,NM,2024,00,All Industries,8361,374387931,861,134
35007,Colfax County,NM,2024,00,All Industries,3447,144669410,807,43
35009,Curry County,NM,2024,00,All Industries,63618,4857437566,1468,3527
35011,De Baca County,NM,2024,00,All Industries,53789,3804858098,1360,2605
35013,Dona Ana County,NM,2024,00,All Industries,43960,2862687055,1252,1820
35015,Eddy County,NM,2024,00,All Industries,34132,2030983939,1144,1173
35017,Grant County,NM,2024,00,All Industries,24303,1309624127,1036,665
35019,Guadalupe County,NM,2024,00,All Industries,14474,698672739,928,294
35021,Harding County,NM,2024,00,All Industries,4645,198129775,820,62
35023,Hidalgo County,NM,2024,00,All Industries,64816,4993292162,1481,3649
35025,Lea County,NM,2024,00,All Industries,54988,3927325078,1373,2710
35027,Lincoln County,NM,2024,00,All Industries,45159,2971689380,1265,1908
35028,Los Alamos County,NM,2024,00,All Industries,40244,2535243191,1211,1559
35029,Luna County,NM,2024,00,All Industries,35330,2126462106,1157,1245
35031,McKinley County,NM,2024,00,All Industries,25501,1391643255,1049,720
35033,Mora County,NM,2024,00,All Industries,15672,767232829,941,332
35035,Otero County,NM,2024,00,All Industries,5844,253274167,833,83
35037,Quay County,NM,2024,00,All Industries,66015,5130865169,1495,3773
35039,Rio Arriba County,NM,2024,00,All Industries,56186,4051362008,1387,2817
35041,Roosevelt County,NM,2024,00,All Industries,46357,3082267272,1279,1999
35043,Sandoval County,NM,2024,00,All Industries,36528,2223580960,1171,1318
35045,San Juan County,NM,2024,00,All Industries,26700,1475358328,1063,776
35047,San Miguel County,NM,2024,00,All Industries,16871,837483248,955,372
35049,Santa Fe County,NM,2024,00,All Industries,7042,310016591,847,106
35051,Sierra County,NM,2024,00,All Industries,67213,5270001825,1508,3899
35053,Socorro County,NM,2024,00,All Industries,57384,4177039626,1400,2926
35055,Taos County,NM,2024,00,All Industries,47555,3194485851,1292,2091
35057,Torrance County,NM,2024,00,All Industries,37727,2322402059,1184,1394
35059,Union County,NM,2024,00,All Industries,27898,1560659516,1076,835
35061,Valencia County,NM,2024,00,All Industries,18069,909325397,968,414
36001,Albany County,NY,2024,00,All Industries,13235,669528057,973,308
36003,Allegany County,NY,2024,00,All Industries,6214,279451197,865,101
36005,Bronx County,NY,2024,00,All Industries,49193,3903698859,1526,2912
36007,Broome County,NY,2024,00,All Industries,42173,3109765340,1418,2200
36009,Cattaraugus County,NY,2024,00,All Industries,35152,2394618836,1310,1587
36011,Cayuga County,NY,2024,00,All Industries,28132,1758401207,1202,1073
36013,Chautauqua County,NY,2024,00,All Industries,21111,1200981825,1094,657
36015,Chemung County,NY,2024,00,All Industries,14091,722480085,986,339
36017,Chenango County,NY,2024,00,All Industries,7070,322787826,878,121
36019,Clinton County,NY,2024,00,All Industries,49,1961937,770,1
36021,Columbia County,NY,2024,00,All Industries,43029,3202349906,1431,2282
36023,Cortland County,NY,2024,00,All Industries,36008,2477588003,1323,1657
36025,Delaware County,NY,2024,00,All Industries,28988,1831755659,1215,1130
36027,Dutchess County,NY,2024,00,All Industries,21967,1264720879,1107,702
36029,Erie County,NY,2024,00,All Industries,14947,776604425,999,373
36031,Essex County,NY,2024,00,All Industries,7926,367296767,891,142
36033,Franklin County,NY,2024,00,All Industries,905,36855478,783,10
36035,Fulton County,NY,2024,00,All Industries,43885,3296106783,1444,2365
36037,Genesee County,NY,2024,00,All Industries,36864,2561729480,1336,1728
36039,Greene County,NY,2024,00,All Industries,29844,1906282423,1228,1189
36041,Hamilton County,NY,2024,00,All Industries,22823,1329632243,1120,749
36043,Herkimer County,NY,2024,00,All Industries,15802,831848433,1012,408
36045,Jefferson County,NY,2024,00,All Industries,8782,412978018,904,165
36047,Kings County,NY,2024,00,All Industries,1761,72921330,796,21
36049,Lewis County,NY,2024,00,All Industries,44741,3391035970,1458,2449
36051,Livingston County,NY,2024,00,All Industries,37720,2647043269,1350,1800
36053,Madison County,NY,2024,00,All Industries,30700,1981981497,1242,1249
36055,Monroe County,NY,2024,00,All Industries,23679,1395715918,1134,797
36057,Montgomery County,NY,2024,00,All Industries,16658,888316709,1026,444
36059,Nassau County,NY,2024,00,All Industries,9638,459831580,918,189
36061,New York County,NY,2024,00,All Industries,2617,110159493,809,33
36063,Niagara County,NY,2024,00,All Industries,45597,3487137469,1471,2535
36065,Oneida County,NY,2024,00,All Industries,38576,2733529368,1363,1874
36067,Onondaga County,NY,2024,00,All Industries,31556,2058852882,1255,1311
36069,Ontario County,NY,2024,00,All Industries,24535,1462971904,1147,847
36071,Orange County,NY,2024,00,All Industries,17514,945957296,1039,482
36073,Orleans County,NY,2024,00,All Industries,10494,507857452,931,215
36075,Oswego County,NY,2024,00,All Industries,3473,148569967,823,47
36077,Otsego County,NY,2024,00,All Industries,46453,3584411278,1484,2622
36079,Putnam County,NY,2024,00,All Industries,39432,2821187779,1376,1949
36081,Queens County,NY,2024,00,All Industries,32411,2136830649,1268,1375
36083,Rensselaer County,NY,2024,00,All Industries,25391,1531400201,1160,899
36085,Richmond County,NY,2024,00,All Industries,18370,1004770194,1052,521
36087,Rockland County,NY,2024,00,All Industries,11350,557055636,944,242
36089,St. Lawrence County,NY,2024,00,All Industries,4329,188152751,836,62
36091,Saratoga County,NY,2024,00,All Industries,47309,3682857398,1497,2711
36093,Schenectady County,NY,2024,00,All Industries,40288,2910018500,1389,2026
36095,Schoharie County,NY,2024,00,All Industries,33267,2216045971,1281,1439
36097,Schuyler County,NY,2024,00,All Industries,26247,1601000809,1173,951
36099,Seneca County,NY,2024,00,All Industries,19226,1064755403,1065,562
36101,Steuben County,NY,2024,00,All Industries,12206,607426130,957,271
36103,Suffolk County,NY,2024,00,All Industries,5185,228907847,849,79
36105,Sullivan County,NY,2024,00,All Industries,48165,3782475829,1510,2801
36107,Tioga County,NY,2024,00,All Industries,41144,3000021532,1402,2104
36109,Tompkins County,NY,2024,00,All Industries,34123,2296433604,1294,1506
36111,Ulster County,NY,2024,00,All Industries,27103,1671773728,1186,1006
36113,Warren County,NY,2024,00,All Industries,20082,1125912922,1078,604
36115,Washington County,NY,2024,00,All Industries,13062,658968936,970,301
36117,Wayne County,NY,2024,00,All Industries,6041,270835253,862,97
36119,Westchester County,NY,2024,00,All Industries,49020,3883187354,1523,2893
36121,Wyoming County,NY,2024,00,All Industries,42000,3091196874,1415,2184
36123,Yates County,NY,2024,00,All Industries,34979,2377993547,1307,1573
37001,Alamance County,NC,2024,00,All Industries,3534,149687274,815,46
37003,Alexander County,NC,2024,00,All Industries,55110,4229134141,1476,3082
37005,Alleghany County,NC,2024,00,All Industries,46685,3320396189,1368,2283
37007,Anson County,NC,2024,00,All Industries,38260,2506295633,1260,1602
37009,Ashe County,NC,2024,00,All Industries,29836,1786892365,1152,1040
37011,Avery County,NC,2024,00,All Industries,21411,1162060987,1044,596
37013,Beaufort County,NC,2024,00,All Industries,12986,631867005,936,270
37015,Bertie County,NC,2024,00,All Industries,4562,196353462,828,63
37017,Bladen County,NC,2024,00,All Industries,56137,4346386414,1489,3188
37019,Brunswick County,NC,2024,00,All Industries,47712,3426111243,1381,2374
37021,Buncombe County,NC,2024,00,All Industries,39288,2600539660,1273,1679
37023,Burke County,NC,2024,00,All Industries,30863,1869533667,1165,1102
37025,Cabarrus County,NC,2024,00,All Industries,22438,1233165070,1057,644
37027,Caldwell County,NC,2024,00,All Industries,14013,691433870,949,304
37029,Camden County,NC,2024,00,All Industries,5589,244383792,841,82
37031,Carteret County,NC,2024,00,All Industries,57164,4465045185,1502,3295
37033,Caswell County,NC,2024,00,All Industries,48739,3533232796,1394,2467
37035,Catawba County,NC,2024,00,All Industries,40315,2696124680,1286,1758
37037,Chatham County,NC,2024,00,All Industries,31890,1953581467,1178,1166
37039,Cherokee County,NC,2024,00,All Industries,23465,1305675652,1070,693
37041,Chowan County,NC,2024,00,All Industries,15041,752457260,962,339
37043,Clay County,NC,2024,00,All Industries,6616,293820622,854,103
37045,Cleveland County,NC,2024,00,All Industries,58191,4585110456,1515,3404
37047,Columbus County,NC,2024,00,All Industries,49767,3641834026,1407,2562
37049,Craven County,NC,2024,00,All Industries,41342,2793116198,1299,1838
37051,Cumberland County,NC,2024,00,All Industries,32917,2039035767,1191,1232
37053,Currituck County,NC,2024,00,All Industries,24492,1379592733,1083,745
37055,Dare County,NC,2024,00,All Industries,16068,814837808,975,376
37057,Davidson County,NC,2024,00,All Industries,7643,344663951,867,125
37059,Davie County,NC,2024,00,All Industries,59218,4706582226,1528,3515
37061,Duplin County,NC,2024,00,All Industries,50794,3751769262,1420,2658
37063,Durham County,NC,2024,00,All Industries,42369,2891514216,1312,1920
37065,Edgecombe County,NC,2024,00,All Industries,33944,2125896566,1204,1300
37067,Forsyth County,NC,2024,00,All Industries,25520,1454973327,1096,798
37069,Franklin County,NC,2024,00,All Industries,17095,878624854,988,414
37071,Gaston County,NC,2024,00,All Industries,8670,396913779,880,149
37073,Gates County,NC,2024,00,All Industries,246,9880264,772,3
37075,Graham County,NC,2024,00,All Industries,51821,3863110997,1434,2756
37077,Granville County,NC,2024,00,All Industries,43396,2991318732,1326,2003
37079,Greene County,NC,2024,00,All Industries,34971,2214163864,1218,1369
37081,Guilford County,NC,2024,00,All Industries,26547,1531704091,1110,853
37083,Halifax County,NC,2024,00,All Industries,18122,943818400,1002,455
37085,Harnett County,NC,2024,00,All Industries,9697,450570106,894,175
37087,Haywood County,NC,2024,00,All Industries,1273,52000057,786,14
37089,Henderson County,NC,2024,00,All Industries,52848,3975859232,1447,2856
37091,Hertford County,NC,2024,00,All Industries,44423,3092529748,1339,2089
37093,Hoke County,NC,2024,00,All Industries,35999,2303901660,1231,1440
37095,Hyde County,NC,2024,00,All Industries,27574,1609841354,1123,909
37097,Iredell County,NC,2024,00,All Industries,19149,1010418445,1015,497
37099,Jackson County,NC,2024,00,All Industries,10724,505632932,907,203
37101,Johnston County,NC,2024,00,All Industries,2300,95526349,799,27
37103,Jones County,NC,2024,00,All Industries,53875,4090013965,1460,2958
37105,Lee County,NC,2024,00,All Industries,45450,3195147263,1352,2176
37107,Lenoir County,NC,2024,00,All Industries,37026,2394982641,1244,1513
37109,Lincoln County,NC,2024,00,All Industries,28601,1689385117,1136,968
37111,McDowell County,NC,2024,00,All Industries,20176,1078424988,1028,541
37113,Macon County,NC,2024,00,All Industries,11752,562150091,920,233
37115,Madison County,NC,2024,00,All Industries,3327,140459140,812,42
37117,Martin County,NC,2024,00,All Industries,54902,4205575197,1473,3061
37119,Mecklenburg County,NC,2024,00,All Industries,46478,3299242262,1365,2265
37121,Mitchell County,NC,2024,00,All Industries,38053,2487470122,1257,1587
37123,Montgomery County,NC,2024,00,All Industries,29628,1770335378,1149,1028
37125,Moore County,NC,2024,00,All Industries,21203,1147838031,1041,587
37127,Nash County,NC,2024,00,All Industries,12779,620026600,933,264
37129,New Hanover County,NC,2024,00,All Industries,4354,186798431,825,59
37131,Northampton County,NC,2024,00,All Industries,55929,4322542929,1486,3166
37133,Onslow County,NC,2024,00,All Industries,47505,3404673460,1378,2356
37135,Orange County,NC,2024,00,All Industries,39080,2581364101,1270,1664
37137,Pamlico County,NC,2024,00,All Industries,30655,1852692138,1162,1090
37139,Pasquotank County,NC,2024,00,All Industries,22231,1218712394,1054,634
37141,Pender County,NC,2024,00,All Industries,13806,679309609,946,297
37143,Perquimans County,NC,2024,00,All Industries,5381,234544220,838,78
37145,Person County,NC,2024,00,All Industries,56957,4440995131,1499,3273
37147,Pitt County,NC,2024,00,All Industries,48532,3511511156,1391,2448
37149,Polk County,NC,2024,00,All Industries,40107,2676664579,1283,1742
37151,Randolph County,NC,2024,00,All Industries,31682,1936455398,1175,1153
37153,Richmond County,NC,2024,00,All Industries,23258,1290939119,1067,683
37155,Robeson County,NC,2024,00,All Industries,14833,739999116,959,332
37157,Rockingham County,NC,2024,00,All Industries,6408,283696509,851,98
37159,Rowan County,NC,2024,00,All Industries,57984,4560776545,1513,3382
37161,Rutherford County,NC,2024,00,All Industries,49559,3619755352,1405,2542
37163,Sampson County,NC,2024,00,All Industries,41134,2773371556,1297,1821
37165,Scotland County,NC,2024,00,All Industries,32710,2021686963,1189,1219
37167,Stanly County,NC,2024,00,All Industries,24285,1364572344,1081,734
37169,Stokes County,NC,2024,00,All Industries,15860,802095122,973,368
37171,Surry County,NC,2024,00,All Industries,7436,334300254,865,120
37173,Swain County,NC,2024,00,All Industries,59011,4681964459,1526,3492
37175,Transylvania County,NC,2024,00,All Industries,50586,3729406047,1418,2638
37177,Tyrrell County,NC,2024,00,All Industries,42161,2871485033,1310,1903
37179,Union County,NC,2024,00,All Industries,33737,2108263906,1202,1286
37181,Vance County,NC,2024,00,All Industries,25312,1439612068,1094,787
37183,Wake County,NC,2024,00,All Industries,16887,865597627,986,407
37185,Warren County,NC,2024,00,All Industries,8463,386266225,878,144
37187,Washington County,NC,2024,00,All Industries,38,1520961,770,1
37189,Watauga County,NC,2024,00,All Industries,51613,3840463241,1431,2736
37191,Wayne County,NC,2024,00,All Industries,43189,2971073800,1323,1986
37193,Wilkes County,NC,2024,00,All Industries,34764,2196247347,1215,1355
37195,Wilson County,NC,2024,00,All Industries,26339,1516058291,1107,842
37197,Yadkin County,NC,2024,00,All Industries,17914,930506632,999,447
37199,Yancey County,NC,2024,00,All Industries,9490,439638696,891,170
38001,Adams County,ND,2024,00,All Industries,59719,4426669293,1425,3145
38003,Barnes County,ND,2024,00,All Industries,49890,3417889603,1317,2277
38005,Benson County,ND,2024,00,All Industries,40061,2519518338,1209,1547
38007,Billings County,ND,2024,00,All Industries,30232,1731555496,1101,955
38009,Bottineau County,ND,2024,00,All Industries,20403,1054001079,993,501
38011,Bowman County,ND,2024,00,All Industries,10575,486901129,885,186
38013,Burke County,ND,2024,00,All Industries,746,30157943,777,8
38015,Burleigh County,ND,2024,00,All Industries,60917,4557184597,1439,3260
38017,Cass County,ND,2024,00,All Industries,51088,3534945869,1331,2375
38019,Cavalier County,ND,2024,00,All Industries,41259,2623115565,1223,1629
38021,Dickey County,ND,2024,00,All Industries,31431,1821751646,1115,1020
38023,Divide County,ND,2024,00,All Industries,21602,1130732574,1007,549
38025,Dunn County,ND,2024,00,All Industries,11773,550121926,899,217
38027,Eddy County,ND,2024,00,All Industries,1944,79919703,791,22
38029,Emmons County,ND,2024,00,All Industries,62115,4689340588,1452,3377
38031,Foster County,ND,2024,00,All Industries,52287,3653712700,1344,2476
38033,Golden Valley County,ND,2024,00,All Industries,42458,2728417742,1236,1712
38035,Grand Forks County,ND,2024,00,All Industries,32629,1913531208,1128,1087
38037,Grant County,ND,2024,00,All Industries,22800,1209053098,1020,599
38039,Griggs County,ND,2024,00,All Industries,12971,614983412,912,250
38041,Hettinger County,ND,2024,00,All Industries,3143,131363945,804,38
38043,Kidder County,ND,2024,00,All Industries,63314,4823213446,1465,3496
38045,LaMoure County,ND,2024,00,All Industries,53485,3774051025,1357,2578
38047,Logan County,ND,2024,00,All Industries,43656,2835297029,1249,1798
38049,McHenry County,ND,2024,00,All Industries,33827,2006951456,1141,1156
38051,McIntosh County,ND,2024,00,All Industries,23998,1289014308,1033,651
38053,McKenzie County,ND,2024,00,All Industries,14170,681533681,925,285
38055,McLean County,ND,2024,00,All Industries,4341,184407764,817,57
38057,Mercer County,ND,2024,00,All Industries,64512,4958651496,1478,3618
38059,Morton County,ND,2024,00,All Industries,54683,3896030038,1370,2683
38061,Mountrail County,ND,2024,00,All Industries,44854,2943817003,1262,1886
38063,Nelson County,ND,2024,00,All Industries,35026,2102072407,1154,1227
38065,Oliver County,ND,2024,00,All Industries,25197,1370670604,1046,705
38067,Pembina County,ND,2024,00,All Industries,15368,749677226,938,322
38069,Pierce County,ND,2024,00,All Industries,5539,239092271,830,77
38071,Ramsey County,ND,2024,00,All Industries,65710,5095730234,1491,3741
38073,Ransom County,ND,2024,00,All Industries,55882,4019721670,1383,2789
38075,Renville County,ND,2024,00,All Industries,46053,3054043980,1275,1975
38077,Richland County,ND,2024,00,All Industries,36224,2198774715,1167,1300
38079,Rolette County,ND,2024,00,All Industries,26395,1453913874,1059,762
38081,Sargent County,ND,2024,00,All Industries,16566,819461457,951,362
38083,Sheridan County,ND,2024,00,All Industries,6738,295461315,843,100
38085,Sioux County,ND,2024,00,All Industries,66909,5234527893,1504,3867
38087,Slope County,ND,2024,00,All Industries,57080,4144982742,1396,2898
38089,Stark County,ND,2024,00,All Industries,47251,3165846014,1288,2067
38091,Steele County,ND,2024,00,All Industries,37422,2297117711,1180,1375
38093,Stutsman County,ND,2024,00,All Industries,27593,1538797832,1072,820
38095,Towner County,ND,2024,00,All Industries,17765,890936528,964,403
38097,Traill County,ND,2024,00,All Industries,7936,353427881,856,124
38099,Walsh County,ND,2024,00,All Industries,68107,5374888690,1518,3994
38101,Ward County,ND,2024,00,All Industries,58278,4271884501,1410,3009
38103,Wells County,ND,2024,00,All Industries,48449,3279288735,1302,2161
38105,Williams County,ND,2024,00,All Industries,38621,2397163463,1194,1452
39001,Adams County,OH,2024,00,All Industries,32367,2132778670,1267,1371
39003,Allen County,OH,2024,00,All Industries,25346,1527784728,1159,896
39005,Ashland County,OH,2024,00,All Industries,18326,1001711816,1051,519
39007,Ashtabula County,OH,2024,00,All Industries,11305,554444996,943,241
39009,Athens County,OH,2024,00,All Industries,4285,186087974,835,61
39011,Auglaize County,OH,2024,00,All Industries,47264,3677673399,1496,2707
39013,Belmont County,OH,2024,00,All Industries,40244,2905409130,1388,2022
39015,Brown County,OH,2024,00,All Industries,33223,2211933420,1280,1436
39017,Butler County,OH,2024,00,All Industries,26202,1597324078,1172,949
39019,Carroll County,OH,2024,00,All Industries,19182,1061636452,1064,560
39021,Champaign County,OH,2024,00,All Industries,12161,604754234,956,270
39023,Clark County,OH,2024,00,All Industries,5141,226782497,848,78
39025,Clermont County,OH,2024,00,All Industries,48120,3777230573,1510,2797
39027,Clinton County,OH,2024,00,All Industries,41100,2995351590,1402,2100
39029,Columbiana County,OH,2024,00,All Industries,34079,2292260480,1294,1502
39031,Coshocton County,OH,2024,00,All Industries,27058,1668035740,1186,1003
39033,Crawford County,OH,2024,00,All Industries,20038,1122733400,1078,602
39035,Cuyahoga County,OH,2024,00,All Industries,13017,656235782,969,300
39037,Darke County,OH,2024,00,All Industries,5997,268649331,861,96
39039,Defiance County,OH,2024,00,All Industries,48976,3877960058,1523,2888
39041,Delaware County,OH,2024,00,All Industries,41955,3086392796,1415,2180
39043,Erie County,OH,2024,00,All Industries,34935,2373759852,1307,1570
39045,Fairfield County,OH,2024,00,All Industries,27914,1739919713,1199,1058
39047,Fayette County,OH,2024,00,All Industries,20894,1185002658,1091,645
39049,Franklin County,OH,2024,00,All Industries,13873,708889641,983,331
39051,Fulton County,OH,2024,00,All Industries,6853,311688476,875,115
39053,Gallia County,OH,2024,00,All Industries,49832,3979861853,1536,2982
39055,Geauga County,OH,2024,00,All Industries,42811,3178679193,1428,2261
39057,Greene County,OH,2024,00,All Industries,35791,2456431534,1320,1639
39059,Guernsey County,OH,2024,00,All Industries,28770,1812975996,1212,1115
39061,Hamilton County,OH,2024,00,All Industries,21750,1248444227,1104,691
39063,Hancock County,OH,2024,00,All Industries,14729,762715811,996,364
39065,Hardin County,OH,2024,00,All Industries,7709,355899932,888,137
39067,Harrison County,OH,2024,00,All Industries,688,27898638,780,7
39069,Henry County,OH,2024,00,All Industries,43667,3272137900,1441,2343
39071,Highland County,OH,2024,00,All Industries,36647,2540275527,1333,1709
39073,Hocking County,OH,2024,00,All Industries,29626,1887204590,1225,1174
39075,Holmes County,OH,2024,00,All Industries,22606,1313058107,1117,737
39077,Huron County,OH,2024,00,All Industries,15585,817714292,1009,399
39079,Jackson County,OH,2024,00,All Industries,8564,401236847,901,159
39081,Jefferson County,OH,2024,00,All Industries,1544,63667006,793,18
39083,Knox County,OH,2024,00,All Industries,44523,3366768918,1454,2428
39085,Lake County,OH,2024,00,All Industries,37503,2625291831,1346,1781
39087,Lawrence County,OH,2024,00,All Industries,30482,1962605495,1238,1234
39089,Licking County,OH,2024,00,All Industries,23462,1378844297,1130,785
39091,Logan County,OH,2024,00,All Industries,16441,873885083,1022,435
39093,Lorain County,OH,2024,00,All Industries,9420,447792239,914,183
39095,Lucas County,OH,2024,00,All Industries,2400,100607684,806,30
39097,Madison County,OH,2024,00,All Industries,45379,3462572247,1467,2513
39099,Mahoning County,OH,2024,00,All Industries,38359,2711480446,1359,1855
39101,Marion County,OH,2024,00,All Industries,31338,2039178711,1251,1295
39103,Medina County,OH,2024,00,All Industries,24318,1445802799,1143,835
39105,Meigs County,OH,2024,00,All Industries,17297,931228186,1035,472
39107,Mercer County,OH,2024,00,All Industries,10276,495519943,927,208
39109,Miami County,OH,2024,00,All Industries,3256,138720673,819,43
39111,Monroe County,OH,2024,00,All Industries,46235,3559547887,1481,2600
39113,Montgomery County,OH,2024,00,All Industries,39215,2798841372,1373,1930
39115,Morgan County,OH,2024,00,All Industries,32194,2116924237,1265,1358
39117,Morrow County,OH,2024,00,All Industries,25173,1513873472,1157,885
39119,Muskingum County,OH,2024,00,All Industries,18153,989743599,1049,511
39121,Noble County,OH,2024,00,All Industries,11132,544419957,940,235
39123,Ottawa County,OH,2024,00,All Industries,4112,178005973,832,58
39125,Paulding County,OH,2024,00,All Industries,47091,3657695838,1494,2688
39127,Perry County,OH,2024,00,All Industries,40071,2887374608,1386,2006
39129,Pickaway County,OH,2024,00,All Industries,33050,2195842075,1278,1423
39131,Pike County,OH,2024,00,All Industries,26029,1583175911,1170,938
39133,Portage County,OH,2024,00,All Industries,19009,1049431323,1062,551
39135,Preble County,OH,2024,00,All Industries,11988,594492282,954,264
39137,Putnam County,OH,2024,00,All Industries,4968,218463584,846,74
39139,Richland County,OH,2024,00,All Industries,47947,3757016100,1507,2778
39141,Ross County,OH,2024,00,All Industries,40927,2977080155,1399,2084
39143,Sandusky County,OH,2024,00,All Industries,33906,2275932223,1291,1489
39145,Scioto County,OH,2024,00,All Industries,26885,1653650660,1183,992
39147,Seneca County,OH,2024,00,All Industries,19865,1110291358,1075,593
39149,Shelby County,OH,2024,00,All Industries,12844,645736918,967,293
39151,Stark County,OH,2024,00,All Industries,5824,260093506,859,92
39153,Summit County,OH,2024,00,All Industries,48803,3857508672,1520,2870
39155,Trumbull County,OH,2024,00,All Industries,41782,3067884588,1412,2164
39157,Tuscarawas County,OH,2024,00,All Industries,34762,2357194682,1304,1556
39159,Union County,OH,2024,00,All Industries,27741,1725297720,1196,1047
39161,Van Wert County,OH,2024,00,All Industries,20721,1172323704,1088,637
39163,Vinton County,OH,2024,00,All Industries,13700,698153865,980,325
39165,Warren County,OH,2024,00,All Industries,6680,302895738,872,111
39167,Washington County,OH,2024,00,All Industries,49659,3959173555,1533,2963
39169,Wayne County,OH,2024,00,All Industries,42638,3159934072,1425,2244
39171,Williams County,OH,2024,00,All Industries,35618,2439629452,1317,1625
39173,Wood County,OH,2024,00,All Industries,28597,1798117091,1209,1104
39175,Wyandot County,OH,2024,00,All Industries,21577,1235528361,1101,681
40001,Adair County,OK,2024,00,All Industries,26493,1527646215,1109,850
40003,Alfalfa County,OK,2024,00,All Industries,18069,940415485,1001,453
40005,Atoka County,OK,2024,00,All Industries,9644,447764488,893,174
40007,Beaver County,OK,2024,00,All Industries,1219,49750889,785,13
40009,Beckham County,OK,2024,00,All Industries,52795,3969994343,1446,2851
40011,Blaine County,OK,2024,00,All Industries,44370,3087262158,1338,2084
40013,Bryan County,OK,2024,00,All Industries,35945,2299167369,1230,1436
40015,Caddo County,OK,2024,00,All Industries,27521,1605768324,1122,906
40017,Canadian County,OK,2024,00,All Industries,19096,1006942713,1014,495
40019,Carter County,OK,2024,00,All Industries,10671,502754498,906,202
40021,Cherokee County,OK,2024,00,All Industries,2246,93203680,798,27
40023,Choctaw County,OK,2024,00,All Industries,53822,4084076260,1459,2952
40025,Cimarron County,OK,2024,00,All Industries,45397,3189806856,1351,2171
40027,Cleveland County,OK,2024,00,All Industries,36972,2390174849,1243,1509
40029,Coal County,OK,2024,00,All Industries,28548,1685239270,1135,965
40031,Comanche County,OK,2024,00,All Industries,20123,1074876440,1027,539
40033,Cotton County,OK,2024,00,All Industries,11698,559151007,919,231
40035,Craig County,OK,2024,00,All Industries,3274,138105153,811,42
40037,Creek County,OK,2024,00,All Industries,54849,4199564676,1472,3055
40039,Custer County,OK,2024,00,All Industries,46424,3293758054,1364,2260
40041,Delaware County,OK,2024,00,All Industries,38000,2482654161,1256,1583
40043,Dewey County,OK,2024,00,All Industries,29575,1766116715,1148,1025
40045,Ellis County,OK,2024,00,All Industries,21150,1144216667,1040,584
40047,Garfield County,OK,2024,00,All Industries,12725,616954015,932,262
40049,Garvin County,OK,2024,00,All Industries,4301,184371627,824,58
40051,Grady County,OK,2024,00,All Industries,55876,4316459592,1486,3161
40053,Grant County,OK,2024,00,All Industries,47451,3399115750,1378,2351
40055,Greer County,OK,2024,00,All Industries,39027,2576475324,1270,1660
40057,Harmon County,OK,2024,00,All Industries,30602,1848400659,1162,1086
40059,Harper County,OK,2024,00,All Industries,22177,1214963392,1054,632
40061,Haskell County,OK,2024,00,All Industries,13753,676212690,946,295
40063,Hughes County,OK,2024,00,All Industries,5328,232044600,838,77
40065,Jackson County,OK,2024,00,All Industries,56903,4434761006,1499,3267
40067,Jefferson County,OK,2024,00,All Industries,48478,3505879946,1391,2443
40069,Johnston County,OK,2024,00,All Industries,40054,2671702985,1283,1737
40071,Kay County,OK,2024,00,All Industries,31629,1932091103,1175,1150
40073,Kingfisher County,OK,2024,00,All Industries,23204,1287116617,1067,681
40075,Kiowa County,OK,2024,00,All Industries,14780,736829381,959,330
40077,Latimer County,OK,2024,00,All Industries,6355,281124072,851,97
40079,Le Flore County,OK,2024,00,All Industries,57930,4554468919,1512,3376
40081,Lincoln County,OK,2024,00,All Industries,49506,3614123644,1404,2537
40083,Logan County,OK,2024,00,All Industries,41081,2768337146,1296,1817
40085,Love County,OK,2024,00,All Industries,32656,2017188045,1188,1215
40087,McClain County,OK,2024,00,All Industries,24232,1360732495,1080,732
40089,McCurtain County,OK,2024,00,All Industries,15807,798852571,972,366
40091,McIntosh County,OK,2024,00,All Industries,7382,331610043,864,119
40093,Major County,OK,2024,00,All Industries,58957,4675583332,1525,3486
40095,Marshall County,OK,2024,00,All Industries,50533,3723701523,1417,2633
40097,Mayes County,OK,2024,00,All Industries,42108,2866377806,1309,1899
40099,Murray County,OK,2024,00,All Industries,33683,2103691486,1201,1282
40101,Muskogee County,OK,2024,00,All Industries,25259,1435699402,1093,784
40103,Noble County,OK,2024,00,All Industries,16834,862282259,985,404
40105,Nowata County,OK,2024,00,All Industries,8409,383502513,877,143
40107,Okfuskee County,OK,2024,00,All Industries,59985,4798184233,1538,3598
40109,Oklahoma County,OK,2024,00,All Industries,51560,3834685901,1430,2731
40111,Okmulgee County,OK,2024,00,All Industries,43135,2965824965,1322,1982
40113,Osage County,OK,2024,00,All Industries,34711,2191664567,1214,1351
40115,Ottawa County,OK,2024,00,All Industries,26286,1512072809,1106,839
40117,Pawnee County,OK,2024,00,All Industries,17861,927118448,998,444
40119,Payne County,OK,2024,00,All Industries,9436,436801483,890,169
40121,Pittsburg County,OK,2024,00,All Industries,1012,41162590,782,11
40123,Pontotoc County,OK,2024,00,All Industries,52587,3947076777,1443,2830
40125,Pottawatomie County,OK,2024,00,All Industries,44162,3066678623,1335,2067
40127,Pushmataha County,OK,2024,00,All Industries,35738,2280981691,1227,1422
40129,Roger Mills County,OK,2024,00,All Industries,27313,1589852715,1119,895
40131,Rogers County,OK,2024,00,All Industries,18888,993361135,1011,486
40133,Seminole County,OK,2024,00,All Industries,10464,491553927,903,196
40135,Sequoyah County,OK,2024,00,All Industries,2039,84331524,795,24
40137,Stephens County,OK,2024,00,All Industries,53614,4060874153,1457,2932
40139,Texas County,OK,2024,00,All Industries,45189,3168938781,1349,2154
40141,Tillman County,OK,2024,00,All Industries,36765,2371705315,1241,1494
40143,Tulsa County,OK,2024,00,All Industries,28340,1669039119,1133,953
40145,Wagoner County,OK,2024,00,All Industries,19915,1061010321,1025,530
40147,Washington County,OK,2024,00,All Industries,11491,547666579,917,225
40149,Washita County,OK,2024,00,All Industries,3066,128906958,809,38
40151,Woods County,OK,2024,00,All Industries,54641,4176078028,1470,3034
40153,Woodward County,OK,2024,00,All Industries,46217,3272676248,1362,2242
41001,Baker County,OR,2024,00,All Industries,16504,815807591,951,360
41003,Benton County,OR,2024,00,All Industries,6675,292461376,843,99
41005,Clackamas County,OR,2024,00,All Industries,66846,5227221879,1504,3860
41007,Clatsop County,OR,2024,00,All Industries,57018,4138452703,1396,2892
41009,Columbia County,OR,2024,00,All Industries,47189,3160013753,1288,2062
41011,Coos County,OR,2024,00,All Industries,37360,2291983228,1180,1371
41013,Crook County,OR,2024,00,All Industries,27531,1534361127,1072,817
41015,Curry County,OR,2024,00,All Industries,17702,887147449,964,401
41017,Deschutes County,OR,2024,00,All Industries,7874,350386695,856,123
41019,Douglas County,OR,2024,00,All Industries,68045,5367575813,1517,3988
41021,Gilliam County,OR,2024,00,All Industries,58216,4265269401,1409,3003
41023,Grant County,OR,2024,00,All Industries,48387,3273371414,1301,2156
41025,Harney County,OR,2024,00,All Industries,38558,2391881850,1193,1448
41027,Hood River County,OR,2024,00,All Industries,28730,1620857128,1085,877
41029,Jackson County,OR,2024,00,All Industries,18901,960178796,977,444
41031,Jefferson County,OR,2024,00,All Industries,9072,409908888,869,150
41033,Josephine County,OR,2024,00,All Industries,69243,5509492237,1530,4117
41035,Klamath County,OR,2024,00,All Industries,59414,4393726787,1422,3116
41037,Lake County,OR,2024,00,All Industries,49586,3388438096,1314,2252
41039,Lane County,OR,2024,00,All Industries,39757,2493483878,1206,1527
41041,Lincoln County,OR,2024,00,All Industries,29928,1708938084,1098,939
41043,Linn County,OR,2024,00,All Industries,20099,1034800714,990,490
41045,Malheur County,OR,2024,00,All Industries,10270,471071768,882,178
41047,Marion County,OR,2024,00,All Industries,441,17751246,774,5
41049,Morrow County,OR,2024,00,All Industries,60613,4523899496,1435,3230
41051,Multnomah County,OR,2024,00,All Industries,50784,3505077816,1327,2350
41053,Polk County,OR,2024,00,All Industries,40955,2596664560,1219,1608
41055,Sherman County,OR,2024,00,All Industries,31126,1798659727,1111,1003
41057,Tillamook County,OR,2024,00,All Industries,21297,1111063319,1003,537
41059,Umatilla County,OR,2024,00,All Industries,11469,533921889,895,209
41061,Union County,OR,2024,00,All Industries,1640,67136712,787,18
41063,Wallowa County,OR,2024,00,All Industries,61811,4655638942,1448,3347
41065,Wasco County,OR,2024,00,All Industries,51982,3623358223,1340,2450
41067,Washington County,OR,2024,00,All Industries,42153,2701485929,1232,1691
41069,Wheeler County,OR,2024,00,All Industries,32325,1890080529,1124,1070
41071,Yamhill County,OR,2024,00,All Industries,22496,1189019467,1016,586
42001,Adams County,PA,2024,00,All Industries,1499,61758116,792,17
42003,Allegheny County,PA,2024,00,All Industries,44479,3361859853,1454,2423
42005,Armstrong County,PA,2024,00,All Industries,37458,2620809582,1346,1778
42007,Beaver County,PA,2024,00,All Industries,30438,1958690031,1238,1231
42009,Bedford County,PA,2024,00,All Industries,23417,1375366882,1129,783
42011,Berks County,PA,2024,00,All Industries,16397,870963220,1021,433
42013,Blair County,PA,2024,00,All Industries,9376,445367194,913,182
42015,Bradford County,PA,2024,00,All Industries,2355,98637537,805,29
42017,Bucks County,PA,2024,00,All Industries,45335,3457602610,1467,2509
42019,Butler County,PA,2024,00,All Industries,38314,2706936940,1359,1851
42021,Cambria County,PA,2024,00,All Industries,31294,2035202674,1251,1292
42023,Cameron County,PA,2024,00,All Industries,24273,1442264127,1143,832
42025,Carbon County,PA,2024,00,All Industries,17252,928191948,1035,470
42027,Centre County,PA,2024,00,All Industries,10232,493034325,927,207
42029,Chester County,PA,2024,00,All Industries,3211,136689269,819,42
42031,Clarion County,PA,2024,00,All Industries,46191,3554517678,1480,2596
42033,Clearfield County,PA,2024,00,All Industries,39170,2794236609,1372,1926
42035,Clinton County,PA,2024,00,All Industries,32150,2112887629,1264,1355
42037,Columbia County,PA,2024,00,All Industries,25129,1510333682,1156,883
42039,Crawford County,PA,2024,00,All Industries,18108,986646105,1048,509
42041,Cumberland County,PA,2024,00,All Industries,11088,541873767,940,234
42043,Dauphin County,PA,2024,00,All Industries,4067,175913313,832,57
42045,Delaware County,PA,2024,00,All Industries,47047,3652605057,1493,2684
42047,Elk County,PA,2024,00,All Industries,40026,2882708588,1385,2002
42049,Erie County,PA,2024,00,All Industries,33006,2191744894,1277,1419
42051,Fayette County,PA,2024,00,All Industries,25985,1579575548,1169,935
42053,Forest County,PA,2024,00,All Industries,18964,1046272572,1061,549
42055,Franklin County,PA,2024,00,All Industries,11944,591885520,953,262
42057,Fulton County,PA,2024,00,All Industries,4923,216309666,845,73
42059,Greene County,PA,2024,00,All Industries,47903,3751864746,1506,2774
42061,Huntingdon County,PA,2024,00,All Industries,40882,2972352879,1398,2080
42063,Indiana County,PA,2024,00,All Industries,33861,2271707381,1290,1485
42065,Jefferson County,PA,2024,00,All Industries,26841,1649989725,1182,989
42067,Juniata County,PA,2024,00,All Industries,19820,1107071350,1074,591
42069,Lackawanna County,PA,2024,00,All Industries,12800,643069584,966,292
42071,Lancaster County,PA,2024,00,All Industries,5779,257878331,858,91
42073,Lawrence County,PA,2024,00,All Industries,48759,3852296746,1519,2865
42075,Lebanon County,PA,2024,00,All Industries,41738,3063169480,1411,2159
42077,Lehigh County,PA,2024,00,All Industries,34717,2352908583,1303,1552
42079,Luzerne County,PA,2024,00,All Industries,27697,1721576213,1195,1044
42081,Lycoming County,PA,2024,00,All Industries,20676,1169042439,1087,634
42083,McKean County,PA,2024,00,All Industries,13656,695425959,979,323
42085,Mercer County,PA,2024,00,All Industries,6635,300619307,871,110
42087,Mifflin County,PA,2024,00,All Industries,49615,3953901057,1533,2958
42089,Monroe County,PA,2024,00,All Industries,42594,3155158392,1425,2240
42091,Montgomery County,PA,2024,00,All Industries,35573,2435282096,1317,1621
42093,Montour County,PA,2024,00,All Industries,28553,1794335012,1209,1101
42095,Northampton County,PA,2024,00,All Industries,21532,1232185839,1100,679
42097,Northumberland County,PA,2024,00,All Industries,14512,748954644,992,356
42099,Perry County,PA,2024,00,All Industries,7491,344532593,884,131
42101,Philadelphia County,PA,2024,00,All Industries,471,19017288,776,5
42103,Pike County,PA,2024,00,All Industries,43450,3248319615,1438,2322
42105,Potter County,PA,2024,00,All Industries,36429,2518827920,1330,1691
42107,Schuylkill County,PA,2024,00,All Industries,29409,1868266121,1222,1159
42109,Snyder County,PA,2024,00,All Industries,22388,1296501549,1114,725
42111,Somerset County,PA,2024,00,All Industries,15368,803655640,1006,390
42113,Sullivan County,PA,2024,00,All Industries,8347,389618190,898,153
42115,Susquehanna County,PA,2024,00,All Industries,1326,54447110,790,15
42117,Tioga County,PA,2024,00,All Industries,44306,3342653148,1451,2406
42119,Union County,PA,2024,00,All Industries,37285,2603546054,1343,1763
42121,Venango County,PA,2024,00,All Industries,30265,1943369542,1235,1219
42123,Warren County,PA,2024,00,All Industries,23244,1361989570,1127,773
42125,Washington County,PA,2024,00,All Industries,16224,859528947,1019,425
42127,Wayne County,PA,2024,00,All Industries,9203,435876098,911,177
42129,Westmoreland County,PA,2024,00,All Industries,2182,91089619,803,27
42131,Wyoming County,PA,2024,00,All Industries,45162,3438158993,1464,2491
42133,York County,PA,2024,00,All Industries,38141,2689436500,1356,1836
44001,Bristol County,RI,2024,00,All Industries,43289,2802392573,1245,1771
44003,Kent County,RI,2024,00,All Industries,33461,1978226563,1137,1134
44005,Newport County,RI,2024,00,All Industries,23632,1264404239,1029,635
44007,Providence County,RI,2024,00,All Industries,13803,660990340,921,274
44009,Washington County,RI,2024,00,All Industries,3974,167984865,813,51
45001,Abbeville County,SC,2024,00,All Industries,20632,1165820880,1087,632
45003,Aiken County,SC,2024,00,All Industries,13611,692650293,979,321
45005,Allendale County,SC,2024,00,All Industries,6591,298391348,871,109
45007,Anderson County,SC,2024,00,All Industries,49570,3948552033,1532,2953
45009,Bamberg County,SC,2024,00,All Industries,42550,3150385842,1424,2236
45011,Barnwell County,SC,2024,00,All Industries,35529,2431006364,1316,1618
45013,Beaufort County,SC,2024,00,All Industries,28508,1790493256,1208,1098
45015,Berkeley County,SC,2024,00,All Industries,21488,1228903707,1100,677
45017,Calhoun County,SC,2024,00,All Industries,14467,746117722,992,354
45019,Charleston County,SC,2024,00,All Industries,7447,342244063,884,130
45021,Cherokee County,SC,2024,00,All Industries,426,17185200,776,4
45023,Chester County,SC,2024,00,All Industries,43405,3243411768,1437,2318
45025,Chesterfield County,SC,2024,00,All Industries,36385,2514491616,1329,1688
45027,Clarendon County,SC,2024,00,All Industries,29364,1864363108,1221,1156
45029,Colleton County,SC,2024,00,All Industries,22344,1293158846,1113,723
45031,Darlington County,SC,2024,00,All Industries,15323,800757461,1005,388
45033,Dillon County,SC,2024,00,All Industries,8303,387269088,897,152
45035,Dorchester County,SC,2024,00,All Industries,1282,52594826,789,14
45037,Edgefield County,SC,2024,00,All Industries,44261,3337684045,1450,2402
45039,Fairfield County,SC,2024,00,All Industries,37241,2599149178,1342,1759
45041,Florence County,SC,2024,00,All Industries,30220,1939405272,1234,1215
45043,Georgetown County,SC,2024,00,All Industries,23200,1358586295,1126,770
45045,Greenville County,SC,2024,00,All Industries,16179,856569511,1018,424
45047,Greenwood County,SC,2024,00,All Industries,9159,433466424,910,175
45049,Hampton County,SC,2024,00,All Industries,2138,89176762,802,26
45051,Horry County,SC,2024,00,All Industries,45117,3433128632,1463,2487
45053,Jasper County,SC,2024,00,All Industries,38097,2684979052,1355,1832
45055,Kershaw County,SC,2024,00,All Industries,31076,2015619746,1247,1276
45057,Lancaster County,SC,2024,00,All Industries,24056,1425186055,1139,819
45059,Laurens County,SC,2024,00,All Industries,17035,913553872,1031,461
45061,Lee County,SC,2024,00,All Industries,10014,480788059,923,200
45063,Lexington County,SC,2024,00,All Industries,2994,126931010,815,39
45065,McCormick County,SC,2024,00,All Industries,45973,3529745531,1477,2573
45067,Marion County,SC,2024,00,All Industries,38953,2771981236,1369,1907
45069,Marlboro County,SC,2024,00,All Industries,31932,2093006531,1260,1339
45071,Newberry County,SC,2024,00,All Industries,24912,1492958126,1152,870
45073,Oconee County,SC,2024,00,All Industries,17891,971710544,1044,499
45075,Orangeburg County,SC,2024,00,All Industries,10870,529329332,936,227
45077,Pickens County,SC,2024,00,All Industries,3850,165857569,828,53
45079,Richland County,SC,2024,00,All Industries,46829,3627534740,1490,2661
45081,Saluda County,SC,2024,00,All Industries,39809,2860155731,1382,1983
45083,Spartanburg County,SC,2024,00,All Industries,32788,2171565627,1274,1403
45085,Sumter County,SC,2024,00,All Industries,25768,1561902507,1166,922
45087,Union County,SC,2024,00,All Industries,18747,1031039527,1058,539
45089,Williamsburg County,SC,2024,00,All Industries,11726,579042915,950,255
45091,York County,SC,2024,00,All Industries,4706,205956438,842,69
46003,Aurora County,SD,2024,00,All Industries,3986,170033396,820,53
46005,Beadle County,SD,2024,00,All Industries,55562,4280562499,1482,3128
46007,Bennett County,SD,2024,00,All Industries,47137,3366747285,1374,2323
46009,Bon Homme County,SD,2024,00,All Industries,38712,2547569468,1266,1636
46011,Brookings County,SD,2024,00,All Industries,30288,1823089240,1158,1067
46013,Brown County,SD,2024,00,All Industries,21863,1193180600,1050,617
46015,Brule County,SD,2024,00,All Industries,13438,657909357,942,285
46017,Buffalo County,SD,2024,00,All Industries,5014,217318853,834,71
46019,Butte County,SD,2024,00,All Industries,56589,4398433739,1495,3234
46021,Campbell County,SD,2024,00,All Industries,48164,3473081307,1387,2415
46023,Charles Mix County,SD,2024,00,All Industries,39740,2642432764,1279,1713
46025,Clark County,SD,2024,00,All Industries,31315,1906349509,1171,1130
46027,Clay County,SD,2024,00,All Industries,22890,1264903651,1063,666
46029,Codington County,SD,2024,00,All Industries,14465,718095189,955,319
46031,Corson County,SD,2024,00,All Industries,6041,265968151,847,91
46033,Custer County,SD,2024,00,All Industries,57616,4517711478,1508,3342
46035,Davison County,SD,2024,00,All Industries,49191,3580821827,1400,2508
46037,Day County,SD,2024,00,All Industries,40767,2738636751,1292,1793
46039,Deuel County,SD,2024,00,All Industries,32342,1991016277,1184,1195
46041,Dewey County,SD,2024,00,All Industries,23917,1338033200,1076,716
46043,Douglas County,SD,2024,00,All Industries,15493,779737849,968,355
46045,Edmunds County,SD,2024,00,All Industries,7068,316023949,860,112
46047,Fall River County,SD,2024,00,All Industries,58643,4638395717,1521,3452
46049,Faulk County,SD,2024,00,All Industries,50219,3690042326,1413,2604
46051,Grant County,SD,2024,00,All Industries,41794,2836247237,1305,1874
46053,Gregory County,SD,2024,00,All Industries,33369,2077089545,1197,1262
46055,Haakon County,SD,2024,00,All Industries,24944,1412569249,1089,768
46057,Hamlin County,SD,2024,00,All Industries,16520,842737363,981,393
46059,Hand County,SD,2024,00,All Industries,8095,367486245,873,136
46061,Hanson County,SD,2024,00,All Industries,59670,4760486454,1534,3564
46063,Harding County,SD,2024,00,All Industries,51246,3800596530,1426,2701
46065,Hughes County,SD,2024,00,All Industries,42821,2935264222,1318,1956
46067,Hutchinson County,SD,2024,00,All Industries,34396,2164569311,1210,1330
46069,Hyde County,SD,2024,00,All Industries,25972,1488569111,1102,822
46071,Jackson County,SD,2024,00,All Industries,17547,907143378,994,432
46073,Jerauld County,SD,2024,00,All Industries,9122,420355040,886,161
46075,Jones County,SD,2024,00,All Industries,697,28204100,778,7
46077,Kingsbury County,SD,2024,00,All Industries,52273,3912557233,1439,2800
46079,Lake County,SD,2024,00,All Industries,43848,3035687706,1331,2041
46081,Lawrence County,SD,2024,00,All Industries,35423,2253455577,1223,1400
46083,Lincoln County,SD,2024,00,All Industries,26999,1565918843,1115,877
46085,Lyman County,SD,2024,00,All Industries,18574,972955891,1007,473
46087,McCook County,SD,2024,00,All Industries,10149,474630335,899,187
46089,McPherson County,SD,2024,00,All Industries,1725,70983326,791,20
46091,Marshall County,SD,2024,00,All Industries,53300,4025924434,1453,2900
46093,Meade County,SD,2024,00,All Industries,44875,3137517690,1345,2127
46095,Mellette County,SD,2024,00,All Industries,36451,2343812642,1237,1472
46097,Miner County,SD,2024,00,All Industries,28026,1644675074,1129,935
46099,Minnehaha County,SD,2024,00,All Industries,19601,1040174903,1021,516
46101,Moody County,SD,2024,00,All Industries,11176,530312129,913,216
46103,Oglala Lakota County,SD,2024,00,All Industries,2752,115128586,805,34
46105,Pennington County,SD,2024,00,All Industries,54327,4140698135,1466,3003
46107,Perkins County,SD,2024,00,All Industries,45902,3240754172,1358,2215
46109,Potter County,SD,2024,00,All Industries,37478,2435512590,1250,1545
46111,Roberts County,SD,2024,00,All Industries,29053,1724837804,1142,994
46113,Sanborn County,SD,2024,00,All Industries,20628,1108800414,1034,561
46115,Spink County,SD,2024,00,All Industries,12204,587448557,926,246
46117,Stanley County,SD,2024,00,All Industries,3779,160680345,818,50
46119,Sully County,SD,2024,00,All Industries,55354,4256878335,1479,3107
46121,Todd County,SD,2024,00,All Industries,46930,3345468440,1371,2305
46123,Tripp County,SD,2024,00,All Industries,38505,2528619038,1263,1621
46125,Turner County,SD,2024,00,All Industries,30080,1806407033,1155,1055
46127,Union County,SD,2024,00,All Industries,21655,1178832425,1047,607
46129,Walworth County,SD,2024,00,All Industries,13231,645944034,939,278
46135,Yankton County,SD,2024,00,All Industries,47957,3451518605,1384,2396
46137,Ziebach County,SD,2024,00,All Industries,39532,2623131984,1276,1698
47001,Anderson County,TN,2024,00,All Industries,75,3003207,770,1
47003,Bedford County,TN,2024,00,All Industries,60246,4483886474,1431,3195
47005,Benton County,TN,2024,00,All Industries,50417,3469185235,1323,2320
47007,Bledsoe County,TN,2024,00,All Industries,40588,2564892420,1215,1583
47009,Blount County,TN,2024,00,All Industries,30760,1771065606,1107,983
47011,Bradley County,TN,2024,00,All Industries,20931,1087584023,999,522
47013,Campbell County,TN,2024,00,All Industries,11102,514510864,891,199
47015,Cannon County,TN,2024,00,All Industries,1273,51846129,783,14
47017,Carroll County,TN,2024,00,All Industries,61444,4615123628,1444,3311
47019,Carter County,TN,2024,00,All Industries,51616,3587032845,1336,2419
47021,Cheatham County,TN,2024,00,All Industries,41787,2669275376,1228,1665
47023,Chester County,TN,2024,00,All Industries,31958,1861926331,1120,1049
47025,Claiborne County,TN,2024,00,All Industries,22129,1164985709,1012,571
47027,Clay County,TN,2024,00,All Industries,12300,578453512,904,231
47029,Cocke County,TN,2024,00,All Industries,2471,102329739,796,29
47031,Coffee County,TN,2024,00,All Industries,62643,4748077265,1458,3429
47033,Crockett County,TN,2024,00,All Industries,52814,3706452333,1350,2521
47035,Cumberland County,TN,2024,00,All Industries,42985,2775235826,1242,1750
47037,Davidson County,TN,2024,00,All Industries,33156,1954427742,1134,1117
47039,Decatur County,TN,2024,00,All Industries,23327,1244028083,1026,622
47041,DeKalb County,TN,2024,00,All Industries,13499,644084561,918,265
47043,Dickson County,TN,2024,00,All Industries,3670,154496134,810,46
47045,Dyer County,TN,2024,00,All Industries,63841,4882596479,1471,3550
47047,Fayette County,TN,2024,00,All Industries,54012,3827512509,1363,2624
47049,Fentress County,TN,2024,00,All Industries,44183,2882836963,1255,1836
47051,Franklin County,TN,2024,00,All Industries,34355,2048629473,1147,1187
47053,Gibson County,TN,2024,00,All Industries,24526,1324765159,1039,675
47055,Giles County,TN,2024,00,All Industries,14697,711309269,931,301
47057,Grainger County,TN,2024,00,All Industries,4868,208261803,823,66
47059,Greene County,TN,2024,00,All Industries,65039,5018756380,1484,3672
47061,Grundy County,TN,2024,00,All Industries,55211,3950284921,1376,2729
47063,Hamblen County,TN,2024,00,All Industries,45382,2992144720,1268,1925
47065,Hamilton County,TN,2024,00,All Industries,35553,2144412944,1160,1258
47067,Hancock County,TN,2024,00,All Industries,25724,1407089592,1052,730
47069,Hardeman County,TN,2024,00,All Industries,15895,780174664,944,339
47071,Hardin County,TN,2024,00,All Industries,6066,263668160,836,87
47073,Hawkins County,TN,2024,00,All Industries,66238,5156634818,1497,3796
47075,Haywood County,TN,2024,00,All Industries,56409,4074627155,1389,2837
47077,Henderson County,TN,2024,00,All Industries,46580,3103027917,1281,2016
47079,Henry County,TN,2024,00,All Industries,36751,2241837102,1173,1332
47081,Hickman County,TN,2024,00,All Industries,26922,1491054712,1065,787
47083,Houston County,TN,2024,00,All Industries,17094,850730514,957,380
47085,Humphreys County,TN,2024,00,All Industries,7265,320759355,849,110
47087,Jackson County,TN,2024,00,All Industries,67436,5296076778,1510,3923
47089,Jefferson County,TN,2024,00,All Industries,57607,4200610078,1402,2946
47091,Johnson County,TN,2024,00,All Industries,47778,3215551801,1294,2108
47093,Knox County,TN,2024,00,All Industries,37950,2340963634,1186,1408
47095,Lake County,TN,2024,00,All Industries,28121,1576716589,1078,846
47097,Lauderdale County,TN,2024,00,All Industries,18292,922877968,970,422
47099,Lawrence County,TN,2024,00,All Industries,8463,379447771,862,136
47101,Lewis County,TN,2024,00,All Industries,68634,5437159426,1523,4051
47103,Lincoln County,TN,2024,00,All Industries,58806,4328307290,1415,3058
47105,Loudon County,TN,2024,00,All Industries,48977,3329784359,1307,2203
47107,McMinn County,TN,2024,00,All Industries,39148,2441669852,1199,1486
47109,McNairy County,TN,2024,00,All Industries,29319,1663963769,1091,907
47111,Macon County,TN,2024,00,All Industries,19490,996666110,983,466
47113,Madison County,TN,2024,00,All Industries,9661,439776875,875,163
47115,Marion County,TN,2024,00,All Industries,69833,5579962666,1537,4182
47117,Marshall County,TN,2024,00,All Industries,60004,4457572272,1429,3172
47119,Maury County,TN,2024,00,All Industries,50175,3445590303,1321,2300
47121,Meigs County,TN,2024,00,All Industries,40346,2544016757,1213,1566
47123,Monroe County,TN,2024,00,All Industries,30517,1752851636,1105,970
47125,Montgomery County,TN,2024,00,All Industries,20689,1072146761,997,513
47127,Moore County,TN,2024,00,All Industries,10860,501792871,889,193
47129,Morgan County,TN,2024,00,All Industries,1031,41847406,781,11
47131,Obion County,TN,2024,00,All Industries,61202,4588477941,1442,3288
47133,Overton County,TN,2024,00,All Industries,51373,3563036933,1334,2399
47135,Perry County,TN,2024,00,All Industries,41545,2648068090,1226,1648
47137,Pickett County,TN,2024,00,All Industries,31716,1843438314,1118,1036
47139,Polk County,TN,2024,00,All Industries,21887,1149216962,1010,561
47141,Putnam County,TN,2024,00,All Industries,12058,565404034,902,224
47143,Rhea County,TN,2024,00,All Industries,2229,91999531,794,26
47145,Roane County,TN,2024,00,All Industries,62401,4721099955,1455,3405
47147,Robertson County,TN,2024,00,All Industries,52572,3682194293,1347,2500
47149,Rutherford County,TN,2024,00,All Industries,42743,2753697054,1239,1732
47151,Scott County,TN,2024,00,All Industries,32914,1935608240,1131,1103
47153,Sequatchie County,TN,2024,00,All Industries,23085,1227927850,1023,612
47155,Sevier County,TN,2024,00,All Industries,13256,630655885,915,258
47157,Shelby County,TN,2024,00,All Industries,3428,143834301,807,43
47159,Smith County,TN,2024,00,All Industries,63599,4855287683,1468,3525
47161,Stewart County,TN,2024,00,All Industries,53770,3802922983,1360,2603
47163,Sullivan County,TN,2024,00,All Industries,43941,2860966707,1252,1819
47165,Sumner County,TN,2024,00,All Industries,34112,2029418854,1144,1172
47167,Tipton County,TN,2024,00,All Industries,24284,1308333303,1036,664
47169,Trousdale County,TN,2024,00,All Industries,14455,697596682,928,294
47171,Unicoi County,TN,2024,00,All Industries,4626,197268486,820,62
47173,Union County,TN,2024,00,All Industries,64797,4991116099,1481,3647
47175,Van Buren County,TN,2024,00,All Industries,54968,3925292361,1373,2708
47177,Warren County,TN,2024,00,All Industries,45140,2969942840,1265,1907
47179,Washington County,TN,2024,00,All Industries,35311,2124930333,1157,1244
47181,Wayne County,TN,2024,00,All Industries,25482,1390326251,1049,719
47183,Weakley County,TN,2024,00,All Industries,15653,766130592,941,332
47185,White County,TN,2024,00,All Industries,5824,252343357,833,82
47187,Williamson County,TN,2024,00,All Industries,65996,5128662914,1494,3771
47189,Wilson County,TN,2024,00,All Industries,56167,4049374521,1386,2815
48001,Anderson County,TX,2024,00,All Industries,39764,2855508456,1381,1979
48003,Andrews County,TX,2024,00,All Industries,32744,2167486982,1273,1400
48005,Angelina County,TX,2024,00,All Industries,25723,1558260067,1165,919
48007,Aransas County,TX,2024,00,All Industries,18703,1027954482,1057,537
48009,Archer County,TX,2024,00,All Industries,11682,576454689,949,253
48011,Armstrong County,TX,2024,00,All Industries,4661,203821265,841,68
48013,Atascosa County,TX,2024,00,All Industries,47641,3721363442,1502,2746
48015,Austin County,TX,2024,00,All Industries,40620,2944794005,1394,2056
48017,Bailey County,TX,2024,00,All Industries,33600,2247157817,1286,1465
48019,Bandera County,TX,2024,00,All Industries,26579,1628315502,1178,972
48021,Bastrop County,TX,2024,00,All Industries,19558,1088339557,1070,578
48023,Baylor County,TX,2024,00,All Industries,12538,627280011,962,283
48025,Bee County,TX,2024,00,All Industries,5517,245031189,854,86
48027,Bell County,TX,2024,00,All Industries,48497,3821436701,1515,2837
48029,Bexar County,TX,2024,00,All Industries,41476,3035251865,1407,2135
48031,Blanco County,TX,2024,00,All Industries,34456,2328000962,1299,1532
48033,Borden County,TX,2024,00,All Industries,27435,1699543249,1191,1027
48035,Bosque County,TX,2024,00,All Industries,20414,1149951904,1083,621
48037,Bowie County,TX,2024,00,All Industries,13394,679277645,975,313
48039,Brazoria County,TX,2024,00,All Industries,6373,287413423,867,104
48041,Brazos County,TX,2024,00,All Industries,49353,3922682271,1529,2929
48043,Brewster County,TX,2024,00,All Industries,42332,3126882035,1420,2215
48045,Briscoe County,TX,2024,00,All Industries,35312,2410016419,1312,1600
48047,Brooks County,TX,2024,00,All Industries,28291,1771943306,1204,1083
48049,Brown County,TX,2024,00,All Industries,21270,1212736563,1096,665
48051,Burleson County,TX,2024,00,All Industries,14250,732447588,988,346
48053,Burnet County,TX,2024,00,All Industries,7229,330967968,880,125
48055,Caldwell County,TX,2024,00,All Industries,209,8394883,772,2
48057,Calhoun County,TX,2024,00,All Industries,43188,3219684517,1434,2297
48059,Callahan County,TX,2024,00,All Industries,36167,2493135252,1326,1670
48061,Cameron County,TX,2024,00,All Industries,29147,1845515674,1218,1141
48063,Camp County,TX,2024,00,All Industries,22126,1276693532,1110,711
48065,Carson County,TX,2024,00,All Industries,15106,786789843,1002,379
48067,Cass County,TX,2024,00,All Industries,8085,375694823,894,146
48069,Castro County,TX,2024,00,All Industries,1065,43507025,786,12
48071,Chambers County,TX,2024,00,All Industries,44044,3313659309,1447,2380
48073,Cherokee County,TX,2024,00,All Industries,37023,2577494645,1339,1741
48075,Childress County,TX,2024,00,All Industries,30003,1920260353,1231,1200
48077,Clay County,TX,2024,00,All Industries,22982,1341822811,1123,758
48079,Cochran County,TX,2024,00,All Industries,15962,842304409,1015,414
48081,Coke County,TX,2024,00,All Industries,8941,421593990,907,169
48083,Coleman County,TX,2024,00,All Industries,1921,79791477,799,23
48085,Collin County,TX,2024,00,All Industries,44900,3408806412,1460,2465
48087,Collingsworth County,TX,2024,00,All Industries,37879,2663026349,1352,1814
48089,Colorado County,TX,2024,00,All Industries,30859,1996177342,1244,1261
48091,Comal County,TX,2024,00,All Industries,23838,1408124402,1136,807
48093,Comanche County,TX,2024,00,All Industries,16818,898991285,1028,451
48095,Concho County,TX,2024,00,All Industries,9797,468665467,920,194
48097,Cooke County,TX,2024,00,All Industries,2776,117206019,812,35
48099,Coryell County,TX,2024,00,All Industries,45756,3505125826,1473,2551
48101,Cottle County,TX,2024,00,All Industries,38735,2749730364,1365,1888
48103,Crane County,TX,2024,00,All Industries,31715,2073266643,1257,1323
48105,Crockett County,TX,2024,00,All Industries,24694,1475598304,1149,857
48107,Crosby County,TX,2024,00,All Industries,17674,956850472,1041,489
48109,Culberson County,TX,2024,00,All Industries,10653,516909255,933,220
48111,Dallam County,TX,2024,00,All Industries,3632,155834408,825,50
48113,Dallas County,TX,2024,00,All Industries,46612,3602617550,1486,2639
48115,Dawson County,TX,2024,00,All Industries,39591,2837606689,1378,1963
48117,Deaf Smith County,TX,2024,00,All Industries,32571,2151528254,1270,1387
48119,Delta County,TX,2024,00,All Industries,25550,1544244516,1162,908
48121,Denton County,TX,2024,00,All Industries,18530,1015881970,1054,529
48123,DeWitt County,TX,2024,00,All Industries,11509,566325354,946,248
48125,Dickens County,TX,2024,00,All Industries,4488,195635108,838,65
48127,Dimmit County,TX,2024,00,All Industries,47468,3701281586,1500,2728
48129,Donley County,TX,2024,00,All Industries,40447,2926655326,1391,2040
48131,Duval County,TX,2024,00,All Industries,33427,2230962176,1283,1452
48133,Eastland County,TX,2024,00,All Industries,26406,1614063039,1175,961
48135,Ector County,TX,2024,00,All Industries,19385,1076030271,1067,570
48137,Edwards County,TX,2024,00,All Industries,12365,616913764,959,277
48139,Ellis County,TX,2024,00,All Industries,5344,236608119,851,82
48141,El Paso County,TX,2024,00,All Industries,48324,3801117932,1513,2818
48143,Erath County,TX,2024,00,All Industries,41303,3016876273,1405,2119
48145,Falls County,TX,2024,00,All Industries,34283,2311568409,1297,1518
48147,Fannin County,TX,2024,00,All Industries,27262,1685053873,1189,1016
48149,Fayette County,TX,2024,00,All Industries,20241,1137405706,1081,612
48151,Fisher County,TX,2024,00,All Industries,13221,668674485,973,307
48153,Floyd County,TX,2024,00,All Industries,6200,278753440,865,100
48155,Foard County,TX,2024,00,All Industries,49180,3902126589,1526,2910
48157,Fort Bend County,TX,2024,00,All Industries,42159,3108269531,1418,2199
48159,Franklin County,TX,2024,00,All Industries,35139,2393346953,1310,1586
48161,Freestone County,TX,2024,00,All Industries,28118,1757217018,1202,1072
48163,Frio County,TX,2024,00,All Industries,21097,1199953452,1094,656
48165,Gaines County,TX,2024,00,All Industries,14077,721607516,986,339
48167,Galveston County,TX,2024,00,All Industries,7056,322071073,878,120
48169,Garza County,TX,2024,00,All Industries,36,1441027,770,1
48171,Gillespie County,TX,2024,00,All Industries,43015,3200835100,1431,2280
48173,Glasscock County,TX,2024,00,All Industries,35995,2476297808,1323,1656
48175,Goliad County,TX,2024,00,All Industries,28974,1830552473,1215,1129
48177,Gonzales County,TX,2024,00,All Industries,21953,1263673508,1107,701
48179,Gray County,TX,2024,00,All Industries,14933,775712859,999,372
48181,Grayson County,TX,2024,00,All Industries,7912,366561016,891,142
48183,Gregg County,TX,2024,00,All Industries,892,36316256,783,10
48185,Grimes County,TX,2024,00,All Industries,43871,3294572980,1444,2363
48187,Guadalupe County,TX,2024,00,All Industries,36850,2560351493,1336,1726
48189,Hale County,TX,2024,00,All Industries,29830,1905060240,1228,1188
48191,Hall County,TX,2024,00,All Industries,22809,1328565876,1120,748
48193,Hamilton County,TX,2024,00,All Industries,15789,830990512,1012,407
48195,Hansford County,TX,2024,00,All Industries,8768,412223270,904,165
48197,Hardeman County,TX,2024,00,All Industries,1748,72363796,796,21
48199,Hardin County,TX,2024,00,All Industries,44727,3389483170,1457,2448
48201,Harris County,TX,2024,00,All Industries,37706,2645646285,1349,1799
48203,Harrison County,TX,2024,00,All Industries,30686,1980740317,1241,1248
48205,Hartley County,TX,2024,00,All Industries,23665,1394630554,1133,797
48207,Haskell County,TX,2024,00,All Industries,16645,887440476,1025,444
48209,Hays County,TX,2024,00,All Industries,9624,459057835,917,189
48211,Hemphill County,TX,2024,00,All Industries,2604,109583647,809,33
48213,Henderson County,TX,2024,00,All Industries,45583,3485565672,1471,2534
48215,Hidalgo County,TX,2024,00,All Industries,38562,2732113387,1362,1873
48217,Hill County,TX,2024,00,All Industries,31542,2057592705,1254,1310
48219,Hockley County,TX,2024,00,All Industries,24521,1461867543,1146,846
48221,Hood County,TX,2024,00,All Industries,17501,945062751,1038,481
48223,Hopkins County,TX,2024,00,All Industries,10480,507064711,930,215
48225,Houston County,TX,2024,00,All Industries,3459,147933040,822,47
48227,Howard County,TX,2024,00,All Industries,46439,3582820484,1484,2621
48229,Hudspeth County,TX,2024,00,All Industries,39418,2819752800,1376,1948
48231,Hunt County,TX,2024,00,All Industries,32398,2135617404,1268,1374
48233,Hutchinson County,TX,2024,00,All Industries,25377,1530276843,1160,898
48235,Irion County,TX,2024,00,All Industries,18357,1003857336,1052,521
48237,Jack County,TX,2024,00,All Industries,11336,556243897,944,242
48239,Jackson County,TX,2024,00,All Industries,4315,187496828,836,62
48241,Jasper County,TX,2024,00,All Industries,47295,3681247607,1497,2710
48243,Jeff Davis County,TX,2024,00,All Industries,40274,2908564524,1389,2025
48245,Jefferson County,TX,2024,00,All Industries,33254,2214814414,1281,1438
48247,Jim Hogg County,TX,2024,00,All Industries,26233,1599858453,1173,951
48249,Jim Wells County,TX,2024,00,All Industries,19213,1063824233,1065,561
48251,Johnson County,TX,2024,00,All Industries,12192,606595395,957,271
48253,Jones County,TX,2024,00,All Industries,5171,228232926,849,78
48255,Karnes County,TX,2024,00,All Industries,48151,3780847041,1510,2800
48257,Kaufman County,TX,2024,00,All Industries,41130,2998548559,1402,2103
48259,Kendall County,TX,2024,00,All Industries,34110,2295183734,1294,1505
48261,Kenedy County,TX,2024,00,All Industries,27089,1670612375,1186,1005
48263,Kent County,TX,2024,00,All Industries,20068,1124907385,1078,603
48265,Kerr County,TX,2024,00,All Industries,13048,658119203,970,301
48267,Kimble County,TX,2024,00,All Industries,6027,270141335,862,97
48269,King County,TX,2024,00,All Industries,49007,3881618786,1523,2892
48271,Kinney County,TX,2024,00,All Industries,41986,3089704905,1415,2183
48273,Kleberg County,TX,2024,00,All Industries,34966,2376725366,1307,1572
48275,Knox County,TX,2024,00,All Industries,27945,1742538607,1199,1060
48277,Lamar County,TX,2024,00,All Industries,20924,1187218218,1091,647
48279,Lamb County,TX,2024,00,All Industries,13904,710815322,983,332
48281,Lampasas County,TX,2024,00,All Industries,6883,313222055,875,116
48283,La Salle County,TX,2024,00,All Industries,49863,3983562841,1536,2985
48285,Lavaca County,TX,2024,00,All Industries,42842,3182033561,1428,2264
48287,Lee County,TX,2024,00,All Industries,35822,2459439308,1320,1641
48289,Leon County,TX,2024,00,All Industries,28801,1815637150,1212,1118
48291,Liberty County,TX,2024,00,All Industries,21780,1250701362,1104,692
48293,Limestone County,TX,2024,00,All Industries,14760,764683752,996,365
48295,Lipscomb County,TX,2024,00,All Industries,7739,357475086,888,137
48297,Live Oak County,TX,2024,00,All Industries,719,29173365,780,8
48299,Llano County,TX,2024,00,All Industries,43698,3275534528,1442,2346
48301,Loving County,TX,2024,00,All Industries,36677,2543256219,1333,1712
48303,Lubbock County,TX,2024,00,All Industries,29657,1889908004,1225,1176
48305,Lynn County,TX,2024,00,All Industries,22636,1315356817,1117,739
48307,McCulloch County,TX,2024,00,All Industries,15616,819724492,1009,400
48309,McLennan County,TX,2024,00,All Industries,8595,402900428,901,160
48311,McMullen County,TX,2024,00,All Industries,1575,64983993,793,18
48313,Madison County,TX,2024,00,All Industries,44554,3370207807,1455,2431
48315,Marion County,TX,2024,00,All Industries,37533,2628314098,1347,1784
48317,Martin County,TX,2024,00,All Industries,30513,1965351169,1239,1236
48319,Mason County,TX,2024,00,All Industries,23492,1381184583,1131,787
48321,Matagorda County,TX,2024,00,All Industries,16472,875937544,1023,436
48323,Maverick County,TX,2024,00,All Industries,9451,449498080,915,184
48325,Medina County,TX,2024,00,All Industries,2431,101966931,807,30
48327,Menard County,TX,2024,00,All Industries,45410,3466053395,1468,2516
48329,Midland County,TX,2024,00,All Industries,38389,2714544288,1360,1858
48331,Milam County,TX,2024,00,All Industries,31369,2041966645,1252,1298
48333,Mills County,TX,2024,00,All Industries,24348,1448184660,1144,836
48335,Mitchell County,TX,2024,00,All Industries,17328,933322906,1036,474
48337,Montague County,TX,2024,00,All Industries,10307,497268044,928,209
48339,Montgomery County,TX,2024,00,All Industries,3286,140079551,820,44
48341,Moore County,TX,2024,00,All Industries,46266,3563071295,1481,2603
48343,Morris County,TX,2024,00,All Industries,39245,2801946789,1373,1933
48345,Motley County,TX,2024,00,All Industries,32225,2119754431,1265,1361
48347,Nacogdoches County,TX,2024,00,All Industries,25204,1516357047,1157,887
48349,Navarro County,TX,2024,00,All Industries,18184,991880579,1049,512
48351,Newton County,TX,2024,00,All Industries,11163,546210318,941,236
48353,Nolan County,TX,2024,00,All Industries,4142,179406426,833,59
48355,Nueces County,TX,2024,00,All Industries,47122,3661261506,1494,2692
48357,Ochiltree County,TX,2024,00,All Industries,40101,2890521600,1386,2009
48359,Oldham County,TX,2024,00,All Industries,33081,2198714529,1278,1425
48361,Orange County,TX,2024,00,All Industries,26060,1585701745,1170,940
48363,Palo Pinto County,TX,2024,00,All Industries,19040,1051610563,1062,553
48365,Panola County,TX,2024,00,All Industries,12019,596324903,954,265
48367,Parker County,TX,2024,00,All Industries,4998,219905612,846,75
48369,Parmer County,TX,2024,00,All Industries,47978,3760624027,1507,2782
48371,Pecos County,TX,2024,00,All Industries,40957,2980268723,1399,2087
48373,Polk County,TX,2024,00,All Industries,33937,2278846937,1291,1491
48375,Potter County,TX,2024,00,All Industries,26916,1656218755,1183,994
48377,Presidio County,TX,2024,00,All Industries,19896,1112512858,1075,595
48379,Rains County,TX,2024,00,All Industries,12875,647611799,967,295
48381,Randall County,TX,2024,00,All Industries,5854,261577108,859,93
48383,Reagan County,TX,2024,00,All Industries,48834,3861158860,1521,2873
48385,Real County,TX,2024,00,All Industries,41813,3071188156,1413,2166
48387,Red River County,TX,2024,00,All Industries,34793,2360151656,1305,1558
48389,Reeves County,TX,2024,00,All Industries,27772,1727908074,1196,1049
48391,Refugio County,TX,2024,00,All Industries,20751,1174530863,1088,638
48393,Roberts County,TX,2024,00,All Industries,13731,700071005,980,326
48395,Robertson County,TX,2024,00,All Industries,6710,304420916,872,112
48397,Rockwall County,TX,2024,00,All Industries,49690,3962866003,1534,2966
48399,Runnels County,TX,2024,00,All Industries,42669,3163279900,1426,2247
48401,Rusk County,TX,2024,00,All Industries,35649,2442628685,1318,1627
48403,Sabine County,TX,2024,00,All Industries,28628,1800769705,1210,1106
48405,San Augustine County,TX,2024,00,All Industries,21607,1237777094,1102,683
48407,San Jacinto County,TX,2024,00,All Industries,14587,753702523,994,359
48409,San Patricio County,TX,2024,00,All Industries,7566,348437034,886,133
48411,San Saba County,TX,2024,00,All Industries,546,22078352,778,6
48413,Schleicher County,TX,2024,00,All Industries,43525,3256543955,1439,2330
48415,Scurry County,TX,2024,00,All Industries,36505,2526278026,1331,1698
48417,Shackelford County,TX,2024,00,All Industries,29484,1874803647,1223,1164
48419,Shelby County,TX,2024,00,All Industries,22463,1302195637,1115,729
48421,Sherman County,TX,2024,00,All Industries,15443,808506351,1007,393
48423,Smith County,TX,2024,00,All Industries,8422,393625463,899,155
48425,Somervell County,TX,2024,00,All Industries,1402,57652067,791,16
48427,Starr County,TX,2024,00,All Industries,44381,3350980320,1452,2413
48429,Stephens County,TX,2024,00,All Industries,37360,2611029789,1344,1769
48431,Sterling County,TX,2024,00,All Industries,30340,1950009899,1236,1224
48433,Stonewall County,TX,2024,00,All Industries,23319,1367786490,1128,777
48435,Sutton County,TX,2024,00,All Industries,16299,864482490,1020,429
48437,Swisher County,TX,2024,00,All Industries,9278,439986203,912,179
48439,Tarrant County,TX,2024,00,All Industries,2258,94398093,804,28
48441,Taylor County,TX,2024,00,All Industries,45237,3446588997,1465,2499
48443,Terrell County,TX,2024,00,All Industries,38216,2697023067,1357,1843
48445,Terry County,TX,2024,00,All Industries,31196,2026388462,1249,1285
48447,Throckmorton County,TX,2024,00,All Industries,24175,1434549654,1141,826
48449,Titus County,TX,2024,00,All Industries,17155,921630940,1033,466
48451,Tom Green County,TX,2024,00,All Industries,10134,487519254,925,204
48453,Travis County,TX,2024,00,All Industries,3114,132316429,817,41
48455,Trinity County,TX,2024,00,All Industries,46093,3543369984,1478,2585
48457,Tyler County,TX,2024,00,All Industries,39072,2784188655,1370,1917
48459,Upshur County,TX,2024,00,All Industries,32052,2103939336,1262,1348
48461,Upton County,TX,2024,00,All Industries,25031,1502485129,1154,877
48463,Uvalde County,TX,2024,00,All Industries,18011,979951700,1046,504
48465,Val Verde County,TX,2024,00,All Industries,10990,536224616,938,231
48467,Van Zandt County,TX,2024,00,All Industries,3969,171363901,830,55
48469,Victoria County,TX,2024,00,All Industries,46949,3641323282,1492,2674
48471,Walker County,TX,2024,00,All Industries,39928,2872526554,1384,1994
48473,Waller County,TX,2024,00,All Industries,32908,2182662521,1276,1412
48475,Ward County,TX,2024,00,All Industries,25887,1571592915,1167,929
48477,Washington County,TX,2024,00,All Industries,18867,1039444772,1059,545
48479,Webb County,TX,2024,00,All Industries,11846,586102288,951,259
48481,Wharton County,TX,2024,00,All Industries,4825,211626175,843,72
48483,Wheeler County,TX,2024,00,All Industries,47805,3740448891,1505,2763
48485,Wichita County,TX,2024,00,All Industries,40784,2962036764,1397,2071
48487,Wilbarger County,TX,2024,00,All Industries,33764,2262558017,1289,1478
48489,Willacy County,TX,2024,00,All Industries,26743,1641873012,1181,983
48491,Williamson County,TX,2024,00,All Industries,19723,1100110154,1073,586
48493,Wilson County,TX,2024,00,All Industries,12702,637152272,965,288
48495,Winkler County,TX,2024,00,All Industries,5681,253060759,857,89
48497,Wise County,TX,2024,00,All Industries,48661,3840746811,1518,2854
48499,Wood County,TX,2024,00,All Industries,41640,3052719285,1410,2150
48501,Yoakum County,TX,2024,00,All Industries,34620,2343625823,1302,1545
48503,Young County,TX,2024,00,All Industries,27599,1713325419,1194,1038
48505,Zapata County,TX,2024,00,All Industries,20578,1161891385,1086,629
48507,Zavala County,TX,2024,00,All Industries,13558,689374566,978,319
49001,Beaver County,UT,2024,00,All Industries,35370,2248826056,1223,1396
49003,Box Elder County,UT,2024,00,All Industries,26945,1561828621,1115,874
49005,Cache County,UT,2024,00,All Industries,18521,969520930,1007,471
49007,Carbon County,UT,2024,00,All Industries,10096,471792673,899,186
49009,Daggett County,UT,2024,00,All Industries,1671,68701812,791,19
49011,Davis County,UT,2024,00,All Industries,53247,4020027501,1452,2895
49013,Duchesne County,UT,2024,00,All Industries,44822,3132218054,1344,2122
49015,Emery County,UT,2024,00,All Industries,36397,2339046004,1236,1468
49017,Garfield County,UT,2024,00,All Industries,27973,1640569999,1128,932
49019,Grand County,UT,2024,00,All Industries,19548,1036667126,1020,514
49021,Iron County,UT,2024,00,All Industries,11123,527401650,912,214
49023,Juab County,UT,2024,00,All Industries,2698,112773571,804,33
49025,Kane County,UT,2024,00,All Industries,54274,4134728386,1465,2997
49027,Millard County,UT,2024,00,All Industries,45849,3235381720,1357,2210
49029,Morgan County,UT,2024,00,All Industries,37424,2430672452,1249,1541
49031,Piute County,UT,2024,00,All Industries,29000,1720659913,1141,991
49033,Rich County,UT,2024,00,All Industries,20575,1105219821,1033,559
49035,Salt Lake County,UT,2024,00,All Industries,12150,584417126,925,245
49037,San Juan County,UT,2024,00,All Industries,3726,158294312,817,49
49039,Sanpete County,UT,2024,00,All Industries,55301,4250835769,1478,3102
49041,Sevier County,UT,2024,00,All Industries,46876,3339951885,1370,2300
49043,Summit County,UT,2024,00,All Industries,38451,2523705398,1262,1617
49045,Tooele County,UT,2024,00,All Industries,30027,1802156325,1154,1052
49047,Uintah County,UT,2024,00,All Industries,21602,1175179015,1046,605
49049,Utah County,UT,2024,00,All Industries,13177,642839102,938,276
49051,Wasatch County,UT,2024,00,All Industries,4753,205179754,830,66
49053,Washington County,UT,2024,00,All Industries,56328,4368349652,1491,3207
49055,Wayne County,UT,2024,00,All Industries,47903,3445928549,1383,2391
49057,Weber County,UT,2024,00,All Industries,39479,2618211163,1275,1694
50001,Addison County,VT,2024,00,All Industries,26860,1486665644,1064,784
50003,Bennington County,VT,2024,00,All Industries,17031,846989455,956,377
50005,Caledonia County,VT,2024,00,All Industries,7203,317765807,848,109
50007,Chittenden County,VT,2024,00,All Industries,67374,5288811538,1510,3916
50009,Essex County,VT,2024,00,All Industries,57545,4194042615,1402,2941
50011,Franklin County,VT,2024,00,All Industries,47716,3209682116,1294,2103
50013,Grand Isle County,VT,2024,00,All Industries,37887,2335730041,1186,1404
50015,Lamoille County,VT,2024,00,All Industries,28059,1572242424,1078,843
50017,Orange County,VT,2024,00,All Industries,18230,919101581,970,420
50019,Orleans County,VT,2024,00,All Industries,8401,376369162,862,134
50021,Rutland County,VT,2024,00,All Industries,68572,5429809125,1523,4044
50023,Washington County,VT,2024,00,All Industries,58743,4321581164,1415,3052
50025,Windham County,VT,2024,00,All Industries,48914,3323761627,1307,2198
50027,Windsor County,VT,2024,00,All Industries,39086,2436412849,1199,1482
51001,Accomack County,VA,2024,00,All Industries,8897,419202851,906,168
51003,Albemarle County,VA,2024,00,All Industries,1876,77855620,798,22
51005,Alleghany County,VA,2024,00,All Industries,44856,3403870681,1459,2461
51007,Amelia County,VA,2024,00,All Industries,37835,2658587436,1351,1810
51009,Amherst County,VA,2024,00,All Industries,30814,1992170561,1243,1258
51011,Appomattox County,VA,2024,00,All Industries,23794,1404679090,1135,804
51013,Arlington County,VA,2024,00,All Industries,16773,895989337,1027,449
51015,Augusta County,VA,2024,00,All Industries,9753,466213756,919,193
51017,Bath County,VA,2024,00,All Industries,2732,115251126,811,35
51019,Bedford County,VA,2024,00,All Industries,45711,3500052954,1472,2547
51021,Bland County,VA,2024,00,All Industries,38691,2745230879,1364,1884
51023,Botetourt County,VA,2024,00,All Industries,31670,2069198605,1256,1320
51025,Brunswick County,VA,2024,00,All Industries,24650,1472092420,1148,854
51027,Buchanan County,VA,2024,00,All Industries,17629,953787268,1040,487
51029,Buckingham County,VA,2024,00,All Industries,10609,514396972,932,219
51031,Campbell County,VA,2024,00,All Industries,3588,153818943,824,49
51033,Caroline County,VA,2024,00,All Industries,46567,3597483421,1486,2634
51035,Carroll County,VA,2024,00,All Industries,39547,2833046632,1378,1959
51036,Charles City County,VA,2024,00,All Industries,36037,2480398914,1324,1659
51037,Charlotte County,VA,2024,00,All Industries,32526,2147398959,1270,1383
51041,Chesterfield County,VA,2024,00,All Industries,18485,1012757509,1054,527
51043,Clarke County,VA,2024,00,All Industries,11465,563752499,946,246
51045,Craig County,VA,2024,00,All Industries,4444,193559071,838,64
51047,Culpeper County,VA,2024,00,All Industries,47423,3696086200,1499,2723
51049,Cumberland County,VA,2024,00,All Industries,40403,2922034697,1391,2036
51051,Dickenson County,VA,2024,00,All Industries,33382,2226771624,1283,1448
51053,Dinwiddie County,VA,2024,00,All Industries,26362,1610436011,1175,959
51057,Essex County,VA,2024,00,All Industries,12320,614230481,959,275
51059,Fairfax County,VA,2024,00,All Industries,5300,234471510,851,81
51061,Fauquier County,VA,2024,00,All Industries,48279,3795861289,1512,2814
51063,Floyd County,VA,2024,00,All Industries,41259,3012195072,1404,2115
51065,Fluvanna County,VA,2024,00,All Industries,34238,2307316600,1296,1515
51067,Franklin County,VA,2024,00,All Industries,27218,1681366273,1188,1013
51069,Frederick County,VA,2024,00,All Industries,20197,1134214924,1080,610
51071,Giles County,VA,2024,00,All Industries,13176,665929944,972,305
51073,Gloucester County,VA,2024,00,All Industries,6156,276556259,864,99
51075,Goochland County,VA,2024,00,All Industries,49135,3896808690,1525,2906
51077,Grayson County,VA,2024,00,All Industries,42115,3103527758,1417,2195
51079,Greene County,VA,2024,00,All Industries,35094,2389033887,1309,1583
51081,Greensville County,VA,2024,00,All Industries,28074,1753468845,1201,1069
51083,Halifax County,VA,2024,00,All Industries,21053,1196702097,1093,654
51085,Hanover County,VA,2024,00,All Industries,14032,718801719,985,337
51087,Henrico County,VA,2024,00,All Industries,7012,319813319,877,119
51089,Henry County,VA,2024,00,All Industries,49991,3998928401,1538,2999
51091,Highland County,VA,2024,00,All Industries,42971,3196032755,1430,2276
51093,Isle of Wight County,VA,2024,00,All Industries,35950,2471923485,1322,1652
51095,James City County,VA,2024,00,All Industries,28929,1826680585,1214,1126
51097,King and Queen County,VA,2024,00,All Industries,21909,1260361582,1106,699
51099,King George County,VA,2024,00,All Industries,14888,772845804,998,371
51101,King William County,VA,2024,00,All Industries,7868,364242690,890,141
51103,Lancaster County,VA,2024,00,All Industries,847,34454035,782,9
51105,Lee County,VA,2024,00,All Industries,43827,3289710062,1443,2359
51107,Loudoun County,VA,2024,00,All Industries,36806,2555985394,1335,1723
51109,Louisa County,VA,2024,00,All Industries,29785,1901127095,1227,1185
51111,Lunenburg County,VA,2024,00,All Industries,22765,1325193377,1119,746
51113,Madison County,VA,2024,00,All Industries,15744,828062200,1011,405
51115,Mathews County,VA,2024,00,All Industries,8724,409844372,903,163
51117,Mecklenburg County,VA,2024,00,All Industries,1703,70440318,795,20
51119,Middlesex County,VA,2024,00,All Industries,44683,3384559681,1457,2443
51121,Montgomery County,VA,2024,00,All Industries,37662,2641219613,1349,1795
51125,Nelson County,VA,2024,00,All Industries,23621,1391197483,1133,794
51127,New Kent County,VA,2024,00,All Industries,16600,884450907,1025,442
51129,Northampton County,VA,2024,00,All Industries,9580,456618365,917,188
51131,Northumberland County,VA,2024,00,All Industries,2559,107598912,809,32
51133,Nottoway County,VA,2024,00,All Industries,45538,3480505179,1470,2529
51135,Orange County,VA,2024,00,All Industries,38518,2727626143,1362,1869
51137,Page County,VA,2024,00,All Industries,31497,2053537046,1254,1307
51139,Patrick County,VA,2024,00,All Industries,24477,1458373900,1146,844
51141,Pittsylvania County,VA,2024,00,All Industries,17456,942011925,1038,479
51143,Powhatan County,VA,2024,00,All Industries,10436,504564669,930,213
51145,Prince Edward County,VA,2024,00,All Industries,3415,145929817,822,46
51147,Prince George County,VA,2024,00,All Industries,46394,3577698734,1483,2616
51149,Prince William County,VA,2024,00,All Industries,39374,2815204984,1375,1944
51153,Pulaski County,VA,2024,00,All Industries,25333,1526722628,1159,895
51155,Rappahannock County,VA,2024,00,All Industries,18312,1000745254,1051,518
51157,Richmond County,VA,2024,00,All Industries,11292,553683283,943,240
51159,Roanoke County,VA,2024,00,All Industries,4271,185433032,835,61
51161,Rockbridge County,VA,2024,00,All Industries,47250,3676064600,1496,2705
51163,Rockingham County,VA,2024,00,All Industries,40230,2903956136,1388,2021
51165,Russell County,VA,2024,00,All Industries,33209,2210636241,1280,1435
51167,Scott County,VA,2024,00,All Industries,26189,1596243666,1172,948
51169,Shenandoah County,VA,2024,00,All Industries,19168,1060650894,1064,559
51171,Smyth County,VA,2024,00,All Industries,12147,603924490,956,269
51173,Southampton County,VA,2024,00,All Industries,5127,226108558,848,78
51175,Spotsylvania County,VA,2024,00,All Industries,48106,3775602777,1509,2795
51177,Stafford County,VA,2024,00,All Industries,41086,2993879599,1401,2099
51179,Surry County,VA,2024,00,All Industries,34065,2290944305,1293,1501
51181,Sussex County,VA,2024,00,All Industries,27045,1666937016,1185,1002
51183,Tazewell County,VA,2024,00,All Industries,20024,1121728844,1077,601
51185,Warren County,VA,2024,00,All Industries,13003,655387042,969,299
51187,Washington County,VA,2024,00,All Industries,5983,267956395,861,96
51189,Westmoreland County,VA,2024,00,All Industries,48962,3876313265,1522,2887
51191,Wise County,VA,2024,00,All Industries,41942,3084975372,1414,2179
51193,Wythe County,VA,2024,00,All Industries,34921,2372424679,1306,1569
51195,York County,VA,2024,00,All Industries,27901,1738802676,1198,1057
51510,Alexandria city,VA,2024,00,All Industries,22159,1279185118,1110,713
51520,Bristol city,VA,2024,00,All Industries,37057,2580844091,1339,1744
51530,Buena Vista city,VA,2024,00,All Industries,1954,81213981,799,23
51540,Charlottesville city,VA,2024,00,All Industries,16851,901202004,1028,452
51550,Chesapeake city,VA,2024,00,All Industries,31748,2076265576,1258,1325
51560,Colonial Heights city,VA,2024,00,All Industries,46645,3606404697,1487,2642
51570,Covington city,VA,2024,00,All Industries,11542,568255178,947,249
51580,Danville city,VA,2024,00,All Industries,26439,1616781077,1176,963
51590,Emporia city,VA,2024,00,All Industries,41336,3020382525,1405,2122
51595,Fairfax city,VA,2024,00,All Industries,23785,1403978598,1135,804
51600,Falls Church city,VA,2024,00,All Industries,6233,280402369,865,101
51610,Franklin city,VA,2024,00,All Industries,21131,1202447499,1094,658
51620,Fredericksburg city,VA,2024,00,All Industries,36028,2479523192,1324,1658
51630,Galax city,VA,2024,00,All Industries,925,37684317,783,10
51640,Hampton city,VA,2024,00,All Industries,15822,833146787,1013,409
51650,Harrisonburg city,VA,2024,00,All Industries,30719,1983684807,1242,1251
51660,Hopewell city,VA,2024,00,All Industries,45616,3489298376,1471,2537
51670,Lexington city,VA,2024,00,All Industries,10513,508940091,931,216
51678,Lynchburg city,VA,2024,00,All Industries,32431,2138652474,1268,1376
51680,Manassas city,VA,2024,00,All Industries,25410,1532940438,1160,900
51683,Manassas Park city,VA,2024,00,All Industries,14879,772272777,998,370
51690,Martinsville city,VA,2024,00,All Industries,40307,2912016333,1389,2028
51700,Newport News city,VA,2024,00,All Industries,5205,229871576,849,79
51710,Norfolk city,VA,2024,00,All Industries,20102,1127346167,1078,605
51720,Norton city,VA,2024,00,All Industries,34999,2379896307,1308,1575
51730,Petersburg city,VA,2024,00,All Industries,49896,3987521997,1537,2989
51735,Poquoson city,VA,2024,00,All Industries,32344,2130677489,1267,1370
51740,Portsmouth city,VA,2024,00,All Industries,14793,766785584,997,367
51750,Radford city,VA,2024,00,All Industries,29690,1892798051,1226,1178
51760,Richmond city,VA,2024,00,All Industries,44587,3373886067,1455,2434
51770,Roanoke city,VA,2024,00,All Industries,9484,451319018,915,185
51775,Salem city,VA,2024,00,All Industries,41933,3084015132,1414,2178
51790,Staunton city,VA,2024,00,All Industries,39278,2805344155,1374,1936
51800,Suffolk city,VA,2024,00,All Industries,4176,180989809,833,59
51810,Virginia Beach city,VA,2024,00,All Industries,19073,1053938847,1063,555
51820,Waynesboro city,VA,2024,00,All Industries,33970,2281963435,1292,1494
51830,Williamsburg city,VA,2024,00,All Industries,48867,3865063572,1521,2877
51840,Winchester city,VA,2024,00,All Industries,13764,702118394,981,327
53001,Adams County,WA,2024,00,All Industries,53646,3790337274,1359,2592
53003,Asotin County,WA,2024,00,All Industries,43817,2849776553,1251,1810
53005,Benton County,WA,2024,00,All Industries,33988,2019624257,1143,1165
53007,Chelan County,WA,2024,00,All Industries,24159,1299880384,1035,658
53009,Clallam County,WA,2024,00,All Industries,14330,690544936,927,290
53011,Clark County,WA,2024,00,All Industries,4502,191660484,819,59
53013,Columbia County,WA,2024,00,All Industries,64673,4976964713,1480,3634
53015,Cowlitz County,WA,2024,00,All Industries,54844,3912536530,1372,2697
53017,Douglas County,WA,2024,00,All Industries,45015,2958516771,1264,1898
53019,Ferry County,WA,2024,00,All Industries,35186,2114905437,1156,1236
53021,Franklin County,WA,2024,00,All Industries,25357,1381702526,1048,713
53023,Garfield County,WA,2024,00,All Industries,15529,758956913,940,328
53025,Grant County,WA,2024,00,All Industries,5700,246565234,832,80
53027,Grays Harbor County,WA,2024,00,All Industries,65871,5114263695,1493,3758
53029,Island County,WA,2024,00,All Industries,56042,4036376474,1385,2804
53031,Jefferson County,WA,2024,00,All Industries,46213,3068897677,1277,1988
53033,King County,WA,2024,00,All Industries,36385,2211888095,1169,1309
53035,Kitsap County,WA,2024,00,All Industries,26556,1465220530,1061,769
53037,Kittitas County,WA,2024,00,All Industries,16727,828961389,953,367
53039,Klickitat County,WA,2024,00,All Industries,6898,303110672,845,103
53041,Lewis County,WA,2024,00,All Industries,67069,5253203364,1506,3884
53043,Lincoln County,WA,2024,00,All Industries,57241,4161929814,1398,2913
53045,Mason County,WA,2024,00,All Industries,47412,3180986362,1290,2080
53047,Okanogan County,WA,2024,00,All Industries,37583,2310451335,1182,1385
53049,Pacific County,WA,2024,00,All Industries,27754,1550324731,1074,828
53051,Pend Oreille County,WA,2024,00,All Industries,17925,900606552,966,409
53053,Pierce County,WA,2024,00,All Industries,8097,361341423,858,128
53055,San Juan County,WA,2024,00,All Industries,68268,5393862731,1519,4012
53057,Skagit County,WA,2024,00,All Industries,58439,4289051817,1411,3024
53059,Skamania County,WA,2024,00,All Industries,48610,3294649327,1303,2174
53061,Snohomish County,WA,2024,00,All Industries,38781,2410655261,1195,1462
53063,Spokane County,WA,2024,00,All Industries,28952,1637069620,1087,888
53065,Stevens County,WA,2024,00,All Industries,19124,973943330,979,452
53067,Thurston County,WA,2024,00,All Industries,9295,421168920,871,155
53069,Wahkiakum County,WA,2024,00,All Industries,69466,5536084459,1533,4141
53071,Walla Walla County,WA,2024,00,All Industries,59637,4417814507,1425,3137
53073,Whatcom County,WA,2024,00,All Industries,49808,3409952979,1317,2270
53075,Whitman County,WA,2024,00,All Industries,39980,2512562721,1209,1542
53077,Yakima County,WA,2024,00,All Industries,30151,1725512425,1101,951
54001,Barbour County,WV,2024,00,All Industries,28029,1749661379,1200,1066
54003,Berkeley County,WV,2024,00,All Industries,21008,1193397066,1092,651
54005,Boone County,WV,2024,00,All Industries,13988,716050312,984,336
54007,Braxton County,WV,2024,00,All Industries,6967,317513122,876,118
54009,Brooke County,WV,2024,00,All Industries,49947,3993632402,1538,2994
54011,Cabell County,WV,2024,00,All Industries,42926,3191159198,1430,2272
54013,Calhoun County,WV,2024,00,All Industries,35906,2467621087,1322,1648
54015,Clay County,WV,2024,00,All Industries,28885,1822875006,1214,1123
54017,Doddridge County,WV,2024,00,All Industries,21864,1256995293,1106,697
54019,Fayette County,WV,2024,00,All Industries,14844,770033826,998,369
54021,Gilmer County,WV,2024,00,All Industries,7823,361881236,890,139
54023,Grant County,WV,2024,00,All Industries,803,32635658,782,9
54025,Greenbrier County,WV,2024,00,All Industries,43782,3284775248,1443,2355
54027,Hampshire County,WV,2024,00,All Industries,36762,2551622424,1335,1719
54029,Hancock County,WV,2024,00,All Industries,29741,1897260943,1227,1182
54031,Hardy County,WV,2024,00,All Industries,22720,1321765832,1119,743
54033,Harrison County,WV,2024,00,All Industries,15700,825189650,1011,403
54035,Jackson County,WV,2024,00,All Industries,8679,407421661,903,162
54037,Jefferson County,WV,2024,00,All Industries,1659,68561368,795,19
54039,Kanawha County,WV,2024,00,All Industries,44638,3379563610,1456,2439
54041,Lewis County,WV,2024,00,All Industries,37617,2636725977,1348,1791
54043,Lincoln County,WV,2024,00,All Industries,30597,1972819191,1240,1242
54045,Logan County,WV,2024,00,All Industries,23576,1387708681,1132,792
54047,McDowell County,WV,2024,00,All Industries,16556,881517785,1024,440
54049,Marion County,WV,2024,00,All Industries,9535,454134397,916,186
54051,Marshall County,WV,2024,00,All Industries,2515,105659390,808,31
54053,Mason County,WV,2024,00,All Industries,45494,3475524282,1469,2525
54055,Mercer County,WV,2024,00,All Industries,38473,2723071250,1361,1865
54057,Mineral County,WV,2024,00,All Industries,31453,2049549750,1253,1304
54059,Mingo County,WV,2024,00,All Industries,24432,1454823841,1145,841
54061,Monongalia County,WV,2024,00,All Industries,17412,939018230,1037,477
54063,Monroe County,WV,2024,00,All Industries,10391,502019443,929,212
54065,Morgan County,WV,2024,00,All Industries,3371,143929722,821,45
54067,Nicholas County,WV,2024,00,All Industries,46350,3572657266,1482,2612
54069,Ohio County,WV,2024,00,All Industries,39329,2810588835,1374,1940
54071,Pendleton County,WV,2024,00,All Industries,32309,2127452620,1266,1367
54073,Pleasants County,WV,2024,00,All Industries,25288,1523111312,1158,892
54075,Pocahontas County,WV,2024,00,All Industries,18268,997690987,1050,516
54077,Preston County,WV,2024,00,All Industries,11247,551076801,942,239
54079,Putnam County,WV,2024,00,All Industries,4227,183372366,834,60
54081,Raleigh County,WV,2024,00,All Industries,47206,3670962559,1495,2700
54083,Randolph County,WV,2024,00,All Industries,40185,2899278729,1387,2017
54085,Ritchie County,WV,2024,00,All Industries,33165,2206527801,1279,1432
54087,Roane County,WV,2024,00,All Industries,26144,1592571093,1171,945
54089,Summers County,WV,2024,00,All Industries,19124,1057536054,1063,557
54091,Taylor County,WV,2024,00,All Industries,12103,601306469,955,268
54093,Tucker County,WV,2024,00,All Industries,5082,223943254,847,77
54095,Tyler County,WV,2024,00,All Industries,48062,3770440164,1509,2791
54097,Upshur County,WV,2024,00,All Industries,41041,2989140935,1401,2095
54099,Wayne County,WV,2024,00,All Industries,34021,2286775292,1293,1498
54101,Webster County,WV,2024,00,All Industries,27000,1663203186,1185,999
54103,Wetzel County,WV,2024,00,All Industries,19980,1118553432,1077,599
54105,Wirt County,WV,2024,00,All Industries,12959,652708448,969,298
54107,Wood County,WV,2024,00,All Industries,5938,265729834,861,95
54109,Wyoming County,WV,2024,00,All Industries,48918,3871090080,1522,2882
55001,Adams County,WI,2024,00,All Industries,21288,1153637087,1042,591
55003,Ashland County,WI,2024,00,All Industries,12863,624825802,934,267
55005,Barron County,WI,2024,00,All Industries,4438,190651912,826,61
55007,Bayfield County,WI,2024,00,All Industries,56014,4332263250,1487,3175
55009,Brown County,WI,2024,00,All Industries,47589,3413370775,1379,2363
55011,Buffalo County,WI,2024,00,All Industries,39164,2589115696,1271,1670
55013,Burnett County,WI,2024,00,All Industries,30740,1859558508,1163,1095
55015,Calumet County,WI,2024,00,All Industries,22315,1224572606,1055,638
55017,Chippewa County,WI,2024,00,All Industries,13890,684224102,947,300
55019,Clark County,WI,2024,00,All Industries,5466,238556638,839,80
55021,Columbia County,WI,2024,00,All Industries,57041,4450753457,1501,3282
55023,Crawford County,WI,2024,00,All Industries,48616,3520323764,1393,2456
55025,Dane County,WI,2024,00,All Industries,40192,2684598261,1285,1748
55027,Dodge County,WI,2024,00,All Industries,31767,1943437744,1176,1159
55029,Door County,WI,2024,00,All Industries,23342,1296914625,1068,687
55031,Douglas County,WI,2024,00,All Industries,14917,745028902,960,335
55033,Dunn County,WI,2024,00,All Industries,6493,287824904,852,100
55035,Eau Claire County,WI,2024,00,All Industries,58068,4570650164,1514,3391
55037,Florence County,WI,2024,00,All Industries,49643,3628683252,1406,2550
55039,Fond du Lac County,WI,2024,00,All Industries,41219,2781421216,1298,1828
55041,Forest County,WI,2024,00,All Industries,32794,2028723480,1190,1224
55043,Grant County,WI,2024,00,All Industries,24369,1370663142,1082,739
55045,Green County,WI,2024,00,All Industries,15945,807290830,974,371
55047,Green Lake County,WI,2024,00,All Industries,7520,338499669,866,122
55049,Iowa County,WI,2024,00,All Industries,59095,4691953370,1527,3501
55051,Iron County,WI,2024,00,All Industries,50670,3738449239,1419,2646
55053,Jackson County,WI,2024,00,All Industries,42246,2879650669,1311,1910
55055,Jefferson County,WI,2024,00,All Industries,33821,2115415715,1203,1291
55057,Juneau County,WI,2024,00,All Industries,25396,1445818158,1095,791
55059,Kenosha County,WI,2024,00,All Industries,16972,870909312,987,410
55061,Kewaunee County,WI,2024,00,All Industries,8547,390580932,879,146
55063,La Crosse County,WI,2024,00,All Industries,122,4889949,771,1
55065,Lafayette County,WI,2024,00,All Industries,51698,3849696191,1432,2744
55067,Langlade County,WI,2024,00,All Industries,43273,2979286622,1324,1993
55069,Lincoln County,WI,2024,00,All Industries,34848,2203514449,1216,1360
55071,Manitowoc County,WI,2024,00,All Industries,26424,1522437289,1108,846
55073,Marathon County,WI,2024,00,All Industries,17999,935934294,1000,450
55075,Marinette County,WI,2024,00,All Industries,9574,444068695,892,172
55077,Marquette County,WI,2024,00,All Industries,1149,46840494,784,13
55078,Menominee County,WI,2024,00,All Industries,56937,4438699300,1499,3271
55079,Milwaukee County,WI,2024,00,All Industries,52725,3962275861,1445,2844
55081,Monroe County,WI,2024,00,All Industries,44300,3080329073,1337,2078
55083,Oconto County,WI,2024,00,All Industries,35875,2293019682,1229,1431
55085,Oneida County,WI,2024,00,All Industries,27451,1600405989,1121,902
55087,Outagamie County,WI,2024,00,All Industries,19026,1002365775,1013,492
55089,Ozaukee County,WI,2024,00,All Industries,10601,498962958,905,200
55091,Pepin County,WI,2024,00,All Industries,2177,90238988,797,26
55093,Pierce County,WI,2024,00,All Industries,53752,4076262031,1458,2945
55095,Polk County,WI,2024,00,All Industries,45327,3182778024,1350,2165
55097,Portage County,WI,2024,00,All Industries,36903,2383996016,1242,1504
55099,Price County,WI,2024,00,All Industries,28478,1679781187,1134,961
55101,Racine County,WI,2024,00,All Industries,20053,1070203754,1026,536
55103,Richland County,WI,2024,00,All Industries,11628,555263719,918,229
55105,Rock County,WI,2024,00,All Industries,3204,135003216,810,41
55107,Rusk County,WI,2024,00,All Industries,54779,4191654699,1472,3048
55109,St. Croix County,WI,2024,00,All Industries,46354,3286633474,1364,2254
55111,Sauk County,WI,2024,00,All Industries,37930,2476314932,1256,1578
55113,Sawyer County,WI,2024,00,All Industries,29505,1760562884,1147,1021
55115,Shawano County,WI,2024,00,All Industries,21080,1139448233,1039,581
55117,Sheboygan County,WI,2024,00,All Industries,12656,613019416,931,260
55119,Taylor County,WI,2024,00,All Industries,4231,181173942,823,57
55121,Trempealeau County,WI,2024,00,All Industries,55806,4308453867,1485,3153
55123,Vernon County,WI,2024,00,All Industries,47382,3391967011,1377,2345
55125,Vilas County,WI,2024,00,All Industries,38957,2570040347,1269,1654
55127,Walworth County,WI,2024,00,All Industries,30532,1842751081,1161,1082
55129,Washburn County,WI,2024,00,All Industries,22107,1210099211,1053,628
55131,Washington County,WI,2024,00,All Industries,13683,672133860,945,293
55133,Waukesha County,WI,2024,00,All Industries,5258,228751167,837,76
55135,Waupaca County,WI,2024,00,All Industries,56833,4426659533,1498,3260
55137,Waushara County,WI,2024,00,All Industries,48409,3498636143,1390,2437
55139,Winnebago County,WI,2024,00,All Industries,39984,2665172261,1282,1732
55141,Wood County,WI,2024,00,All Industries,31559,1926345776,1174,1146
56001,Albany County,WY,2024,00,All Industries,10431,479414380,884,182
56003,Big Horn County,WY,2024,00,All Industries,602,24287134,776,6
56005,Campbell County,WY,2024,00,All Industries,60773,4541421246,1437,3246
56007,Carbon County,WY,2024,00,All Industries,50945,3520867569,1329,2363
56009,Converse County,WY,2024,00,All Industries,41116,2610647588,1221,1619
56011,Crook County,WY,2024,00,All Industries,31287,1810836032,1113,1012
56013,Fremont County,WY,2024,00,All Industries,21458,1121432899,1005,543
56015,Goshen County,WY,2024,00,All Industries,11629,542438191,897,213
56017,Hot Springs County,WY,2024,00,All Industries,1800,73851907,789,20
56019,Johnson County,WY,2024,00,All Industries,61972,4673455663,1450,3363
56021,Laramie County,WY,2024,00,All Industries,52143,3639368220,1342,2463
56023,Lincoln County,WY,2024,00,All Industries,42314,2715689201,1234,1702
56025,Natrona County,WY,2024,00,All Industries,32485,1902418606,1126,1079
56027,Niobrara County,WY,2024,00,All Industries,22656,1199556436,1018,593
56029,Park County,WY,2024,00,All Industries,12828,607150019,910,246
56031,Platte County,WY,2024,00,All Industries,2999,125099081,802,36
56033,Sheridan County,WY,2024,00,All Industries,63170,4807056039,1463,3482
56035,Sublette County,WY,2024,00,All Industries,53341,3759509558,1355,2566
56037,Sweetwater County,WY,2024,00,All Industries,43512,2822371501,1247,1787
56039,Teton County,WY,2024,00,All Industries,33684,1995701116,1139,1147
56041,Uinta County,WY,2024,00,All Industries,23855,1279374291,1031,645
56043,Washakie County,WY,2024,00,All Industries,14026,673455890,923,281
56045,Weston County,WY,2024,00,All Industries,4197,177945913,815,55
01001,Autauga County,AL,2024,00,All Industries,28028,1644828798,1129,935
01003,Baldwin County,AL,2024,00,All Industries,19603,1040306466,1021,516
01005,Barbour County,AL,2024,00,All Industries,11178,530421530,913,216
01007,Bibb County,AL,2024,00,All Industries,2754,115215827,805,34
01009,Blount County,AL,2024,00,All Industries,54329,4140921044,1466,3003
01011,Bullock County,AL,2024,00,All Industries,45904,3240954919,1358,2215
01013,Butler County,AL,2024,00,All Industries,37480,2435691178,1250,1545
01015,Calhoun County,AL,2024,00,All Industries,29055,1724994230,1142,994
01017,Chambers County,AL,2024,00,All Industries,20630,1108934679,1034,561
01019,Cherokee County,AL,2024,00,All Industries,12206,587560662,926,246
01021,Chilton County,AL,2024,00,All Industries,3781,160770288,818,50
01023,Choctaw County,AL,2024,00,All Industries,55356,4257103946,1479,3107
01025,Clarke County,AL,2024,00,All Industries,46931,3345600602,1371,2305
01027,Clay County,AL,2024,00,All Industries,38507,2528800327,1263,1621
01029,Cleburne County,AL,2024,00,All Industries,30082,1806566160,1155,1055
01031,Coffee County,AL,2024,00,All Industries,21657,1178969391,1047,607
01033,Colbert County,AL,2024,00,All Industries,13233,646058840,939,278
01035,Conceuh County,AL,2024,00,All Industries,4808,207731247,831,67
01037,Coosa County,AL,2024,00,All Industries,56383,4374693347,1492,3213
01039,Covington County,AL,2024,00,All Industries,47959,3451724757,1384,2396
01041,Crenshaw County,AL,2024,00,All Industries,39534,2623315975,1276,1698
01043,Cullman County,AL,2024,00,All Industries,31109,1889544590,1168,1118
01045,Dale County,AL,2024,00,All Industries,22685,1250465725,1060,656
01047,Dallas County,AL,2024,00,All Industries,14260,705963517,952,312
01049,DeKalb County,AL,2024,00,All Industries,5835,256098706,844,87
01051,Elmore County,AL,2024,00,All Industries,57410,4493689247,1505,3321
01053,Escambia County,AL,2024,00,All Industries,48986,3559184123,1397,2490
01055,Etowah County,AL,2024,00,All Industries,40561,2719238123,1289,1777
01057,Fayette County,AL,2024,00,All Industries,32136,1973929519,1181,1182
01059,Franklin County,AL,2024,00,All Industries,23712,1323314120,1073,706
01061,Geneva County,AL,2024,00,All Industries,15287,767274693,965,348
01063,Greene County,AL,2024,00,All Industries,6862,305872664,857,108
01065,Hale County,AL,2024,00,All Industries,58438,4614170604,1518,3430
01067,Henry County,AL,2024,00,All Industries,50013,3668049988,1410,2585
01069,Houston County,AL,2024,00,All Industries,41588,2816566769,1302,1857
01071,Jackson County,AL,2024,00,All Industries,33164,2059783056,1194,1248
01073,Jefferson County,AL,2024,00,All Industries,24739,1397569014,1086,757
01075,Lamar County,AL,2024,00,All Industries,16314,829992369,978,385
01077,Lauderdale County,AL,2024,00,All Industries,7889,357053121,870,131
01079,Lawrence County,AL,2024,00,All Industries,59465,4735980187,1532,3541
01081,Lee County,AL,2024,00,All Industries,51040,3778322352,1424,2681
01083,Limestone County,AL,2024,00,All Industries,42615,2915301915,1316,1940
01085,Lowndes County,AL,2024,00,All Industries,34191,2146981668,1208,1316
01087,Macon County,AL,2024,00,All Industries,25766,1473230407,1100,811
01089,Madison County,AL,2024,00,All Industries,17341,894116544,992,424
01091,Marengo County,AL,2024,00,All Industries,8917,409686021,884,155
01093,Marion County,AL,2024,00,All Industries,492,19841334,776,5
01095,Marshall County,AL,2024,00,All Industries,52067,3890001216,1437,2780
01097,Mobile County,AL,2024,00,All Industries,43642,3015443559,1329,2024
01099,Monroe County,AL,2024,00,All Industries,35218,2235586779,1221,1386
01101,Montgomery County,AL,2024,00,All Industries,26793,1550298299,1113,866
01103,Morgan County,AL,2024,00,All Industries,18368,959647217,1005,465
01105,Perry County,AL,2024,00,All Industries,9944,463680161,897,182
01107,Pickens County,AL,2024,00,All Industries,1519,62298256,789,17
01109,Pike County,AL,2024,00,All Industries,53094,4003086578,1450,2880
01111,Randolph County,AL,2024,00,All Industries,44670,3117061483,1342,2110
01113,Russell County,AL,2024,00,All Industries,36245,2325598388,1234,1457
01115,St. Clair County,AL,2024,00,All Industries,27820,1628772691,1126,923
01117,Shelby County,AL,2024,00,All Industries,19396,1026637320,1018,507
01119,Sumter County,AL,2024,00,All Industries,10971,519080800,910,210
01121,Talladega County,AL,2024,00,All Industries,2546,106161676,802,31
01123,Tallapoosa County,AL,2024,00,All Industries,54121,4117578439,1463,2982
01125,Tuscaloosa County,AL,2024,00,All Industries,45697,3220016811,1355,2197
01127,Walker County,AL,2024,00,All Industries,37272,2417016497,1247,1530
01129,Washington County,AL,2024,00,All Industries,28847,1708653581,1139,982
01131,Wilcox County,AL,2024,00,All Industries,20423,1094981677,1031,552
01133,Winston County,AL,2024,00,All Industries,11998,575887938,923,240
02013,Aleutians East Borough,AK,2024,00,All Industries,29321,1664115310,1091,907
02016,Aleutians West Census Area,AK,2024,00,All Industries,14578,704560172,929,298
02020,Anchorage Municipality,AK,2024,00,All Industries,64921,5005243368,1483,3660
02050,Bethel Census Area,AK,2024,00,All Industries,57488,4188029915,1401,2936
02060,Bristol Bay Borough,AK,2024,00,All Industries,8344,373545801,861,133
02063,Chugach Census Area,AK,2024,00,All Industries,63601,4855522868,1468,3525
02066,Copper River Census Area,AK,2024,00,All Industries,48858,3318376961,1306,2194
02068,Denali Borough,AK,2024,00,All Industries,39029,2431598106,1198,1478
02070,Dillingham Census Area,AK,2024,00,All Industries,29200,1655227675,1090,901
02090,Fairbanks North Star Borough,AK,2024,00,All Industries,912,36955382,779,10
02100,Haines Borough,AK,2024,00,All Industries,21768,1141490815,1008,556
02105,Hoonah-Angoon Census Area,AK,2024,00,All Industries,67196,5268017345,1508,3897
02110,Juneau City and Borough,AK,2024,00,All Industries,42624,2743136784,1238,1724
02122,Kenai Peninsula Borough,AK,2024,00,All Industries,53651,3790864241,1359,2593
02130,Ketchikan Gateway Borough,AK,2024,00,All Industries,14336,690880481,927,290
02150,Kodiak Island Borough,AK,2024,00,All Industries,56048,4036990073,1385,2804
02158,Kusilvak Census Area,AK,2024,00,All Industries,16733,829312911,953,367
02164,Lake and Peninsula Borough,AK,2024,00,All Industries,57246,4162478691,1398,2913
02170,Matanuska-Susitna Borough,AK,2024,00,All Industries,27760,1550749761,1074,828
02180,Nome Census Area,AK,2024,00,All Industries,48616,3295213384,1303,2174
02185,North Slope Borough,AK,2024,00,All Industries,24044,1292107084,1033,653
02188,Northwest Arctic Borough,AK,2024,00,All Industries,9301,421470900,871,155
02195,Petersburg Borough,AK,2024,00,All Industries,44900,2947997487,1263,1889
02198,Prince of Wales-Hyder Census Area,AK,2024,00,All Industries,30156,1725896200,1101,951
02220,Sitka City and Borough,AK,2024,00,All Industries,62040,4680990939,1451,3370
02230,Skagway Municipality,AK,2024,00,All Industries,12896,610868846,911,248
02240,Southeast Fairbanks Census Area,AK,2024,00,All Industries,33751,2000980299,1140,1151
02261,Valdez-Cordova Census Area,AK,2024,00,All Industries,549,22132216,775,6
02275,Wrangell City and Borough,AK,2024,00,All Industries,1747,71624294,788,20
02282,Yakutat City and Borough,AK,2024,00,All Industries,37346,2290834694,1180,1370
02290,Yukon-Koyukuk Census Area,AK,2024,00,All Industries,68031,5365943809,1517,3986
04001,Apache County,AZ,2024,00,All Industries,50987,3772585643,1423,2676
04003,Cochise County,AZ,2024,00,All Industries,42562,2910162504,1315,1935
04005,Coconino County,AZ,2024,00,All Industries,34137,2142376761,1207,1312
04007,Gila County,AZ,2024,00,All Industries,25713,1469285557,1099,808
04009,Graham County,AZ,2024,00,All Industries,17288,890768991,991,422
04011,Greenlee County,AZ,2024,00,All Industries,8863,406889822,883,154
04012,La Paz County,AZ,2024,00,All Industries,4651,200460812,829,65
04013,Maricopa County,AZ,2024,00,All Industries,439,17688342,775,5
04015,Mohave County,AZ,2024,00,All Industries,52014,3884191690,1436,2775
04017,Navajo County,AZ,2024,00,All Industries,43589,3010231332,1328,2019
04019,Pima County,AZ,2024,00,All Industries,35164,2230908371,1220,1382
04021,Pinal County,AZ,2024,00,All Industries,26740,1546280632,1112,863
04023,Santa Cruz County,AZ,2024,00,All Industries,18315,956226848,1004,463
04025,Yavapai County,AZ,2024,00,All Industries,9890,460810461,896,180
04027,Yuma County,AZ,2024,00,All Industries,1466,60072447,788,16
05001,Arkansas County,AR,2024,00,All Industries,45080,2964450455,1265,1902
05003,Ashley County,AR,2024,00,All Industries,35251,2120111743,1157,1240
05005,Baxter County,AR,2024,00,All Industries,25422,1386181455,1049,716
05007,Benton County,AR,2024,00,All Industries,15593,762659592,941,330
05009,Boone County,AR,2024,00,All Industries,5764,249546153,833,81
05011,Bradley County,AR,2024,00,All Industries,65936,5121740801,1494,3765
05013,Calhoun County,AR,2024,00,All Industries,56107,4043126203,1386,2810
05015,Carroll County,AR,2024,00,All Industries,46278,3074920029,1278,1993
05017,Chicot County,AR,2024,00,All Industries,36449,2217122279,1170,1313
05019,Clark County,AR,2024,00,All Industries,26620,1469732954,1062,772
05021,Clay County,AR,2024,00,All Industries,16792,832801647,954,369
05023,Cleburne County,AR,2024,00,All Industries,6963,306223553,846,104
05025,Cleveland County,AR,2024,00,All Industries,67134,5260769139,1507,3891
05027,Columbia County,AR,2024,00,All Industries,57305,4168695503,1399,2919
05029,Conway County,AR,2024,00,All Industries,47476,3187030291,1291,2085
05031,Craighead County,AR,2024,00,All Industries,37647,2315773503,1183,1389
05033,Crawford County,AR,2024,00,All Industries,27819,1554981035,1075,831
05035,Crittenden County,AR,2024,00,All Industries,17990,904535479,967,411
05037,Cross County,AR,2024,00,All Industries,8161,364498347,859,129
05039,Dallas County,AR,2024,00,All Industries,68332,5401438164,1520,4019
05041,Desha County,AR,2024,00,All Industries,58503,4295905490,1412,3030
05043,Drew County,AR,2024,00,All Industries,48675,3300849054,1304,2179
05045,Faulkner County,AR,2024,00,All Industries,38846,2416127611,1196,1466
05047,Franklin County,AR,2024,00,All Industries,29017,1641814593,1088,892
05049,Fulton County,AR,2024,00,All Industries,19188,977909999,980,455
05051,Garland County,AR,2024,00,All Industries,9359,424413828,872,156
05053,Grant County,AR,2024,00,All Industries,69531,5543827609,1533,4149
05055,Greene County,AR,2024,00,All Industries,59702,4424830280,1425,3143
05057,Hempstead County,AR,2024,00,All Industries,49873,3416241375,1317,2275
05059,Hot Spring County,AR,2024,00,All Industries,40044,2518060894,1209,1546
05061,Howard County,AR,2024,00,All Industries,30215,1730288838,1101,954
05063,Independence County,AR,2024,00,All Industries,20386,1052925205,993,501
05065,Izard County,AR,2024,00,All Industries,10558,486016030,885,185
05067,Jackson County,AR,2024,00,All Industries,729,29463629,777,8
05069,Jefferson County,AR,2024,00,All Industries,60900,4555322327,1438,3258
05071,Johnson County,AR,2024,00,All Industries,51071,3533274384,1330,2374
05073,Lafayette County,AR,2024,00,All Industries,41242,2621634865,1222,1627
05075,Lawrence County,AR,2024,00,All Industries,31414,1820461721,1114,1019
05077,Lee County,AR,2024,00,All Industries,21585,1129633434,1006,549
05079,Lincoln County,AR,2024,00,All Industries,11756,549213571,898,216
05081,Little River County,AR,2024,00,All Industries,1927,79202132,790,22
05083,Logan County,AR,2024,00,All Industries,62098,4687455061,1452,3375
05085,Lonoke County,AR,2024,00,All Industries,52270,3652017948,1344,2474
05087,Madison County,AR,2024,00,All Industries,42441,2726913774,1236,1711
05089,Marion County,AR,2024,00,All Industries,32612,1912218025,1128,1086
05091,Miller County,AR,2024,00,All Industries,22783,1207930700,1020,599
05093,Mississippi County,AR,2024,00,All Industries,12954,614051799,912,249
05095,Monroe County,AR,2024,00,All Industries,3126,130623108,804,38
05097,Montgomery County,AR,2024,00,All Industries,63297,4821304652,1465,3495
05099,Nevada County,AR,2024,00,All Industries,53468,3772333016,1357,2577
05101,Newton County,AR,2024,00,All Industries,43639,2833769804,1249,1797
05103,Ouachita County,AR,2024,00,All Industries,33810,2005615017,1141,1155
05105,Perry County,AR,2024,00,All Industries,23981,1287868653,1033,651
05107,Phillips County,AR,2024,00,All Industries,14153,680578801,925,285
05109,Pike County,AR,2024,00,All Industries,4324,183643670,817,57
05111,Poinsett County,AR,2024,00,All Industries,64495,4956719445,1478,3616
05113,Polk County,AR,2024,00,All Industries,54666,3894288771,1370,2681
05115,Pope County,AR,2024,00,All Industries,44837,2942266522,1262,1884
05117,Prairie County,AR,2024,00,All Industries,35009,2100712701,1154,1226
05119,Pulaski County,AR,2024,00,All Industries,25180,1369501683,1046,705
05121,Randolph County,AR,2024,00,All Industries,15351,748699089,938,322
05123,St. Francis County,AR,2024,00,All Industries,5522,238304919,830,77
05125,Saline County,AR,2024,00,All Industries,65693,5093774926,1491,3739
05127,Scott County,AR,2024,00,All Industries,55865,4017957137,1383,2788
05129,Searcy County,AR,2024,00,All Industries,46036,3052470232,1275,1974
05131,Sebastian County,AR,2024,00,All Industries,36207,2197391752,1167,1298
05133,Sevier County,AR,2024,00,All Industries,26378,1452721696,1059,761
05135,Sharp County,AR,2024,00,All Industries,16549,818460064,951,361
05137,Stone County,AR,2024,00,All Industries,6721,294650696,843,99
05139,Union County,AR,2024,00,All Industries,66892,5232549318,1504,3865
05141,Van Buren County,AR,2024,00,All Industries,57063,4143194951,1396,2896
05143,Washington County,AR,2024,00,All Industries,47234,3164249009,1288,2066
05145,White County,AR,2024,00,All Industries,37405,2295711490,1180,1373
05147,Woodruff County,AR,2024,00,All Industries,27576,1537582396,1072,819
05149,Yell County,AR,2024,00,All Industries,17748,889911867,964,402
06001,Alameda County,CA,2024,00,All Industries,21911,1260505058,1106,699
06003,Alpine County,CA,2024,00,All Industries,14890,772968940,998,371
06005,Amador County,CA,2024,00,All Industries,7869,364299192,890,141
06007,Butte County,CA,2024,00,All Industries,849,34536492,782,9
06009,Calaveras County,CA,2024,00,All Industries,43828,3289841975,1444,2359
06011,Colusa County,CA,2024,00,All Industries,36808,2556172029,1336,1723
06013,Contra Costa County,CA,2024,00,All Industries,29787,1901293389,1227,1185
06015,Del Norte County,CA,2024,00,All Industries,22766,1325281120,1119,746
06017,El Dorado County,CA,2024,00,All Industries,15746,828187816,1011,405
06019,Fresno County,CA,2024,00,All Industries,8725,409902669,903,163
06021,Glenn County,CA,2024,00,All Industries,1705,70525255,795,20
06023,Humboldt County,CA,2024,00,All Industries,44684,3384693388,1457,2444
06025,Imperial County,CA,2024,00,All Industries,37664,2641408728,1349,1795
06027,Inyo County,CA,2024,00,All Industries,30643,1976914690,1241,1245
06029,Kern County,CA,2024,00,All Industries,23622,1391287021,1133,794
06031,Kings County,CA,2024,00,All Industries,16602,884579003,1025,442
06033,Lake County,CA,2024,00,All Industries,9581,456678457,917,188
06035,Lassen County,CA,2024,00,All Industries,2561,107686329,809,32
06037,Los Angeles County,CA,2024,00,All Industries,45540,3480717113,1470,2529
06039,Madera County,CA,2024,00,All Industries,38520,2727817738,1362,1869
06041,Marin County,CA,2024,00,All Industries,31499,2053708301,1254,1307
06043,Mariposa County,CA,2024,00,All Industries,24478,1458465233,1146,844
06045,Mendocino County,CA,2024,00,All Industries,17458,942142501,1038,479
06047,Merced County,CA,2024,00,All Industries,10437,504626555,930,213
06049,Modoc County,CA,2024,00,All Industries,3417,146019713,822,46
06051,Mono County,CA,2024,00,All Industries,46396,3577913148,1483,2617
06053,Monterey County,CA,2024,00,All Industries,39375,2815327558,1375,1944
06055,Napa County,CA,2024,00,All Industries,32355,2131674223,1267,1370
06057,Nevada County,CA,2024,00,All Industries,25334,1526815756,1159,895
06059,Orange County,CA,2024,00,All Industries,18314,1000878309,1051,519
06061,Placer County,CA,2024,00,All Industries,11293,553746965,943,240
06063,Plumas County,CA,2024,00,All Industries,4273,185525408,835,61
06065,Riverside County,CA,2024,00,All Industries,47252,3676281494,1496,2705
06067,Sacramento County,CA,2024,00,All Industries,40231,2904080505,1388,2021
06069,San Benito County,CA,2024,00,All Industries,33211,2210812455,1280,1435
06071,San Bernardino County,CA,2024,00,All Industries,26190,1596338589,1172,948
06073,San Diego County,CA,2024,00,All Industries,19170,1060786429,1064,559
06075,San Francisco County,CA,2024,00,All Industries,12149,604039685,956,269
06077,San Joaquin County,CA,2024,00,All Industries,5129,226203414,848,78
06079,San Luis Obispo County,CA,2024,00,All Industries,48108,3775822151,1509,2795
06081,San Mateo County,CA,2024,00,All Industries,41087,2994005763,1401,2099
06083,Santa Barbara County,CA,2024,00,All Industries,34067,2291122999,1293,1501
06085,Santa Clara County,CA,2024,00,All Industries,27046,1667033734,1185,1002
06087,Santa Cruz County,CA,2024,00,All Industries,20026,1121866859,1077,601
06089,Shasta County,CA,2024,00,All Industries,13005,655504717,969,299
06091,Sierra County,CA,2024,00,All Industries,5984,268008944,861,96
06093,Siskiyou County,CA,2024,00,All Industries,48964,3876535118,1523,2887
06095,Solano County,CA,2024,00,All Industries,41943,3085103332,1415,2179
06097,Sonoma County,CA,2024,00,All Industries,34923,2372605853,1307,1569
06099,Stanislaus County,CA,2024,00,All Industries,27902,1738901189,1198,1058
06101,Sutter County,CA,2024,00,All Industries,20882,1184119600,1090,645
06103,Tehama County,CA,2024,00,All Industries,13861,708142059,982,331
06105,Trinity County,CA,2024,00,All Industries,6840,311030887,874,115
06107,Tulare County,CA,2024,00,All Industries,49820,3978420397,1536,2980
06109,Tuolumne County,CA,2024,00,All Industries,42799,3177373211,1428,2260
06111,Ventura County,CA,2024,00,All Industries,35779,2455261018,1320,1638
06113,Yolo County,CA,2024,00,All Industries,28758,1811940955,1212,1115
06115,Yuba County,CA,2024,00,All Industries,21738,1247544652,1104,690
08001,Adams County,CO,2024,00,All Industries,1865,76587527,790,21
08003,Alamosa County,CO,2024,00,All Industries,62036,4680568764,1451,3369
08005,Arapahoe County,CO,2024,00,All Industries,52207,3645759561,1343,2469
08007,Archuleta County,CO,2024,00,All Industries,42379,2721422998,1235,1707
08009,Baca County,CO,2024,00,All Industries,32550,1907425026,1127,1082
08011,Bent County,CO,2024,00,All Industries,22721,1203835479,1019,596
08013,Boulder County,CO,2024,00,All Industries,12892,610654355,911,248
08014,Broomfield County,CO,2024,00,All Industries,7978,355489232,857,125
08015,Chaffee County,CO,2024,00,All Industries,3063,127881656,803,37
08017,Cheyenne County,CO,2024,00,All Industries,63234,4814257125,1464,3488
08019,Clear Creek County,CO,2024,00,All Industries,53406,3766059401,1356,2571
08021,Conejos County,CO,2024,00,All Industries,43577,2828193967,1248,1792
08023,Costilla County,CO,2024,00,All Industries,33748,2000736957,1140,1151
08025,Crowley County,CO,2024,00,All Industries,23919,1283688371,1032,648
08027,Custer County,CO,2024,00,All Industries,14090,677048210,924,283
08029,Delta County,CO,2024,00,All Industries,4262,180858908,816,56
08031,Denver County,CO,2024,00,All Industries,64433,4949662991,1477,3610
08033,Dolores County,CO,2024,00,All Industries,54604,3887930095,1369,2676
08035,Douglas County,CO,2024,00,All Industries,44775,2936605623,1261,1880
08037,Eagle County,CO,2024,00,All Industries,34946,2095689575,1153,1222
08039,Elbert County,CO,2024,00,All Industries,25118,1365236305,1045,702
08041,El Paso County,CO,2024,00,All Industries,15289,745131488,937,320
08043,Fremont County,CO,2024,00,All Industries,5460,235435096,829,76
08045,Garfield County,CO,2024,00,All Industries,65631,5086633412,1490,3733
08047,Gilpin County,CO,2024,00,All Industries,55802,4011441477,1382,2782
08049,Grand County,CO,2024,00,All Industries,45974,3046724238,1274,1969
08051,Gunnison County,CO,2024,00,All Industries,36145,2192343535,1166,1295
08053,Hinsdale County,CO,2024,00,All Industries,26316,1448371257,1058,758
08055,Huerfano County,CO,2024,00,All Industries,16487,814807403,950,359
08057,Jackson County,CO,2024,00,All Industries,6658,291651972,842,98
08059,Jefferson County,CO,2024,00,All Industries,66829,5225244519,1504,3858
08061,Kiowa County,CO,2024,00,All Industries,57001,4136666119,1396,2891
08063,Kit Carson County,CO,2024,00,All Industries,47172,3158417954,1288,2061
08065,Lake County,CO,2024,00,All Industries,37343,2290578213,1180,1370
08067,La Plata County,CO,2024,00,All Industries,27514,1533146897,1072,816
08069,Larimer County,CO,2024,00,All Industries,17685,886124004,964,400
08071,Las Animas County,CO,2024,00,All Industries,7857,349554025,856,123
08073,Lincoln County,CO,2024,00,All Industries,68028,5365575187,1517,3986
08075,Logan County,CO,2024,00,All Industries,58199,4263459560,1409,3001
08077,Mesa County,CO,2024,00,All Industries,48370,3271752357,1301,2155
08079,Mineral County,CO,2024,00,All Industries,38541,2390453578,1193,1446
08081,Moffat County,CO,2024,00,All Industries,28713,1619619631,1085,876
08083,Montezuma County,CO,2024,00,All Industries,18884,959132084,977,444
08085,Montrose County,CO,2024,00,All Industries,9055,409052961,869,149
08087,Morgan County,CO,2024,00,All Industries,69226,5507468354,1530,4115
08089,Otero County,CO,2024,00,All Industries,59397,4391893689,1422,3114
08091,Ouray County,CO,2024,00,All Industries,49569,3386795773,1314,2251
08093,Park County,CO,2024,00,All Industries,39740,2492032339,1206,1525
08095,Phillips County,CO,2024,00,All Industries,29911,1707677330,1098,938
08097,Pitkin County,CO,2024,00,All Industries,20082,1033730745,990,489
08099,Prowers County,CO,2024,00,All Industries,10253,470192583,882,178
08101,Pueblo County,CO,2024,00,All Industries,424,17062846,774,4
08103,Rio Blanco County,CO,2024,00,All Industries,60596,4522043131,1435,3229
08105,Rio Grande County,CO,2024,00,All Industries,50767,3503412235,1327,2349
08107,Routt County,CO,2024,00,All Industries,40938,2595189764,1219,1606
08109,Saguache County,CO,2024,00,All Industries,31109,1797375716,1111,1002
08111,San Juan County,CO,2024,00,All Industries,21280,1109970093,1003,536
08113,San Miguel County,CO,2024,00,All Industries,11452,533019437,895,208
08115,Sedgwick County,CO,2024,00,All Industries,1623,66425046,787,18
08117,Summit County,CO,2024,00,All Industries,61794,4653759319,1448,3345
08119,Teller County,CO,2024,00,All Industries,51965,3621669385,1340,2448
08121,Washington County,CO,2024,00,All Industries,42136,2699987876,1232,1690
08123,Weld County,CO,2024,00,All Industries,32308,1888773252,1124,1069
08125,Yuma County,CO,2024,00,All Industries,22479,1187902974,1016,586
09001,Fairfield County,CT,2024,00,All Industries,41043,2989339840,1401,2095
09003,Hartford County,CT,2024,00,All Industries,34022,2286886640,1293,1498
09005,Litchfield County,CT,2024,00,All Industries,27002,1663361412,1185,999
09007,Middlesex County,CT,2024,00,All Industries,19981,1118635334,1077,599
09009,New Haven County,CT,2024,00,All Industries,12961,652825995,969,298
09011,New London County,CT,2024,00,All Industries,5940,265827040,861,95
09013,Tolland County,CT,2024,00,All Industries,48919,3871232669,1522,2882
09015,Windham County,CT,2024,00,All Industries,41899,3080376837,1414,2175
