event_date,event_name,device_category,traffic_source,item_category,event_count,unique_users,total_revenue
2020-11-01,page_view,desktop,google,Electronics,78,28,0
2020-11-01,page_view,desktop,google,Books,82,26,0
2020-11-01,page_view,desktop,google,Beauty,41,14,0
2020-11-01,page_view,desktop,direct,Apparel,90,29,0
2020-11-01,page_view,desktop,direct,Home,39,15,0
2020-11-01,page_view,desktop,social,Apparel,78,25,0
2020-11-01,page_view,desktop,social,Beauty,280,66,0
2020-11-01,page_view,desktop,social,Toys,27,10,0
2020-11-01,page_view,desktop,organic,Toys,14,5,0
2020-11-01,page_view,mobile,google,Apparel,70,20,0
2020-11-01,page_view,mobile,google,Electronics,165,60,0
2020-11-01,page_view,mobile,google,Sports,62,20,0
2020-11-01,page_view,mobile,google,Beauty,146,39,0
2020-11-01,page_view,mobile,google,Toys,73,28,0
2020-11-01,page_view,mobile,direct,Sports,9,2,0
2020-11-01,page_view,mobile,direct,Beauty,24,5,0
2020-11-01,page_view,mobile,social,Apparel,52,12,0
2020-11-01,page_view,mobile,social,Home,24,9,0
2020-11-01,page_view,mobile,social,Sports,18,7,0
2020-11-01,page_view,mobile,organic,Electronics,73,26,0
2020-11-01,page_view,mobile,organic,Books,70,18,0
2020-11-01,page_view,mobile,email,Beauty,36,13,0
2020-11-01,page_view,tablet,google,Electronics,188,52,0
2020-11-01,page_view,tablet,direct,Sports,235,50,0
2020-11-01,page_view,tablet,direct,Beauty,33,11,0
2020-11-01,page_view,tablet,email,Beauty,34,10,0
2020-11-01,view_item,desktop,google,Home,55,29,0
2020-11-01,view_item,desktop,google,Beauty,6,3,0
2020-11-01,view_item,desktop,direct,Apparel,15,6,0
2020-11-01,view_item,desktop,direct,Electronics,64,28,0
2020-11-01,view_item,desktop,direct,Home,16,6,0
2020-11-01,view_item,desktop,direct,Beauty,18,7,0
2020-11-01,view_item,desktop,social,Books,13,6,0
2020-11-01,view_item,desktop,organic,Home,59,28,0
2020-11-01,view_item,desktop,organic,Books,12,5,0
2020-11-01,view_item,mobile,google,Beauty,34,16,0
2020-11-01,view_item,mobile,google,Toys,20,8,0
2020-11-01,view_item,mobile,direct,Electronics,67,34,0
2020-11-01,view_item,mobile,direct,Books,15,7,0
2020-11-01,view_item,mobile,social,Toys,84,31,0
2020-11-01,view_item,mobile,organic,Apparel,12,4,0
2020-11-01,view_item,mobile,organic,Books,51,25,0
2020-11-01,view_item,mobile,organic,Toys,13,5,0
2020-11-01,view_item,mobile,email,Sports,17,8,0
2020-11-01,view_item,tablet,google,Books,187,89,0
2020-11-01,view_item,tablet,direct,Sports,13,5,0
2020-11-01,view_item,tablet,social,Home,19,9,0
2020-11-01,view_item,tablet,organic,Electronics,29,16,0
2020-11-01,add_to_cart,desktop,google,Apparel,12,7,0
2020-11-01,add_to_cart,desktop,google,Home,36,23,0
2020-11-01,add_to_cart,desktop,google,Books,17,10,0
2020-11-01,add_to_cart,mobile,google,Apparel,24,12,0
2020-11-01,add_to_cart,mobile,google,Sports,74,42,0
2020-11-01,add_to_cart,mobile,direct,Apparel,33,19,0
2020-11-01,add_to_cart,mobile,direct,Beauty,3,2,0
2020-11-01,add_to_cart,mobile,organic,Apparel,55,28,0
2020-11-01,add_to_cart,mobile,organic,Electronics,5,3,0
2020-11-01,add_to_cart,tablet,google,Electronics,69,36,0
2020-11-01,add_to_cart,tablet,social,Electronics,10,5,0
2020-11-01,add_to_cart,tablet,organic,Books,10,6,0
2020-11-01,begin_checkout,desktop,direct,Home,8,5,0
2020-11-01,begin_checkout,desktop,organic,Home,8,5,0
2020-11-01,purchase,desktop,direct,Toys,7,6,158.31
2020-11-01,purchase,desktop,social,Toys,6,5,193.41
2020-11-01,purchase,desktop,organic,Books,5,4,88.3
2020-11-02,page_view,desktop,google,Apparel,73,17,0
2020-11-02,page_view,desktop,google,Electronics,40,15,0
2020-11-02,page_view,desktop,google,Home,119,25,0
2020-11-02,page_view,desktop,google,Sports,11,3,0
2020-11-02,page_view,desktop,google,Books,368,103,0
2020-11-02,page_view,desktop,google,Beauty,159,58,0
2020-11-02,page_view,desktop,google,Toys,266,106,0
2020-11-02,page_view,desktop,direct,Apparel,104,35,0
2020-11-02,page_view,desktop,direct,Electronics,52,20,0
2020-11-02,page_view,desktop,direct,Sports,30,12,0
2020-11-02,page_view,desktop,direct,Beauty,25,5,0
2020-11-02,page_view,desktop,direct,Toys,37,10,0
2020-11-02,page_view,desktop,social,Electronics,525,190,0
2020-11-02,page_view,desktop,social,Sports,56,15,0
2020-11-02,page_view,desktop,social,Beauty,63,17,0
2020-11-02,page_view,desktop,social,Toys,11,4,0
2020-11-02,page_view,desktop,organic,Apparel,58,16,0
2020-11-02,page_view,desktop,organic,Electronics,38,13,0
2020-11-02,page_view,desktop,organic,Books,92,30,0
2020-11-02,page_view,desktop,organic,Beauty,51,17,0
2020-11-02,page_view,desktop,organic,Toys,59,12,0
2020-11-02,page_view,desktop,email,Apparel,55,12,0
2020-11-02,page_view,mobile,google,Home,72,20,0
2020-11-02,page_view,mobile,google,Sports,16,5,0
2020-11-02,page_view,mobile,google,Books,521,115,0
2020-11-02,page_view,mobile,google,Beauty,40,12,0
2020-11-02,page_view,mobile,google,Toys,36,8,0
2020-11-02,page_view,mobile,direct,Toys,168,64,0
2020-11-02,page_view,mobile,social,Apparel,98,34,0
2020-11-02,page_view,mobile,social,Beauty,65,20,0
2020-11-02,page_view,mobile,social,Toys,50,14,0
2020-11-02,page_view,mobile,organic,Electronics,894,288,0
2020-11-02,page_view,mobile,organic,Home,100,27,0
2020-11-02,page_view,mobile,organic,Sports,39,14,0
2020-11-02,page_view,mobile,organic,Books,66,16,0
2020-11-02,page_view,mobile,email,Sports,4,1,0
2020-11-02,page_view,tablet,google,Electronics,63,20,0
2020-11-02,page_view,tablet,direct,Electronics,227,58,0
2020-11-02,page_view,tablet,direct,Books,109,42,0
2020-11-02,page_view,tablet,direct,Toys,126,38,0
2020-11-02,page_view,tablet,social,Apparel,333,75,0
2020-11-02,page_view,tablet,social,Sports,69,25,0
2020-11-02,page_view,tablet,organic,Apparel,151,34,0
2020-11-02,page_view,tablet,organic,Electronics,10,4,0
2020-11-02,page_view,tablet,organic,Home,222,76,0
2020-11-02,page_view,tablet,organic,Sports,410,86,0
2020-11-02,page_view,tablet,organic,Beauty,5,2,0
2020-11-02,page_view,tablet,email,Electronics,12,5,0
2020-11-02,view_item,desktop,google,Apparel,28,11,0
2020-11-02,view_item,desktop,google,Electronics,18,7,0
2020-11-02,view_item,desktop,google,Home,14,5,0
2020-11-02,view_item,desktop,direct,Electronics,113,47,0
2020-11-02,view_item,desktop,direct,Home,62,33,0
2020-11-02,view_item,desktop,direct,Beauty,37,16,0
2020-11-02,view_item,desktop,direct,Toys,14,6,0
2020-11-02,view_item,desktop,social,Electronics,16,6,0
2020-11-02,view_item,desktop,social,Home,28,14,0
2020-11-02,view_item,desktop,social,Books,37,13,0
2020-11-02,view_item,desktop,organic,Apparel,13,5,0
2020-11-02,view_item,desktop,organic,Electronics,10,5,0
2020-11-02,view_item,desktop,organic,Books,25,11,0
2020-11-02,view_item,desktop,organic,Toys,21,11,0
2020-11-02,view_item,desktop,email,Sports,12,4,0
2020-11-02,view_item,desktop,email,Books,72,35,0
2020-11-02,view_item,mobile,google,Apparel,78,29,0
2020-11-02,view_item,mobile,google,Books,64,28,0
2020-11-02,view_item,mobile,google,Beauty,26,12,0
2020-11-02,view_item,mobile,direct,Home,48,20,0
2020-11-02,view_item,mobile,direct,Books,19,10,0
2020-11-02,view_item,mobile,social,Apparel,27,14,0
2020-11-02,view_item,mobile,social,Home,26,14,0
2020-11-02,view_item,mobile,organic,Home,79,41,0
2020-11-02,view_item,mobile,organic,Sports,60,22,0
2020-11-02,view_item,mobile,email,Books,3,1,0
2020-11-02,view_item,tablet,google,Sports,74,36,0
2020-11-02,view_item,tablet,google,Books,38,20,0
2020-11-02,view_item,tablet,direct,Electronics,70,27,0
2020-11-02,view_item,tablet,social,Electronics,97,45,0
2020-11-02,view_item,tablet,social,Home,16,6,0
2020-11-02,view_item,tablet,social,Sports,24,12,0
2020-11-02,view_item,tablet,organic,Apparel,15,8,0
2020-11-02,view_item,tablet,organic,Home,46,20,0
2020-11-02,add_to_cart,desktop,google,Electronics,281,154,0
2020-11-02,add_to_cart,desktop,google,Sports,51,25,0
2020-11-02,add_to_cart,desktop,direct,Electronics,13,8,0
2020-11-02,add_to_cart,desktop,direct,Toys,39,20,0
2020-11-02,add_to_cart,desktop,organic,Books,13,6,0
2020-11-02,add_to_cart,mobile,social,Home,9,5,0
2020-11-02,add_to_cart,mobile,email,Beauty,6,3,0
2020-11-02,add_to_cart,tablet,google,Apparel,23,13,0
2020-11-02,add_to_cart,tablet,google,Sports,4,2,0
2020-11-02,add_to_cart,tablet,google,Beauty,24,12,0
2020-11-02,add_to_cart,tablet,organic,Apparel,5,3,0
2020-11-02,begin_checkout,desktop,google,Electronics,8,4,0
2020-11-02,begin_checkout,tablet,organic,Electronics,14,9,0
2020-11-02,purchase,desktop,organic,Beauty,3,2,122.85
2020-11-02,purchase,mobile,direct,Beauty,6,5,216.31
2020-11-02,purchase,mobile,social,Electronics,17,14,3672.56
2020-11-03,page_view,desktop,google,Apparel,121,25,0
2020-11-03,page_view,desktop,google,Electronics,245,95,0
2020-11-03,page_view,desktop,google,Home,95,22,0
2020-11-03,page_view,desktop,google,Sports,94,23,0
2020-11-03,page_view,desktop,google,Books,124,41,0
2020-11-03,page_view,desktop,google,Beauty,326,98,0
2020-11-03,page_view,desktop,google,Toys,23,8,0
2020-11-03,page_view,desktop,direct,Apparel,65,19,0
2020-11-03,page_view,desktop,direct,Electronics,82,22,0
2020-11-03,page_view,desktop,direct,Beauty,65,16,0
2020-11-03,page_view,desktop,direct,Toys,201,73,0
2020-11-03,page_view,desktop,social,Electronics,91,25,0
2020-11-03,page_view,desktop,social,Sports,50,12,0
2020-11-03,page_view,desktop,social,Books,78,23,0
2020-11-03,page_view,desktop,social,Toys,42,9,0
2020-11-03,page_view,desktop,organic,Apparel,8,2,0
2020-11-03,page_view,desktop,organic,Electronics,63,24,0
2020-11-03,page_view,desktop,organic,Home,376,116,0
2020-11-03,page_view,desktop,organic,Sports,23,7,0
2020-11-03,page_view,desktop,organic,Beauty,31,8,0
2020-11-03,page_view,desktop,organic,Toys,19,6,0
2020-11-03,page_view,desktop,email,Sports,21,8,0
2020-11-03,page_view,desktop,email,Toys,27,10,0
2020-11-03,page_view,mobile,google,Apparel,173,40,0
2020-11-03,page_view,mobile,google,Electronics,59,13,0
2020-11-03,page_view,mobile,google,Home,72,18,0
2020-11-03,page_view,mobile,google,Sports,272,94,0
2020-11-03,page_view,mobile,google,Toys,157,36,0
2020-11-03,page_view,mobile,direct,Apparel,55,16,0
2020-11-03,page_view,mobile,direct,Home,48,11,0
2020-11-03,page_view,mobile,direct,Sports,483,97,0
2020-11-03,page_view,mobile,direct,Books,25,5,0
2020-11-03,page_view,mobile,direct,Toys,33,9,0
2020-11-03,page_view,mobile,social,Electronics,10,3,0
2020-11-03,page_view,mobile,social,Books,40,8,0
2020-11-03,page_view,mobile,social,Beauty,47,18,0
2020-11-03,page_view,mobile,organic,Apparel,60,14,0
2020-11-03,page_view,mobile,organic,Books,242,55,0
2020-11-03,page_view,mobile,organic,Toys,37,10,0
2020-11-03,page_view,mobile,email,Sports,88,33,0
2020-11-03,page_view,mobile,email,Books,95,19,0
2020-11-03,page_view,mobile,email,Beauty,30,6,0
2020-11-03,page_view,mobile,email,Toys,9,3,0
2020-11-03,page_view,tablet,google,Toys,116,37,0
2020-11-03,page_view,tablet,direct,Home,51,10,0
2020-11-03,page_view,tablet,social,Electronics,125,31,0
2020-11-03,page_view,tablet,email,Electronics,17,5,0
2020-11-03,view_item,desktop,google,Electronics,16,7,0
2020-11-03,view_item,desktop,google,Home,93,45,0
2020-11-03,view_item,desktop,google,Toys,62,24,0
2020-11-03,view_item,desktop,direct,Apparel,69,28,0
2020-11-03,view_item,desktop,direct,Beauty,196,77,0
2020-11-03,view_item,desktop,social,Home,30,16,0
2020-11-03,view_item,desktop,social,Sports,32,14,0
2020-11-03,view_item,desktop,social,Books,20,8,0
2020-11-03,view_item,desktop,organic,Apparel,30,13,0
2020-11-03,view_item,desktop,email,Beauty,13,5,0
2020-11-03,view_item,mobile,google,Apparel,11,5,0
2020-11-03,view_item,mobile,google,Sports,145,52,0
2020-11-03,view_item,mobile,direct,Electronics,30,11,0
2020-11-03,view_item,mobile,direct,Books,46,19,0
2020-11-03,view_item,mobile,direct,Toys,5,2,0
2020-11-03,view_item,mobile,organic,Apparel,88,36,0
2020-11-03,view_item,mobile,organic,Home,8,4,0
2020-11-03,view_item,mobile,organic,Books,26,10,0
2020-11-03,view_item,mobile,email,Beauty,43,15,0
2020-11-03,view_item,tablet,social,Home,11,5,0
2020-11-03,view_item,tablet,social,Sports,17,9,0
2020-11-03,view_item,tablet,email,Electronics,7,4,0
2020-11-03,view_item,tablet,email,Beauty,5,2,0
2020-11-03,add_to_cart,desktop,google,Books,17,11,0
2020-11-03,add_to_cart,desktop,organic,Sports,8,4,0
2020-11-03,add_to_cart,mobile,google,Home,11,7,0
2020-11-03,add_to_cart,mobile,direct,Apparel,12,7,0
2020-11-03,add_to_cart,mobile,social,Books,105,49,0
2020-11-03,add_to_cart,mobile,organic,Toys,22,11,0
2020-11-03,add_to_cart,tablet,google,Books,59,34,0
2020-11-03,add_to_cart,tablet,direct,Home,13,8,0
2020-11-03,add_to_cart,tablet,social,Beauty,24,12,0
2020-11-03,add_to_cart,tablet,organic,Electronics,88,57,0
2020-11-03,add_to_cart,tablet,organic,Home,14,7,0
2020-11-03,add_to_cart,tablet,organic,Books,35,17,0
2020-11-03,add_to_cart,tablet,email,Electronics,15,10,0
2020-11-03,begin_checkout,desktop,social,Apparel,4,2,0
2020-11-03,begin_checkout,desktop,organic,Beauty,7,4,0
2020-11-03,begin_checkout,mobile,google,Books,25,16,0
2020-11-03,begin_checkout,mobile,direct,Sports,8,5,0
2020-11-03,begin_checkout,mobile,organic,Home,12,7,0
2020-11-03,begin_checkout,tablet,google,Beauty,17,11,0
2020-11-03,purchase,mobile,google,Beauty,8,6,281.79
2020-11-03,purchase,mobile,organic,Toys,14,12,526.54
2020-11-04,page_view,desktop,google,Apparel,82,17,0
2020-11-04,page_view,desktop,google,Electronics,52,19,0
2020-11-04,page_view,desktop,google,Sports,147,31,0
2020-11-04,page_view,desktop,google,Beauty,70,26,0
2020-11-04,page_view,desktop,google,Toys,39,10,0
2020-11-04,page_view,desktop,direct,Home,117,35,0
2020-11-04,page_view,desktop,direct,Sports,20,5,0
2020-11-04,page_view,desktop,social,Apparel,64,19,0
2020-11-04,page_view,desktop,social,Home,90,30,0
2020-11-04,page_view,desktop,social,Books,166,45,0
2020-11-04,page_view,desktop,social,Beauty,3,1,0
2020-11-04,page_view,desktop,organic,Home,137,51,0
2020-11-04,page_view,desktop,organic,Sports,50,17,0
2020-11-04,page_view,desktop,organic,Books,63,25,0
2020-11-04,page_view,desktop,organic,Toys,14,5,0
2020-11-04,page_view,desktop,email,Sports,13,5,0
2020-11-04,page_view,desktop,email,Beauty,60,21,0
2020-11-04,page_view,desktop,email,Toys,23,7,0
2020-11-04,page_view,mobile,google,Apparel,298,72,0
2020-11-04,page_view,mobile,google,Electronics,61,13,0
2020-11-04,page_view,mobile,google,Home,157,33,0
2020-11-04,page_view,mobile,google,Sports,124,38,0
2020-11-04,page_view,mobile,google,Books,40,9,0
2020-11-04,page_view,mobile,google,Beauty,122,33,0
2020-11-04,page_view,mobile,direct,Electronics,86,30,0
2020-11-04,page_view,mobile,direct,Books,141,33,0
2020-11-04,page_view,mobile,direct,Beauty,151,47,0
2020-11-04,page_view,mobile,direct,Toys,20,8,0
2020-11-04,page_view,mobile,social,Apparel,181,57,0
2020-11-04,page_view,mobile,social,Beauty,11,3,0
2020-11-04,page_view,mobile,organic,Electronics,145,36,0
2020-11-04,page_view,mobile,organic,Home,55,12,0
2020-11-04,page_view,mobile,organic,Books,961,267,0
2020-11-04,page_view,mobile,email,Beauty,26,8,0
2020-11-04,page_view,tablet,google,Apparel,148,34,0
2020-11-04,page_view,tablet,google,Books,438,162,0
2020-11-04,page_view,tablet,google,Beauty,220,70,0
2020-11-04,page_view,tablet,direct,Electronics,101,31,0
2020-11-04,page_view,tablet,direct,Home,10,4,0
2020-11-04,page_view,tablet,social,Electronics,16,6,0
2020-11-04,page_view,tablet,organic,Books,74,24,0
2020-11-04,page_view,tablet,organic,Toys,42,17,0
2020-11-04,view_item,desktop,google,Apparel,39,17,0
2020-11-04,view_item,desktop,google,Home,8,3,0
2020-11-04,view_item,desktop,social,Electronics,10,4,0
2020-11-04,view_item,desktop,social,Sports,12,4,0
2020-11-04,view_item,desktop,social,Books,51,21,0
2020-11-04,view_item,desktop,social,Toys,8,3,0
2020-11-04,view_item,desktop,organic,Home,82,30,0
2020-11-04,view_item,desktop,organic,Books,50,22,0
2020-11-04,view_item,desktop,organic,Beauty,42,18,0
2020-11-04,view_item,desktop,organic,Toys,26,10,0
2020-11-04,view_item,mobile,google,Sports,117,57,0
2020-11-04,view_item,mobile,direct,Apparel,167,86,0
2020-11-04,view_item,mobile,direct,Beauty,58,22,0
2020-11-04,view_item,mobile,social,Electronics,48,22,0
2020-11-04,view_item,mobile,social,Home,50,22,0
2020-11-04,view_item,mobile,organic,Electronics,63,24,0
2020-11-04,view_item,mobile,organic,Books,49,21,0
2020-11-04,view_item,mobile,organic,Toys,57,29,0
2020-11-04,view_item,tablet,google,Beauty,47,26,0
2020-11-04,view_item,tablet,direct,Home,7,3,0
2020-11-04,view_item,tablet,direct,Toys,15,7,0
2020-11-04,view_item,tablet,social,Sports,13,6,0
2020-11-04,add_to_cart,desktop,google,Books,106,56,0
2020-11-04,add_to_cart,desktop,direct,Electronics,11,7,0
2020-11-04,add_to_cart,mobile,google,Electronics,21,11,0
2020-11-04,add_to_cart,mobile,google,Toys,92,51,0
2020-11-04,add_to_cart,mobile,direct,Home,12,6,0
2020-11-04,add_to_cart,mobile,social,Home,17,9,0
2020-11-04,add_to_cart,mobile,social,Sports,13,8,0
2020-11-04,add_to_cart,mobile,organic,Toys,7,3,0
2020-11-04,add_to_cart,tablet,social,Books,15,8,0
2020-11-04,begin_checkout,desktop,social,Electronics,4,2,0
2020-11-04,begin_checkout,mobile,direct,Beauty,6,4,0
2020-11-04,purchase,desktop,google,Apparel,9,8,888.86
2020-11-04,purchase,mobile,direct,Beauty,8,7,332.3
2020-11-04,purchase,tablet,email,Toys,15,11,344.92
2020-11-05,page_view,desktop,google,Electronics,94,22,0
2020-11-05,page_view,desktop,google,Sports,24,6,0
2020-11-05,page_view,desktop,google,Toys,74,23,0
2020-11-05,page_view,desktop,direct,Apparel,79,20,0
2020-11-05,page_view,desktop,direct,Electronics,114,43,0
2020-11-05,page_view,desktop,direct,Books,22,7,0
2020-11-05,page_view,desktop,direct,Beauty,22,7,0
2020-11-05,page_view,desktop,direct,Toys,247,91,0
2020-11-05,page_view,desktop,social,Apparel,258,95,0
2020-11-05,page_view,desktop,social,Electronics,35,13,0
2020-11-05,page_view,desktop,social,Home,23,7,0
2020-11-05,page_view,desktop,social,Sports,56,19,0
2020-11-05,page_view,desktop,organic,Apparel,96,30,0
2020-11-05,page_view,desktop,organic,Electronics,54,20,0
2020-11-05,page_view,desktop,organic,Home,47,16,0
2020-11-05,page_view,desktop,organic,Sports,88,23,0
2020-11-05,page_view,desktop,organic,Books,36,11,0
2020-11-05,page_view,desktop,organic,Beauty,95,37,0
2020-11-05,page_view,desktop,organic,Toys,92,31,0
2020-11-05,page_view,desktop,email,Electronics,14,4,0
2020-11-05,page_view,desktop,email,Sports,37,14,0
2020-11-05,page_view,desktop,email,Books,13,5,0
2020-11-05,page_view,mobile,google,Apparel,210,71,0
2020-11-05,page_view,mobile,google,Electronics,108,27,0
2020-11-05,page_view,mobile,google,Books,61,17,0
2020-11-05,page_view,mobile,google,Beauty,72,29,0
2020-11-05,page_view,mobile,direct,Apparel,215,51,0
2020-11-05,page_view,mobile,direct,Electronics,96,23,0
2020-11-05,page_view,mobile,direct,Home,44,16,0
2020-11-05,page_view,mobile,direct,Books,30,6,0
2020-11-05,page_view,mobile,social,Sports,275,70,0
2020-11-05,page_view,mobile,social,Toys,20,5,0
2020-11-05,page_view,mobile,organic,Electronics,32,8,0
2020-11-05,page_view,mobile,organic,Sports,21,5,0
2020-11-05,page_view,mobile,email,Apparel,29,9,0
2020-11-05,page_view,mobile,email,Beauty,13,3,0
2020-11-05,page_view,tablet,google,Electronics,250,87,0
2020-11-05,page_view,tablet,google,Home,85,29,0
2020-11-05,page_view,tablet,google,Beauty,137,44,0
2020-11-05,page_view,tablet,google,Toys,38,9,0
2020-11-05,page_view,tablet,direct,Sports,23,6,0
2020-11-05,page_view,tablet,social,Sports,55,20,0
2020-11-05,page_view,tablet,organic,Electronics,28,9,0
2020-11-05,page_view,tablet,organic,Beauty,34,9,0
2020-11-05,page_view,tablet,organic,Toys,841,207,0
2020-11-05,page_view,tablet,email,Electronics,12,4,0
2020-11-05,view_item,desktop,google,Home,25,13,0
2020-11-05,view_item,desktop,google,Sports,13,6,0
2020-11-05,view_item,desktop,direct,Electronics,31,12,0
2020-11-05,view_item,desktop,social,Home,4,1,0
2020-11-05,view_item,desktop,social,Beauty,10,5,0
2020-11-05,view_item,desktop,organic,Home,51,20,0
2020-11-05,view_item,desktop,organic,Toys,51,20,0
2020-11-05,view_item,mobile,direct,Apparel,57,24,0
2020-11-05,view_item,mobile,direct,Home,9,3,0
2020-11-05,view_item,mobile,direct,Sports,25,13,0
2020-11-05,view_item,mobile,direct,Books,1,1,0
2020-11-05,view_item,mobile,social,Electronics,35,16,0
2020-11-05,view_item,mobile,social,Home,27,10,0
2020-11-05,view_item,mobile,social,Books,15,6,0
2020-11-05,view_item,mobile,organic,Electronics,166,78,0
2020-11-05,view_item,mobile,organic,Sports,108,48,0
2020-11-05,view_item,mobile,organic,Books,103,52,0
2020-11-05,view_item,mobile,organic,Beauty,18,9,0
2020-11-05,view_item,mobile,email,Books,157,65,0
2020-11-05,view_item,mobile,email,Toys,29,14,0
2020-11-05,view_item,tablet,google,Apparel,23,9,0
2020-11-05,view_item,tablet,google,Beauty,64,23,0
2020-11-05,view_item,tablet,organic,Beauty,18,7,0
2020-11-05,add_to_cart,desktop,google,Home,71,32,0
2020-11-05,add_to_cart,desktop,direct,Electronics,2,1,0
2020-11-05,add_to_cart,desktop,direct,Sports,6,4,0
2020-11-05,add_to_cart,desktop,direct,Beauty,28,16,0
2020-11-05,add_to_cart,desktop,social,Apparel,9,5,0
2020-11-05,add_to_cart,desktop,organic,Home,8,4,0
2020-11-05,add_to_cart,mobile,direct,Sports,35,21,0
2020-11-05,add_to_cart,mobile,organic,Apparel,28,17,0
2020-11-05,add_to_cart,mobile,email,Books,16,7,0
2020-11-05,add_to_cart,tablet,organic,Apparel,7,3,0
2020-11-05,begin_checkout,desktop,google,Home,12,9,0
2020-11-05,begin_checkout,desktop,direct,Books,13,9,0
2020-11-05,begin_checkout,desktop,organic,Sports,3,2,0
2020-11-05,begin_checkout,desktop,organic,Books,2,1,0
2020-11-05,begin_checkout,mobile,google,Toys,13,9,0
2020-11-05,begin_checkout,mobile,direct,Sports,15,8,0
2020-11-05,purchase,desktop,organic,Sports,16,13,819.24
2020-11-06,page_view,desktop,google,Apparel,48,12,0
2020-11-06,page_view,desktop,google,Electronics,60,16,0
2020-11-06,page_view,desktop,google,Home,103,23,0
2020-11-06,page_view,desktop,google,Sports,26,7,0
2020-11-06,page_view,desktop,google,Books,116,27,0
2020-11-06,page_view,desktop,google,Toys,376,148,0
2020-11-06,page_view,desktop,direct,Home,45,10,0
2020-11-06,page_view,desktop,direct,Sports,53,19,0
2020-11-06,page_view,desktop,direct,Beauty,61,16,0
2020-11-06,page_view,desktop,social,Electronics,25,8,0
2020-11-06,page_view,desktop,social,Books,102,40,0
2020-11-06,page_view,desktop,organic,Sports,192,75,0
2020-11-06,page_view,desktop,organic,Beauty,133,32,0
2020-11-06,page_view,desktop,organic,Toys,85,25,0
2020-11-06,page_view,desktop,email,Sports,16,4,0
2020-11-06,page_view,mobile,google,Apparel,433,157,0
2020-11-06,page_view,mobile,google,Electronics,37,15,0
2020-11-06,page_view,mobile,google,Home,314,124,0
2020-11-06,page_view,mobile,google,Sports,180,46,0
2020-11-06,page_view,mobile,google,Books,361,95,0
2020-11-06,page_view,mobile,google,Toys,61,14,0
2020-11-06,page_view,mobile,direct,Home,103,29,0
2020-11-06,page_view,mobile,direct,Sports,52,16,0
2020-11-06,page_view,mobile,direct,Books,546,189,0
2020-11-06,page_view,mobile,social,Apparel,28,10,0
2020-11-06,page_view,mobile,social,Books,71,21,0
2020-11-06,page_view,mobile,social,Toys,37,9,0
2020-11-06,page_view,mobile,organic,Apparel,38,12,0
2020-11-06,page_view,mobile,organic,Home,25,9,0
2020-11-06,page_view,mobile,organic,Books,15,4,0
2020-11-06,page_view,mobile,email,Apparel,27,6,0
2020-11-06,page_view,mobile,email,Books,17,4,0
2020-11-06,page_view,mobile,email,Beauty,30,7,0
2020-11-06,page_view,mobile,email,Toys,308,122,0
2020-11-06,page_view,tablet,google,Sports,144,46,0
2020-11-06,page_view,tablet,direct,Apparel,71,22,0
2020-11-06,page_view,tablet,direct,Sports,118,30,0
2020-11-06,page_view,tablet,direct,Beauty,22,6,0
2020-11-06,page_view,tablet,social,Electronics,9,3,0
2020-11-06,page_view,tablet,social,Sports,209,46,0
2020-11-06,page_view,tablet,social,Beauty,45,13,0
2020-11-06,page_view,tablet,social,Toys,37,14,0
2020-11-06,page_view,tablet,email,Beauty,81,31,0
2020-11-06,page_view,tablet,email,Toys,17,6,0
2020-11-06,view_item,desktop,google,Apparel,31,11,0
2020-11-06,view_item,desktop,google,Sports,27,12,0
2020-11-06,view_item,desktop,google,Books,67,25,0
2020-11-06,view_item,desktop,direct,Apparel,37,18,0
2020-11-06,view_item,desktop,direct,Home,48,23,0
2020-11-06,view_item,desktop,direct,Sports,69,27,0
2020-11-06,view_item,desktop,organic,Electronics,6,3,0
2020-11-06,view_item,desktop,email,Home,33,15,0
2020-11-06,view_item,mobile,social,Beauty,4,1,0
2020-11-06,view_item,mobile,organic,Electronics,19,8,0
2020-11-06,view_item,mobile,email,Apparel,22,12,0
2020-11-06,view_item,mobile,email,Home,37,18,0
2020-11-06,view_item,mobile,email,Toys,108,57,0
2020-11-06,view_item,tablet,google,Apparel,3,1,0
2020-11-06,view_item,tablet,organic,Apparel,50,23,0
2020-11-06,view_item,tablet,organic,Toys,9,5,0
2020-11-06,view_item,tablet,email,Books,6,3,0
2020-11-06,add_to_cart,desktop,google,Toys,4,2,0
2020-11-06,add_to_cart,desktop,direct,Apparel,5,3,0
2020-11-06,add_to_cart,mobile,google,Apparel,13,8,0
2020-11-06,add_to_cart,mobile,direct,Electronics,4,2,0
2020-11-06,add_to_cart,mobile,direct,Books,129,71,0
2020-11-06,add_to_cart,mobile,organic,Apparel,44,21,0
2020-11-06,add_to_cart,mobile,organic,Electronics,10,6,0
2020-11-06,add_to_cart,mobile,email,Electronics,33,18,0
2020-11-06,add_to_cart,tablet,google,Books,11,6,0
2020-11-06,add_to_cart,tablet,direct,Apparel,8,5,0
2020-11-06,add_to_cart,tablet,social,Sports,118,70,0
2020-11-06,add_to_cart,tablet,organic,Apparel,10,6,0
2020-11-06,add_to_cart,tablet,organic,Electronics,6,4,0
2020-11-06,begin_checkout,desktop,direct,Electronics,10,6,0
2020-11-06,begin_checkout,desktop,direct,Home,20,15,0
2020-11-06,begin_checkout,mobile,google,Beauty,24,15,0
2020-11-06,begin_checkout,mobile,google,Toys,19,13,0
2020-11-06,begin_checkout,tablet,organic,Electronics,11,7,0
2020-11-06,purchase,desktop,direct,Home,12,9,759.58
2020-11-06,purchase,mobile,direct,Apparel,4,3,347.78
2020-11-07,page_view,desktop,google,Apparel,50,14,0
2020-11-07,page_view,desktop,google,Electronics,43,15,0
2020-11-07,page_view,desktop,google,Home,576,223,0
2020-11-07,page_view,desktop,google,Sports,67,21,0
2020-11-07,page_view,desktop,google,Books,131,41,0
2020-11-07,page_view,desktop,google,Toys,71,18,0
2020-11-07,page_view,desktop,direct,Apparel,22,8,0
2020-11-07,page_view,desktop,social,Apparel,24,8,0
2020-11-07,page_view,desktop,social,Home,97,31,0
2020-11-07,page_view,desktop,social,Sports,13,4,0
2020-11-07,page_view,desktop,social,Toys,30,7,0
2020-11-07,page_view,desktop,organic,Apparel,11,3,0
2020-11-07,page_view,desktop,organic,Home,34,10,0
2020-11-07,page_view,desktop,organic,Sports,59,21,0
2020-11-07,page_view,desktop,organic,Books,94,32,0
2020-11-07,page_view,desktop,email,Books,20,5,0
2020-11-07,page_view,mobile,google,Apparel,4,1,0
2020-11-07,page_view,mobile,google,Electronics,38,15,0
2020-11-07,page_view,mobile,google,Books,42,14,0
2020-11-07,page_view,mobile,google,Beauty,104,38,0
2020-11-07,page_view,mobile,google,Toys,86,22,0
2020-11-07,page_view,mobile,direct,Books,17,4,0
2020-11-07,page_view,mobile,direct,Beauty,81,18,0
2020-11-07,page_view,mobile,direct,Toys,85,25,0
2020-11-07,page_view,mobile,social,Home,26,8,0
2020-11-07,page_view,mobile,social,Sports,13,4,0
2020-11-07,page_view,mobile,social,Beauty,76,24,0
2020-11-07,page_view,mobile,social,Toys,128,50,0
2020-11-07,page_view,mobile,organic,Electronics,87,34,0
2020-11-07,page_view,mobile,organic,Home,38,12,0
2020-11-07,page_view,mobile,organic,Beauty,10,3,0
2020-11-07,page_view,mobile,organic,Toys,76,22,0
2020-11-07,page_view,mobile,email,Home,21,6,0
2020-11-07,page_view,mobile,email,Books,211,52,0
2020-11-07,page_view,tablet,google,Apparel,71,19,0
2020-11-07,page_view,tablet,google,Sports,10,3,0
2020-11-07,page_view,tablet,google,Toys,698,186,0
2020-11-07,page_view,tablet,direct,Books,108,41,0
2020-11-07,page_view,tablet,direct,Beauty,14,6,0
2020-11-07,page_view,tablet,direct,Toys,45,10,0
2020-11-07,page_view,tablet,social,Apparel,67,17,0
2020-11-07,page_view,tablet,organic,Home,28,11,0
2020-11-07,view_item,desktop,google,Apparel,123,57,0
2020-11-07,view_item,desktop,google,Electronics,8,3,0
2020-11-07,view_item,desktop,google,Books,17,8,0
2020-11-07,view_item,desktop,google,Beauty,7,4,0
2020-11-07,view_item,desktop,google,Toys,18,8,0
2020-11-07,view_item,desktop,direct,Home,67,27,0
2020-11-07,view_item,desktop,social,Home,14,5,0
2020-11-07,view_item,desktop,social,Beauty,35,14,0
2020-11-07,view_item,desktop,organic,Sports,63,33,0
2020-11-07,view_item,desktop,organic,Books,16,8,0
2020-11-07,view_item,mobile,google,Apparel,23,9,0
2020-11-07,view_item,mobile,google,Books,59,22,0
2020-11-07,view_item,mobile,direct,Electronics,18,10,0
2020-11-07,view_item,mobile,direct,Home,71,37,0
2020-11-07,view_item,mobile,direct,Toys,18,10,0
2020-11-07,view_item,mobile,organic,Apparel,13,6,0
2020-11-07,view_item,mobile,organic,Electronics,31,15,0
2020-11-07,view_item,mobile,organic,Home,85,38,0
2020-11-07,view_item,mobile,organic,Sports,7,4,0
2020-11-07,view_item,mobile,organic,Books,14,7,0
2020-11-07,view_item,tablet,google,Beauty,107,50,0
2020-11-07,view_item,tablet,direct,Apparel,31,14,0
2020-11-07,view_item,tablet,email,Electronics,3,1,0
2020-11-07,add_to_cart,desktop,google,Home,10,5,0
2020-11-07,add_to_cart,desktop,google,Beauty,2,1,0
2020-11-07,add_to_cart,desktop,direct,Sports,28,17,0
2020-11-07,add_to_cart,desktop,organic,Electronics,10,5,0
2020-11-07,add_to_cart,desktop,organic,Sports,15,7,0
2020-11-07,add_to_cart,desktop,organic,Books,18,11,0
2020-11-07,add_to_cart,mobile,google,Home,12,7,0
2020-11-07,add_to_cart,mobile,google,Beauty,41,26,0
2020-11-07,add_to_cart,mobile,social,Home,12,6,0
2020-11-07,add_to_cart,tablet,social,Apparel,9,5,0
2020-11-07,begin_checkout,desktop,google,Apparel,5,3,0
2020-11-07,begin_checkout,desktop,social,Books,7,4,0
2020-11-07,begin_checkout,desktop,organic,Apparel,7,5,0
2020-11-07,begin_checkout,mobile,google,Beauty,27,15,0
2020-11-07,begin_checkout,tablet,organic,Apparel,2,1,0
2020-11-07,purchase,desktop,google,Books,9,7,166.74
2020-11-07,purchase,desktop,google,Beauty,6,4,156.46
2020-11-08,page_view,desktop,google,Electronics,24,6,0
2020-11-08,page_view,desktop,google,Home,51,14,0
2020-11-08,page_view,desktop,google,Beauty,23,5,0
2020-11-08,page_view,desktop,google,Toys,177,37,0
2020-11-08,page_view,desktop,direct,Apparel,141,47,0
2020-11-08,page_view,desktop,direct,Home,86,18,0
2020-11-08,page_view,desktop,direct,Beauty,262,79,0
2020-11-08,page_view,desktop,direct,Toys,27,8,0
2020-11-08,page_view,desktop,social,Electronics,13,3,0
2020-11-08,page_view,desktop,social,Beauty,204,45,0
2020-11-08,page_view,desktop,social,Toys,44,15,0
2020-11-08,page_view,desktop,organic,Apparel,51,19,0
2020-11-08,page_view,desktop,organic,Home,10,2,0
2020-11-08,page_view,desktop,organic,Sports,61,20,0
2020-11-08,page_view,desktop,organic,Books,78,24,0
2020-11-08,page_view,desktop,organic,Beauty,165,65,0
2020-11-08,page_view,desktop,organic,Toys,31,8,0
2020-11-08,page_view,desktop,email,Apparel,46,15,0
2020-11-08,page_view,desktop,email,Home,34,11,0
2020-11-08,page_view,mobile,google,Apparel,54,12,0
2020-11-08,page_view,mobile,google,Electronics,184,55,0
2020-11-08,page_view,mobile,google,Home,50,19,0
2020-11-08,page_view,mobile,google,Sports,119,41,0
2020-11-08,page_view,mobile,google,Toys,70,17,0
2020-11-08,page_view,mobile,direct,Electronics,45,16,0
2020-11-08,page_view,mobile,direct,Books,972,373,0
2020-11-08,page_view,mobile,social,Apparel,42,14,0
2020-11-08,page_view,mobile,social,Toys,19,5,0
2020-11-08,page_view,mobile,organic,Apparel,11,3,0
2020-11-08,page_view,mobile,organic,Electronics,29,8,0
2020-11-08,page_view,mobile,organic,Home,122,35,0
2020-11-08,page_view,mobile,organic,Sports,28,9,0
2020-11-08,page_view,mobile,organic,Beauty,66,17,0
2020-11-08,page_view,mobile,email,Apparel,55,14,0
2020-11-08,page_view,tablet,google,Apparel,139,49,0
2020-11-08,page_view,tablet,google,Electronics,31,7,0
2020-11-08,page_view,tablet,google,Sports,89,27,0
2020-11-08,page_view,tablet,direct,Beauty,205,59,0
2020-11-08,page_view,tablet,social,Electronics,25,6,0
2020-11-08,page_view,tablet,social,Home,15,6,0
2020-11-08,page_view,tablet,organic,Apparel,472,119,0
2020-11-08,page_view,tablet,organic,Electronics,30,6,0
2020-11-08,page_view,tablet,organic,Toys,240,65,0
2020-11-08,page_view,tablet,email,Sports,26,7,0
2020-11-08,page_view,tablet,email,Books,13,4,0
2020-11-08,view_item,desktop,google,Apparel,83,37,0
2020-11-08,view_item,desktop,google,Electronics,50,24,0
2020-11-08,view_item,desktop,google,Sports,11,4,0
2020-11-08,view_item,desktop,google,Books,74,37,0
2020-11-08,view_item,desktop,google,Beauty,42,20,0
2020-11-08,view_item,desktop,direct,Electronics,8,4,0
2020-11-08,view_item,desktop,direct,Sports,9,4,0
2020-11-08,view_item,desktop,social,Apparel,5,2,0
2020-11-08,view_item,desktop,organic,Electronics,10,4,0
2020-11-08,view_item,mobile,google,Apparel,207,83,0
2020-11-08,view_item,mobile,google,Electronics,31,17,0
2020-11-08,view_item,mobile,google,Books,73,30,0
2020-11-08,view_item,mobile,direct,Electronics,71,37,0
2020-11-08,view_item,mobile,direct,Sports,170,64,0
2020-11-08,view_item,mobile,social,Sports,34,13,0
2020-11-08,view_item,mobile,social,Beauty,16,7,0
2020-11-08,view_item,mobile,organic,Apparel,66,30,0
2020-11-08,view_item,mobile,email,Apparel,37,17,0
2020-11-08,view_item,mobile,email,Home,70,36,0
2020-11-08,view_item,mobile,email,Books,32,17,0
2020-11-08,view_item,tablet,google,Apparel,20,10,0
2020-11-08,view_item,tablet,google,Sports,25,12,0
2020-11-08,view_item,tablet,direct,Books,11,6,0
2020-11-08,view_item,tablet,direct,Beauty,44,18,0
2020-11-08,add_to_cart,desktop,google,Home,23,12,0
2020-11-08,add_to_cart,desktop,google,Books,23,14,0
2020-11-08,add_to_cart,desktop,direct,Apparel,8,5,0
2020-11-08,add_to_cart,desktop,direct,Electronics,22,11,0
2020-11-08,add_to_cart,desktop,organic,Sports,31,19,0
2020-11-08,add_to_cart,mobile,social,Electronics,12,7,0
2020-11-08,add_to_cart,mobile,organic,Home,37,20,0
2020-11-08,add_to_cart,mobile,email,Toys,11,7,0
2020-11-08,add_to_cart,tablet,google,Toys,70,43,0
2020-11-08,add_to_cart,tablet,social,Toys,4,2,0
2020-11-08,begin_checkout,desktop,google,Beauty,7,5,0
2020-11-08,begin_checkout,mobile,google,Electronics,8,5,0
2020-11-08,begin_checkout,mobile,organic,Apparel,15,10,0
2020-11-08,begin_checkout,tablet,email,Electronics,8,5,0
2020-11-08,begin_checkout,tablet,email,Home,6,4,0
2020-11-08,purchase,tablet,direct,Home,11,9,583.19
2020-11-09,page_view,desktop,google,Electronics,279,104,0
2020-11-09,page_view,desktop,google,Home,97,23,0
2020-11-09,page_view,desktop,google,Sports,48,10,0
2020-11-09,page_view,desktop,google,Books,118,36,0
2020-11-09,page_view,desktop,google,Beauty,26,10,0
2020-11-09,page_view,desktop,direct,Electronics,88,33,0
2020-11-09,page_view,desktop,direct,Home,167,40,0
2020-11-09,page_view,desktop,direct,Sports,180,60,0
2020-11-09,page_view,desktop,direct,Books,21,8,0
2020-11-09,page_view,desktop,direct,Toys,28,7,0
2020-11-09,page_view,desktop,social,Apparel,60,12,0
2020-11-09,page_view,desktop,social,Home,24,8,0
2020-11-09,page_view,desktop,social,Sports,84,23,0
2020-11-09,page_view,desktop,organic,Apparel,17,5,0
2020-11-09,page_view,desktop,organic,Electronics,11,4,0
2020-11-09,page_view,desktop,organic,Books,65,15,0
2020-11-09,page_view,desktop,organic,Beauty,55,18,0
2020-11-09,page_view,desktop,organic,Toys,23,7,0
2020-11-09,page_view,mobile,google,Apparel,108,40,0
2020-11-09,page_view,mobile,google,Electronics,110,25,0
2020-11-09,page_view,mobile,google,Books,96,21,0
2020-11-09,page_view,mobile,google,Beauty,78,24,0
2020-11-09,page_view,mobile,google,Toys,8,2,0
2020-11-09,page_view,mobile,direct,Apparel,79,22,0
2020-11-09,page_view,mobile,direct,Electronics,34,12,0
2020-11-09,page_view,mobile,social,Home,13,4,0
2020-11-09,page_view,mobile,social,Beauty,138,49,0
2020-11-09,page_view,mobile,social,Toys,18,5,0
2020-11-09,page_view,mobile,organic,Apparel,22,7,0
2020-11-09,page_view,mobile,organic,Electronics,35,9,0
2020-11-09,page_view,mobile,organic,Books,35,10,0
2020-11-09,page_view,mobile,organic,Beauty,51,14,0
2020-11-09,page_view,mobile,organic,Toys,14,5,0
2020-11-09,page_view,mobile,email,Books,4,1,0
2020-11-09,page_view,tablet,google,Apparel,35,13,0
2020-11-09,page_view,tablet,google,Electronics,80,17,0
2020-11-09,page_view,tablet,google,Sports,338,107,0
2020-11-09,page_view,tablet,google,Toys,109,28,0
2020-11-09,page_view,tablet,direct,Home,43,11,0
2020-11-09,page_view,tablet,direct,Sports,101,23,0
2020-11-09,page_view,tablet,direct,Beauty,61,13,0
2020-11-09,page_view,tablet,direct,Toys,33,9,0
2020-11-09,view_item,desktop,google,Electronics,99,40,0
2020-11-09,view_item,desktop,google,Sports,48,19,0
2020-11-09,view_item,desktop,google,Toys,25,13,0
2020-11-09,view_item,desktop,direct,Apparel,23,9,0
2020-11-09,view_item,desktop,direct,Electronics,53,26,0
2020-11-09,view_item,desktop,direct,Home,13,6,0
2020-11-09,view_item,desktop,direct,Sports,159,78,0
2020-11-09,view_item,desktop,organic,Sports,20,8,0
2020-11-09,view_item,desktop,organic,Toys,262,134,0
2020-11-09,view_item,desktop,email,Apparel,37,20,0
2020-11-09,view_item,desktop,email,Home,5,2,0
2020-11-09,view_item,desktop,email,Sports,10,5,0
2020-11-09,view_item,mobile,google,Home,40,20,0
2020-11-09,view_item,mobile,google,Sports,46,23,0
2020-11-09,view_item,mobile,google,Books,7,4,0
2020-11-09,view_item,mobile,google,Beauty,198,104,0
2020-11-09,view_item,mobile,direct,Apparel,36,13,0
2020-11-09,view_item,mobile,social,Beauty,13,7,0
2020-11-09,view_item,mobile,organic,Apparel,43,16,0
2020-11-09,view_item,mobile,email,Books,1,1,0
2020-11-09,view_item,mobile,email,Toys,29,11,0
2020-11-09,view_item,tablet,google,Sports,565,309,0
2020-11-09,view_item,tablet,direct,Toys,101,41,0
2020-11-09,view_item,tablet,organic,Toys,41,15,0
2020-11-09,view_item,tablet,email,Beauty,63,30,0
2020-11-09,add_to_cart,desktop,google,Apparel,37,22,0
2020-11-09,add_to_cart,desktop,google,Toys,16,9,0
2020-11-09,add_to_cart,desktop,social,Apparel,3,1,0
2020-11-09,add_to_cart,desktop,social,Toys,22,14,0
2020-11-09,add_to_cart,desktop,organic,Beauty,46,29,0
2020-11-09,add_to_cart,mobile,direct,Apparel,10,6,0
2020-11-09,add_to_cart,mobile,direct,Toys,6,4,0
2020-11-09,add_to_cart,mobile,social,Sports,17,11,0
2020-11-09,add_to_cart,mobile,organic,Home,7,3,0
2020-11-09,add_to_cart,tablet,google,Toys,7,4,0
2020-11-09,add_to_cart,tablet,organic,Sports,8,4,0
2020-11-09,add_to_cart,tablet,email,Electronics,10,5,0
2020-11-09,begin_checkout,desktop,google,Books,15,11,0
2020-11-09,begin_checkout,desktop,direct,Home,3,2,0
2020-11-09,begin_checkout,desktop,email,Home,5,3,0
2020-11-09,begin_checkout,desktop,email,Beauty,12,8,0
2020-11-09,begin_checkout,mobile,direct,Sports,14,9,0
2020-11-09,begin_checkout,mobile,social,Home,8,5,0
2020-11-09,begin_checkout,mobile,organic,Electronics,19,11,0
2020-11-09,begin_checkout,tablet,organic,Apparel,20,14,0
2020-11-09,begin_checkout,tablet,organic,Beauty,18,12,0
2020-11-09,purchase,mobile,google,Apparel,8,6,775.72
2020-11-09,purchase,mobile,organic,Home,5,4,246.25
2020-11-09,purchase,mobile,organic,Books,7,6,152.49
2020-11-09,purchase,tablet,google,Electronics,4,3,1176.69
2020-11-10,page_view,desktop,google,Apparel,80,24,0
2020-11-10,page_view,desktop,google,Electronics,111,24,0
2020-11-10,page_view,desktop,google,Home,14,3,0
2020-11-10,page_view,desktop,google,Sports,131,29,0
2020-11-10,page_view,desktop,google,Books,29,7,0
2020-11-10,page_view,desktop,google,Beauty,298,61,0
2020-11-10,page_view,desktop,direct,Apparel,87,26,0
2020-11-10,page_view,desktop,direct,Electronics,33,8,0
2020-11-10,page_view,desktop,direct,Books,77,28,0
2020-11-10,page_view,desktop,direct,Beauty,104,32,0
2020-11-10,page_view,desktop,social,Electronics,228,57,0
2020-11-10,page_view,desktop,social,Sports,6,2,0
2020-11-10,page_view,desktop,social,Beauty,44,16,0
2020-11-10,page_view,desktop,social,Toys,10,3,0
2020-11-10,page_view,desktop,organic,Apparel,146,49,0
2020-11-10,page_view,desktop,organic,Electronics,51,16,0
2020-11-10,page_view,desktop,organic,Sports,134,29,0
2020-11-10,page_view,desktop,organic,Beauty,25,6,0
2020-11-10,page_view,desktop,email,Books,15,3,0
2020-11-10,page_view,mobile,google,Apparel,19,7,0
2020-11-10,page_view,mobile,google,Home,282,60,0
2020-11-10,page_view,mobile,google,Sports,209,48,0
2020-11-10,page_view,mobile,google,Books,33,9,0
2020-11-10,page_view,mobile,google,Beauty,87,18,0
2020-11-10,page_view,mobile,direct,Apparel,76,28,0
2020-11-10,page_view,mobile,social,Apparel,36,10,0
2020-11-10,page_view,mobile,social,Electronics,18,7,0
2020-11-10,page_view,mobile,social,Sports,324,111,0
2020-11-10,page_view,mobile,social,Toys,149,50,0
2020-11-10,page_view,mobile,organic,Apparel,19,7,0
2020-11-10,page_view,mobile,organic,Home,525,206,0
2020-11-10,page_view,mobile,organic,Sports,24,8,0
2020-11-10,page_view,mobile,organic,Toys,205,46,0
2020-11-10,page_view,mobile,email,Electronics,170,51,0
2020-11-10,page_view,tablet,google,Toys,19,6,0
2020-11-10,page_view,tablet,direct,Sports,692,226,0
2020-11-10,page_view,tablet,social,Sports,32,8,0
2020-11-10,page_view,tablet,organic,Apparel,37,9,0
2020-11-10,view_item,desktop,google,Books,320,132,0
2020-11-10,view_item,desktop,google,Beauty,29,14,0
2020-11-10,view_item,desktop,direct,Apparel,17,7,0
2020-11-10,view_item,desktop,direct,Electronics,112,55,0
2020-11-10,view_item,desktop,direct,Sports,37,19,0
2020-11-10,view_item,desktop,direct,Books,10,4,0
2020-11-10,view_item,desktop,social,Toys,12,5,0
2020-11-10,view_item,desktop,organic,Apparel,27,11,0
2020-11-10,view_item,desktop,organic,Home,8,4,0
2020-11-10,view_item,desktop,organic,Sports,15,5,0
2020-11-10,view_item,desktop,organic,Beauty,23,10,0
2020-11-10,view_item,mobile,google,Apparel,93,46,0
2020-11-10,view_item,mobile,direct,Home,41,20,0
2020-11-10,view_item,mobile,direct,Toys,28,15,0
2020-11-10,view_item,mobile,organic,Electronics,49,24,0
2020-11-10,view_item,tablet,google,Sports,94,44,0
2020-11-10,view_item,tablet,google,Toys,26,9,0
2020-11-10,view_item,tablet,organic,Apparel,11,4,0
2020-11-10,view_item,tablet,email,Beauty,7,3,0
2020-11-10,add_to_cart,desktop,google,Apparel,84,51,0
2020-11-10,add_to_cart,desktop,direct,Electronics,11,7,0
2020-11-10,add_to_cart,desktop,direct,Books,12,7,0
2020-11-10,add_to_cart,desktop,social,Electronics,22,11,0
2020-11-10,add_to_cart,desktop,social,Sports,10,6,0
2020-11-10,add_to_cart,mobile,direct,Apparel,12,7,0
2020-11-10,add_to_cart,mobile,direct,Sports,4,2,0
2020-11-10,add_to_cart,mobile,direct,Books,9,4,0
2020-11-10,add_to_cart,mobile,organic,Electronics,6,4,0
2020-11-10,add_to_cart,mobile,email,Apparel,25,12,0
2020-11-10,add_to_cart,tablet,google,Apparel,3,2,0
2020-11-10,begin_checkout,desktop,organic,Sports,13,9,0
2020-11-10,begin_checkout,desktop,organic,Toys,9,5,0
2020-11-10,begin_checkout,mobile,social,Apparel,3,2,0
2020-11-10,begin_checkout,mobile,organic,Electronics,5,3,0
2020-11-10,purchase,desktop,organic,Apparel,4,3,354.77
2020-11-10,purchase,desktop,organic,Electronics,4,3,729.69
2020-11-10,purchase,mobile,google,Books,6,5,170.17
2020-11-10,purchase,tablet,direct,Apparel,11,9,1063.45
2020-11-11,page_view,desktop,google,Apparel,79,30,0
2020-11-11,page_view,desktop,google,Home,39,13,0
2020-11-11,page_view,desktop,google,Sports,72,24,0
2020-11-11,page_view,desktop,google,Books,24,10,0
2020-11-11,page_view,desktop,google,Beauty,166,52,0
2020-11-11,page_view,desktop,direct,Electronics,20,5,0
2020-11-11,page_view,desktop,direct,Beauty,115,36,0
2020-11-11,page_view,desktop,direct,Toys,23,8,0
2020-11-11,page_view,desktop,social,Home,335,125,0
2020-11-11,page_view,desktop,social,Beauty,28,6,0
2020-11-11,page_view,desktop,organic,Home,19,7,0
2020-11-11,page_view,desktop,organic,Sports,7,3,0
2020-11-11,page_view,desktop,organic,Toys,101,31,0
2020-11-11,page_view,desktop,email,Apparel,28,10,0
2020-11-11,page_view,desktop,email,Sports,6,2,0
2020-11-11,page_view,desktop,email,Books,93,36,0
2020-11-11,page_view,mobile,google,Apparel,32,12,0
2020-11-11,page_view,mobile,google,Home,177,63,0
2020-11-11,page_view,mobile,google,Books,123,49,0
2020-11-11,page_view,mobile,google,Beauty,57,12,0
2020-11-11,page_view,mobile,google,Toys,7,2,0
2020-11-11,page_view,mobile,direct,Apparel,22,8,0
2020-11-11,page_view,mobile,direct,Electronics,51,13,0
2020-11-11,page_view,mobile,direct,Sports,102,38,0
2020-11-11,page_view,mobile,direct,Books,68,21,0
2020-11-11,page_view,mobile,social,Electronics,87,24,0
2020-11-11,page_view,mobile,social,Home,137,49,0
2020-11-11,page_view,mobile,organic,Apparel,56,12,0
2020-11-11,page_view,mobile,organic,Electronics,30,10,0
2020-11-11,page_view,mobile,organic,Sports,66,16,0
2020-11-11,page_view,mobile,organic,Books,198,62,0
2020-11-11,page_view,mobile,email,Home,12,3,0
2020-11-11,page_view,mobile,email,Beauty,78,27,0
2020-11-11,page_view,tablet,google,Apparel,47,17,0
2020-11-11,page_view,tablet,google,Sports,273,94,0
2020-11-11,page_view,tablet,direct,Electronics,148,33,0
2020-11-11,page_view,tablet,direct,Sports,48,16,0
2020-11-11,page_view,tablet,organic,Sports,133,44,0
2020-11-11,page_view,tablet,organic,Books,37,13,0
2020-11-11,page_view,tablet,email,Sports,58,12,0
2020-11-11,view_item,desktop,google,Sports,101,46,0
2020-11-11,view_item,desktop,google,Books,45,22,0
2020-11-11,view_item,desktop,google,Beauty,25,10,0
2020-11-11,view_item,desktop,direct,Home,6,2,0
2020-11-11,view_item,desktop,direct,Sports,9,4,0
2020-11-11,view_item,desktop,direct,Beauty,15,6,0
2020-11-11,view_item,desktop,social,Home,28,11,0
2020-11-11,view_item,desktop,organic,Electronics,27,12,0
2020-11-11,view_item,desktop,organic,Sports,19,10,0
2020-11-11,view_item,desktop,organic,Books,46,17,0
2020-11-11,view_item,mobile,google,Apparel,187,68,0
2020-11-11,view_item,mobile,google,Electronics,52,26,0
2020-11-11,view_item,mobile,google,Beauty,25,11,0
2020-11-11,view_item,mobile,direct,Home,43,16,0
2020-11-11,view_item,mobile,direct,Books,99,45,0
2020-11-11,view_item,mobile,organic,Apparel,27,12,0
2020-11-11,view_item,mobile,organic,Home,54,20,0
2020-11-11,view_item,mobile,organic,Books,9,4,0
2020-11-11,view_item,mobile,organic,Beauty,68,32,0
2020-11-11,view_item,tablet,direct,Toys,27,11,0
2020-11-11,add_to_cart,desktop,direct,Sports,16,8,0
2020-11-11,add_to_cart,desktop,social,Apparel,17,10,0
2020-11-11,add_to_cart,desktop,organic,Home,22,13,0
2020-11-11,add_to_cart,desktop,organic,Beauty,5,3,0
2020-11-11,add_to_cart,desktop,email,Beauty,32,17,0
2020-11-11,add_to_cart,mobile,google,Sports,34,17,0
2020-11-11,add_to_cart,tablet,social,Home,49,32,0
2020-11-11,begin_checkout,desktop,direct,Electronics,14,10,0
2020-11-11,begin_checkout,desktop,direct,Beauty,3,2,0
2020-11-11,begin_checkout,desktop,organic,Home,26,19,0
2020-11-11,begin_checkout,mobile,google,Sports,3,2,0
2020-11-11,begin_checkout,tablet,direct,Electronics,14,10,0
2020-11-11,purchase,desktop,social,Books,4,4,100.99
2020-11-11,purchase,tablet,organic,Apparel,27,20,2134.33
2020-11-12,page_view,desktop,google,Apparel,123,41,0
2020-11-12,page_view,desktop,google,Electronics,105,40,0
2020-11-12,page_view,desktop,google,Sports,63,24,0
2020-11-12,page_view,desktop,google,Beauty,41,10,0
2020-11-12,page_view,desktop,direct,Apparel,89,35,0
2020-11-12,page_view,desktop,direct,Electronics,17,6,0
2020-11-12,page_view,desktop,direct,Home,74,21,0
2020-11-12,page_view,desktop,direct,Books,76,25,0
2020-11-12,page_view,desktop,direct,Beauty,77,20,0
2020-11-12,page_view,desktop,direct,Toys,25,8,0
2020-11-12,page_view,desktop,social,Toys,126,44,0
2020-11-12,page_view,desktop,organic,Apparel,17,6,0
2020-11-12,page_view,desktop,organic,Electronics,85,32,0
2020-11-12,page_view,desktop,organic,Sports,24,8,0
2020-11-12,page_view,desktop,organic,Beauty,74,16,0
2020-11-12,page_view,desktop,organic,Toys,44,13,0
2020-11-12,page_view,desktop,email,Electronics,28,10,0
2020-11-12,page_view,desktop,email,Books,74,19,0
2020-11-12,page_view,mobile,google,Apparel,45,12,0
2020-11-12,page_view,mobile,google,Home,413,158,0
2020-11-12,page_view,mobile,google,Sports,37,11,0
2020-11-12,page_view,mobile,google,Books,53,15,0
2020-11-12,page_view,mobile,google,Beauty,87,35,0
2020-11-12,page_view,mobile,google,Toys,313,115,0
2020-11-12,page_view,mobile,direct,Sports,50,14,0
2020-11-12,page_view,mobile,social,Electronics,18,7,0
2020-11-12,page_view,mobile,social,Toys,53,11,0
2020-11-12,page_view,mobile,organic,Electronics,22,6,0
2020-11-12,page_view,mobile,organic,Home,217,80,0
2020-11-12,page_view,mobile,organic,Sports,46,12,0
2020-11-12,page_view,mobile,organic,Books,19,5,0
2020-11-12,page_view,mobile,organic,Beauty,48,10,0
2020-11-12,page_view,tablet,google,Electronics,14,5,0
2020-11-12,page_view,tablet,google,Sports,149,39,0
2020-11-12,page_view,tablet,google,Books,143,40,0
2020-11-12,page_view,tablet,direct,Books,18,5,0
2020-11-12,page_view,tablet,direct,Beauty,101,29,0
2020-11-12,page_view,tablet,direct,Toys,126,28,0
2020-11-12,page_view,tablet,social,Home,23,8,0
2020-11-12,page_view,tablet,social,Beauty,29,8,0
2020-11-12,page_view,tablet,organic,Electronics,78,21,0
2020-11-12,page_view,tablet,organic,Sports,39,12,0
2020-11-12,page_view,tablet,organic,Books,78,23,0
2020-11-12,page_view,tablet,organic,Toys,195,65,0
2020-11-12,page_view,tablet,email,Books,35,11,0
2020-11-12,view_item,desktop,google,Books,60,25,0
2020-11-12,view_item,desktop,direct,Books,15,8,0
2020-11-12,view_item,desktop,direct,Toys,189,77,0
2020-11-12,view_item,desktop,social,Apparel,24,12,0
2020-11-12,view_item,desktop,social,Toys,73,39,0
2020-11-12,view_item,desktop,organic,Electronics,5,2,0
2020-11-12,view_item,desktop,email,Apparel,12,6,0
2020-11-12,view_item,desktop,email,Electronics,29,15,0
2020-11-12,view_item,desktop,email,Beauty,21,10,0
2020-11-12,view_item,mobile,google,Books,36,16,0
2020-11-12,view_item,mobile,direct,Electronics,49,21,0
2020-11-12,view_item,mobile,direct,Sports,8,4,0
2020-11-12,view_item,mobile,direct,Books,20,7,0
2020-11-12,view_item,mobile,direct,Beauty,24,10,0
2020-11-12,view_item,mobile,direct,Toys,13,7,0
2020-11-12,view_item,mobile,social,Electronics,114,63,0
2020-11-12,view_item,mobile,social,Sports,24,11,0
2020-11-12,view_item,mobile,organic,Apparel,185,76,0
2020-11-12,view_item,mobile,organic,Toys,16,7,0
2020-11-12,view_item,mobile,email,Electronics,15,6,0
2020-11-12,view_item,tablet,google,Sports,49,17,0
2020-11-12,view_item,tablet,organic,Beauty,12,5,0
2020-11-12,add_to_cart,desktop,google,Home,4,2,0
2020-11-12,add_to_cart,desktop,google,Books,14,8,0
2020-11-12,add_to_cart,desktop,google,Beauty,14,7,0
2020-11-12,add_to_cart,desktop,direct,Apparel,31,20,0
2020-11-12,add_to_cart,desktop,direct,Home,25,13,0
2020-11-12,add_to_cart,desktop,social,Sports,28,14,0
2020-11-12,add_to_cart,desktop,organic,Apparel,4,2,0
2020-11-12,add_to_cart,desktop,organic,Electronics,26,15,0
2020-11-12,add_to_cart,mobile,google,Apparel,9,5,0
2020-11-12,add_to_cart,mobile,google,Home,16,8,0
2020-11-12,add_to_cart,mobile,google,Toys,18,10,0
2020-11-12,add_to_cart,mobile,organic,Books,8,5,0
2020-11-12,begin_checkout,desktop,direct,Apparel,5,3,0
2020-11-12,begin_checkout,desktop,social,Books,5,3,0
2020-11-12,begin_checkout,desktop,organic,Apparel,54,38,0
2020-11-12,begin_checkout,mobile,google,Books,10,6,0
2020-11-12,begin_checkout,tablet,google,Books,5,3,0
2020-11-12,purchase,mobile,organic,Toys,6,5,171.44
2020-11-13,page_view,desktop,google,Apparel,149,45,0
2020-11-13,page_view,desktop,google,Electronics,8,3,0
2020-11-13,page_view,desktop,google,Home,73,20,0
2020-11-13,page_view,desktop,google,Sports,65,18,0
2020-11-13,page_view,desktop,google,Toys,51,13,0
2020-11-13,page_view,desktop,direct,Electronics,49,14,0
2020-11-13,page_view,desktop,direct,Sports,5,1,0
2020-11-13,page_view,desktop,direct,Books,59,21,0
2020-11-13,page_view,desktop,social,Books,61,13,0
2020-11-13,page_view,desktop,organic,Electronics,10,4,0
2020-11-13,page_view,desktop,organic,Home,26,8,0
2020-11-13,page_view,desktop,organic,Books,13,5,0
2020-11-13,page_view,desktop,email,Electronics,3,1,0
2020-11-13,page_view,desktop,email,Beauty,6,2,0
2020-11-13,page_view,mobile,google,Electronics,183,58,0
2020-11-13,page_view,mobile,google,Home,48,12,0
2020-11-13,page_view,mobile,google,Sports,805,262,0
2020-11-13,page_view,mobile,google,Books,136,31,0
2020-11-13,page_view,mobile,google,Beauty,67,19,0
2020-11-13,page_view,mobile,google,Toys,10,2,0
2020-11-13,page_view,mobile,direct,Electronics,205,55,0
2020-11-13,page_view,mobile,direct,Home,19,5,0
2020-11-13,page_view,mobile,direct,Books,35,13,0
2020-11-13,page_view,mobile,direct,Beauty,33,13,0
2020-11-13,page_view,mobile,social,Home,683,155,0
2020-11-13,page_view,mobile,social,Books,14,5,0
2020-11-13,page_view,mobile,social,Beauty,24,7,0
2020-11-13,page_view,mobile,social,Toys,48,18,0
2020-11-13,page_view,mobile,organic,Electronics,21,5,0
2020-11-13,page_view,mobile,organic,Sports,119,35,0
2020-11-13,page_view,mobile,organic,Beauty,10,3,0
2020-11-13,page_view,mobile,organic,Toys,122,28,0
2020-11-13,page_view,mobile,email,Home,37,15,0
2020-11-13,page_view,tablet,google,Apparel,101,32,0
2020-11-13,page_view,tablet,google,Home,92,29,0
2020-11-13,page_view,tablet,google,Sports,106,39,0
2020-11-13,page_view,tablet,google,Beauty,17,5,0
2020-11-13,page_view,tablet,direct,Apparel,159,33,0
2020-11-13,page_view,tablet,direct,Books,44,12,0
2020-11-13,page_view,tablet,direct,Beauty,118,44,0
2020-11-13,page_view,tablet,social,Electronics,23,7,0
2020-11-13,page_view,tablet,organic,Apparel,249,61,0
2020-11-13,page_view,tablet,organic,Toys,70,20,0
2020-11-13,view_item,desktop,google,Apparel,75,39,0
2020-11-13,view_item,desktop,google,Sports,62,30,0
2020-11-13,view_item,desktop,google,Books,18,7,0
2020-11-13,view_item,desktop,google,Beauty,179,89,0
2020-11-13,view_item,desktop,google,Toys,9,5,0
2020-11-13,view_item,desktop,direct,Sports,3,1,0
2020-11-13,view_item,desktop,direct,Books,21,11,0
2020-11-13,view_item,desktop,social,Electronics,51,19,0
2020-11-13,view_item,desktop,organic,Apparel,106,51,0
2020-11-13,view_item,desktop,organic,Electronics,50,25,0
2020-11-13,view_item,desktop,organic,Home,29,16,0
2020-11-13,view_item,desktop,organic,Toys,323,146,0
2020-11-13,view_item,desktop,email,Home,19,7,0
2020-11-13,view_item,mobile,google,Electronics,117,57,0
2020-11-13,view_item,mobile,google,Books,18,7,0
2020-11-13,view_item,mobile,direct,Beauty,11,6,0
2020-11-13,view_item,mobile,social,Electronics,43,18,0
2020-11-13,view_item,mobile,organic,Sports,327,148,0
2020-11-13,view_item,tablet,social,Sports,19,7,0
2020-11-13,view_item,tablet,organic,Electronics,114,43,0
2020-11-13,view_item,tablet,organic,Beauty,13,6,0
2020-11-13,add_to_cart,desktop,google,Apparel,29,13,0
2020-11-13,add_to_cart,desktop,google,Sports,37,20,0
2020-11-13,add_to_cart,desktop,google,Beauty,47,24,0
2020-11-13,add_to_cart,desktop,organic,Books,9,5,0
2020-11-13,add_to_cart,mobile,google,Home,16,9,0
2020-11-13,add_to_cart,mobile,organic,Books,1,1,0
2020-11-13,add_to_cart,mobile,email,Sports,9,5,0
2020-11-13,add_to_cart,tablet,organic,Beauty,36,19,0
2020-11-13,add_to_cart,tablet,email,Books,8,4,0
2020-11-13,begin_checkout,desktop,google,Beauty,14,9,0
2020-11-13,begin_checkout,desktop,direct,Electronics,6,3,0
2020-11-13,begin_checkout,mobile,google,Toys,10,7,0
2020-11-13,begin_checkout,mobile,direct,Beauty,7,4,0
2020-11-13,begin_checkout,mobile,social,Home,8,6,0
2020-11-13,begin_checkout,tablet,direct,Beauty,9,5,0
2020-11-13,begin_checkout,tablet,social,Home,2,1,0
2020-11-13,purchase,desktop,social,Books,7,5,191.27
2020-11-13,purchase,desktop,social,Beauty,2,1,85.22
2020-11-14,page_view,desktop,google,Apparel,71,22,0
2020-11-14,page_view,desktop,google,Electronics,84,22,0
2020-11-14,page_view,desktop,google,Home,188,71,0
2020-11-14,page_view,desktop,google,Sports,21,8,0
2020-11-14,page_view,desktop,google,Beauty,283,84,0
2020-11-14,page_view,desktop,google,Toys,19,7,0
2020-11-14,page_view,desktop,direct,Electronics,90,32,0
2020-11-14,page_view,desktop,direct,Sports,177,38,0
2020-11-14,page_view,desktop,direct,Books,16,4,0
2020-11-14,page_view,desktop,direct,Beauty,76,18,0
2020-11-14,page_view,desktop,direct,Toys,20,5,0
2020-11-14,page_view,desktop,social,Electronics,41,10,0
2020-11-14,page_view,desktop,social,Sports,48,16,0
2020-11-14,page_view,desktop,social,Books,11,4,0
2020-11-14,page_view,desktop,social,Beauty,201,70,0
2020-11-14,page_view,desktop,social,Toys,37,14,0
2020-11-14,page_view,desktop,organic,Apparel,102,38,0
2020-11-14,page_view,desktop,organic,Electronics,33,7,0
2020-11-14,page_view,desktop,organic,Home,45,15,0
2020-11-14,page_view,desktop,organic,Sports,100,29,0
2020-11-14,page_view,desktop,organic,Books,77,16,0
2020-11-14,page_view,mobile,google,Apparel,78,30,0
2020-11-14,page_view,mobile,google,Home,65,24,0
2020-11-14,page_view,mobile,google,Beauty,293,96,0
2020-11-14,page_view,mobile,direct,Home,12,4,0
2020-11-14,page_view,mobile,direct,Sports,17,6,0
2020-11-14,page_view,mobile,direct,Books,129,40,0
2020-11-14,page_view,mobile,social,Beauty,37,14,0
2020-11-14,page_view,mobile,organic,Apparel,38,9,0
2020-11-14,page_view,mobile,organic,Electronics,79,27,0
2020-11-14,page_view,mobile,organic,Home,327,108,0
2020-11-14,page_view,mobile,organic,Sports,544,143,0
2020-11-14,page_view,mobile,organic,Books,53,17,0
2020-11-14,page_view,mobile,organic,Beauty,31,8,0
2020-11-14,page_view,mobile,email,Home,38,10,0
2020-11-14,page_view,tablet,social,Home,56,20,0
2020-11-14,page_view,tablet,organic,Books,15,5,0
2020-11-14,page_view,tablet,organic,Toys,213,64,0
2020-11-14,view_item,desktop,google,Electronics,64,30,0
2020-11-14,view_item,desktop,google,Beauty,30,16,0
2020-11-14,view_item,desktop,google,Toys,183,97,0
2020-11-14,view_item,desktop,direct,Apparel,15,7,0
2020-11-14,view_item,desktop,direct,Home,17,9,0
2020-11-14,view_item,desktop,social,Books,15,8,0
2020-11-14,view_item,desktop,social,Beauty,13,6,0
2020-11-14,view_item,desktop,organic,Electronics,28,10,0
2020-11-14,view_item,desktop,organic,Sports,57,31,0
2020-11-14,view_item,desktop,organic,Books,81,43,0
2020-11-14,view_item,desktop,email,Toys,20,8,0
2020-11-14,view_item,mobile,google,Apparel,39,19,0
2020-11-14,view_item,mobile,google,Sports,13,5,0
2020-11-14,view_item,mobile,google,Beauty,56,24,0
2020-11-14,view_item,mobile,google,Toys,597,304,0
2020-11-14,view_item,mobile,direct,Apparel,23,9,0
2020-11-14,view_item,mobile,direct,Toys,102,47,0
2020-11-14,view_item,mobile,organic,Home,41,22,0
2020-11-14,view_item,mobile,organic,Books,17,9,0
2020-11-14,view_item,mobile,organic,Toys,21,10,0
2020-11-14,view_item,mobile,email,Beauty,38,21,0
2020-11-14,view_item,tablet,google,Electronics,32,17,0
2020-11-14,view_item,tablet,google,Books,47,23,0
2020-11-14,view_item,tablet,direct,Apparel,15,6,0
2020-11-14,view_item,tablet,direct,Electronics,5,3,0
2020-11-14,view_item,tablet,direct,Home,31,17,0
2020-11-14,view_item,tablet,organic,Apparel,47,17,0
2020-11-14,view_item,tablet,organic,Electronics,10,5,0
2020-11-14,view_item,tablet,organic,Toys,12,6,0
2020-11-14,add_to_cart,desktop,google,Apparel,9,5,0
2020-11-14,add_to_cart,desktop,google,Books,74,47,0
2020-11-14,add_to_cart,desktop,google,Beauty,25,13,0
2020-11-14,add_to_cart,desktop,direct,Home,4,2,0
2020-11-14,add_to_cart,desktop,direct,Beauty,17,11,0
2020-11-14,add_to_cart,desktop,organic,Sports,14,8,0
2020-11-14,add_to_cart,mobile,google,Apparel,19,11,0
2020-11-14,add_to_cart,mobile,google,Electronics,37,20,0
2020-11-14,add_to_cart,mobile,google,Home,67,38,0
2020-11-14,add_to_cart,tablet,google,Home,14,8,0
2020-11-14,add_to_cart,tablet,direct,Apparel,24,12,0
2020-11-14,add_to_cart,tablet,organic,Home,29,15,0
2020-11-14,add_to_cart,tablet,organic,Books,10,6,0
2020-11-14,begin_checkout,desktop,google,Toys,11,8,0
2020-11-14,begin_checkout,desktop,social,Apparel,9,6,0
2020-11-14,begin_checkout,desktop,organic,Home,4,3,0
2020-11-14,begin_checkout,mobile,organic,Toys,6,3,0
2020-11-14,begin_checkout,tablet,google,Sports,39,23,0
2020-11-14,purchase,desktop,google,Books,7,5,217.07
2020-11-14,purchase,mobile,google,Apparel,5,4,399.58
2020-11-14,purchase,mobile,direct,Beauty,8,6,301.67
2020-11-15,page_view,desktop,google,Electronics,50,17,0
2020-11-15,page_view,desktop,google,Sports,188,66,0
2020-11-15,page_view,desktop,google,Books,13,3,0
2020-11-15,page_view,desktop,google,Beauty,75,16,0
2020-11-15,page_view,desktop,google,Toys,38,11,0
2020-11-15,page_view,desktop,direct,Electronics,31,7,0
2020-11-15,page_view,desktop,direct,Home,145,56,0
2020-11-15,page_view,desktop,direct,Books,70,25,0
2020-11-15,page_view,desktop,social,Apparel,246,92,0
2020-11-15,page_view,desktop,social,Electronics,34,10,0
2020-11-15,page_view,desktop,social,Home,25,6,0
2020-11-15,page_view,desktop,social,Sports,34,10,0
2020-11-15,page_view,desktop,social,Toys,26,7,0
2020-11-15,page_view,desktop,organic,Books,73,24,0
2020-11-15,page_view,desktop,organic,Beauty,164,53,0
2020-11-15,page_view,desktop,email,Apparel,138,33,0
2020-11-15,page_view,desktop,email,Electronics,165,36,0
2020-11-15,page_view,desktop,email,Beauty,83,17,0
2020-11-15,page_view,mobile,google,Electronics,31,9,0
2020-11-15,page_view,mobile,google,Home,70,27,0
2020-11-15,page_view,mobile,google,Sports,140,41,0
2020-11-15,page_view,mobile,google,Books,163,42,0
2020-11-15,page_view,mobile,google,Beauty,176,40,0
2020-11-15,page_view,mobile,google,Toys,10,4,0
2020-11-15,page_view,mobile,direct,Apparel,41,8,0
2020-11-15,page_view,mobile,direct,Sports,357,83,0
2020-11-15,page_view,mobile,direct,Books,60,17,0
2020-11-15,page_view,mobile,direct,Toys,100,27,0
2020-11-15,page_view,mobile,social,Apparel,16,6,0
2020-11-15,page_view,mobile,social,Electronics,154,44,0
2020-11-15,page_view,mobile,social,Books,90,25,0
2020-11-15,page_view,mobile,organic,Apparel,30,12,0
2020-11-15,page_view,mobile,organic,Sports,29,6,0
2020-11-15,page_view,mobile,organic,Toys,24,8,0
2020-11-15,page_view,tablet,google,Books,246,87,0
2020-11-15,page_view,tablet,direct,Books,39,10,0
2020-11-15,page_view,tablet,organic,Home,106,27,0
2020-11-15,view_item,desktop,google,Apparel,44,23,0
2020-11-15,view_item,desktop,google,Books,5,3,0
2020-11-15,view_item,desktop,direct,Apparel,96,37,0
2020-11-15,view_item,desktop,direct,Electronics,17,8,0
2020-11-15,view_item,desktop,social,Apparel,13,6,0
2020-11-15,view_item,desktop,social,Home,50,24,0
2020-11-15,view_item,desktop,organic,Home,50,26,0
2020-11-15,view_item,desktop,organic,Books,35,14,0
2020-11-15,view_item,desktop,organic,Beauty,32,16,0
2020-11-15,view_item,desktop,email,Toys,9,5,0
2020-11-15,view_item,mobile,direct,Beauty,8,4,0
2020-11-15,view_item,mobile,direct,Toys,19,8,0
2020-11-15,view_item,mobile,social,Apparel,115,45,0
2020-11-15,view_item,mobile,social,Electronics,25,13,0
2020-11-15,view_item,mobile,organic,Beauty,341,137,0
2020-11-15,view_item,tablet,google,Books,17,6,0
2020-11-15,view_item,tablet,google,Beauty,60,26,0
2020-11-15,view_item,tablet,direct,Apparel,47,26,0
2020-11-15,view_item,tablet,direct,Electronics,4,2,0
2020-11-15,view_item,tablet,social,Apparel,20,10,0
2020-11-15,view_item,tablet,social,Electronics,13,6,0
2020-11-15,view_item,tablet,social,Books,19,10,0
2020-11-15,view_item,tablet,social,Toys,26,14,0
2020-11-15,view_item,tablet,organic,Books,15,6,0
2020-11-15,view_item,tablet,organic,Beauty,28,12,0
2020-11-15,add_to_cart,desktop,direct,Beauty,12,6,0
2020-11-15,add_to_cart,desktop,organic,Electronics,21,12,0
2020-11-15,add_to_cart,desktop,organic,Home,191,115,0
2020-11-15,add_to_cart,mobile,google,Beauty,13,7,0
2020-11-15,add_to_cart,tablet,email,Toys,21,14,0
2020-11-15,begin_checkout,desktop,google,Electronics,14,9,0
2020-11-15,begin_checkout,desktop,direct,Home,17,10,0
2020-11-15,begin_checkout,desktop,email,Electronics,8,5,0
2020-11-15,begin_checkout,mobile,google,Beauty,2,1,0
2020-11-15,purchase,mobile,direct,Toys,2,1,52.23
2020-11-16,page_view,desktop,google,Apparel,12,3,0
2020-11-16,page_view,desktop,google,Electronics,98,36,0
2020-11-16,page_view,desktop,google,Home,243,62,0
2020-11-16,page_view,desktop,google,Sports,469,143,0
2020-11-16,page_view,desktop,google,Books,5,1,0
2020-11-16,page_view,desktop,google,Beauty,230,91,0
2020-11-16,page_view,desktop,google,Toys,270,104,0
2020-11-16,page_view,desktop,direct,Apparel,251,65,0
2020-11-16,page_view,desktop,direct,Home,56,22,0
2020-11-16,page_view,desktop,direct,Sports,18,6,0
2020-11-16,page_view,desktop,direct,Books,173,61,0
2020-11-16,page_view,desktop,direct,Beauty,37,12,0
2020-11-16,page_view,desktop,direct,Toys,53,13,0
2020-11-16,page_view,desktop,social,Electronics,60,16,0
2020-11-16,page_view,desktop,social,Home,53,11,0
2020-11-16,page_view,desktop,social,Sports,49,15,0
2020-11-16,page_view,desktop,social,Toys,181,68,0
2020-11-16,page_view,desktop,organic,Apparel,200,45,0
2020-11-16,page_view,desktop,email,Apparel,6,2,0
2020-11-16,page_view,desktop,email,Books,44,13,0
2020-11-16,page_view,mobile,google,Apparel,69,21,0
2020-11-16,page_view,mobile,google,Home,517,132,0
2020-11-16,page_view,mobile,google,Sports,30,8,0
2020-11-16,page_view,mobile,google,Beauty,10,2,0
2020-11-16,page_view,mobile,google,Toys,76,28,0
2020-11-16,page_view,mobile,direct,Electronics,77,26,0
2020-11-16,page_view,mobile,direct,Home,10,2,0
2020-11-16,page_view,mobile,direct,Books,127,43,0
2020-11-16,page_view,mobile,direct,Toys,94,25,0
2020-11-16,page_view,mobile,social,Home,15,6,0
2020-11-16,page_view,mobile,social,Sports,70,28,0
2020-11-16,page_view,mobile,social,Toys,71,20,0
2020-11-16,page_view,mobile,organic,Electronics,22,8,0
2020-11-16,page_view,mobile,organic,Home,204,75,0
2020-11-16,page_view,mobile,organic,Sports,30,11,0
2020-11-16,page_view,mobile,organic,Beauty,129,41,0
2020-11-16,page_view,mobile,email,Sports,22,6,0
2020-11-16,page_view,mobile,email,Toys,14,4,0
2020-11-16,page_view,tablet,google,Electronics,167,39,0
2020-11-16,page_view,tablet,google,Sports,51,11,0
2020-11-16,page_view,tablet,google,Books,27,11,0
2020-11-16,page_view,tablet,google,Beauty,133,44,0
2020-11-16,page_view,tablet,direct,Books,18,6,0
2020-11-16,page_view,tablet,social,Beauty,6,1,0
2020-11-16,page_view,tablet,organic,Home,542,185,0
2020-11-16,page_view,tablet,organic,Sports,154,54,0
2020-11-16,page_view,tablet,organic,Books,31,7,0
2020-11-16,page_view,tablet,organic,Beauty,125,36,0
2020-11-16,view_item,desktop,google,Apparel,6,3,0
2020-11-16,view_item,desktop,google,Books,15,5,0
2020-11-16,view_item,desktop,google,Beauty,114,60,0
2020-11-16,view_item,desktop,google,Toys,10,4,0
2020-11-16,view_item,desktop,direct,Apparel,31,17,0
2020-11-16,view_item,desktop,direct,Electronics,28,15,0
2020-11-16,view_item,desktop,direct,Home,32,12,0
2020-11-16,view_item,desktop,direct,Books,2,1,0
2020-11-16,view_item,desktop,direct,Beauty,56,29,0
2020-11-16,view_item,desktop,direct,Toys,39,15,0
2020-11-16,view_item,desktop,organic,Apparel,18,10,0
2020-11-16,view_item,desktop,organic,Books,11,5,0
2020-11-16,view_item,desktop,organic,Beauty,67,30,0
2020-11-16,view_item,desktop,email,Books,22,11,0
2020-11-16,view_item,mobile,google,Apparel,363,185,0
2020-11-16,view_item,mobile,google,Electronics,40,15,0
2020-11-16,view_item,mobile,google,Home,58,31,0
2020-11-16,view_item,mobile,google,Sports,255,134,0
2020-11-16,view_item,mobile,google,Toys,7,2,0
2020-11-16,view_item,mobile,direct,Sports,18,7,0
2020-11-16,view_item,mobile,direct,Beauty,10,5,0
2020-11-16,view_item,mobile,social,Electronics,48,23,0
2020-11-16,view_item,mobile,social,Beauty,38,15,0
2020-11-16,view_item,mobile,organic,Sports,22,10,0
2020-11-16,view_item,mobile,organic,Beauty,61,30,0
2020-11-16,view_item,mobile,organic,Toys,15,6,0
2020-11-16,view_item,tablet,google,Apparel,22,8,0
2020-11-16,view_item,tablet,direct,Electronics,21,8,0
2020-11-16,view_item,tablet,social,Apparel,45,18,0
2020-11-16,view_item,tablet,organic,Apparel,21,9,0
2020-11-16,view_item,tablet,organic,Books,67,25,0
2020-11-16,add_to_cart,desktop,google,Toys,27,17,0
2020-11-16,add_to_cart,desktop,direct,Toys,55,34,0
2020-11-16,add_to_cart,desktop,social,Beauty,12,7,0
2020-11-16,add_to_cart,mobile,google,Beauty,5,3,0
2020-11-16,add_to_cart,mobile,google,Toys,38,18,0
2020-11-16,add_to_cart,mobile,direct,Electronics,132,74,0
2020-11-16,add_to_cart,tablet,direct,Books,5,3,0
2020-11-16,add_to_cart,tablet,email,Books,7,4,0
2020-11-16,begin_checkout,desktop,google,Home,13,9,0
2020-11-16,begin_checkout,desktop,google,Sports,15,8,0
2020-11-17,page_view,desktop,google,Sports,137,40,0
2020-11-17,page_view,desktop,google,Books,502,165,0
2020-11-17,page_view,desktop,google,Beauty,20,7,0
2020-11-17,page_view,desktop,google,Toys,248,75,0
2020-11-17,page_view,desktop,direct,Apparel,206,81,0
2020-11-17,page_view,desktop,direct,Home,28,9,0
2020-11-17,page_view,desktop,direct,Books,6,2,0
2020-11-17,page_view,desktop,organic,Sports,264,59,0
2020-11-17,page_view,desktop,organic,Beauty,8,2,0
2020-11-17,page_view,mobile,google,Apparel,168,34,0
2020-11-17,page_view,mobile,google,Electronics,82,31,0
2020-11-17,page_view,mobile,google,Home,133,45,0
2020-11-17,page_view,mobile,google,Sports,201,54,0
2020-11-17,page_view,mobile,google,Books,63,19,0
2020-11-17,page_view,mobile,google,Toys,136,47,0
2020-11-17,page_view,mobile,direct,Apparel,26,8,0
2020-11-17,page_view,mobile,direct,Electronics,50,10,0
2020-11-17,page_view,mobile,direct,Beauty,29,9,0
2020-11-17,page_view,mobile,direct,Toys,182,62,0
2020-11-17,page_view,mobile,social,Sports,40,13,0
2020-11-17,page_view,mobile,social,Beauty,17,4,0
2020-11-17,page_view,mobile,social,Toys,28,6,0
2020-11-17,page_view,mobile,organic,Apparel,25,8,0
2020-11-17,page_view,mobile,organic,Electronics,19,7,0
2020-11-17,page_view,mobile,organic,Sports,44,10,0
2020-11-17,page_view,mobile,organic,Books,21,6,0
2020-11-17,page_view,mobile,organic,Beauty,76,30,0
2020-11-17,page_view,mobile,organic,Toys,164,57,0
2020-11-17,page_view,tablet,google,Sports,118,33,0
2020-11-17,page_view,tablet,google,Beauty,45,10,0
2020-11-17,page_view,tablet,direct,Books,157,43,0
2020-11-17,page_view,tablet,social,Apparel,9,3,0
2020-11-17,page_view,tablet,social,Electronics,69,16,0
2020-11-17,page_view,tablet,social,Home,53,19,0
2020-11-17,page_view,tablet,organic,Home,30,10,0
2020-11-17,page_view,tablet,organic,Beauty,52,19,0
2020-11-17,view_item,desktop,direct,Toys,154,71,0
2020-11-17,view_item,desktop,social,Apparel,96,49,0
2020-11-17,view_item,desktop,social,Books,3,2,0
2020-11-17,view_item,desktop,organic,Sports,17,9,0
2020-11-17,view_item,desktop,organic,Toys,53,20,0
2020-11-17,view_item,mobile,google,Electronics,30,16,0
2020-11-17,view_item,mobile,google,Home,25,11,0
2020-11-17,view_item,mobile,google,Toys,39,14,0
2020-11-17,view_item,mobile,direct,Apparel,14,5,0
2020-11-17,view_item,mobile,social,Sports,35,15,0
2020-11-17,view_item,mobile,organic,Books,16,7,0
2020-11-17,view_item,mobile,organic,Toys,69,32,0
2020-11-17,view_item,tablet,google,Apparel,85,37,0
2020-11-17,view_item,tablet,google,Toys,20,8,0
2020-11-17,view_item,tablet,direct,Apparel,15,6,0
2020-11-17,view_item,tablet,direct,Electronics,16,6,0
2020-11-17,view_item,tablet,social,Sports,47,20,0
2020-11-17,view_item,tablet,organic,Books,79,37,0
2020-11-17,add_to_cart,desktop,google,Electronics,29,15,0
2020-11-17,add_to_cart,desktop,google,Sports,6,3,0
2020-11-17,add_to_cart,desktop,social,Electronics,5,3,0
2020-11-17,add_to_cart,desktop,organic,Electronics,7,5,0
2020-11-17,add_to_cart,mobile,google,Electronics,11,6,0
2020-11-17,add_to_cart,mobile,google,Home,16,8,0
2020-11-17,add_to_cart,mobile,direct,Sports,43,28,0
2020-11-17,add_to_cart,mobile,direct,Books,3,2,0
2020-11-17,add_to_cart,mobile,social,Beauty,33,21,0
2020-11-17,add_to_cart,mobile,organic,Home,12,7,0
2020-11-17,add_to_cart,mobile,organic,Beauty,19,9,0
2020-11-17,add_to_cart,tablet,email,Home,7,3,0
2020-11-17,begin_checkout,desktop,organic,Apparel,11,6,0
2020-11-17,begin_checkout,desktop,email,Sports,1,1,0
2020-11-17,begin_checkout,mobile,organic,Books,9,5,0
2020-11-17,begin_checkout,tablet,google,Sports,7,5,0
2020-11-17,purchase,desktop,email,Beauty,2,2,77.61
2020-11-18,page_view,desktop,google,Apparel,31,10,0
2020-11-18,page_view,desktop,google,Electronics,590,205,0
2020-11-18,page_view,desktop,google,Home,237,92,0
2020-11-18,page_view,desktop,google,Sports,105,22,0
2020-11-18,page_view,desktop,google,Beauty,15,3,0
2020-11-18,page_view,desktop,google,Toys,36,10,0
2020-11-18,page_view,desktop,direct,Apparel,14,4,0
2020-11-18,page_view,desktop,direct,Electronics,27,7,0
2020-11-18,page_view,desktop,direct,Books,227,87,0
2020-11-18,page_view,desktop,direct,Beauty,93,31,0
2020-11-18,page_view,desktop,social,Electronics,22,7,0
2020-11-18,page_view,desktop,organic,Apparel,111,32,0
2020-11-18,page_view,desktop,organic,Electronics,99,23,0
2020-11-18,page_view,desktop,organic,Home,44,14,0
2020-11-18,page_view,desktop,organic,Sports,80,28,0
2020-11-18,page_view,desktop,organic,Beauty,33,9,0
2020-11-18,page_view,desktop,organic,Toys,117,41,0
2020-11-18,page_view,desktop,email,Electronics,55,21,0
2020-11-18,page_view,desktop,email,Beauty,61,14,0
2020-11-18,page_view,mobile,google,Electronics,194,48,0
2020-11-18,page_view,mobile,google,Sports,79,18,0
2020-11-18,page_view,mobile,google,Books,396,115,0
2020-11-18,page_view,mobile,google,Toys,49,12,0
2020-11-18,page_view,mobile,direct,Electronics,189,51,0
2020-11-18,page_view,mobile,direct,Home,114,37,0
2020-11-18,page_view,mobile,direct,Beauty,47,15,0
2020-11-18,page_view,mobile,direct,Toys,115,29,0
2020-11-18,page_view,mobile,social,Sports,37,10,0
2020-11-18,page_view,mobile,organic,Home,217,80,0
2020-11-18,page_view,mobile,organic,Sports,253,77,0
2020-11-18,page_view,tablet,google,Electronics,66,15,0
2020-11-18,page_view,tablet,google,Home,372,82,0
2020-11-18,page_view,tablet,direct,Electronics,557,219,0
2020-11-18,page_view,tablet,direct,Home,59,14,0
2020-11-18,page_view,tablet,social,Apparel,187,70,0
2020-11-18,page_view,tablet,social,Electronics,11,3,0
2020-11-18,page_view,tablet,social,Home,158,61,0
2020-11-18,page_view,tablet,social,Sports,25,7,0
2020-11-18,page_view,tablet,organic,Books,13,4,0
2020-11-18,page_view,tablet,organic,Beauty,99,36,0
2020-11-18,page_view,tablet,email,Electronics,36,12,0
2020-11-18,page_view,tablet,email,Beauty,178,63,0
2020-11-18,view_item,desktop,google,Home,31,11,0
2020-11-18,view_item,desktop,google,Beauty,66,33,0
2020-11-18,view_item,desktop,direct,Apparel,19,10,0
2020-11-18,view_item,desktop,organic,Apparel,21,9,0
2020-11-18,view_item,desktop,organic,Electronics,17,9,0
2020-11-18,view_item,desktop,organic,Toys,25,10,0
2020-11-18,view_item,desktop,email,Electronics,9,4,0
2020-11-18,view_item,desktop,email,Home,37,20,0
2020-11-18,view_item,mobile,google,Apparel,108,59,0
2020-11-18,view_item,mobile,direct,Electronics,5,2,0
2020-11-18,view_item,mobile,direct,Sports,181,81,0
2020-11-18,view_item,mobile,social,Books,29,11,0
2020-11-18,view_item,mobile,social,Beauty,36,14,0
2020-11-18,view_item,mobile,organic,Apparel,42,22,0
2020-11-18,view_item,mobile,organic,Electronics,90,40,0
2020-11-18,view_item,mobile,organic,Sports,20,9,0
2020-11-18,view_item,mobile,organic,Toys,24,13,0
2020-11-18,view_item,tablet,direct,Beauty,49,23,0
2020-11-18,view_item,tablet,social,Toys,88,38,0
2020-11-18,view_item,tablet,organic,Beauty,6,3,0
2020-11-18,add_to_cart,desktop,organic,Toys,16,7,0
2020-11-18,add_to_cart,mobile,google,Beauty,10,6,0
2020-11-18,add_to_cart,mobile,social,Electronics,7,4,0
2020-11-18,add_to_cart,mobile,organic,Books,9,5,0
2020-11-18,add_to_cart,tablet,direct,Home,20,11,0
2020-11-18,add_to_cart,tablet,social,Electronics,4,2,0
2020-11-18,begin_checkout,desktop,organic,Home,18,13,0
2020-11-18,begin_checkout,desktop,organic,Toys,8,5,0
2020-11-18,begin_checkout,desktop,email,Home,11,7,0
2020-11-18,begin_checkout,mobile,direct,Toys,3,2,0
2020-11-19,page_view,desktop,google,Electronics,62,13,0
2020-11-19,page_view,desktop,google,Home,75,16,0
2020-11-19,page_view,desktop,google,Books,20,6,0
2020-11-19,page_view,desktop,google,Beauty,153,32,0
2020-11-19,page_view,desktop,direct,Apparel,46,9,0
2020-11-19,page_view,desktop,direct,Electronics,19,6,0
2020-11-19,page_view,desktop,direct,Books,37,8,0
2020-11-19,page_view,desktop,social,Home,2,1,0
2020-11-19,page_view,desktop,social,Sports,97,26,0
2020-11-19,page_view,desktop,social,Beauty,45,12,0
2020-11-19,page_view,desktop,social,Toys,247,74,0
2020-11-19,page_view,desktop,organic,Apparel,15,6,0
2020-11-19,page_view,desktop,organic,Electronics,9,3,0
2020-11-19,page_view,desktop,organic,Home,32,10,0
2020-11-19,page_view,desktop,organic,Sports,43,15,0
2020-11-19,page_view,desktop,organic,Books,8,2,0
2020-11-19,page_view,desktop,organic,Beauty,273,58,0
2020-11-19,page_view,desktop,email,Apparel,30,12,0
2020-11-19,page_view,desktop,email,Sports,29,8,0
2020-11-19,page_view,mobile,google,Electronics,14,5,0
2020-11-19,page_view,mobile,google,Home,173,58,0
2020-11-19,page_view,mobile,google,Sports,36,9,0
2020-11-19,page_view,mobile,google,Books,106,25,0
2020-11-19,page_view,mobile,google,Beauty,71,25,0
2020-11-19,page_view,mobile,direct,Apparel,60,16,0
2020-11-19,page_view,mobile,direct,Electronics,82,32,0
2020-11-19,page_view,mobile,direct,Toys,303,112,0
2020-11-19,page_view,mobile,social,Electronics,69,18,0
2020-11-19,page_view,mobile,social,Sports,5,2,0
2020-11-19,page_view,mobile,social,Beauty,9,3,0
2020-11-19,page_view,mobile,organic,Electronics,317,78,0
2020-11-19,page_view,mobile,organic,Sports,17,6,0
2020-11-19,page_view,mobile,email,Beauty,19,6,0
2020-11-19,page_view,tablet,google,Apparel,95,34,0
2020-11-19,page_view,tablet,google,Electronics,58,15,0
2020-11-19,page_view,tablet,social,Apparel,79,28,0
2020-11-19,page_view,tablet,email,Home,9,2,0
2020-11-19,view_item,desktop,google,Home,14,7,0
2020-11-19,view_item,desktop,google,Books,66,26,0
2020-11-19,view_item,desktop,direct,Apparel,27,12,0
2020-11-19,view_item,desktop,direct,Electronics,26,13,0
2020-11-19,view_item,desktop,direct,Toys,38,20,0
2020-11-19,view_item,desktop,social,Sports,21,10,0
2020-11-19,view_item,desktop,organic,Apparel,24,12,0
2020-11-19,view_item,desktop,organic,Sports,26,14,0
2020-11-19,view_item,desktop,email,Apparel,84,42,0
2020-11-19,view_item,mobile,google,Home,11,6,0
2020-11-19,view_item,mobile,google,Sports,21,11,0
2020-11-19,view_item,mobile,google,Toys,52,22,0
2020-11-19,view_item,mobile,direct,Apparel,6,3,0
2020-11-19,view_item,mobile,direct,Home,7,3,0
2020-11-19,view_item,mobile,direct,Sports,7,3,0
2020-11-19,view_item,mobile,social,Home,32,12,0
2020-11-19,view_item,mobile,organic,Books,21,8,0
2020-11-19,view_item,mobile,organic,Toys,54,19,0
2020-11-19,view_item,tablet,google,Beauty,42,17,0
2020-11-19,view_item,tablet,direct,Toys,78,41,0
2020-11-19,add_to_cart,desktop,google,Books,33,21,0
2020-11-19,add_to_cart,desktop,direct,Apparel,3,2,0
2020-11-19,add_to_cart,desktop,direct,Toys,21,13,0
2020-11-19,add_to_cart,desktop,social,Sports,32,20,0
2020-11-19,add_to_cart,desktop,organic,Home,18,10,0
2020-11-19,add_to_cart,desktop,organic,Sports,22,11,0
2020-11-19,add_to_cart,desktop,email,Apparel,10,5,0
2020-11-19,add_to_cart,desktop,email,Books,6,3,0
2020-11-19,add_to_cart,mobile,organic,Books,109,71,0
2020-11-19,add_to_cart,tablet,organic,Apparel,70,41,0
2020-11-19,begin_checkout,desktop,direct,Electronics,9,6,0
2020-11-19,begin_checkout,desktop,organic,Electronics,30,22,0
2020-11-19,begin_checkout,mobile,organic,Electronics,14,9,0
2020-11-19,begin_checkout,tablet,google,Toys,25,16,0
2020-11-19,purchase,desktop,google,Sports,10,8,670.42
2020-11-19,purchase,desktop,social,Books,2,2,56.24
2020-11-19,purchase,desktop,organic,Sports,4,3,194.92
2020-11-19,purchase,mobile,social,Apparel,5,4,519.03
2020-11-20,page_view,desktop,google,Apparel,198,65,0
2020-11-20,page_view,desktop,google,Home,271,66,0
2020-11-20,page_view,desktop,google,Sports,160,56,0
2020-11-20,page_view,desktop,google,Beauty,130,51,0
2020-11-20,page_view,desktop,google,Toys,23,7,0
2020-11-20,page_view,desktop,direct,Apparel,113,35,0
2020-11-20,page_view,desktop,direct,Electronics,20,6,0
2020-11-20,page_view,desktop,direct,Home,53,21,0
2020-11-20,page_view,desktop,direct,Sports,14,5,0
2020-11-20,page_view,desktop,direct,Toys,64,17,0
2020-11-20,page_view,desktop,social,Home,94,22,0
2020-11-20,page_view,desktop,organic,Apparel,217,63,0
2020-11-20,page_view,desktop,organic,Electronics,207,65,0
2020-11-20,page_view,desktop,organic,Sports,89,23,0
2020-11-20,page_view,desktop,organic,Books,110,42,0
2020-11-20,page_view,desktop,organic,Beauty,201,62,0
2020-11-20,page_view,desktop,organic,Toys,46,17,0
2020-11-20,page_view,desktop,email,Apparel,33,13,0
2020-11-20,page_view,desktop,email,Home,29,11,0
2020-11-20,page_view,desktop,email,Sports,17,5,0
2020-11-20,page_view,desktop,email,Books,23,9,0
2020-11-20,page_view,mobile,google,Apparel,58,21,0
2020-11-20,page_view,mobile,google,Electronics,60,14,0
2020-11-20,page_view,mobile,google,Home,9,3,0
2020-11-20,page_view,mobile,google,Sports,47,17,0
2020-11-20,page_view,mobile,direct,Electronics,24,5,0
2020-11-20,page_view,mobile,social,Apparel,92,21,0
2020-11-20,page_view,mobile,social,Electronics,297,113,0
2020-11-20,page_view,mobile,social,Books,68,19,0
2020-11-20,page_view,mobile,social,Beauty,1593,503,0
2020-11-20,page_view,mobile,social,Toys,30,10,0
2020-11-20,page_view,mobile,organic,Apparel,248,89,0
2020-11-20,page_view,mobile,organic,Electronics,20,5,0
2020-11-20,page_view,mobile,organic,Sports,25,6,0
2020-11-20,page_view,mobile,organic,Books,858,182,0
2020-11-20,page_view,mobile,email,Books,66,14,0
2020-11-20,page_view,tablet,google,Electronics,10,4,0
2020-11-20,page_view,tablet,google,Books,58,21,0
2020-11-20,page_view,tablet,direct,Apparel,26,8,0
2020-11-20,page_view,tablet,direct,Home,151,41,0
2020-11-20,page_view,tablet,social,Home,39,9,0
2020-11-20,page_view,tablet,organic,Beauty,121,41,0
2020-11-20,page_view,tablet,email,Books,101,28,0
2020-11-20,view_item,desktop,google,Electronics,69,24,0
2020-11-20,view_item,desktop,google,Home,52,27,0
2020-11-20,view_item,desktop,google,Books,48,23,0
2020-11-20,view_item,desktop,direct,Home,99,45,0
2020-11-20,view_item,desktop,direct,Sports,35,17,0
2020-11-20,view_item,desktop,direct,Books,18,8,0
2020-11-20,view_item,desktop,direct,Beauty,26,11,0
2020-11-20,view_item,desktop,organic,Apparel,14,7,0
2020-11-20,view_item,desktop,organic,Books,85,45,0
2020-11-20,view_item,mobile,google,Apparel,13,7,0
2020-11-20,view_item,mobile,google,Home,38,16,0
2020-11-20,view_item,mobile,google,Beauty,14,6,0
2020-11-20,view_item,mobile,google,Toys,70,32,0
2020-11-20,view_item,mobile,direct,Electronics,168,62,0
2020-11-20,view_item,mobile,direct,Home,45,23,0
2020-11-20,view_item,mobile,direct,Toys,156,84,0
2020-11-20,view_item,mobile,social,Toys,17,8,0
2020-11-20,view_item,mobile,organic,Electronics,13,5,0
2020-11-20,view_item,mobile,organic,Home,32,12,0
2020-11-20,view_item,mobile,organic,Beauty,73,36,0
2020-11-20,view_item,mobile,email,Apparel,11,5,0
2020-11-20,view_item,tablet,organic,Books,29,12,0
2020-11-20,add_to_cart,desktop,direct,Apparel,15,8,0
2020-11-20,add_to_cart,desktop,organic,Sports,9,4,0
2020-11-20,add_to_cart,mobile,direct,Toys,15,9,0
2020-11-20,add_to_cart,mobile,organic,Toys,5,3,0
2020-11-20,begin_checkout,desktop,social,Toys,5,3,0
2020-11-20,begin_checkout,mobile,organic,Toys,5,3,0
2020-11-20,begin_checkout,tablet,direct,Apparel,32,24,0
2020-11-20,begin_checkout,tablet,direct,Toys,8,5,0
2020-11-20,begin_checkout,tablet,email,Electronics,5,4,0
2020-11-20,purchase,desktop,social,Books,7,5,213.43
2020-11-21,page_view,desktop,google,Apparel,37,7,0
2020-11-21,page_view,desktop,google,Electronics,63,22,0
2020-11-21,page_view,desktop,google,Sports,59,18,0
2020-11-21,page_view,desktop,google,Books,329,71,0
2020-11-21,page_view,desktop,google,Beauty,513,146,0
2020-11-21,page_view,desktop,google,Toys,674,225,0
2020-11-21,page_view,desktop,direct,Electronics,86,18,0
2020-11-21,page_view,desktop,direct,Home,18,6,0
2020-11-21,page_view,desktop,direct,Toys,25,8,0
2020-11-21,page_view,desktop,social,Electronics,11,3,0
2020-11-21,page_view,desktop,social,Sports,59,15,0
2020-11-21,page_view,desktop,organic,Apparel,199,43,0
2020-11-21,page_view,desktop,organic,Electronics,381,81,0
2020-11-21,page_view,desktop,organic,Sports,51,20,0
2020-11-21,page_view,desktop,organic,Toys,223,67,0
2020-11-21,page_view,desktop,email,Apparel,16,5,0
2020-11-21,page_view,desktop,email,Sports,11,3,0
2020-11-21,page_view,mobile,google,Apparel,44,16,0
2020-11-21,page_view,mobile,google,Electronics,49,14,0
2020-11-21,page_view,mobile,google,Books,54,19,0
2020-11-21,page_view,mobile,google,Beauty,76,29,0
2020-11-21,page_view,mobile,google,Toys,121,36,0
2020-11-21,page_view,mobile,direct,Apparel,36,14,0
2020-11-21,page_view,mobile,direct,Beauty,41,14,0
2020-11-21,page_view,mobile,direct,Toys,30,8,0
2020-11-21,page_view,mobile,social,Sports,30,7,0
2020-11-21,page_view,mobile,organic,Apparel,27,8,0
2020-11-21,page_view,mobile,organic,Home,13,3,0
2020-11-21,page_view,mobile,organic,Books,62,13,0
2020-11-21,page_view,mobile,organic,Toys,43,15,0
2020-11-21,page_view,mobile,email,Home,5,2,0
2020-11-21,page_view,tablet,google,Apparel,16,6,0
2020-11-21,page_view,tablet,google,Beauty,71,28,0
2020-11-21,page_view,tablet,direct,Apparel,231,58,0
2020-11-21,page_view,tablet,direct,Home,87,35,0
2020-11-21,page_view,tablet,direct,Beauty,26,10,0
2020-11-21,page_view,tablet,organic,Beauty,45,17,0
2020-11-21,page_view,tablet,organic,Toys,29,9,0
2020-11-21,view_item,desktop,google,Electronics,88,39,0
2020-11-21,view_item,desktop,google,Sports,9,4,0
2020-11-21,view_item,desktop,direct,Electronics,41,17,0
2020-11-21,view_item,desktop,direct,Sports,26,12,0
2020-11-21,view_item,desktop,direct,Toys,5,2,0
2020-11-21,view_item,desktop,organic,Apparel,63,27,0
2020-11-21,view_item,desktop,organic,Electronics,13,6,0
2020-11-21,view_item,desktop,organic,Home,81,33,0
2020-11-21,view_item,desktop,organic,Books,30,14,0
2020-11-21,view_item,desktop,email,Electronics,20,10,0
2020-11-21,view_item,desktop,email,Home,19,9,0
2020-11-21,view_item,desktop,email,Beauty,26,11,0
2020-11-21,view_item,mobile,google,Books,18,6,0
2020-11-21,view_item,mobile,direct,Apparel,25,11,0
2020-11-21,view_item,mobile,direct,Electronics,141,75,0
2020-11-21,view_item,mobile,direct,Home,5,2,0
2020-11-21,view_item,mobile,direct,Beauty,42,20,0
2020-11-21,view_item,mobile,social,Apparel,20,10,0
2020-11-21,view_item,mobile,social,Toys,6,2,0
2020-11-21,view_item,mobile,organic,Sports,110,55,0
2020-11-21,view_item,mobile,organic,Books,20,8,0
2020-11-21,add_to_cart,desktop,direct,Books,7,4,0
2020-11-21,add_to_cart,desktop,direct,Beauty,20,12,0
2020-11-21,add_to_cart,desktop,social,Toys,45,21,0
2020-11-21,add_to_cart,mobile,direct,Books,14,8,0
2020-11-21,add_to_cart,mobile,direct,Toys,9,5,0
2020-11-21,add_to_cart,tablet,social,Toys,7,4,0
2020-11-21,add_to_cart,tablet,organic,Home,16,10,0
2020-11-22,page_view,desktop,google,Apparel,95,27,0
2020-11-22,page_view,desktop,google,Electronics,30,8,0
2020-11-22,page_view,desktop,google,Books,73,16,0
2020-11-22,page_view,desktop,direct,Sports,47,12,0
2020-11-22,page_view,desktop,direct,Books,20,8,0
2020-11-22,page_view,desktop,direct,Beauty,13,3,0
2020-11-22,page_view,desktop,direct,Toys,8,3,0
2020-11-22,page_view,desktop,social,Beauty,46,13,0
2020-11-22,page_view,desktop,social,Toys,205,57,0
2020-11-22,page_view,desktop,organic,Electronics,112,26,0
2020-11-22,page_view,desktop,organic,Home,47,13,0
2020-11-22,page_view,desktop,organic,Sports,49,14,0
2020-11-22,page_view,desktop,organic,Books,17,5,0
2020-11-22,page_view,desktop,organic,Beauty,30,7,0
2020-11-22,page_view,desktop,organic,Toys,330,95,0
2020-11-22,page_view,desktop,email,Apparel,25,8,0
2020-11-22,page_view,desktop,email,Electronics,5,1,0
2020-11-22,page_view,desktop,email,Sports,17,4,0
2020-11-22,page_view,desktop,email,Books,45,15,0
2020-11-22,page_view,desktop,email,Toys,11,4,0
2020-11-22,page_view,mobile,google,Electronics,85,31,0
2020-11-22,page_view,mobile,google,Home,86,23,0
2020-11-22,page_view,mobile,google,Sports,719,239,0
2020-11-22,page_view,mobile,google,Books,12,4,0
2020-11-22,page_view,mobile,google,Toys,20,6,0
2020-11-22,page_view,mobile,direct,Home,147,50,0
2020-11-22,page_view,mobile,direct,Toys,302,62,0
2020-11-22,page_view,mobile,social,Apparel,16,5,0
2020-11-22,page_view,mobile,social,Electronics,26,8,0
2020-11-22,page_view,mobile,social,Beauty,30,8,0
2020-11-22,page_view,mobile,organic,Electronics,172,35,0
2020-11-22,page_view,mobile,organic,Home,29,11,0
2020-11-22,page_view,mobile,organic,Sports,110,23,0
2020-11-22,page_view,mobile,organic,Toys,55,19,0
2020-11-22,page_view,mobile,email,Beauty,144,57,0
2020-11-22,page_view,tablet,google,Apparel,352,128,0
2020-11-22,page_view,tablet,google,Electronics,54,18,0
2020-11-22,page_view,tablet,google,Home,145,50,0
2020-11-22,page_view,tablet,google,Books,48,12,0
2020-11-22,page_view,tablet,google,Beauty,176,54,0
2020-11-22,page_view,tablet,direct,Beauty,48,19,0
2020-11-22,page_view,tablet,social,Beauty,28,11,0
2020-11-22,page_view,tablet,email,Electronics,11,4,0
2020-11-22,view_item,desktop,google,Electronics,25,10,0
2020-11-22,view_item,desktop,google,Home,34,17,0
2020-11-22,view_item,desktop,google,Beauty,9,5,0
2020-11-22,view_item,desktop,google,Toys,7,4,0
2020-11-22,view_item,desktop,direct,Electronics,33,14,0
2020-11-22,view_item,desktop,direct,Sports,5,2,0
2020-11-22,view_item,desktop,direct,Books,32,12,0
2020-11-22,view_item,desktop,social,Books,7,4,0
2020-11-22,view_item,desktop,organic,Toys,26,12,0
2020-11-22,view_item,desktop,email,Electronics,18,9,0
2020-11-22,view_item,desktop,email,Beauty,37,20,0
2020-11-22,view_item,mobile,google,Home,108,45,0
2020-11-22,view_item,mobile,google,Sports,77,29,0
2020-11-22,view_item,mobile,direct,Electronics,27,15,0
2020-11-22,view_item,mobile,direct,Home,10,4,0
2020-11-22,view_item,mobile,social,Electronics,563,257,0
2020-11-22,view_item,mobile,social,Sports,18,8,0
2020-11-22,view_item,mobile,organic,Apparel,40,17,0
2020-11-22,view_item,mobile,organic,Home,36,18,0
2020-11-22,view_item,mobile,organic,Beauty,13,6,0
2020-11-22,view_item,tablet,google,Apparel,169,78,0
2020-11-22,view_item,tablet,google,Electronics,47,18,0
2020-11-22,view_item,tablet,google,Sports,92,35,0
2020-11-22,view_item,tablet,google,Beauty,112,47,0
2020-11-22,view_item,tablet,direct,Beauty,33,12,0
2020-11-22,add_to_cart,desktop,google,Electronics,86,42,0
2020-11-22,add_to_cart,desktop,google,Home,5,3,0
2020-11-22,add_to_cart,desktop,google,Beauty,10,6,0
2020-11-22,add_to_cart,desktop,social,Electronics,17,9,0
2020-11-22,add_to_cart,mobile,direct,Home,16,8,0
2020-11-22,add_to_cart,mobile,social,Books,4,2,0
2020-11-22,add_to_cart,mobile,organic,Home,13,8,0
2020-11-22,add_to_cart,tablet,google,Apparel,11,5,0
2020-11-22,add_to_cart,tablet,google,Books,6,3,0
2020-11-22,add_to_cart,tablet,direct,Electronics,154,99,0
2020-11-22,add_to_cart,tablet,organic,Books,25,13,0
2020-11-22,begin_checkout,desktop,google,Electronics,15,10,0
2020-11-22,begin_checkout,desktop,social,Apparel,7,5,0
2020-11-22,begin_checkout,desktop,social,Electronics,23,14,0
2020-11-22,begin_checkout,desktop,social,Home,17,11,0
2020-11-22,begin_checkout,desktop,email,Toys,5,3,0
2020-11-22,begin_checkout,mobile,google,Apparel,10,6,0
2020-11-22,begin_checkout,mobile,social,Electronics,16,11,0
2020-11-22,begin_checkout,tablet,direct,Home,4,3,0
2020-11-22,purchase,desktop,direct,Books,3,2,83.55
2020-11-22,purchase,mobile,direct,Apparel,4,3,292.75
2020-11-22,purchase,tablet,email,Electronics,20,14,5480.33
2020-11-22,purchase,tablet,email,Books,5,4,119.34
2020-11-23,page_view,desktop,google,Apparel,17,5,0
2020-11-23,page_view,desktop,google,Electronics,36,12,0
2020-11-23,page_view,desktop,google,Sports,26,8,0
2020-11-23,page_view,desktop,google,Books,126,32,0
2020-11-23,page_view,desktop,google,Toys,7,2,0
2020-11-23,page_view,desktop,direct,Apparel,80,29,0
2020-11-23,page_view,desktop,direct,Electronics,128,33,0
2020-11-23,page_view,desktop,direct,Home,53,18,0
2020-11-23,page_view,desktop,direct,Sports,19,5,0
2020-11-23,page_view,desktop,direct,Books,24,8,0
2020-11-23,page_view,desktop,direct,Beauty,55,19,0
2020-11-23,page_view,desktop,direct,Toys,165,42,0
2020-11-23,page_view,desktop,social,Apparel,187,48,0
2020-11-23,page_view,desktop,organic,Apparel,15,3,0
2020-11-23,page_view,desktop,organic,Electronics,60,20,0
2020-11-23,page_view,desktop,organic,Sports,18,5,0
2020-11-23,page_view,desktop,organic,Books,15,3,0
2020-11-23,page_view,desktop,organic,Beauty,96,37,0
2020-11-23,page_view,desktop,email,Apparel,33,8,0
2020-11-23,page_view,desktop,email,Home,19,5,0
2020-11-23,page_view,desktop,email,Sports,46,11,0
2020-11-23,page_view,desktop,email,Books,35,9,0
2020-11-23,page_view,mobile,google,Apparel,147,40,0
2020-11-23,page_view,mobile,google,Electronics,14,3,0
2020-11-23,page_view,mobile,google,Home,27,6,0
2020-11-23,page_view,mobile,google,Books,216,65,0
2020-11-23,page_view,mobile,google,Toys,17,5,0
2020-11-23,page_view,mobile,direct,Apparel,31,8,0
2020-11-23,page_view,mobile,direct,Beauty,236,58,0
2020-11-23,page_view,mobile,social,Apparel,58,12,0
2020-11-23,page_view,mobile,social,Home,60,18,0
2020-11-23,page_view,mobile,social,Toys,63,16,0
2020-11-23,page_view,mobile,organic,Sports,176,59,0
2020-11-23,page_view,mobile,organic,Books,56,19,0
2020-11-23,page_view,mobile,organic,Toys,138,52,0
2020-11-23,page_view,tablet,direct,Sports,355,103,0
2020-11-23,page_view,tablet,social,Beauty,750,246,0
2020-11-23,page_view,tablet,organic,Electronics,11,4,0
2020-11-23,page_view,tablet,organic,Home,41,11,0
2020-11-23,page_view,tablet,organic,Beauty,75,16,0
2020-11-23,page_view,tablet,email,Electronics,25,5,0
2020-11-23,view_item,desktop,google,Apparel,23,10,0
2020-11-23,view_item,desktop,google,Beauty,58,27,0
2020-11-23,view_item,desktop,google,Toys,332,154,0
2020-11-23,view_item,desktop,direct,Beauty,11,4,0
2020-11-23,view_item,desktop,social,Home,92,35,0
2020-11-23,view_item,desktop,organic,Electronics,35,18,0
2020-11-23,view_item,desktop,organic,Toys,34,18,0
2020-11-23,view_item,desktop,email,Apparel,35,16,0
2020-11-23,view_item,desktop,email,Beauty,17,9,0
2020-11-23,view_item,mobile,google,Home,52,27,0
2020-11-23,view_item,mobile,google,Sports,100,39,0
2020-11-23,view_item,mobile,google,Beauty,30,12,0
2020-11-23,view_item,mobile,direct,Apparel,20,10,0
2020-11-23,view_item,mobile,direct,Sports,12,6,0
2020-11-23,view_item,mobile,social,Home,8,3,0
2020-11-23,view_item,mobile,social,Toys,11,6,0
2020-11-23,view_item,mobile,organic,Electronics,6,2,0
2020-11-23,view_item,mobile,organic,Beauty,80,30,0
2020-11-23,view_item,mobile,email,Apparel,38,19,0
2020-11-23,view_item,mobile,email,Electronics,21,10,0
2020-11-23,view_item,tablet,google,Sports,17,9,0
2020-11-23,view_item,tablet,google,Beauty,292,133,0
2020-11-23,view_item,tablet,direct,Apparel,8,4,0
2020-11-23,view_item,tablet,direct,Books,21,11,0
2020-11-23,view_item,tablet,organic,Home,8,4,0
2020-11-23,add_to_cart,desktop,google,Home,103,47,0
2020-11-23,add_to_cart,mobile,google,Electronics,11,6,0
2020-11-23,add_to_cart,mobile,google,Sports,9,4,0
2020-11-23,add_to_cart,tablet,google,Beauty,15,7,0
2020-11-23,begin_checkout,desktop,google,Sports,40,28,0
2020-11-23,begin_checkout,desktop,social,Apparel,10,7,0
2020-11-23,begin_checkout,desktop,social,Toys,10,7,0
2020-11-23,begin_checkout,desktop,email,Apparel,10,6,0
2020-11-23,begin_checkout,mobile,direct,Apparel,13,7,0
2020-11-23,begin_checkout,mobile,email,Home,6,4,0
2020-11-24,page_view,desktop,google,Electronics,32,10,0
2020-11-24,page_view,desktop,google,Home,60,13,0
2020-11-24,page_view,desktop,google,Sports,94,28,0
2020-11-24,page_view,desktop,google,Books,19,5,0
2020-11-24,page_view,desktop,direct,Apparel,56,14,0
2020-11-24,page_view,desktop,direct,Electronics,234,69,0
2020-11-24,page_view,desktop,direct,Books,13,3,0
2020-11-24,page_view,desktop,direct,Beauty,269,96,0
2020-11-24,page_view,desktop,social,Apparel,91,36,0
2020-11-24,page_view,desktop,social,Beauty,23,9,0
2020-11-24,page_view,desktop,organic,Apparel,3,1,0
2020-11-24,page_view,desktop,organic,Home,59,13,0
2020-11-24,page_view,desktop,organic,Beauty,43,10,0
2020-11-24,page_view,mobile,google,Apparel,102,29,0
2020-11-24,page_view,mobile,google,Electronics,321,102,0
2020-11-24,page_view,mobile,google,Home,59,19,0
2020-11-24,page_view,mobile,google,Books,148,38,0
2020-11-24,page_view,mobile,google,Beauty,187,56,0
2020-11-24,page_view,mobile,direct,Home,183,59,0
2020-11-24,page_view,mobile,direct,Sports,212,78,0
2020-11-24,page_view,mobile,direct,Books,100,22,0
2020-11-24,page_view,mobile,direct,Toys,156,52,0
2020-11-24,page_view,mobile,social,Home,46,15,0
2020-11-24,page_view,mobile,social,Beauty,53,12,0
2020-11-24,page_view,mobile,organic,Apparel,4,1,0
2020-11-24,page_view,mobile,organic,Electronics,166,36,0
2020-11-24,page_view,mobile,organic,Books,164,41,0
2020-11-24,page_view,mobile,organic,Toys,68,20,0
2020-11-24,page_view,mobile,email,Apparel,28,7,0
2020-11-24,page_view,mobile,email,Home,14,6,0
2020-11-24,page_view,mobile,email,Toys,54,19,0
2020-11-24,page_view,tablet,google,Apparel,36,13,0
2020-11-24,page_view,tablet,google,Sports,167,44,0
2020-11-24,page_view,tablet,google,Books,187,59,0
2020-11-24,page_view,tablet,direct,Apparel,30,8,0
2020-11-24,page_view,tablet,social,Toys,32,12,0
2020-11-24,page_view,tablet,organic,Electronics,6,1,0
2020-11-24,page_view,tablet,organic,Toys,189,57,0
2020-11-24,page_view,tablet,email,Toys,23,6,0
2020-11-24,view_item,desktop,google,Books,11,5,0
2020-11-24,view_item,desktop,direct,Sports,124,55,0
2020-11-24,view_item,desktop,direct,Toys,12,5,0
2020-11-24,view_item,desktop,organic,Home,4,2,0
2020-11-24,view_item,desktop,organic,Books,20,11,0
2020-11-24,view_item,desktop,organic,Beauty,27,13,0
2020-11-24,view_item,mobile,google,Books,73,30,0
2020-11-24,view_item,mobile,google,Toys,23,10,0
2020-11-24,view_item,mobile,direct,Electronics,138,58,0
2020-11-24,view_item,mobile,direct,Home,10,4,0
2020-11-24,view_item,mobile,social,Toys,8,3,0
2020-11-24,view_item,mobile,email,Apparel,9,4,0
2020-11-24,view_item,mobile,email,Toys,14,7,0
2020-11-24,view_item,tablet,google,Apparel,24,11,0
2020-11-24,view_item,tablet,organic,Home,16,8,0
2020-11-24,add_to_cart,desktop,google,Home,15,9,0
2020-11-24,add_to_cart,desktop,google,Sports,26,15,0
2020-11-24,add_to_cart,desktop,direct,Home,6,3,0
2020-11-24,add_to_cart,desktop,social,Beauty,36,22,0
2020-11-24,add_to_cart,mobile,direct,Electronics,12,7,0
2020-11-24,add_to_cart,mobile,direct,Books,16,10,0
2020-11-24,add_to_cart,mobile,social,Apparel,19,11,0
2020-11-24,add_to_cart,mobile,organic,Sports,6,3,0
2020-11-24,add_to_cart,tablet,google,Toys,9,6,0
2020-11-24,add_to_cart,tablet,email,Beauty,30,19,0
2020-11-24,begin_checkout,desktop,social,Apparel,1,1,0
2020-11-24,begin_checkout,desktop,organic,Toys,9,7,0
2020-11-24,begin_checkout,mobile,organic,Home,8,5,0
2020-11-24,begin_checkout,tablet,direct,Home,16,9,0
2020-11-24,purchase,desktop,direct,Beauty,10,8,418.08
2020-11-24,purchase,desktop,organic,Beauty,6,5,263.89
2020-11-24,purchase,mobile,direct,Home,2,2,131.12
2020-11-24,purchase,mobile,social,Sports,3,2,138.11
2020-11-25,page_view,desktop,google,Apparel,197,74,0
2020-11-25,page_view,desktop,google,Electronics,29,9,0
2020-11-25,page_view,desktop,google,Home,81,18,0
2020-11-25,page_view,desktop,google,Sports,218,78,0
2020-11-25,page_view,desktop,google,Books,172,42,0
2020-11-25,page_view,desktop,google,Beauty,81,20,0
2020-11-25,page_view,desktop,google,Toys,111,36,0
2020-11-25,page_view,desktop,direct,Apparel,110,30,0
2020-11-25,page_view,desktop,direct,Electronics,179,39,0
2020-11-25,page_view,desktop,direct,Toys,144,56,0
2020-11-25,page_view,desktop,social,Apparel,54,18,0
2020-11-25,page_view,desktop,social,Home,69,23,0
2020-11-25,page_view,desktop,social,Toys,30,7,0
2020-11-25,page_view,desktop,organic,Electronics,60,19,0
2020-11-25,page_view,desktop,organic,Home,90,25,0
2020-11-25,page_view,desktop,organic,Beauty,39,14,0
2020-11-25,page_view,desktop,organic,Toys,107,25,0
2020-11-25,page_view,desktop,email,Apparel,39,13,0
2020-11-25,page_view,desktop,email,Home,12,3,0
2020-11-25,page_view,desktop,email,Sports,56,16,0
2020-11-25,page_view,desktop,email,Beauty,94,33,0
2020-11-25,page_view,mobile,google,Apparel,89,21,0
2020-11-25,page_view,mobile,google,Electronics,52,18,0
2020-11-25,page_view,mobile,google,Sports,60,20,0
2020-11-25,page_view,mobile,google,Beauty,134,36,0
2020-11-25,page_view,mobile,direct,Sports,37,10,0
2020-11-25,page_view,mobile,direct,Books,55,14,0
2020-11-25,page_view,mobile,direct,Beauty,120,25,0
2020-11-25,page_view,mobile,direct,Toys,27,9,0
2020-11-25,page_view,mobile,social,Electronics,54,18,0
2020-11-25,page_view,mobile,social,Home,9,3,0
2020-11-25,page_view,mobile,social,Toys,60,21,0
2020-11-25,page_view,mobile,organic,Home,107,35,0
2020-11-25,page_view,mobile,organic,Sports,58,19,0
2020-11-25,page_view,mobile,organic,Beauty,28,7,0
2020-11-25,page_view,mobile,organic,Toys,105,33,0
2020-11-25,page_view,mobile,email,Electronics,7,3,0
2020-11-25,page_view,tablet,google,Toys,46,11,0
2020-11-25,page_view,tablet,direct,Beauty,27,10,0
2020-11-25,page_view,tablet,social,Beauty,14,4,0
2020-11-25,view_item,desktop,google,Electronics,50,24,0
2020-11-25,view_item,desktop,google,Home,20,9,0
2020-11-25,view_item,desktop,google,Sports,161,66,0
2020-11-25,view_item,desktop,google,Beauty,32,14,0
2020-11-25,view_item,desktop,direct,Sports,56,24,0
2020-11-25,view_item,desktop,direct,Beauty,14,7,0
2020-11-25,view_item,desktop,social,Apparel,22,11,0
2020-11-25,view_item,desktop,organic,Toys,72,27,0
2020-11-25,view_item,desktop,email,Books,13,5,0
2020-11-25,view_item,desktop,email,Toys,7,4,0
2020-11-25,view_item,mobile,google,Sports,30,16,0
2020-11-25,view_item,mobile,direct,Electronics,11,6,0
2020-11-25,view_item,mobile,direct,Books,36,14,0
2020-11-25,view_item,mobile,social,Sports,3,1,0
2020-11-25,view_item,mobile,organic,Home,4,2,0
2020-11-25,view_item,mobile,organic,Books,24,13,0
2020-11-25,view_item,mobile,organic,Beauty,2,1,0
2020-11-25,view_item,mobile,email,Books,34,19,0
2020-11-25,view_item,tablet,google,Sports,188,102,0
2020-11-25,view_item,tablet,google,Beauty,32,14,0
2020-11-25,view_item,tablet,direct,Home,29,14,0
2020-11-25,view_item,tablet,social,Books,3,1,0
2020-11-25,view_item,tablet,organic,Apparel,7,3,0
2020-11-25,view_item,tablet,email,Apparel,106,41,0
2020-11-25,add_to_cart,desktop,direct,Sports,15,9,0
2020-11-25,add_to_cart,desktop,social,Sports,12,7,0
2020-11-25,add_to_cart,desktop,organic,Apparel,8,4,0
2020-11-25,add_to_cart,mobile,google,Apparel,7,4,0
2020-11-25,add_to_cart,mobile,google,Toys,58,30,0
2020-11-25,begin_checkout,desktop,google,Books,3,2,0
2020-11-25,begin_checkout,desktop,organic,Sports,12,9,0
2020-11-25,begin_checkout,desktop,organic,Beauty,10,6,0
2020-11-25,begin_checkout,mobile,google,Electronics,12,8,0
2020-11-25,begin_checkout,mobile,direct,Home,3,2,0
2020-11-25,begin_checkout,mobile,social,Electronics,9,6,0
2020-11-25,begin_checkout,tablet,organic,Books,13,10,0
2020-11-25,purchase,desktop,direct,Books,3,2,79.66
2020-11-25,purchase,mobile,organic,Sports,12,9,737.97
2020-11-25,purchase,tablet,direct,Electronics,8,6,1919.89
2020-11-26,page_view,desktop,google,Apparel,264,96,0
2020-11-26,page_view,desktop,google,Home,78,25,0
2020-11-26,page_view,desktop,google,Sports,44,18,0
2020-11-26,page_view,desktop,google,Toys,16,6,0
2020-11-26,page_view,desktop,direct,Apparel,44,13,0
2020-11-26,page_view,desktop,direct,Electronics,29,11,0
2020-11-26,page_view,desktop,direct,Sports,29,11,0
2020-11-26,page_view,desktop,direct,Books,29,7,0
2020-11-26,page_view,desktop,direct,Beauty,95,25,0
2020-11-26,page_view,desktop,direct,Toys,34,9,0
2020-11-26,page_view,desktop,social,Apparel,158,38,0
2020-11-26,page_view,desktop,social,Electronics,19,5,0
2020-11-26,page_view,desktop,social,Books,13,3,0
2020-11-26,page_view,desktop,organic,Home,107,38,0
2020-11-26,page_view,desktop,organic,Sports,19,7,0
2020-11-26,page_view,desktop,organic,Books,412,138,0
2020-11-26,page_view,desktop,organic,Beauty,21,5,0
2020-11-26,page_view,desktop,organic,Toys,326,96,0
2020-11-26,page_view,desktop,email,Beauty,16,5,0
2020-11-26,page_view,desktop,email,Toys,11,3,0
2020-11-26,page_view,mobile,google,Electronics,16,3,0
2020-11-26,page_view,mobile,google,Home,36,8,0
2020-11-26,page_view,mobile,google,Books,152,51,0
2020-11-26,page_view,mobile,direct,Electronics,48,12,0
2020-11-26,page_view,mobile,direct,Beauty,25,9,0
2020-11-26,page_view,mobile,social,Home,37,11,0
2020-11-26,page_view,mobile,social,Sports,295,90,0
2020-11-26,page_view,mobile,social,Books,174,54,0
2020-11-26,page_view,mobile,social,Toys,72,16,0
2020-11-26,page_view,mobile,organic,Apparel,161,60,0
2020-11-26,page_view,mobile,organic,Electronics,11,3,0
2020-11-26,page_view,mobile,organic,Books,256,81,0
2020-11-26,page_view,mobile,email,Books,77,29,0
2020-11-26,page_view,tablet,google,Home,93,20,0
2020-11-26,page_view,tablet,google,Sports,85,20,0
2020-11-26,page_view,tablet,direct,Electronics,30,10,0
2020-11-26,page_view,tablet,direct,Toys,84,27,0
2020-11-26,page_view,tablet,social,Electronics,24,7,0
2020-11-26,view_item,desktop,google,Apparel,198,92,0
2020-11-26,view_item,desktop,google,Sports,21,11,0
2020-11-26,view_item,desktop,direct,Electronics,26,12,0
2020-11-26,view_item,desktop,direct,Beauty,93,51,0
2020-11-26,view_item,desktop,direct,Toys,15,7,0
2020-11-26,view_item,desktop,social,Apparel,102,37,0
2020-11-26,view_item,desktop,social,Books,11,4,0
2020-11-26,view_item,desktop,social,Beauty,23,10,0
2020-11-26,view_item,desktop,organic,Apparel,12,5,0
2020-11-26,view_item,desktop,organic,Sports,65,34,0
2020-11-26,view_item,desktop,organic,Beauty,125,44,0
2020-11-26,view_item,desktop,organic,Toys,37,15,0
2020-11-26,view_item,desktop,email,Home,44,22,0
2020-11-26,view_item,desktop,email,Toys,21,8,0
2020-11-26,view_item,mobile,google,Electronics,67,26,0
2020-11-26,view_item,mobile,google,Home,38,20,0
2020-11-26,view_item,mobile,direct,Electronics,14,6,0
2020-11-26,view_item,mobile,direct,Beauty,31,14,0
2020-11-26,view_item,mobile,social,Home,88,36,0
2020-11-26,view_item,mobile,social,Toys,24,13,0
2020-11-26,view_item,mobile,organic,Apparel,11,4,0
2020-11-26,view_item,mobile,organic,Electronics,41,16,0
2020-11-26,view_item,mobile,organic,Home,118,50,0
2020-11-26,view_item,mobile,organic,Books,114,43,0
2020-11-26,view_item,mobile,organic,Beauty,14,7,0
2020-11-26,view_item,mobile,organic,Toys,14,6,0
2020-11-26,view_item,mobile,email,Beauty,16,7,0
2020-11-26,view_item,mobile,email,Toys,3,1,0
2020-11-26,view_item,tablet,google,Apparel,81,40,0
2020-11-26,view_item,tablet,google,Electronics,424,160,0
2020-11-26,view_item,tablet,google,Home,18,7,0
2020-11-26,view_item,tablet,google,Books,23,11,0
2020-11-26,view_item,tablet,direct,Books,26,10,0
2020-11-26,add_to_cart,desktop,google,Electronics,44,20,0
2020-11-26,add_to_cart,desktop,google,Sports,7,4,0
2020-11-26,add_to_cart,desktop,direct,Apparel,21,12,0
2020-11-26,add_to_cart,desktop,social,Books,5,2,0
2020-11-26,add_to_cart,desktop,organic,Home,7,4,0
2020-11-26,add_to_cart,desktop,organic,Sports,12,7,0
2020-11-26,add_to_cart,mobile,direct,Apparel,20,13,0
2020-11-26,add_to_cart,mobile,social,Home,49,28,0
2020-11-26,add_to_cart,mobile,social,Sports,24,11,0
2020-11-26,add_to_cart,mobile,social,Toys,15,9,0
2020-11-26,add_to_cart,mobile,organic,Books,23,12,0
2020-11-26,add_to_cart,tablet,direct,Books,8,5,0
2020-11-26,add_to_cart,tablet,organic,Books,9,6,0
2020-11-26,begin_checkout,desktop,social,Apparel,5,4,0
2020-11-26,begin_checkout,desktop,organic,Books,3,2,0
2020-11-26,begin_checkout,mobile,google,Books,5,3,0
2020-11-26,begin_checkout,mobile,organic,Electronics,7,4,0
2020-11-26,begin_checkout,tablet,email,Sports,4,3,0
2020-11-26,purchase,mobile,direct,Home,4,3,232.92
2020-11-26,purchase,tablet,google,Electronics,8,7,1483.29
2020-11-27,page_view,desktop,google,Apparel,37,12,0
2020-11-27,page_view,desktop,google,Electronics,144,46,0
2020-11-27,page_view,desktop,google,Home,464,113,0
2020-11-27,page_view,desktop,google,Sports,396,119,0
2020-11-27,page_view,desktop,google,Books,46,15,0
2020-11-27,page_view,desktop,google,Toys,133,41,0
2020-11-27,page_view,desktop,direct,Apparel,54,20,0
2020-11-27,page_view,desktop,direct,Books,46,9,0
2020-11-27,page_view,desktop,direct,Beauty,30,9,0
2020-11-27,page_view,desktop,social,Apparel,122,27,0
2020-11-27,page_view,desktop,social,Sports,67,19,0
2020-11-27,page_view,desktop,social,Beauty,32,11,0
2020-11-27,page_view,desktop,social,Toys,17,7,0
2020-11-27,page_view,desktop,organic,Apparel,29,7,0
2020-11-27,page_view,desktop,organic,Home,94,37,0
2020-11-27,page_view,desktop,organic,Beauty,233,80,0
2020-11-27,page_view,desktop,organic,Toys,55,11,0
2020-11-27,page_view,desktop,email,Apparel,21,6,0
2020-11-27,page_view,desktop,email,Sports,31,11,0
2020-11-27,page_view,mobile,google,Apparel,117,36,0
2020-11-27,page_view,mobile,google,Electronics,18,6,0
2020-11-27,page_view,mobile,google,Home,70,20,0
2020-11-27,page_view,mobile,google,Books,37,12,0
2020-11-27,page_view,mobile,google,Beauty,196,45,0
2020-11-27,page_view,mobile,direct,Home,36,11,0
2020-11-27,page_view,mobile,direct,Sports,153,38,0
2020-11-27,page_view,mobile,direct,Beauty,116,24,0
2020-11-27,page_view,mobile,direct,Toys,644,163,0
2020-11-27,page_view,mobile,social,Apparel,72,24,0
2020-11-27,page_view,mobile,social,Beauty,36,12,0
2020-11-27,page_view,mobile,social,Toys,449,155,0
2020-11-27,page_view,mobile,organic,Electronics,31,9,0
2020-11-27,page_view,mobile,organic,Sports,14,3,0
2020-11-27,page_view,mobile,organic,Books,63,22,0
2020-11-27,page_view,mobile,organic,Toys,13,4,0
2020-11-27,page_view,mobile,email,Electronics,32,13,0
2020-11-27,page_view,mobile,email,Home,51,20,0
2020-11-27,page_view,tablet,google,Home,269,99,0
2020-11-27,page_view,tablet,direct,Electronics,33,10,0
2020-11-27,page_view,tablet,direct,Home,142,40,0
2020-11-27,page_view,tablet,social,Sports,81,19,0
2020-11-27,page_view,tablet,social,Toys,16,4,0
2020-11-27,page_view,tablet,organic,Beauty,43,16,0
2020-11-27,page_view,tablet,email,Apparel,41,12,0
2020-11-27,page_view,tablet,email,Books,19,6,0
2020-11-27,view_item,desktop,google,Apparel,36,15,0
2020-11-27,view_item,desktop,google,Electronics,25,11,0
2020-11-27,view_item,desktop,google,Toys,149,53,0
2020-11-27,view_item,desktop,direct,Home,29,14,0
2020-11-27,view_item,desktop,direct,Books,61,33,0
2020-11-27,view_item,desktop,direct,Toys,53,21,0
2020-11-27,view_item,desktop,social,Home,35,15,0
2020-11-27,view_item,desktop,social,Sports,3,2,0
2020-11-27,view_item,desktop,email,Beauty,197,78,0
2020-11-27,view_item,mobile,google,Toys,7,3,0
2020-11-27,view_item,mobile,direct,Books,39,16,0
2020-11-27,view_item,mobile,direct,Toys,139,64,0
2020-11-27,view_item,mobile,social,Home,168,64,0
2020-11-27,view_item,mobile,social,Toys,24,9,0
2020-11-27,view_item,mobile,email,Electronics,2,1,0
2020-11-27,view_item,mobile,email,Sports,86,44,0
2020-11-27,view_item,tablet,google,Apparel,169,83,0
2020-11-27,view_item,tablet,google,Books,75,31,0
2020-11-27,view_item,tablet,google,Beauty,39,15,0
2020-11-27,view_item,tablet,direct,Sports,222,90,0
2020-11-27,view_item,tablet,direct,Books,85,37,0
2020-11-27,view_item,tablet,social,Books,24,9,0
2020-11-27,add_to_cart,desktop,google,Beauty,34,21,0
2020-11-27,add_to_cart,desktop,google,Toys,19,10,0
2020-11-27,add_to_cart,desktop,social,Apparel,12,8,0
2020-11-27,add_to_cart,mobile,google,Electronics,21,13,0
2020-11-27,add_to_cart,mobile,direct,Home,8,5,0
2020-11-27,add_to_cart,tablet,social,Home,41,23,0
2020-11-27,add_to_cart,tablet,social,Sports,17,8,0
2020-11-27,begin_checkout,desktop,google,Apparel,18,12,0
2020-11-27,begin_checkout,desktop,google,Books,52,30,0
2020-11-27,begin_checkout,mobile,google,Apparel,6,4,0
2020-11-27,begin_checkout,mobile,google,Toys,62,36,0
2020-11-27,begin_checkout,mobile,email,Home,29,18,0
2020-11-27,begin_checkout,tablet,direct,Electronics,38,25,0
2020-11-27,begin_checkout,tablet,direct,Books,28,16,0
2020-11-27,purchase,desktop,direct,Beauty,2,2,66.22
2020-11-27,purchase,mobile,social,Apparel,5,4,450.59
2020-11-28,page_view,desktop,google,Apparel,101,22,0
2020-11-28,page_view,desktop,google,Electronics,99,30,0
2020-11-28,page_view,desktop,google,Home,67,25,0
2020-11-28,page_view,desktop,google,Sports,24,7,0
2020-11-28,page_view,desktop,google,Beauty,64,19,0
2020-11-28,page_view,desktop,google,Toys,80,22,0
2020-11-28,page_view,desktop,direct,Apparel,96,22,0
2020-11-28,page_view,desktop,direct,Home,83,20,0
2020-11-28,page_view,desktop,direct,Books,306,94,0
2020-11-28,page_view,desktop,direct,Beauty,72,24,0
2020-11-28,page_view,desktop,social,Apparel,16,5,0
2020-11-28,page_view,desktop,social,Home,48,15,0
2020-11-28,page_view,desktop,social,Books,71,28,0
2020-11-28,page_view,desktop,social,Toys,45,14,0
2020-11-28,page_view,desktop,organic,Apparel,7,2,0
2020-11-28,page_view,desktop,organic,Home,146,31,0
2020-11-28,page_view,desktop,organic,Sports,22,7,0
2020-11-28,page_view,desktop,organic,Beauty,137,40,0
2020-11-28,page_view,desktop,email,Sports,11,2,0
2020-11-28,page_view,desktop,email,Toys,26,7,0
2020-11-28,page_view,mobile,google,Electronics,50,17,0
2020-11-28,page_view,mobile,google,Home,193,54,0
2020-11-28,page_view,mobile,google,Sports,80,28,0
2020-11-28,page_view,mobile,google,Books,133,46,0
2020-11-28,page_view,mobile,direct,Home,75,28,0
2020-11-28,page_view,mobile,organic,Electronics,164,48,0
2020-11-28,page_view,mobile,email,Apparel,8,3,0
2020-11-28,page_view,mobile,email,Electronics,57,20,0
2020-11-28,page_view,tablet,google,Apparel,463,177,0
2020-11-28,page_view,tablet,google,Books,72,21,0
2020-11-28,page_view,tablet,direct,Apparel,181,37,0
2020-11-28,page_view,tablet,direct,Toys,106,33,0
2020-11-28,page_view,tablet,organic,Home,35,10,0
2020-11-28,page_view,tablet,organic,Beauty,83,25,0
2020-11-28,page_view,tablet,organic,Toys,238,65,0
2020-11-28,page_view,tablet,email,Home,128,48,0
2020-11-28,view_item,desktop,google,Apparel,12,7,0
2020-11-28,view_item,desktop,google,Electronics,59,26,0
2020-11-28,view_item,desktop,google,Sports,46,20,0
2020-11-28,view_item,desktop,google,Beauty,1076,452,0
2020-11-28,view_item,desktop,google,Toys,12,6,0
2020-11-28,view_item,desktop,direct,Electronics,8,4,0
2020-11-28,view_item,desktop,direct,Sports,11,4,0
2020-11-28,view_item,desktop,direct,Toys,8,4,0
2020-11-28,view_item,desktop,organic,Home,7,3,0
2020-11-28,view_item,desktop,organic,Beauty,23,10,0
2020-11-28,view_item,mobile,google,Books,53,27,0
2020-11-28,view_item,mobile,google,Beauty,71,31,0
2020-11-28,view_item,mobile,direct,Books,50,18,0
2020-11-28,view_item,mobile,direct,Toys,22,10,0
2020-11-28,view_item,mobile,social,Beauty,117,59,0
2020-11-28,view_item,mobile,organic,Beauty,36,16,0
2020-11-28,view_item,tablet,google,Toys,76,27,0
2020-11-28,view_item,tablet,direct,Beauty,9,5,0
2020-11-28,view_item,tablet,organic,Apparel,76,37,0
2020-11-28,view_item,tablet,organic,Sports,7,4,0
2020-11-28,view_item,tablet,organic,Books,22,11,0
2020-11-28,add_to_cart,desktop,google,Sports,38,19,0
2020-11-28,add_to_cart,desktop,google,Beauty,50,24,0
2020-11-28,add_to_cart,mobile,google,Books,13,8,0
2020-11-28,add_to_cart,mobile,google,Beauty,30,16,0
2020-11-28,add_to_cart,mobile,social,Home,5,2,0
2020-11-28,add_to_cart,tablet,google,Home,75,48,0
2020-11-28,add_to_cart,tablet,google,Books,45,21,0
2020-11-28,add_to_cart,tablet,direct,Toys,7,4,0
2020-11-28,begin_checkout,desktop,google,Electronics,13,9,0
2020-11-28,begin_checkout,desktop,google,Beauty,2,1,0
2020-11-28,begin_checkout,desktop,direct,Apparel,12,8,0
2020-11-28,begin_checkout,desktop,organic,Beauty,6,3,0
2020-11-28,begin_checkout,tablet,organic,Sports,6,4,0
2020-11-29,page_view,desktop,google,Apparel,628,150,0
2020-11-29,page_view,desktop,google,Electronics,223,67,0
2020-11-29,page_view,desktop,google,Home,96,27,0
2020-11-29,page_view,desktop,google,Sports,14,5,0
2020-11-29,page_view,desktop,google,Toys,295,104,0
2020-11-29,page_view,desktop,direct,Electronics,27,8,0
2020-11-29,page_view,desktop,direct,Home,9,2,0
2020-11-29,page_view,desktop,direct,Sports,564,199,0
2020-11-29,page_view,desktop,direct,Books,25,5,0
2020-11-29,page_view,desktop,social,Electronics,88,23,0
2020-11-29,page_view,desktop,social,Home,63,16,0
2020-11-29,page_view,desktop,social,Beauty,20,5,0
2020-11-29,page_view,desktop,organic,Apparel,77,21,0
2020-11-29,page_view,desktop,organic,Sports,53,21,0
2020-11-29,page_view,desktop,organic,Toys,46,13,0
2020-11-29,page_view,desktop,email,Home,13,3,0
2020-11-29,page_view,desktop,email,Sports,161,36,0
2020-11-29,page_view,mobile,google,Apparel,199,42,0
2020-11-29,page_view,mobile,google,Electronics,42,11,0
2020-11-29,page_view,mobile,google,Home,146,48,0
2020-11-29,page_view,mobile,google,Books,79,16,0
2020-11-29,page_view,mobile,google,Beauty,72,20,0
2020-11-29,page_view,mobile,google,Toys,344,135,0
2020-11-29,page_view,mobile,direct,Apparel,23,6,0
2020-11-29,page_view,mobile,direct,Beauty,109,35,0
2020-11-29,page_view,mobile,social,Electronics,125,48,0
2020-11-29,page_view,mobile,social,Beauty,280,107,0
2020-11-29,page_view,mobile,social,Toys,187,69,0
2020-11-29,page_view,mobile,organic,Apparel,480,165,0
2020-11-29,page_view,mobile,organic,Home,85,22,0
2020-11-29,page_view,mobile,organic,Sports,42,11,0
2020-11-29,page_view,mobile,organic,Toys,136,32,0
2020-11-29,page_view,mobile,email,Apparel,27,10,0
2020-11-29,page_view,mobile,email,Electronics,10,2,0
2020-11-29,page_view,mobile,email,Sports,89,24,0
2020-11-29,page_view,mobile,email,Books,178,58,0
2020-11-29,page_view,tablet,google,Home,99,21,0
2020-11-29,page_view,tablet,google,Sports,436,167,0
2020-11-29,page_view,tablet,google,Beauty,236,64,0
2020-11-29,page_view,tablet,direct,Apparel,102,37,0
2020-11-29,page_view,tablet,direct,Electronics,230,50,0
2020-11-29,page_view,tablet,direct,Sports,67,21,0
2020-11-29,page_view,tablet,direct,Beauty,70,28,0
2020-11-29,page_view,tablet,direct,Toys,264,72,0
2020-11-29,page_view,tablet,social,Books,18,5,0
2020-11-29,page_view,tablet,organic,Apparel,234,83,0
2020-11-29,view_item,desktop,google,Apparel,4,2,0
2020-11-29,view_item,desktop,google,Electronics,66,29,0
2020-11-29,view_item,desktop,google,Beauty,28,13,0
2020-11-29,view_item,desktop,direct,Sports,43,18,0
2020-11-29,view_item,desktop,direct,Books,364,146,0
2020-11-29,view_item,desktop,social,Apparel,120,58,0
2020-11-29,view_item,desktop,social,Toys,25,11,0
2020-11-29,view_item,desktop,organic,Electronics,108,41,0
2020-11-29,view_item,desktop,organic,Sports,44,20,0
2020-11-29,view_item,desktop,organic,Beauty,19,7,0
2020-11-29,view_item,mobile,google,Electronics,5,2,0
2020-11-29,view_item,mobile,google,Sports,88,43,0
2020-11-29,view_item,mobile,direct,Electronics,38,16,0
2020-11-29,view_item,mobile,social,Home,11,6,0
2020-11-29,view_item,mobile,social,Books,123,56,0
2020-11-29,view_item,mobile,social,Toys,3,2,0
2020-11-29,view_item,mobile,organic,Books,102,41,0
2020-11-29,view_item,tablet,google,Home,31,15,0
2020-11-29,view_item,tablet,direct,Electronics,31,13,0
2020-11-29,view_item,tablet,direct,Sports,24,10,0
2020-11-29,view_item,tablet,organic,Apparel,8,4,0
2020-11-29,view_item,tablet,organic,Electronics,27,10,0
2020-11-29,view_item,tablet,email,Books,15,8,0
2020-11-29,add_to_cart,desktop,direct,Sports,8,5,0
2020-11-29,add_to_cart,desktop,organic,Electronics,34,19,0
2020-11-29,add_to_cart,desktop,organic,Books,16,10,0
2020-11-29,add_to_cart,desktop,email,Toys,5,3,0
2020-11-29,add_to_cart,mobile,google,Sports,7,3,0
2020-11-29,add_to_cart,mobile,google,Beauty,6,3,0
2020-11-29,add_to_cart,mobile,direct,Toys,2,1,0
2020-11-29,add_to_cart,mobile,email,Beauty,6,4,0
2020-11-29,add_to_cart,tablet,google,Electronics,34,19,0
2020-11-29,add_to_cart,tablet,direct,Apparel,20,10,0
2020-11-29,add_to_cart,tablet,direct,Electronics,15,7,0
2020-11-29,begin_checkout,desktop,direct,Apparel,16,9,0
2020-11-29,begin_checkout,mobile,organic,Apparel,5,3,0
2020-11-29,begin_checkout,mobile,organic,Toys,3,2,0
2020-11-29,purchase,desktop,direct,Sports,14,12,783.19
2020-11-29,purchase,mobile,social,Apparel,4,3,369.51
2020-11-29,purchase,mobile,organic,Beauty,5,4,223.89
2020-11-30,page_view,desktop,google,Apparel,38,14,0
2020-11-30,page_view,desktop,google,Electronics,69,16,0
2020-11-30,page_view,desktop,google,Sports,53,13,0
2020-11-30,page_view,desktop,google,Books,288,63,0
2020-11-30,page_view,desktop,google,Beauty,68,21,0
2020-11-30,page_view,desktop,google,Toys,136,30,0
2020-11-30,page_view,desktop,direct,Apparel,289,78,0
2020-11-30,page_view,desktop,direct,Home,353,74,0
2020-11-30,page_view,desktop,direct,Sports,15,5,0
2020-11-30,page_view,desktop,direct,Books,169,59,0
2020-11-30,page_view,desktop,direct,Toys,98,31,0
2020-11-30,page_view,desktop,social,Electronics,92,19,0
2020-11-30,page_view,desktop,social,Home,35,8,0
2020-11-30,page_view,desktop,social,Books,19,6,0
2020-11-30,page_view,desktop,social,Beauty,84,28,0
2020-11-30,page_view,desktop,organic,Apparel,34,7,0
2020-11-30,page_view,desktop,organic,Sports,92,24,0
2020-11-30,page_view,desktop,organic,Beauty,16,4,0
2020-11-30,page_view,desktop,email,Electronics,33,13,0
2020-11-30,page_view,desktop,email,Home,11,3,0
2020-11-30,page_view,mobile,google,Electronics,46,15,0
2020-11-30,page_view,mobile,google,Home,88,18,0
2020-11-30,page_view,mobile,google,Sports,772,288,0
2020-11-30,page_view,mobile,google,Books,192,69,0
2020-11-30,page_view,mobile,google,Beauty,7,1,0
2020-11-30,page_view,mobile,google,Toys,19,7,0
2020-11-30,page_view,mobile,direct,Electronics,85,24,0
2020-11-30,page_view,mobile,direct,Home,32,13,0
2020-11-30,page_view,mobile,direct,Books,8,3,0
2020-11-30,page_view,mobile,direct,Beauty,26,8,0
2020-11-30,page_view,mobile,direct,Toys,12,4,0
2020-11-30,page_view,mobile,social,Apparel,24,10,0
2020-11-30,page_view,mobile,social,Electronics,295,81,0
2020-11-30,page_view,mobile,social,Home,33,9,0
2020-11-30,page_view,mobile,social,Sports,29,11,0
2020-11-30,page_view,mobile,social,Toys,322,88,0
2020-11-30,page_view,mobile,organic,Home,18,7,0
2020-11-30,page_view,mobile,organic,Beauty,83,29,0
2020-11-30,page_view,mobile,organic,Toys,39,13,0
2020-11-30,page_view,tablet,google,Apparel,101,39,0
2020-11-30,page_view,tablet,google,Electronics,96,24,0
2020-11-30,page_view,tablet,google,Beauty,124,47,0
2020-11-30,page_view,tablet,direct,Beauty,154,53,0
2020-11-30,page_view,tablet,social,Apparel,57,21,0
2020-11-30,page_view,tablet,social,Beauty,80,19,0
2020-11-30,page_view,tablet,email,Sports,30,11,0
2020-11-30,page_view,tablet,email,Toys,8,2,0
2020-11-30,view_item,desktop,google,Home,17,9,0
2020-11-30,view_item,desktop,google,Sports,89,37,0
2020-11-30,view_item,desktop,google,Books,412,201,0
2020-11-30,view_item,desktop,direct,Apparel,66,26,0
2020-11-30,view_item,desktop,direct,Toys,7,3,0
2020-11-30,view_item,desktop,social,Books,23,9,0
2020-11-30,view_item,desktop,organic,Apparel,12,6,0
2020-11-30,view_item,desktop,organic,Books,49,24,0
2020-11-30,view_item,mobile,google,Electronics,38,19,0
2020-11-30,view_item,mobile,google,Books,126,68,0
2020-11-30,view_item,mobile,google,Beauty,53,19,0
2020-11-30,view_item,mobile,google,Toys,28,11,0
2020-11-30,view_item,mobile,direct,Home,120,64,0
2020-11-30,view_item,mobile,social,Home,27,13,0
2020-11-30,view_item,mobile,social,Toys,34,15,0
2020-11-30,view_item,mobile,organic,Apparel,10,4,0
2020-11-30,view_item,mobile,organic,Electronics,15,8,0
2020-11-30,view_item,tablet,social,Toys,11,6,0
2020-11-30,view_item,tablet,organic,Home,30,12,0
2020-11-30,view_item,tablet,organic,Toys,61,29,0
2020-11-30,add_to_cart,desktop,direct,Beauty,8,4,0
2020-11-30,add_to_cart,desktop,social,Home,4,2,0
2020-11-30,add_to_cart,desktop,email,Electronics,21,14,0
2020-11-30,add_to_cart,mobile,google,Sports,21,12,0
2020-11-30,add_to_cart,mobile,google,Beauty,4,2,0
2020-11-30,add_to_cart,mobile,direct,Home,47,24,0
2020-11-30,add_to_cart,mobile,organic,Beauty,13,6,0
2020-11-30,begin_checkout,desktop,google,Toys,9,6,0
2020-11-30,begin_checkout,desktop,direct,Apparel,12,8,0
2020-11-30,begin_checkout,desktop,direct,Home,5,4,0
2020-11-30,begin_checkout,desktop,organic,Home,28,17,0
2020-11-30,begin_checkout,tablet,google,Books,13,9,0
2020-11-30,begin_checkout,tablet,email,Electronics,10,7,0
2020-11-30,purchase,desktop,organic,Books,5,4,129.45
2020-11-30,purchase,mobile,organic,Home,2,2,121.95
2020-11-30,purchase,tablet,organic,Apparel,11,9,875.26
2020-12-01,page_view,desktop,google,Apparel,65,22,0
2020-12-01,page_view,desktop,google,Electronics,35,10,0
2020-12-01,page_view,desktop,google,Home,292,103,0
2020-12-01,page_view,desktop,google,Sports,301,83,0
2020-12-01,page_view,desktop,google,Toys,26,9,0
2020-12-01,page_view,desktop,direct,Apparel,237,65,0
2020-12-01,page_view,desktop,direct,Electronics,39,15,0
2020-12-01,page_view,desktop,direct,Sports,64,15,0
2020-12-01,page_view,desktop,direct,Beauty,32,10,0
2020-12-01,page_view,desktop,direct,Toys,17,5,0
2020-12-01,page_view,desktop,social,Apparel,178,65,0
2020-12-01,page_view,desktop,social,Books,43,17,0
2020-12-01,page_view,desktop,organic,Apparel,46,17,0
2020-12-01,page_view,desktop,organic,Electronics,286,104,0
2020-12-01,page_view,desktop,organic,Home,32,10,0
2020-12-01,page_view,desktop,organic,Sports,11,3,0
2020-12-01,page_view,desktop,organic,Beauty,39,9,0
2020-12-01,page_view,desktop,organic,Toys,17,4,0
2020-12-01,page_view,desktop,email,Books,159,55,0
2020-12-01,page_view,desktop,email,Toys,89,32,0
2020-12-01,page_view,mobile,google,Apparel,47,12,0
2020-12-01,page_view,mobile,google,Electronics,39,15,0
2020-12-01,page_view,mobile,google,Home,75,30,0
2020-12-01,page_view,mobile,google,Sports,44,16,0
2020-12-01,page_view,mobile,google,Books,118,30,0
2020-12-01,page_view,mobile,google,Beauty,12,3,0
2020-12-01,page_view,mobile,google,Toys,182,44,0
2020-12-01,page_view,mobile,direct,Home,11,2,0
2020-12-01,page_view,mobile,direct,Sports,13,4,0
2020-12-01,page_view,mobile,direct,Books,9,3,0
2020-12-01,page_view,mobile,social,Sports,25,7,0
2020-12-01,page_view,mobile,social,Books,53,12,0
2020-12-01,page_view,mobile,organic,Apparel,49,17,0
2020-12-01,page_view,mobile,organic,Home,29,10,0
2020-12-01,page_view,mobile,organic,Sports,104,27,0
2020-12-01,page_view,mobile,organic,Toys,42,12,0
2020-12-01,page_view,mobile,email,Apparel,38,8,0
2020-12-01,page_view,mobile,email,Electronics,273,66,0
2020-12-01,page_view,tablet,direct,Home,388,106,0
2020-12-01,page_view,tablet,direct,Beauty,24,9,0
2020-12-01,page_view,tablet,direct,Toys,59,14,0
2020-12-01,page_view,tablet,social,Sports,16,5,0
2020-12-01,page_view,tablet,organic,Books,50,15,0
2020-12-01,page_view,tablet,organic,Beauty,101,32,0
2020-12-01,view_item,desktop,google,Apparel,33,15,0
2020-12-01,view_item,desktop,direct,Books,25,12,0
2020-12-01,view_item,desktop,direct,Beauty,44,16,0
2020-12-01,view_item,desktop,social,Apparel,32,15,0
2020-12-01,view_item,desktop,social,Books,26,10,0
2020-12-01,view_item,desktop,organic,Apparel,19,10,0
2020-12-01,view_item,desktop,organic,Sports,9,5,0
2020-12-01,view_item,desktop,organic,Books,38,21,0
2020-12-01,view_item,desktop,email,Beauty,5,2,0
2020-12-01,view_item,desktop,email,Toys,26,11,0
2020-12-01,view_item,mobile,google,Apparel,35,19,0
2020-12-01,view_item,mobile,google,Electronics,40,18,0
2020-12-01,view_item,mobile,direct,Sports,33,15,0
2020-12-01,view_item,mobile,social,Home,153,66,0
2020-12-01,view_item,mobile,organic,Home,60,29,0
2020-12-01,view_item,mobile,organic,Toys,8,4,0
2020-12-01,view_item,tablet,google,Sports,4,1,0
2020-12-01,view_item,tablet,google,Books,63,30,0
2020-12-01,view_item,tablet,direct,Toys,29,15,0
2020-12-01,view_item,tablet,social,Sports,43,18,0
2020-12-01,view_item,tablet,social,Beauty,25,14,0
2020-12-01,view_item,tablet,organic,Toys,20,8,0
2020-12-01,add_to_cart,desktop,google,Toys,225,142,0
2020-12-01,add_to_cart,desktop,direct,Electronics,2,1,0
2020-12-01,add_to_cart,desktop,direct,Toys,64,40,0
2020-12-01,add_to_cart,desktop,organic,Apparel,9,6,0
2020-12-01,add_to_cart,desktop,organic,Electronics,16,8,0
2020-12-01,add_to_cart,desktop,organic,Toys,31,20,0
2020-12-01,add_to_cart,desktop,email,Home,6,3,0
2020-12-01,add_to_cart,mobile,google,Apparel,75,40,0
2020-12-01,add_to_cart,mobile,google,Books,44,21,0
2020-12-01,add_to_cart,mobile,direct,Electronics,22,13,0
2020-12-01,add_to_cart,mobile,direct,Sports,6,3,0
2020-12-01,add_to_cart,mobile,email,Sports,2,1,0
2020-12-01,add_to_cart,mobile,email,Beauty,8,4,0
2020-12-01,add_to_cart,tablet,direct,Beauty,7,4,0
2020-12-01,begin_checkout,mobile,social,Books,1,1,0
2020-12-01,begin_checkout,tablet,google,Electronics,20,14,0
2020-12-01,purchase,desktop,direct,Toys,8,6,186.84
2020-12-01,purchase,desktop,email,Books,9,8,216.75
2020-12-01,purchase,mobile,google,Electronics,9,7,1877.3
2020-12-01,purchase,mobile,organic,Home,4,3,295.25
2020-12-01,purchase,mobile,organic,Sports,7,5,280.94
2020-12-01,purchase,tablet,organic,Apparel,30,23,2249.28
2020-12-02,page_view,desktop,google,Apparel,77,29,0
2020-12-02,page_view,desktop,google,Electronics,87,24,0
2020-12-02,page_view,desktop,google,Home,445,149,0
2020-12-02,page_view,desktop,google,Sports,200,47,0
2020-12-02,page_view,desktop,google,Books,74,18,0
2020-12-02,page_view,desktop,google,Beauty,96,32,0
2020-12-02,page_view,desktop,google,Toys,13,5,0
2020-12-02,page_view,desktop,direct,Electronics,46,16,0
2020-12-02,page_view,desktop,direct,Books,101,31,0
2020-12-02,page_view,desktop,direct,Toys,40,14,0
2020-12-02,page_view,desktop,social,Apparel,47,16,0
2020-12-02,page_view,desktop,social,Sports,98,28,0
2020-12-02,page_view,desktop,organic,Apparel,98,38,0
2020-12-02,page_view,desktop,organic,Electronics,74,17,0
2020-12-02,page_view,desktop,email,Electronics,11,4,0
2020-12-02,page_view,desktop,email,Toys,111,22,0
2020-12-02,page_view,mobile,google,Electronics,52,19,0
2020-12-02,page_view,mobile,google,Home,390,144,0
2020-12-02,page_view,mobile,google,Sports,95,38,0
2020-12-02,page_view,mobile,google,Books,190,48,0
2020-12-02,page_view,mobile,google,Beauty,280,67,0
2020-12-02,page_view,mobile,google,Toys,104,22,0
2020-12-02,page_view,mobile,direct,Electronics,41,12,0
2020-12-02,page_view,mobile,direct,Home,61,17,0
2020-12-02,page_view,mobile,direct,Beauty,31,9,0
2020-12-02,page_view,mobile,social,Electronics,23,5,0
2020-12-02,page_view,mobile,social,Home,94,27,0
2020-12-02,page_view,mobile,social,Sports,249,64,0
2020-12-02,page_view,mobile,social,Beauty,37,10,0
2020-12-02,page_view,mobile,social,Toys,10,4,0
2020-12-02,page_view,mobile,organic,Apparel,31,8,0
2020-12-02,page_view,mobile,organic,Electronics,350,109,0
2020-12-02,page_view,mobile,organic,Beauty,38,14,0
2020-12-02,page_view,mobile,email,Toys,8,3,0
2020-12-02,page_view,tablet,google,Sports,81,26,0
2020-12-02,page_view,tablet,direct,Apparel,132,33,0
2020-12-02,page_view,tablet,social,Books,108,34,0
2020-12-02,page_view,tablet,social,Toys,45,16,0
2020-12-02,page_view,tablet,organic,Electronics,7,2,0
2020-12-02,view_item,desktop,google,Home,19,7,0
2020-12-02,view_item,desktop,direct,Electronics,128,68,0
2020-12-02,view_item,desktop,direct,Toys,151,58,0
2020-12-02,view_item,desktop,organic,Apparel,19,10,0
2020-12-02,view_item,desktop,organic,Electronics,7,3,0
2020-12-02,view_item,desktop,organic,Home,37,16,0
2020-12-02,view_item,desktop,email,Electronics,21,7,0
2020-12-02,view_item,mobile,google,Books,162,61,0
2020-12-02,view_item,mobile,google,Beauty,4,2,0
2020-12-02,view_item,mobile,google,Toys,13,6,0
2020-12-02,view_item,mobile,direct,Toys,80,38,0
2020-12-02,view_item,mobile,social,Books,41,18,0
2020-12-02,view_item,mobile,organic,Sports,32,17,0
2020-12-02,view_item,mobile,organic,Beauty,108,44,0
2020-12-02,view_item,tablet,google,Electronics,90,42,0
2020-12-02,view_item,tablet,google,Beauty,38,20,0
2020-12-02,add_to_cart,desktop,google,Home,22,13,0
2020-12-02,add_to_cart,desktop,direct,Apparel,8,4,0
2020-12-02,add_to_cart,desktop,direct,Electronics,13,6,0
2020-12-02,add_to_cart,desktop,direct,Sports,10,6,0
2020-12-02,add_to_cart,desktop,direct,Books,9,6,0
2020-12-02,add_to_cart,desktop,direct,Beauty,3,2,0
2020-12-02,add_to_cart,desktop,social,Home,15,9,0
2020-12-02,add_to_cart,mobile,direct,Home,7,3,0
2020-12-02,add_to_cart,mobile,direct,Books,13,8,0
2020-12-02,add_to_cart,mobile,social,Sports,23,11,0
2020-12-02,add_to_cart,mobile,organic,Toys,11,5,0
2020-12-02,begin_checkout,desktop,google,Apparel,13,9,0
2020-12-02,begin_checkout,desktop,organic,Electronics,7,4,0
2020-12-02,begin_checkout,desktop,email,Apparel,16,10,0
2020-12-02,begin_checkout,mobile,email,Books,2,1,0
2020-12-02,begin_checkout,tablet,social,Sports,5,4,0
2020-12-02,purchase,desktop,organic,Books,4,4,107.78
2020-12-02,purchase,mobile,organic,Toys,13,12,481.11
2020-12-03,page_view,desktop,google,Apparel,25,8,0
2020-12-03,page_view,desktop,google,Home,25,6,0
2020-12-03,page_view,desktop,google,Sports,139,35,0
2020-12-03,page_view,desktop,google,Books,354,88,0
2020-12-03,page_view,desktop,google,Beauty,361,125,0
2020-12-03,page_view,desktop,google,Toys,58,22,0
2020-12-03,page_view,desktop,direct,Apparel,357,139,0
2020-12-03,page_view,desktop,direct,Home,38,8,0
2020-12-03,page_view,desktop,direct,Sports,37,13,0
2020-12-03,page_view,desktop,direct,Books,14,3,0
2020-12-03,page_view,desktop,direct,Beauty,115,38,0
2020-12-03,page_view,desktop,direct,Toys,47,16,0
2020-12-03,page_view,desktop,social,Electronics,12,4,0
2020-12-03,page_view,desktop,social,Home,134,49,0
2020-12-03,page_view,desktop,social,Sports,52,15,0
2020-12-03,page_view,desktop,organic,Apparel,20,4,0
2020-12-03,page_view,desktop,organic,Sports,35,9,0
2020-12-03,page_view,desktop,organic,Beauty,172,64,0
2020-12-03,page_view,desktop,organic,Toys,118,40,0
2020-12-03,page_view,desktop,email,Sports,21,8,0
2020-12-03,page_view,desktop,email,Beauty,147,35,0
2020-12-03,page_view,mobile,google,Apparel,33,13,0
2020-12-03,page_view,mobile,google,Home,109,40,0
2020-12-03,page_view,mobile,google,Books,82,23,0
2020-12-03,page_view,mobile,google,Toys,157,48,0
2020-12-03,page_view,mobile,direct,Apparel,46,15,0
2020-12-03,page_view,mobile,social,Electronics,72,16,0
2020-12-03,page_view,mobile,social,Sports,68,14,0
2020-12-03,page_view,mobile,social,Toys,55,16,0
2020-12-03,page_view,mobile,organic,Apparel,22,5,0
2020-12-03,page_view,mobile,organic,Sports,47,16,0
2020-12-03,page_view,mobile,organic,Books,46,17,0
2020-12-03,page_view,mobile,organic,Beauty,47,18,0
2020-12-03,page_view,mobile,email,Sports,8,2,0
2020-12-03,page_view,tablet,google,Apparel,79,24,0
2020-12-03,page_view,tablet,google,Sports,56,14,0
2020-12-03,page_view,tablet,organic,Home,60,14,0
2020-12-03,page_view,tablet,organic,Books,113,37,0
2020-12-03,page_view,tablet,email,Beauty,28,10,0
2020-12-03,page_view,tablet,email,Toys,9,3,0
2020-12-03,view_item,desktop,google,Books,30,14,0
2020-12-03,view_item,desktop,google,Toys,153,66,0
2020-12-03,view_item,desktop,direct,Electronics,118,48,0
2020-12-03,view_item,desktop,direct,Beauty,29,14,0
2020-12-03,view_item,desktop,social,Sports,104,43,0
2020-12-03,view_item,desktop,organic,Home,264,125,0
2020-12-03,view_item,desktop,organic,Beauty,41,18,0
2020-12-03,view_item,mobile,google,Electronics,4,2,0
2020-12-03,view_item,mobile,direct,Electronics,10,5,0
2020-12-03,view_item,mobile,direct,Toys,41,16,0
2020-12-03,view_item,mobile,social,Apparel,18,8,0
2020-12-03,view_item,mobile,organic,Electronics,16,6,0
2020-12-03,view_item,mobile,email,Electronics,6,3,0
2020-12-03,view_item,mobile,email,Home,10,5,0
2020-12-03,view_item,tablet,direct,Apparel,63,31,0
2020-12-03,view_item,tablet,direct,Toys,145,61,0
2020-12-03,view_item,tablet,social,Electronics,11,6,0
2020-12-03,view_item,tablet,organic,Apparel,15,7,0
2020-12-03,add_to_cart,desktop,google,Home,98,56,0
2020-12-03,add_to_cart,desktop,organic,Apparel,24,12,0
2020-12-03,add_to_cart,desktop,organic,Books,20,9,0
2020-12-03,add_to_cart,desktop,organic,Toys,16,7,0
2020-12-03,add_to_cart,desktop,email,Apparel,21,10,0
2020-12-03,add_to_cart,mobile,google,Home,17,8,0
2020-12-03,add_to_cart,mobile,direct,Electronics,16,8,0
2020-12-03,add_to_cart,mobile,direct,Beauty,10,5,0
2020-12-03,add_to_cart,mobile,organic,Books,15,9,0
2020-12-03,begin_checkout,desktop,google,Toys,8,5,0
2020-12-03,begin_checkout,desktop,social,Home,3,2,0
2020-12-03,begin_checkout,desktop,email,Beauty,30,21,0
2020-12-03,begin_checkout,mobile,google,Home,23,17,0
2020-12-03,begin_checkout,mobile,email,Apparel,4,3,0
2020-12-03,begin_checkout,tablet,direct,Apparel,5,3,0
2020-12-03,begin_checkout,tablet,social,Beauty,1,1,0
2020-12-03,purchase,desktop,direct,Home,21,18,1135.99
2020-12-04,page_view,desktop,google,Electronics,26,10,0
2020-12-04,page_view,desktop,google,Home,101,34,0
2020-12-04,page_view,desktop,google,Sports,28,6,0
2020-12-04,page_view,desktop,google,Books,47,15,0
2020-12-04,page_view,desktop,google,Beauty,267,85,0
2020-12-04,page_view,desktop,google,Toys,191,62,0
2020-12-04,page_view,desktop,direct,Apparel,57,22,0
2020-12-04,page_view,desktop,direct,Electronics,53,15,0
2020-12-04,page_view,desktop,direct,Books,168,54,0
2020-12-04,page_view,desktop,direct,Beauty,31,10,0
2020-12-04,page_view,desktop,social,Sports,26,8,0
2020-12-04,page_view,desktop,organic,Home,513,186,0
2020-12-04,page_view,desktop,organic,Sports,48,11,0
2020-12-04,page_view,desktop,organic,Books,23,8,0
2020-12-04,page_view,desktop,organic,Beauty,25,8,0
2020-12-04,page_view,mobile,google,Apparel,50,18,0
2020-12-04,page_view,mobile,google,Sports,69,17,0
2020-12-04,page_view,mobile,google,Toys,18,7,0
2020-12-04,page_view,mobile,direct,Electronics,68,22,0
2020-12-04,page_view,mobile,direct,Books,45,15,0
2020-12-04,page_view,mobile,social,Electronics,73,21,0
2020-12-04,page_view,mobile,social,Books,27,8,0
2020-12-04,page_view,mobile,organic,Apparel,51,17,0
2020-12-04,page_view,mobile,organic,Electronics,33,9,0
2020-12-04,page_view,mobile,organic,Home,60,21,0
2020-12-04,page_view,mobile,organic,Sports,146,31,0
2020-12-04,page_view,mobile,organic,Toys,85,19,0
2020-12-04,page_view,mobile,email,Apparel,156,41,0
2020-12-04,page_view,mobile,email,Sports,3,1,0
2020-12-04,page_view,tablet,direct,Electronics,32,11,0
2020-12-04,page_view,tablet,direct,Home,768,158,0
2020-12-04,page_view,tablet,organic,Electronics,141,41,0
2020-12-04,page_view,tablet,organic,Home,20,7,0
2020-12-04,page_view,tablet,organic,Sports,50,15,0
2020-12-04,page_view,tablet,email,Beauty,177,71,0
2020-12-04,view_item,desktop,google,Apparel,235,111,0
2020-12-04,view_item,desktop,google,Home,53,26,0
2020-12-04,view_item,desktop,google,Beauty,9,5,0
2020-12-04,view_item,desktop,direct,Home,101,39,0
2020-12-04,view_item,desktop,direct,Toys,517,207,0
2020-12-04,view_item,desktop,social,Electronics,39,16,0
2020-12-04,view_item,desktop,organic,Home,17,7,0
2020-12-04,view_item,desktop,email,Home,15,7,0
2020-12-04,view_item,mobile,google,Electronics,13,7,0
2020-12-04,view_item,mobile,google,Sports,40,20,0
2020-12-04,view_item,mobile,direct,Books,8,3,0
2020-12-04,view_item,mobile,direct,Beauty,59,22,0
2020-12-04,view_item,mobile,social,Books,12,6,0
2020-12-04,view_item,mobile,social,Beauty,18,9,0
2020-12-04,view_item,mobile,email,Home,10,4,0
2020-12-04,view_item,tablet,google,Electronics,80,30,0
2020-12-04,view_item,tablet,direct,Apparel,74,27,0
2020-12-04,view_item,tablet,social,Home,11,6,0
2020-12-04,add_to_cart,desktop,organic,Electronics,13,7,0
2020-12-04,add_to_cart,desktop,email,Apparel,3,1,0
2020-12-04,add_to_cart,mobile,google,Beauty,31,20,0
2020-12-04,add_to_cart,mobile,social,Electronics,16,10,0
2020-12-04,add_to_cart,mobile,organic,Toys,6,4,0
2020-12-04,add_to_cart,tablet,social,Apparel,27,17,0
2020-12-04,add_to_cart,tablet,social,Electronics,71,45,0
2020-12-04,begin_checkout,desktop,direct,Toys,25,17,0
2020-12-04,begin_checkout,desktop,social,Home,9,5,0
2020-12-04,begin_checkout,desktop,organic,Electronics,10,6,0
2020-12-04,begin_checkout,mobile,google,Beauty,8,5,0
2020-12-04,begin_checkout,mobile,direct,Apparel,13,9,0
2020-12-04,begin_checkout,mobile,direct,Sports,10,7,0
2020-12-04,purchase,desktop,social,Apparel,9,7,701.37
2020-12-04,purchase,mobile,google,Electronics,13,9,3970.81
2020-12-04,purchase,mobile,organic,Books,6,5,150.78
2020-12-05,page_view,desktop,google,Apparel,59,15,0
2020-12-05,page_view,desktop,google,Electronics,146,43,0
2020-12-05,page_view,desktop,google,Home,29,7,0
2020-12-05,page_view,desktop,google,Sports,94,26,0
2020-12-05,page_view,desktop,google,Books,362,129,0
2020-12-05,page_view,desktop,google,Beauty,135,46,0
2020-12-05,page_view,desktop,google,Toys,31,8,0
2020-12-05,page_view,desktop,direct,Apparel,51,19,0
2020-12-05,page_view,desktop,direct,Home,50,11,0
2020-12-05,page_view,desktop,direct,Sports,193,71,0
2020-12-05,page_view,desktop,direct,Beauty,13,4,0
2020-12-05,page_view,desktop,direct,Toys,56,20,0
2020-12-05,page_view,desktop,social,Electronics,89,25,0
2020-12-05,page_view,desktop,social,Home,32,7,0
2020-12-05,page_view,desktop,social,Books,52,21,0
2020-12-05,page_view,desktop,social,Beauty,22,8,0
2020-12-05,page_view,desktop,organic,Apparel,26,7,0
2020-12-05,page_view,desktop,organic,Electronics,67,16,0
2020-12-05,page_view,desktop,organic,Home,84,20,0
2020-12-05,page_view,desktop,organic,Books,26,9,0
2020-12-05,page_view,desktop,organic,Beauty,342,84,0
2020-12-05,page_view,desktop,email,Apparel,52,13,0
2020-12-05,page_view,desktop,email,Home,94,36,0
2020-12-05,page_view,mobile,google,Apparel,493,135,0
2020-12-05,page_view,mobile,google,Electronics,37,9,0
2020-12-05,page_view,mobile,google,Sports,185,42,0
2020-12-05,page_view,mobile,google,Books,72,25,0
2020-12-05,page_view,mobile,google,Beauty,115,38,0
2020-12-05,page_view,mobile,google,Toys,196,68,0
2020-12-05,page_view,mobile,direct,Home,44,15,0
2020-12-05,page_view,mobile,direct,Books,24,8,0
2020-12-05,page_view,mobile,direct,Beauty,37,7,0
2020-12-05,page_view,mobile,direct,Toys,104,33,0
2020-12-05,page_view,mobile,social,Apparel,51,11,0
2020-12-05,page_view,mobile,social,Electronics,85,31,0
2020-12-05,page_view,mobile,social,Sports,159,32,0
2020-12-05,page_view,mobile,social,Toys,65,18,0
2020-12-05,page_view,mobile,organic,Apparel,83,28,0
2020-12-05,page_view,mobile,organic,Electronics,50,14,0
2020-12-05,page_view,mobile,organic,Home,16,6,0
2020-12-05,page_view,mobile,organic,Beauty,63,18,0
2020-12-05,page_view,mobile,email,Apparel,13,5,0
2020-12-05,page_view,tablet,google,Apparel,32,8,0
2020-12-05,page_view,tablet,google,Electronics,21,6,0
2020-12-05,page_view,tablet,direct,Electronics,87,30,0
2020-12-05,page_view,tablet,direct,Home,8,2,0
2020-12-05,page_view,tablet,social,Electronics,59,17,0
2020-12-05,page_view,tablet,social,Home,189,65,0
2020-12-05,page_view,tablet,organic,Toys,45,11,0
2020-12-05,page_view,tablet,email,Books,52,17,0
2020-12-05,view_item,desktop,google,Electronics,127,61,0
2020-12-05,view_item,desktop,google,Toys,61,31,0
2020-12-05,view_item,desktop,direct,Sports,47,19,0
2020-12-05,view_item,desktop,social,Apparel,163,61,0
2020-12-05,view_item,desktop,organic,Apparel,19,10,0
2020-12-05,view_item,desktop,organic,Electronics,102,43,0
2020-12-05,view_item,desktop,organic,Sports,44,23,0
2020-12-05,view_item,desktop,email,Apparel,31,13,0
2020-12-05,view_item,desktop,email,Home,3,2,0
2020-12-05,view_item,desktop,email,Beauty,6,2,0
2020-12-05,view_item,mobile,google,Apparel,242,86,0
2020-12-05,view_item,mobile,google,Electronics,16,7,0
2020-12-05,view_item,mobile,google,Home,196,92,0
2020-12-05,view_item,mobile,google,Beauty,106,38,0
2020-12-05,view_item,mobile,direct,Toys,50,27,0
2020-12-05,view_item,mobile,social,Apparel,64,29,0
2020-12-05,view_item,mobile,organic,Electronics,91,43,0
2020-12-05,view_item,mobile,email,Apparel,9,4,0
2020-12-05,view_item,tablet,social,Electronics,8,3,0
2020-12-05,view_item,tablet,email,Electronics,10,4,0
2020-12-05,view_item,tablet,email,Books,8,4,0
2020-12-05,add_to_cart,desktop,google,Home,20,10,0
2020-12-05,add_to_cart,desktop,google,Toys,25,14,0
2020-12-05,add_to_cart,desktop,direct,Sports,54,32,0
2020-12-05,add_to_cart,desktop,social,Apparel,6,3,0
2020-12-05,add_to_cart,desktop,social,Books,2,1,0
2020-12-05,add_to_cart,desktop,email,Toys,20,9,0
2020-12-05,add_to_cart,mobile,direct,Toys,15,8,0
2020-12-05,add_to_cart,tablet,google,Toys,8,5,0
2020-12-05,add_to_cart,tablet,organic,Apparel,72,39,0
2020-12-05,begin_checkout,mobile,direct,Electronics,14,8,0
2020-12-05,begin_checkout,tablet,google,Apparel,20,13,0
2020-12-05,begin_checkout,tablet,email,Sports,4,3,0
2020-12-05,purchase,tablet,google,Electronics,21,19,6635.66
2020-12-06,page_view,desktop,google,Apparel,31,11,0
2020-12-06,page_view,desktop,google,Electronics,173,50,0
2020-12-06,page_view,desktop,google,Sports,26,9,0
2020-12-06,page_view,desktop,google,Books,403,95,0
2020-12-06,page_view,desktop,google,Beauty,140,43,0
2020-12-06,page_view,desktop,google,Toys,52,14,0
2020-12-06,page_view,desktop,direct,Home,131,34,0
2020-12-06,page_view,desktop,direct,Sports,7,2,0
2020-12-06,page_view,desktop,direct,Books,25,6,0
2020-12-06,page_view,desktop,direct,Beauty,53,18,0
2020-12-06,page_view,desktop,direct,Toys,38,11,0
2020-12-06,page_view,desktop,social,Sports,135,32,0
2020-12-06,page_view,desktop,social,Books,30,8,0
2020-12-06,page_view,desktop,organic,Apparel,16,3,0
2020-12-06,page_view,desktop,organic,Electronics,45,18,0
2020-12-06,page_view,desktop,organic,Home,15,5,0
2020-12-06,page_view,desktop,organic,Sports,36,8,0
2020-12-06,page_view,desktop,organic,Beauty,78,20,0
2020-12-06,page_view,desktop,organic,Toys,34,12,0
2020-12-06,page_view,desktop,email,Apparel,133,36,0
2020-12-06,page_view,desktop,email,Sports,18,4,0
2020-12-06,page_view,desktop,email,Beauty,39,16,0
2020-12-06,page_view,mobile,google,Apparel,53,14,0
2020-12-06,page_view,mobile,google,Electronics,334,86,0
2020-12-06,page_view,mobile,google,Books,226,76,0
2020-12-06,page_view,mobile,google,Toys,187,59,0
2020-12-06,page_view,mobile,direct,Electronics,74,27,0
2020-12-06,page_view,mobile,direct,Sports,22,7,0
2020-12-06,page_view,mobile,direct,Toys,9,3,0
2020-12-06,page_view,mobile,social,Books,255,91,0
2020-12-06,page_view,mobile,social,Beauty,24,5,0
2020-12-06,page_view,mobile,organic,Beauty,59,17,0
2020-12-06,page_view,mobile,email,Electronics,23,5,0
2020-12-06,page_view,tablet,google,Electronics,152,45,0
2020-12-06,page_view,tablet,google,Books,153,56,0
2020-12-06,page_view,tablet,google,Beauty,54,21,0
2020-12-06,page_view,tablet,social,Toys,7,1,0
2020-12-06,page_view,tablet,organic,Home,20,8,0
2020-12-06,page_view,tablet,organic,Books,54,16,0
2020-12-06,page_view,tablet,organic,Beauty,68,24,0
2020-12-06,page_view,tablet,organic,Toys,3,1,0
2020-12-06,page_view,tablet,email,Apparel,2,1,0
2020-12-06,page_view,tablet,email,Home,37,9,0
2020-12-06,view_item,desktop,google,Electronics,26,11,0
2020-12-06,view_item,desktop,google,Home,74,31,0
2020-12-06,view_item,desktop,google,Sports,15,7,0
2020-12-06,view_item,desktop,google,Beauty,198,98,0
2020-12-06,view_item,desktop,google,Toys,117,56,0
2020-12-06,view_item,desktop,direct,Sports,20,9,0
2020-12-06,view_item,desktop,direct,Beauty,102,52,0
2020-12-06,view_item,desktop,social,Beauty,32,17,0
2020-12-06,view_item,desktop,social,Toys,43,21,0
2020-12-06,view_item,desktop,organic,Beauty,13,5,0
2020-12-06,view_item,mobile,google,Home,49,18,0
2020-12-06,view_item,mobile,direct,Electronics,16,6,0
2020-12-06,view_item,mobile,direct,Beauty,6,2,0
2020-12-06,view_item,mobile,social,Apparel,16,7,0
2020-12-06,view_item,mobile,organic,Apparel,12,5,0
2020-12-06,view_item,mobile,organic,Electronics,32,15,0
2020-12-06,view_item,mobile,organic,Home,41,16,0
2020-12-06,view_item,mobile,organic,Sports,18,8,0
2020-12-06,view_item,mobile,organic,Beauty,23,10,0
2020-12-06,view_item,tablet,organic,Books,111,56,0
2020-12-06,view_item,tablet,email,Toys,161,82,0
2020-12-06,add_to_cart,desktop,google,Apparel,2,1,0
2020-12-06,add_to_cart,desktop,email,Apparel,11,5,0
2020-12-06,add_to_cart,mobile,google,Apparel,6,3,0
2020-12-06,add_to_cart,mobile,google,Electronics,14,8,0
2020-12-06,add_to_cart,mobile,google,Home,21,10,0
2020-12-06,add_to_cart,mobile,direct,Sports,17,9,0
2020-12-06,add_to_cart,mobile,organic,Electronics,23,15,0
2020-12-06,add_to_cart,mobile,organic,Beauty,17,10,0
2020-12-06,begin_checkout,desktop,direct,Toys,9,6,0
2020-12-06,begin_checkout,mobile,social,Electronics,4,3,0
2020-12-06,begin_checkout,mobile,organic,Electronics,5,3,0
2020-12-06,begin_checkout,tablet,direct,Books,7,5,0
2020-12-06,purchase,desktop,email,Home,2,2,144.5
2020-12-06,purchase,tablet,google,Electronics,7,5,1946.97
2020-12-07,page_view,desktop,google,Electronics,11,3,0
2020-12-07,page_view,desktop,google,Home,36,11,0
2020-12-07,page_view,desktop,google,Sports,17,5,0
2020-12-07,page_view,desktop,google,Books,40,12,0
2020-12-07,page_view,desktop,google,Toys,239,80,0
2020-12-07,page_view,desktop,direct,Electronics,93,33,0
2020-12-07,page_view,desktop,direct,Home,36,10,0
2020-12-07,page_view,desktop,direct,Books,28,6,0
2020-12-07,page_view,desktop,social,Beauty,4,1,0
2020-12-07,page_view,desktop,organic,Apparel,46,12,0
2020-12-07,page_view,desktop,organic,Beauty,196,65,0
2020-12-07,page_view,desktop,organic,Toys,57,14,0
2020-12-07,page_view,desktop,email,Home,27,9,0
2020-12-07,page_view,desktop,email,Beauty,11,4,0
2020-12-07,page_view,desktop,email,Toys,60,20,0
2020-12-07,page_view,mobile,google,Electronics,42,11,0
2020-12-07,page_view,mobile,google,Sports,69,15,0
2020-12-07,page_view,mobile,google,Books,81,32,0
2020-12-07,page_view,mobile,direct,Home,66,18,0
2020-12-07,page_view,mobile,social,Home,41,10,0
2020-12-07,page_view,mobile,social,Sports,19,4,0
2020-12-07,page_view,mobile,social,Beauty,170,48,0
2020-12-07,page_view,mobile,organic,Electronics,71,25,0
2020-12-07,page_view,mobile,organic,Home,16,5,0
2020-12-07,page_view,mobile,organic,Sports,103,28,0
2020-12-07,page_view,mobile,organic,Books,73,29,0
2020-12-07,page_view,mobile,organic,Beauty,134,28,0
2020-12-07,page_view,mobile,email,Apparel,13,5,0
2020-12-07,page_view,mobile,email,Beauty,14,4,0
2020-12-07,page_view,tablet,google,Toys,51,19,0
2020-12-07,page_view,tablet,social,Home,76,29,0
2020-12-07,page_view,tablet,social,Books,147,43,0
2020-12-07,page_view,tablet,organic,Apparel,49,16,0
2020-12-07,page_view,tablet,organic,Home,17,5,0
2020-12-07,page_view,tablet,organic,Toys,47,12,0
2020-12-07,view_item,desktop,google,Books,27,12,0
2020-12-07,view_item,desktop,google,Beauty,88,33,0
2020-12-07,view_item,desktop,google,Toys,32,17,0
2020-12-07,view_item,desktop,direct,Apparel,33,12,0
2020-12-07,view_item,desktop,direct,Beauty,20,8,0
2020-12-07,view_item,desktop,social,Home,76,41,0
2020-12-07,view_item,desktop,social,Toys,62,27,0
2020-12-07,view_item,desktop,organic,Apparel,29,11,0
2020-12-07,view_item,desktop,organic,Electronics,6,3,0
2020-12-07,view_item,desktop,organic,Sports,28,11,0
2020-12-07,view_item,desktop,email,Books,5,2,0
2020-12-07,view_item,desktop,email,Toys,16,6,0
2020-12-07,view_item,mobile,google,Electronics,10,4,0
2020-12-07,view_item,mobile,google,Home,18,8,0
2020-12-07,view_item,mobile,google,Sports,69,32,0
2020-12-07,view_item,mobile,direct,Sports,17,7,0
2020-12-07,view_item,mobile,direct,Books,9,4,0
2020-12-07,view_item,mobile,direct,Toys,101,55,0
2020-12-07,view_item,mobile,organic,Sports,52,27,0
2020-12-07,view_item,tablet,google,Sports,149,58,0
2020-12-07,view_item,tablet,direct,Apparel,79,37,0
2020-12-07,view_item,tablet,direct,Home,59,23,0
2020-12-07,view_item,tablet,social,Toys,11,5,0
2020-12-07,view_item,tablet,email,Beauty,32,17,0
2020-12-07,add_to_cart,desktop,direct,Apparel,5,3,0
2020-12-07,add_to_cart,desktop,social,Electronics,13,7,0
2020-12-07,add_to_cart,desktop,social,Home,8,5,0
2020-12-07,add_to_cart,mobile,direct,Books,10,6,0
2020-12-07,add_to_cart,mobile,organic,Books,24,12,0
2020-12-07,add_to_cart,mobile,email,Home,4,2,0
2020-12-07,add_to_cart,mobile,email,Books,2,1,0
2020-12-07,begin_checkout,desktop,google,Home,12,9,0
2020-12-07,begin_checkout,desktop,google,Sports,3,2,0
2020-12-07,begin_checkout,desktop,social,Beauty,2,1,0
2020-12-07,begin_checkout,desktop,organic,Sports,14,10,0
2020-12-07,begin_checkout,mobile,google,Apparel,11,7,0
2020-12-07,begin_checkout,mobile,organic,Electronics,7,5,0
2020-12-07,begin_checkout,mobile,email,Beauty,5,3,0
2020-12-07,begin_checkout,tablet,email,Beauty,4,3,0
2020-12-07,purchase,desktop,organic,Home,7,6,434.11
2020-12-08,page_view,desktop,google,Electronics,265,64,0
2020-12-08,page_view,desktop,google,Home,389,119,0
2020-12-08,page_view,desktop,google,Sports,94,26,0
2020-12-08,page_view,desktop,google,Books,105,30,0
2020-12-08,page_view,desktop,google,Beauty,118,28,0
2020-12-08,page_view,desktop,direct,Apparel,25,8,0
2020-12-08,page_view,desktop,direct,Home,55,13,0
2020-12-08,page_view,desktop,direct,Beauty,32,12,0
2020-12-08,page_view,desktop,social,Apparel,4,1,0
2020-12-08,page_view,desktop,social,Home,55,17,0
2020-12-08,page_view,desktop,organic,Apparel,55,13,0
2020-12-08,page_view,desktop,organic,Electronics,47,10,0
2020-12-08,page_view,desktop,organic,Home,68,20,0
2020-12-08,page_view,desktop,organic,Sports,208,57,0
2020-12-08,page_view,desktop,organic,Beauty,167,49,0
2020-12-08,page_view,desktop,organic,Toys,79,24,0
2020-12-08,page_view,desktop,email,Electronics,53,13,0
2020-12-08,page_view,desktop,email,Home,116,39,0
2020-12-08,page_view,desktop,email,Books,25,9,0
2020-12-08,page_view,mobile,google,Home,80,28,0
2020-12-08,page_view,mobile,google,Books,261,61,0
2020-12-08,page_view,mobile,google,Toys,14,5,0
2020-12-08,page_view,mobile,direct,Sports,22,9,0
2020-12-08,page_view,mobile,direct,Books,18,6,0
2020-12-08,page_view,mobile,direct,Beauty,80,25,0
2020-12-08,page_view,mobile,direct,Toys,26,7,0
2020-12-08,page_view,mobile,social,Home,8,2,0
2020-12-08,page_view,mobile,social,Sports,8,2,0
2020-12-08,page_view,mobile,social,Toys,386,80,0
2020-12-08,page_view,mobile,organic,Apparel,52,19,0
2020-12-08,page_view,mobile,organic,Sports,69,27,0
2020-12-08,page_view,mobile,organic,Beauty,51,19,0
2020-12-08,page_view,mobile,email,Apparel,65,16,0
2020-12-08,page_view,tablet,google,Electronics,178,49,0
2020-12-08,page_view,tablet,google,Books,52,14,0
2020-12-08,page_view,tablet,direct,Electronics,19,4,0
2020-12-08,page_view,tablet,organic,Home,12,4,0
2020-12-08,page_view,tablet,email,Sports,12,2,0
2020-12-08,view_item,desktop,google,Home,21,10,0
2020-12-08,view_item,desktop,google,Sports,12,7,0
2020-12-08,view_item,desktop,google,Books,49,25,0
2020-12-08,view_item,desktop,direct,Books,16,7,0
2020-12-08,view_item,desktop,direct,Beauty,8,4,0
2020-12-08,view_item,desktop,social,Electronics,10,5,0
2020-12-08,view_item,desktop,social,Home,26,13,0
2020-12-08,view_item,desktop,social,Sports,6,3,0
2020-12-08,view_item,desktop,social,Toys,28,13,0
2020-12-08,view_item,desktop,organic,Electronics,10,5,0
2020-12-08,view_item,desktop,organic,Home,5,3,0
2020-12-08,view_item,desktop,organic,Beauty,21,9,0
2020-12-08,view_item,mobile,google,Electronics,19,9,0
2020-12-08,view_item,mobile,google,Beauty,12,5,0
2020-12-08,view_item,mobile,direct,Sports,360,197,0
2020-12-08,view_item,mobile,social,Apparel,5,3,0
2020-12-08,view_item,tablet,direct,Home,9,5,0
2020-12-08,add_to_cart,desktop,google,Electronics,19,11,0
2020-12-08,add_to_cart,desktop,google,Beauty,48,23,0
2020-12-08,add_to_cart,desktop,direct,Books,14,9,0
2020-12-08,add_to_cart,desktop,social,Sports,1,1,0
2020-12-08,add_to_cart,desktop,email,Sports,7,4,0
2020-12-08,add_to_cart,mobile,google,Apparel,178,105,0
2020-12-08,add_to_cart,mobile,google,Electronics,26,15,0
2020-12-08,add_to_cart,mobile,google,Toys,25,12,0
2020-12-08,add_to_cart,mobile,direct,Electronics,5,3,0
2020-12-08,add_to_cart,mobile,direct,Sports,24,12,0
2020-12-08,add_to_cart,mobile,social,Beauty,4,2,0
2020-12-08,add_to_cart,mobile,organic,Toys,38,20,0
2020-12-08,add_to_cart,mobile,email,Beauty,8,4,0
2020-12-08,add_to_cart,tablet,email,Beauty,18,9,0
2020-12-08,begin_checkout,desktop,google,Books,21,12,0
2020-12-08,begin_checkout,desktop,direct,Electronics,4,2,0
2020-12-08,begin_checkout,desktop,direct,Beauty,2,1,0
2020-12-08,begin_checkout,desktop,direct,Toys,8,5,0
2020-12-08,begin_checkout,desktop,social,Books,8,6,0
2020-12-08,begin_checkout,desktop,email,Sports,1,1,0
2020-12-08,begin_checkout,mobile,google,Apparel,19,14,0
2020-12-08,begin_checkout,tablet,direct,Sports,21,13,0
2020-12-08,begin_checkout,tablet,organic,Apparel,9,6,0
2020-12-08,purchase,desktop,social,Beauty,7,6,250.54
2020-12-09,page_view,desktop,google,Apparel,386,115,0
2020-12-09,page_view,desktop,google,Books,172,53,0
2020-12-09,page_view,desktop,direct,Electronics,71,24,0
2020-12-09,page_view,desktop,direct,Home,49,13,0
2020-12-09,page_view,desktop,direct,Sports,25,6,0
2020-12-09,page_view,desktop,direct,Books,193,73,0
2020-12-09,page_view,desktop,direct,Beauty,51,12,0
2020-12-09,page_view,desktop,social,Apparel,185,71,0
2020-12-09,page_view,desktop,social,Sports,8,2,0
2020-12-09,page_view,desktop,organic,Apparel,45,14,0
2020-12-09,page_view,desktop,organic,Electronics,125,29,0
2020-12-09,page_view,mobile,google,Apparel,22,7,0
2020-12-09,page_view,mobile,google,Home,123,28,0
2020-12-09,page_view,mobile,google,Sports,100,31,0
2020-12-09,page_view,mobile,google,Books,656,148,0
2020-12-09,page_view,mobile,google,Beauty,82,30,0
2020-12-09,page_view,mobile,direct,Electronics,26,7,0
2020-12-09,page_view,mobile,direct,Sports,198,70,0
2020-12-09,page_view,mobile,direct,Books,207,42,0
2020-12-09,page_view,mobile,direct,Beauty,347,88,0
2020-12-09,page_view,mobile,social,Apparel,44,17,0
2020-12-09,page_view,mobile,social,Electronics,106,25,0
2020-12-09,page_view,mobile,social,Home,33,10,0
2020-12-09,page_view,mobile,social,Toys,285,98,0
2020-12-09,page_view,mobile,organic,Electronics,14,5,0
2020-12-09,page_view,mobile,organic,Home,33,8,0
2020-12-09,page_view,mobile,organic,Sports,103,28,0
2020-12-09,page_view,mobile,email,Apparel,16,6,0
2020-12-09,page_view,mobile,email,Electronics,34,7,0
2020-12-09,page_view,mobile,email,Sports,130,36,0
2020-12-09,page_view,mobile,email,Beauty,21,7,0
2020-12-09,page_view,tablet,google,Home,68,20,0
2020-12-09,page_view,tablet,google,Sports,15,3,0
2020-12-09,page_view,tablet,direct,Electronics,19,6,0
2020-12-09,page_view,tablet,direct,Sports,215,84,0
2020-12-09,page_view,tablet,direct,Beauty,45,14,0
2020-12-09,page_view,tablet,direct,Toys,103,29,0
2020-12-09,page_view,tablet,social,Sports,20,4,0
2020-12-09,page_view,tablet,organic,Apparel,66,24,0
2020-12-09,page_view,tablet,organic,Electronics,153,37,0
2020-12-09,page_view,tablet,organic,Home,24,5,0
2020-12-09,page_view,tablet,organic,Beauty,357,98,0
2020-12-09,view_item,desktop,google,Electronics,54,24,0
2020-12-09,view_item,desktop,google,Sports,39,18,0
2020-12-09,view_item,desktop,google,Toys,9,4,0
2020-12-09,view_item,desktop,direct,Electronics,67,36,0
2020-12-09,view_item,desktop,direct,Sports,38,20,0
2020-12-09,view_item,desktop,social,Apparel,66,34,0
2020-12-09,view_item,desktop,social,Electronics,5,3,0
2020-12-09,view_item,desktop,organic,Home,17,8,0
2020-12-09,view_item,desktop,email,Home,9,3,0
2020-12-09,view_item,mobile,google,Apparel,17,6,0
2020-12-09,view_item,mobile,google,Books,139,49,0
2020-12-09,view_item,mobile,google,Beauty,13,5,0
2020-12-09,view_item,mobile,direct,Apparel,81,39,0
2020-12-09,view_item,mobile,direct,Sports,13,7,0
2020-12-09,view_item,mobile,direct,Toys,159,76,0
2020-12-09,view_item,mobile,social,Sports,184,91,0
2020-12-09,view_item,mobile,social,Toys,57,28,0
2020-12-09,view_item,mobile,organic,Electronics,76,27,0
2020-12-09,view_item,mobile,email,Apparel,71,38,0
2020-12-09,view_item,mobile,email,Sports,42,17,0
2020-12-09,view_item,tablet,google,Apparel,5,2,0
2020-12-09,view_item,tablet,google,Toys,138,60,0
2020-12-09,view_item,tablet,direct,Beauty,9,4,0
2020-12-09,view_item,tablet,organic,Home,31,16,0
2020-12-09,add_to_cart,desktop,google,Beauty,11,6,0
2020-12-09,add_to_cart,desktop,social,Electronics,6,4,0
2020-12-09,add_to_cart,desktop,social,Home,4,2,0
2020-12-09,add_to_cart,desktop,organic,Sports,34,21,0
2020-12-09,add_to_cart,desktop,email,Sports,1,1,0
2020-12-09,add_to_cart,mobile,google,Books,3,2,0
2020-12-09,add_to_cart,mobile,direct,Apparel,21,14,0
2020-12-09,add_to_cart,mobile,direct,Home,36,16,0
2020-12-09,add_to_cart,tablet,social,Sports,8,4,0
2020-12-09,begin_checkout,desktop,google,Apparel,11,8,0
2020-12-09,begin_checkout,desktop,google,Home,8,5,0
2020-12-09,begin_checkout,desktop,google,Books,23,14,0
2020-12-09,begin_checkout,desktop,social,Books,19,11,0
2020-12-09,begin_checkout,desktop,email,Toys,8,5,0
2020-12-09,begin_checkout,mobile,google,Toys,11,8,0
2020-12-09,begin_checkout,tablet,google,Beauty,11,7,0
2020-12-09,purchase,desktop,organic,Books,7,5,139.1
2020-12-09,purchase,mobile,direct,Home,11,9,882.97
2020-12-10,page_view,desktop,google,Electronics,101,23,0
2020-12-10,page_view,desktop,google,Home,75,28,0
2020-12-10,page_view,desktop,google,Sports,165,47,0
2020-12-10,page_view,desktop,google,Beauty,35,9,0
2020-12-10,page_view,desktop,google,Toys,53,12,0
2020-12-10,page_view,desktop,direct,Apparel,49,11,0
2020-12-10,page_view,desktop,direct,Sports,99,39,0
2020-12-10,page_view,desktop,direct,Toys,209,59,0
2020-12-10,page_view,desktop,social,Apparel,27,10,0
2020-12-10,page_view,desktop,social,Sports,25,7,0
2020-12-10,page_view,desktop,social,Books,145,45,0
2020-12-10,page_view,desktop,organic,Apparel,4,1,0
2020-12-10,page_view,desktop,organic,Electronics,67,18,0
2020-12-10,page_view,desktop,organic,Home,27,9,0
2020-12-10,page_view,desktop,organic,Books,16,5,0
2020-12-10,page_view,desktop,organic,Beauty,150,33,0
2020-12-10,page_view,desktop,email,Books,13,4,0
2020-12-10,page_view,mobile,google,Apparel,38,10,0
2020-12-10,page_view,mobile,google,Electronics,71,24,0
2020-12-10,page_view,mobile,google,Toys,183,48,0
2020-12-10,page_view,mobile,direct,Apparel,62,24,0
2020-12-10,page_view,mobile,direct,Home,13,5,0
2020-12-10,page_view,mobile,direct,Sports,49,17,0
2020-12-10,page_view,mobile,direct,Beauty,39,12,0
2020-12-10,page_view,mobile,direct,Toys,116,36,0
2020-12-10,page_view,mobile,social,Electronics,201,62,0
2020-12-10,page_view,mobile,organic,Electronics,49,13,0
2020-12-10,page_view,mobile,organic,Home,155,42,0
2020-12-10,page_view,mobile,organic,Toys,104,29,0
2020-12-10,page_view,mobile,email,Books,49,13,0
2020-12-10,page_view,tablet,google,Books,15,4,0
2020-12-10,page_view,tablet,google,Beauty,362,100,0
2020-12-10,page_view,tablet,direct,Beauty,12,3,0
2020-12-10,view_item,desktop,google,Electronics,31,11,0
2020-12-10,view_item,desktop,google,Home,109,38,0
2020-12-10,view_item,desktop,google,Sports,85,42,0
2020-12-10,view_item,desktop,direct,Books,11,5,0
2020-12-10,view_item,desktop,direct,Beauty,27,15,0
2020-12-10,view_item,desktop,social,Apparel,16,7,0
2020-12-10,view_item,desktop,social,Toys,21,11,0
2020-12-10,view_item,desktop,email,Toys,43,16,0
2020-12-10,view_item,mobile,google,Apparel,22,10,0
2020-12-10,view_item,mobile,google,Home,183,72,0
2020-12-10,view_item,mobile,google,Beauty,16,6,0
2020-12-10,view_item,mobile,social,Beauty,10,4,0
2020-12-10,view_item,mobile,organic,Books,15,5,0
2020-12-10,view_item,tablet,direct,Toys,73,39,0
2020-12-10,view_item,tablet,social,Electronics,27,14,0
2020-12-10,view_item,tablet,social,Books,9,4,0
2020-12-10,view_item,tablet,social,Beauty,103,54,0
2020-12-10,view_item,tablet,organic,Electronics,24,9,0
2020-12-10,view_item,tablet,organic,Sports,72,30,0
2020-12-10,add_to_cart,desktop,google,Home,30,14,0
2020-12-10,add_to_cart,desktop,direct,Electronics,22,13,0
2020-12-10,add_to_cart,desktop,direct,Beauty,7,4,0
2020-12-10,add_to_cart,desktop,social,Sports,9,5,0
2020-12-10,add_to_cart,mobile,direct,Home,5,3,0
2020-12-10,add_to_cart,mobile,social,Electronics,3,2,0
2020-12-10,add_to_cart,mobile,social,Sports,10,5,0
2020-12-10,add_to_cart,mobile,organic,Beauty,38,22,0
2020-12-10,add_to_cart,tablet,google,Electronics,9,6,0
2020-12-10,add_to_cart,tablet,google,Sports,14,7,0
2020-12-10,add_to_cart,tablet,organic,Electronics,12,6,0
2020-12-10,begin_checkout,desktop,google,Sports,16,10,0
2020-12-10,begin_checkout,mobile,social,Sports,9,6,0
2020-12-10,begin_checkout,tablet,google,Toys,9,5,0
2020-12-10,begin_checkout,tablet,organic,Books,19,14,0
2020-12-10,purchase,desktop,direct,Apparel,8,6,691.81
2020-12-10,purchase,mobile,google,Home,4,3,215.07
2020-12-10,purchase,mobile,direct,Books,10,8,308.19
2020-12-11,page_view,desktop,google,Apparel,64,16,0
2020-12-11,page_view,desktop,google,Electronics,89,21,0
2020-12-11,page_view,desktop,google,Home,292,92,0
2020-12-11,page_view,desktop,google,Sports,249,62,0
2020-12-11,page_view,desktop,google,Books,59,12,0
2020-12-11,page_view,desktop,google,Beauty,118,34,0
2020-12-11,page_view,desktop,direct,Electronics,31,7,0
2020-12-11,page_view,desktop,direct,Sports,16,5,0
2020-12-11,page_view,desktop,direct,Books,36,14,0
2020-12-11,page_view,desktop,direct,Beauty,40,10,0
2020-12-11,page_view,desktop,social,Toys,24,7,0
2020-12-11,page_view,desktop,organic,Apparel,71,26,0
2020-12-11,page_view,desktop,organic,Home,23,6,0
2020-12-11,page_view,desktop,organic,Sports,99,23,0
2020-12-11,page_view,desktop,organic,Books,230,68,0
2020-12-11,page_view,desktop,organic,Beauty,68,14,0
2020-12-11,page_view,desktop,organic,Toys,203,65,0
2020-12-11,page_view,desktop,email,Beauty,36,8,0
2020-12-11,page_view,mobile,google,Electronics,91,30,0
2020-12-11,page_view,mobile,google,Home,153,36,0
2020-12-11,page_view,mobile,google,Sports,20,8,0
2020-12-11,page_view,mobile,google,Toys,69,19,0
2020-12-11,page_view,mobile,direct,Apparel,10,3,0
2020-12-11,page_view,mobile,direct,Electronics,110,42,0
2020-12-11,page_view,mobile,direct,Books,74,16,0
2020-12-11,page_view,mobile,social,Home,49,12,0
2020-12-11,page_view,mobile,social,Sports,127,40,0
2020-12-11,page_view,mobile,social,Books,100,21,0
2020-12-11,page_view,mobile,social,Beauty,22,6,0
2020-12-11,page_view,mobile,organic,Apparel,279,58,0
2020-12-11,page_view,mobile,organic,Electronics,81,25,0
2020-12-11,page_view,mobile,organic,Sports,523,111,0
2020-12-11,page_view,mobile,organic,Books,57,18,0
2020-12-11,page_view,mobile,organic,Beauty,57,21,0
2020-12-11,page_view,tablet,google,Apparel,64,14,0
2020-12-11,page_view,tablet,google,Electronics,197,46,0
2020-12-11,page_view,tablet,google,Home,70,23,0
2020-12-11,page_view,tablet,google,Sports,21,8,0
2020-12-11,page_view,tablet,google,Books,17,5,0
2020-12-11,page_view,tablet,social,Toys,30,8,0
2020-12-11,page_view,tablet,organic,Sports,67,19,0
2020-12-11,page_view,tablet,email,Electronics,36,14,0
2020-12-11,view_item,desktop,google,Apparel,191,83,0
2020-12-11,view_item,desktop,google,Electronics,66,30,0
2020-12-11,view_item,desktop,google,Home,528,214,0
2020-12-11,view_item,desktop,google,Toys,55,30,0
2020-12-11,view_item,desktop,direct,Apparel,45,23,0
2020-12-11,view_item,desktop,direct,Electronics,15,7,0
2020-12-11,view_item,desktop,social,Apparel,72,35,0
2020-12-11,view_item,desktop,social,Electronics,17,8,0
2020-12-11,view_item,desktop,social,Sports,76,32,0
2020-12-11,view_item,desktop,social,Books,80,33,0
2020-12-11,view_item,desktop,social,Toys,51,25,0
2020-12-11,view_item,desktop,organic,Apparel,5,2,0
2020-12-11,view_item,desktop,organic,Sports,21,9,0
2020-12-11,view_item,desktop,organic,Toys,186,71,0
2020-12-11,view_item,mobile,google,Toys,10,4,0
2020-12-11,view_item,mobile,direct,Toys,15,8,0
2020-12-11,view_item,mobile,social,Home,9,4,0
2020-12-11,view_item,mobile,organic,Sports,16,8,0
2020-12-11,view_item,mobile,organic,Beauty,11,6,0
2020-12-11,view_item,mobile,email,Home,16,7,0
2020-12-11,view_item,tablet,direct,Electronics,26,13,0
2020-12-11,view_item,tablet,direct,Toys,22,12,0
2020-12-11,view_item,tablet,organic,Electronics,80,33,0
2020-12-11,view_item,tablet,email,Sports,33,15,0
2020-12-11,add_to_cart,desktop,google,Sports,20,9,0
2020-12-11,add_to_cart,desktop,google,Toys,7,4,0
2020-12-11,add_to_cart,desktop,direct,Home,8,4,0
2020-12-11,add_to_cart,desktop,social,Home,9,6,0
2020-12-11,add_to_cart,desktop,social,Books,19,12,0
2020-12-11,add_to_cart,desktop,organic,Beauty,24,12,0
2020-12-11,add_to_cart,mobile,direct,Home,25,13,0
2020-12-11,add_to_cart,mobile,social,Electronics,14,7,0
2020-12-11,add_to_cart,mobile,organic,Electronics,35,19,0
2020-12-11,add_to_cart,mobile,organic,Toys,33,18,0
2020-12-11,add_to_cart,tablet,direct,Books,11,6,0
2020-12-11,begin_checkout,desktop,email,Sports,10,7,0
2020-12-11,begin_checkout,mobile,google,Apparel,14,10,0
2020-12-11,begin_checkout,mobile,direct,Home,4,3,0
2020-12-11,begin_checkout,tablet,social,Apparel,5,3,0
2020-12-11,begin_checkout,tablet,organic,Toys,6,4,0
2020-12-11,purchase,desktop,organic,Toys,2,2,68.34
2020-12-11,purchase,mobile,direct,Toys,7,5,230.82
2020-12-11,purchase,tablet,google,Sports,14,11,822.09
2020-12-12,page_view,desktop,google,Apparel,37,12,0
2020-12-12,page_view,desktop,google,Electronics,8,2,0
2020-12-12,page_view,desktop,google,Home,36,9,0
2020-12-12,page_view,desktop,google,Sports,246,92,0
2020-12-12,page_view,desktop,google,Books,15,6,0
2020-12-12,page_view,desktop,google,Beauty,163,35,0
2020-12-12,page_view,desktop,google,Toys,369,124,0
2020-12-12,page_view,desktop,direct,Apparel,50,14,0
2020-12-12,page_view,desktop,direct,Home,100,22,0
2020-12-12,page_view,desktop,direct,Sports,96,25,0
2020-12-12,page_view,desktop,direct,Books,40,11,0
2020-12-12,page_view,desktop,direct,Beauty,142,44,0
2020-12-12,page_view,desktop,direct,Toys,39,13,0
2020-12-12,page_view,desktop,social,Home,43,15,0
2020-12-12,page_view,desktop,social,Books,91,36,0
2020-12-12,page_view,desktop,social,Toys,29,8,0
2020-12-12,page_view,desktop,organic,Apparel,68,20,0
2020-12-12,page_view,desktop,organic,Electronics,16,5,0
2020-12-12,page_view,desktop,organic,Home,27,10,0
2020-12-12,page_view,desktop,organic,Sports,131,34,0
2020-12-12,page_view,desktop,organic,Books,83,27,0
2020-12-12,page_view,desktop,organic,Beauty,71,19,0
2020-12-12,page_view,desktop,email,Books,273,104,0
2020-12-12,page_view,desktop,email,Toys,8,2,0
2020-12-12,page_view,mobile,google,Apparel,118,44,0
2020-12-12,page_view,mobile,google,Sports,17,6,0
2020-12-12,page_view,mobile,google,Books,77,28,0
2020-12-12,page_view,mobile,google,Beauty,77,18,0
2020-12-12,page_view,mobile,google,Toys,48,12,0
2020-12-12,page_view,mobile,direct,Home,254,74,0
2020-12-12,page_view,mobile,direct,Books,10,4,0
2020-12-12,page_view,mobile,direct,Beauty,21,5,0
2020-12-12,page_view,mobile,social,Electronics,21,7,0
2020-12-12,page_view,mobile,organic,Apparel,33,11,0
2020-12-12,page_view,mobile,organic,Electronics,78,18,0
2020-12-12,page_view,mobile,organic,Home,18,6,0
2020-12-12,page_view,mobile,organic,Sports,24,5,0
2020-12-12,page_view,mobile,organic,Toys,68,18,0
2020-12-12,page_view,mobile,email,Beauty,15,6,0
2020-12-12,page_view,tablet,google,Home,397,122,0
2020-12-12,page_view,tablet,google,Beauty,15,5,0
2020-12-12,page_view,tablet,direct,Books,58,23,0
2020-12-12,page_view,tablet,direct,Beauty,19,6,0
2020-12-12,page_view,tablet,organic,Electronics,110,41,0
2020-12-12,page_view,tablet,organic,Home,13,3,0
2020-12-12,page_view,tablet,organic,Beauty,90,31,0
2020-12-12,view_item,desktop,google,Sports,36,19,0
2020-12-12,view_item,desktop,organic,Electronics,60,22,0
2020-12-12,view_item,desktop,organic,Home,20,8,0
2020-12-12,view_item,desktop,organic,Toys,28,12,0
2020-12-12,view_item,desktop,email,Beauty,42,21,0
2020-12-12,view_item,mobile,google,Electronics,22,11,0
2020-12-12,view_item,mobile,google,Sports,2,1,0
2020-12-12,view_item,mobile,google,Toys,37,15,0
2020-12-12,view_item,mobile,social,Apparel,14,6,0
2020-12-12,view_item,mobile,organic,Electronics,69,34,0
2020-12-12,view_item,mobile,organic,Beauty,35,16,0
2020-12-12,view_item,tablet,google,Electronics,79,32,0
2020-12-12,view_item,tablet,google,Books,4,2,0
2020-12-12,view_item,tablet,google,Beauty,41,15,0
2020-12-12,view_item,tablet,email,Apparel,14,6,0
2020-12-12,add_to_cart,desktop,google,Apparel,53,27,0
2020-12-12,add_to_cart,desktop,direct,Toys,14,9,0
2020-12-12,add_to_cart,desktop,social,Toys,24,13,0
2020-12-12,add_to_cart,desktop,organic,Apparel,5,3,0
2020-12-12,add_to_cart,desktop,organic,Toys,18,11,0
2020-12-12,add_to_cart,mobile,google,Apparel,80,45,0
2020-12-12,add_to_cart,mobile,google,Home,19,11,0
2020-12-12,add_to_cart,mobile,google,Sports,51,31,0
2020-12-12,add_to_cart,mobile,social,Apparel,8,4,0
2020-12-12,add_to_cart,mobile,organic,Electronics,32,19,0
2020-12-12,add_to_cart,tablet,direct,Beauty,6,3,0
2020-12-12,add_to_cart,tablet,social,Toys,10,5,0
2020-12-12,add_to_cart,tablet,email,Apparel,3,1,0
2020-12-12,begin_checkout,desktop,email,Home,15,8,0
2020-12-12,begin_checkout,mobile,google,Books,5,3,0
2020-12-12,begin_checkout,mobile,google,Toys,14,10,0
2020-12-12,begin_checkout,mobile,direct,Apparel,1,1,0
2020-12-12,begin_checkout,tablet,google,Beauty,16,11,0
2020-12-12,purchase,desktop,google,Toys,3,3,89.96
2020-12-12,purchase,desktop,direct,Toys,11,9,397.52
2020-12-12,purchase,mobile,direct,Beauty,7,5,205.02
2020-12-12,purchase,mobile,email,Toys,2,2,66.93
2020-12-13,page_view,desktop,google,Apparel,81,27,0
2020-12-13,page_view,desktop,google,Electronics,29,6,0
2020-12-13,page_view,desktop,google,Home,92,19,0
2020-12-13,page_view,desktop,google,Sports,100,26,0
2020-12-13,page_view,desktop,google,Books,69,14,0
2020-12-13,page_view,desktop,google,Beauty,14,5,0
2020-12-13,page_view,desktop,google,Toys,692,241,0
2020-12-13,page_view,desktop,direct,Home,38,14,0
2020-12-13,page_view,desktop,direct,Sports,72,18,0
2020-12-13,page_view,desktop,direct,Books,210,53,0
2020-12-13,page_view,desktop,direct,Beauty,46,16,0
2020-12-13,page_view,desktop,social,Apparel,107,31,0
2020-12-13,page_view,desktop,social,Home,35,8,0
2020-12-13,page_view,desktop,social,Sports,24,8,0
2020-12-13,page_view,desktop,social,Books,26,6,0
2020-12-13,page_view,desktop,organic,Electronics,77,21,0
2020-12-13,page_view,desktop,organic,Sports,83,20,0
2020-12-13,page_view,desktop,organic,Beauty,8,2,0
2020-12-13,page_view,desktop,email,Books,65,20,0
2020-12-13,page_view,mobile,google,Apparel,83,30,0
2020-12-13,page_view,mobile,google,Home,38,13,0
2020-12-13,page_view,mobile,google,Sports,28,8,0
2020-12-13,page_view,mobile,google,Beauty,25,7,0
2020-12-13,page_view,mobile,google,Toys,25,6,0
2020-12-13,page_view,mobile,direct,Electronics,125,41,0
2020-12-13,page_view,mobile,direct,Home,199,48,0
2020-12-13,page_view,mobile,direct,Sports,36,12,0
2020-12-13,page_view,mobile,direct,Books,115,37,0
2020-12-13,page_view,mobile,social,Beauty,136,51,0
2020-12-13,page_view,mobile,organic,Electronics,17,7,0
2020-12-13,page_view,mobile,organic,Beauty,26,10,0
2020-12-13,page_view,mobile,email,Books,47,12,0
2020-12-13,page_view,tablet,google,Apparel,206,67,0
2020-12-13,page_view,tablet,google,Beauty,260,56,0
2020-12-13,page_view,tablet,direct,Sports,42,12,0
2020-12-13,page_view,tablet,direct,Toys,55,22,0
2020-12-13,page_view,tablet,organic,Sports,41,13,0
2020-12-13,view_item,desktop,google,Apparel,31,16,0
2020-12-13,view_item,desktop,google,Sports,10,4,0
2020-12-13,view_item,desktop,google,Beauty,23,12,0
2020-12-13,view_item,desktop,direct,Books,9,5,0
2020-12-13,view_item,desktop,direct,Beauty,94,51,0
2020-12-13,view_item,desktop,social,Sports,70,32,0
2020-12-13,view_item,desktop,social,Beauty,8,4,0
2020-12-13,view_item,desktop,organic,Apparel,122,51,0
2020-12-13,view_item,desktop,organic,Electronics,17,6,0
2020-12-13,view_item,desktop,organic,Books,5,2,0
2020-12-13,view_item,mobile,google,Apparel,74,33,0
2020-12-13,view_item,mobile,google,Sports,66,23,0
2020-12-13,view_item,mobile,google,Beauty,73,26,0
2020-12-13,view_item,mobile,google,Toys,191,91,0
2020-12-13,view_item,mobile,direct,Toys,38,14,0
2020-12-13,view_item,mobile,social,Sports,26,14,0
2020-12-13,view_item,tablet,google,Apparel,28,12,0
2020-12-13,view_item,tablet,organic,Electronics,34,13,0
2020-12-13,view_item,tablet,organic,Home,68,29,0
2020-12-13,view_item,tablet,organic,Books,112,41,0
2020-12-13,add_to_cart,desktop,google,Books,5,3,0
2020-12-13,add_to_cart,desktop,direct,Toys,16,9,0
2020-12-13,add_to_cart,desktop,organic,Home,7,4,0
2020-12-13,add_to_cart,desktop,email,Electronics,2,1,0
2020-12-13,add_to_cart,mobile,direct,Home,9,4,0
2020-12-13,add_to_cart,mobile,direct,Books,5,3,0
2020-12-13,add_to_cart,mobile,organic,Sports,9,6,0
2020-12-13,add_to_cart,mobile,organic,Toys,33,17,0
2020-12-13,add_to_cart,mobile,email,Books,2,1,0
2020-12-13,add_to_cart,tablet,organic,Apparel,27,15,0
2020-12-13,begin_checkout,desktop,google,Books,14,10,0
2020-12-13,begin_checkout,mobile,social,Electronics,6,4,0
2020-12-13,purchase,desktop,direct,Books,7,6,201.23
2020-12-13,purchase,desktop,organic,Toys,5,4,177.05
2020-12-13,purchase,desktop,email,Home,2,2,146.27
2020-12-13,purchase,tablet,organic,Sports,10,7,561.29
2020-12-14,page_view,desktop,google,Apparel,33,13,0
2020-12-14,page_view,desktop,google,Electronics,14,3,0
2020-12-14,page_view,desktop,google,Sports,67,15,0
2020-12-14,page_view,desktop,google,Books,156,44,0
2020-12-14,page_view,desktop,google,Beauty,201,48,0
2020-12-14,page_view,desktop,direct,Electronics,107,34,0
2020-12-14,page_view,desktop,direct,Home,81,19,0
2020-12-14,page_view,desktop,direct,Sports,39,15,0
2020-12-14,page_view,desktop,social,Apparel,109,37,0
2020-12-14,page_view,desktop,social,Electronics,35,9,0
2020-12-14,page_view,desktop,social,Home,16,6,0
2020-12-14,page_view,desktop,social,Sports,49,11,0
2020-12-14,page_view,desktop,organic,Apparel,27,9,0
2020-12-14,page_view,desktop,organic,Electronics,152,38,0
2020-12-14,page_view,desktop,organic,Sports,387,132,0
2020-12-14,page_view,desktop,organic,Books,56,17,0
2020-12-14,page_view,desktop,organic,Beauty,16,4,0
2020-12-14,page_view,desktop,email,Apparel,7,2,0
2020-12-14,page_view,desktop,email,Electronics,6,1,0
2020-12-14,page_view,desktop,email,Home,50,16,0
2020-12-14,page_view,desktop,email,Sports,106,27,0
2020-12-14,page_view,desktop,email,Beauty,9,3,0
2020-12-14,page_view,mobile,google,Home,204,80,0
2020-12-14,page_view,mobile,google,Sports,72,15,0
2020-12-14,page_view,mobile,google,Books,362,127,0
2020-12-14,page_view,mobile,google,Toys,220,78,0
2020-12-14,page_view,mobile,direct,Sports,84,20,0
2020-12-14,page_view,mobile,direct,Beauty,21,6,0
2020-12-14,page_view,mobile,social,Apparel,8,2,0
2020-12-14,page_view,mobile,social,Beauty,24,6,0
2020-12-14,page_view,mobile,social,Toys,52,11,0
2020-12-14,page_view,mobile,organic,Apparel,89,33,0
2020-12-14,page_view,mobile,organic,Electronics,17,4,0
2020-12-14,page_view,mobile,organic,Home,18,7,0
2020-12-14,page_view,mobile,organic,Books,53,14,0
2020-12-14,page_view,mobile,organic,Beauty,14,3,0
2020-12-14,page_view,mobile,organic,Toys,110,40,0
2020-12-14,page_view,mobile,email,Apparel,27,7,0
2020-12-14,page_view,mobile,email,Toys,26,10,0
2020-12-14,page_view,tablet,google,Home,117,35,0
2020-12-14,page_view,tablet,google,Beauty,193,42,0
2020-12-14,page_view,tablet,direct,Electronics,60,21,0
2020-12-14,page_view,tablet,direct,Books,11,3,0
2020-12-14,page_view,tablet,social,Sports,42,12,0
2020-12-14,page_view,tablet,email,Apparel,17,7,0
2020-12-14,page_view,tablet,email,Beauty,15,6,0
2020-12-14,page_view,tablet,email,Toys,11,4,0
2020-12-14,view_item,desktop,google,Home,19,9,0
2020-12-14,view_item,desktop,direct,Home,34,12,0
2020-12-14,view_item,desktop,direct,Sports,33,14,0
2020-12-14,view_item,desktop,social,Sports,67,26,0
2020-12-14,view_item,desktop,organic,Home,22,9,0
2020-12-14,view_item,desktop,email,Home,37,17,0
2020-12-14,view_item,mobile,google,Beauty,18,8,0
2020-12-14,view_item,mobile,google,Toys,25,9,0
2020-12-14,view_item,mobile,direct,Apparel,31,12,0
2020-12-14,view_item,mobile,direct,Sports,173,69,0
2020-12-14,view_item,mobile,social,Home,30,12,0
2020-12-14,view_item,mobile,organic,Books,6,2,0
2020-12-14,view_item,tablet,google,Home,24,9,0
2020-12-14,view_item,tablet,organic,Electronics,33,15,0
2020-12-14,add_to_cart,desktop,google,Home,7,3,0
2020-12-14,add_to_cart,desktop,google,Books,10,5,0
2020-12-14,add_to_cart,desktop,google,Beauty,9,5,0
2020-12-14,add_to_cart,desktop,social,Sports,30,15,0
2020-12-14,add_to_cart,desktop,organic,Electronics,6,4,0
2020-12-14,add_to_cart,desktop,organic,Home,30,14,0
2020-12-14,add_to_cart,desktop,email,Electronics,7,4,0
2020-12-14,add_to_cart,desktop,email,Toys,5,3,0
2020-12-14,add_to_cart,mobile,google,Apparel,7,3,0
2020-12-14,add_to_cart,mobile,organic,Home,50,25,0
2020-12-14,add_to_cart,mobile,organic,Books,11,7,0
2020-12-14,add_to_cart,mobile,organic,Beauty,8,4,0
2020-12-14,add_to_cart,tablet,direct,Apparel,7,4,0
2020-12-14,begin_checkout,desktop,social,Books,10,7,0
2020-12-14,begin_checkout,desktop,social,Toys,18,11,0
2020-12-14,begin_checkout,desktop,organic,Apparel,6,4,0
2020-12-14,begin_checkout,desktop,organic,Electronics,12,9,0
2020-12-14,begin_checkout,desktop,organic,Toys,9,6,0
2020-12-14,begin_checkout,mobile,direct,Beauty,8,5,0
2020-12-14,begin_checkout,mobile,organic,Beauty,8,5,0
2020-12-14,begin_checkout,tablet,organic,Books,5,3,0
2020-12-14,begin_checkout,tablet,email,Electronics,14,10,0
2020-12-14,purchase,mobile,google,Books,3,3,83.26
2020-12-14,purchase,mobile,social,Electronics,4,3,843.65
2020-12-15,page_view,desktop,google,Apparel,14,3,0
2020-12-15,page_view,desktop,google,Electronics,39,13,0
2020-12-15,page_view,desktop,google,Home,362,96,0
2020-12-15,page_view,desktop,google,Sports,181,65,0
2020-12-15,page_view,desktop,google,Books,37,12,0
2020-12-15,page_view,desktop,google,Beauty,112,32,0
2020-12-15,page_view,desktop,google,Toys,282,80,0
2020-12-15,page_view,desktop,direct,Apparel,16,5,0
2020-12-15,page_view,desktop,direct,Electronics,67,26,0
2020-12-15,page_view,desktop,direct,Home,163,35,0
2020-12-15,page_view,desktop,direct,Sports,56,20,0
2020-12-15,page_view,desktop,direct,Toys,32,9,0
2020-12-15,page_view,desktop,social,Books,84,23,0
2020-12-15,page_view,desktop,social,Toys,101,25,0
2020-12-15,page_view,desktop,organic,Apparel,16,5,0
2020-12-15,page_view,desktop,organic,Electronics,18,4,0
2020-12-15,page_view,desktop,organic,Home,63,15,0
2020-12-15,page_view,desktop,organic,Sports,17,5,0
2020-12-15,page_view,desktop,organic,Beauty,23,6,0
2020-12-15,page_view,desktop,email,Home,89,25,0
2020-12-15,page_view,mobile,google,Home,218,71,0
2020-12-15,page_view,mobile,google,Sports,70,27,0
2020-12-15,page_view,mobile,google,Toys,48,19,0
2020-12-15,page_view,mobile,direct,Sports,197,59,0
2020-12-15,page_view,mobile,direct,Books,123,44,0
2020-12-15,page_view,mobile,social,Home,27,10,0
2020-12-15,page_view,mobile,social,Sports,148,38,0
2020-12-15,page_view,mobile,organic,Electronics,51,14,0
2020-12-15,page_view,mobile,organic,Home,142,29,0
2020-12-15,page_view,mobile,organic,Books,25,9,0
2020-12-15,page_view,mobile,email,Beauty,42,14,0
2020-12-15,page_view,tablet,direct,Apparel,7,2,0
2020-12-15,page_view,tablet,direct,Beauty,94,24,0
2020-12-15,page_view,tablet,organic,Electronics,309,106,0
2020-12-15,page_view,tablet,organic,Sports,38,14,0
2020-12-15,page_view,tablet,organic,Beauty,81,25,0
2020-12-15,view_item,desktop,google,Sports,9,4,0
2020-12-15,view_item,desktop,google,Toys,61,33,0
2020-12-15,view_item,desktop,direct,Electronics,38,15,0
2020-12-15,view_item,desktop,direct,Home,220,100,0
2020-12-15,view_item,desktop,direct,Toys,37,14,0
2020-12-15,view_item,desktop,social,Apparel,207,80,0
2020-12-15,view_item,desktop,social,Electronics,31,15,0
2020-12-15,view_item,desktop,organic,Electronics,5,3,0
2020-12-15,view_item,desktop,organic,Home,33,14,0
2020-12-15,view_item,desktop,organic,Books,68,37,0
2020-12-15,view_item,mobile,google,Home,291,142,0
2020-12-15,view_item,mobile,google,Beauty,99,42,0
2020-12-15,view_item,mobile,direct,Electronics,5,2,0
2020-12-15,view_item,mobile,direct,Books,11,6,0
2020-12-15,view_item,mobile,organic,Beauty,26,13,0
2020-12-15,view_item,mobile,organic,Toys,42,21,0
2020-12-15,view_item,mobile,email,Home,8,4,0
2020-12-15,view_item,tablet,google,Electronics,69,33,0
2020-12-15,view_item,tablet,google,Toys,6,3,0
2020-12-15,view_item,tablet,organic,Books,32,15,0
2020-12-15,view_item,tablet,organic,Toys,21,8,0
2020-12-15,add_to_cart,desktop,email,Sports,8,5,0
2020-12-15,add_to_cart,mobile,google,Apparel,2,1,0
2020-12-15,add_to_cart,mobile,google,Books,58,34,0
2020-12-15,add_to_cart,mobile,direct,Sports,17,11,0
2020-12-15,add_to_cart,mobile,social,Electronics,9,4,0
2020-12-15,add_to_cart,mobile,social,Books,3,2,0
2020-12-15,add_to_cart,mobile,organic,Books,12,7,0
2020-12-15,add_to_cart,mobile,email,Beauty,24,13,0
2020-12-15,add_to_cart,tablet,google,Books,3,2,0
2020-12-15,add_to_cart,tablet,direct,Beauty,25,15,0
2020-12-15,begin_checkout,mobile,google,Apparel,13,8,0
2020-12-15,purchase,desktop,direct,Beauty,9,6,336.36
2020-12-15,purchase,desktop,social,Home,3,2,176.29
2020-12-16,page_view,desktop,google,Home,80,27,0
2020-12-16,page_view,desktop,google,Sports,396,149,0
2020-12-16,page_view,desktop,google,Books,266,73,0
2020-12-16,page_view,desktop,google,Beauty,11,4,0
2020-12-16,page_view,desktop,google,Toys,41,10,0
2020-12-16,page_view,desktop,direct,Apparel,64,15,0
2020-12-16,page_view,desktop,direct,Electronics,138,31,0
2020-12-16,page_view,desktop,direct,Home,22,9,0
2020-12-16,page_view,desktop,direct,Sports,58,16,0
2020-12-16,page_view,desktop,social,Home,638,143,0
2020-12-16,page_view,desktop,social,Beauty,105,27,0
2020-12-16,page_view,desktop,social,Toys,24,6,0
2020-12-16,page_view,desktop,organic,Apparel,21,5,0
2020-12-16,page_view,desktop,organic,Electronics,44,17,0
2020-12-16,page_view,desktop,organic,Home,106,42,0
2020-12-16,page_view,desktop,organic,Sports,20,6,0
2020-12-16,page_view,desktop,organic,Books,48,19,0
2020-12-16,page_view,mobile,google,Electronics,315,94,0
2020-12-16,page_view,mobile,google,Home,130,40,0
2020-12-16,page_view,mobile,google,Books,72,28,0
2020-12-16,page_view,mobile,google,Beauty,50,14,0
2020-12-16,page_view,mobile,google,Toys,85,29,0
2020-12-16,page_view,mobile,direct,Electronics,4,1,0
2020-12-16,page_view,mobile,direct,Sports,19,5,0
2020-12-16,page_view,mobile,direct,Books,26,8,0
2020-12-16,page_view,mobile,social,Books,13,5,0
2020-12-16,page_view,mobile,organic,Apparel,31,8,0
2020-12-16,page_view,mobile,organic,Electronics,42,13,0
2020-12-16,page_view,mobile,organic,Home,23,7,0
2020-12-16,page_view,mobile,organic,Beauty,384,139,0
2020-12-16,page_view,mobile,email,Toys,52,19,0
2020-12-16,page_view,tablet,organic,Sports,31,11,0
2020-12-16,page_view,tablet,email,Home,25,9,0
2020-12-16,view_item,desktop,google,Electronics,26,10,0
2020-12-16,view_item,desktop,google,Home,67,34,0
2020-12-16,view_item,desktop,google,Books,75,26,0
2020-12-16,view_item,desktop,google,Beauty,148,66,0
2020-12-16,view_item,desktop,direct,Books,44,22,0
2020-12-16,view_item,desktop,direct,Toys,48,21,0
2020-12-16,view_item,desktop,organic,Home,25,12,0
2020-12-16,view_item,desktop,organic,Toys,2,1,0
2020-12-16,view_item,desktop,email,Apparel,5,3,0
2020-12-16,view_item,desktop,email,Books,3,1,0
2020-12-16,view_item,mobile,google,Electronics,91,33,0
2020-12-16,view_item,mobile,google,Books,79,30,0
2020-12-16,view_item,mobile,direct,Sports,9,3,0
2020-12-16,view_item,mobile,direct,Books,65,26,0
2020-12-16,view_item,mobile,direct,Toys,32,12,0
2020-12-16,view_item,mobile,social,Books,49,25,0
2020-12-16,view_item,mobile,organic,Electronics,6,2,0
2020-12-16,view_item,mobile,organic,Sports,18,9,0
2020-12-16,view_item,mobile,email,Beauty,11,4,0
2020-12-16,view_item,tablet,google,Books,16,7,0
2020-12-16,view_item,tablet,direct,Electronics,9,5,0
2020-12-16,view_item,tablet,social,Books,24,12,0
2020-12-16,view_item,tablet,social,Beauty,9,4,0
2020-12-16,view_item,tablet,organic,Sports,53,21,0
2020-12-16,view_item,tablet,organic,Beauty,9,5,0
2020-12-16,view_item,tablet,organic,Toys,33,15,0
2020-12-16,add_to_cart,desktop,google,Electronics,46,28,0
2020-12-16,add_to_cart,desktop,google,Home,23,14,0
2020-12-16,add_to_cart,desktop,google,Toys,73,42,0
2020-12-16,add_to_cart,desktop,direct,Books,6,3,0
2020-12-16,add_to_cart,desktop,social,Beauty,7,4,0
2020-12-16,add_to_cart,desktop,organic,Sports,8,5,0
2020-12-16,add_to_cart,desktop,organic,Books,40,20,0
2020-12-16,add_to_cart,mobile,google,Toys,30,16,0
2020-12-16,add_to_cart,mobile,organic,Apparel,9,6,0
2020-12-16,add_to_cart,mobile,organic,Beauty,139,75,0
2020-12-16,add_to_cart,mobile,organic,Toys,8,4,0
2020-12-16,add_to_cart,mobile,email,Home,9,5,0
2020-12-16,add_to_cart,tablet,organic,Books,4,2,0
2020-12-16,begin_checkout,desktop,social,Sports,4,3,0
2020-12-16,begin_checkout,mobile,google,Beauty,27,19,0
2020-12-16,begin_checkout,mobile,email,Beauty,1,1,0
2020-12-16,purchase,desktop,organic,Sports,14,12,971.32
2020-12-17,page_view,desktop,google,Apparel,80,25,0
2020-12-17,page_view,desktop,google,Electronics,281,64,0
2020-12-17,page_view,desktop,google,Home,27,8,0
2020-12-17,page_view,desktop,google,Sports,73,28,0
2020-12-17,page_view,desktop,google,Beauty,22,6,0
2020-12-17,page_view,desktop,direct,Apparel,73,17,0
2020-12-17,page_view,desktop,direct,Books,82,18,0
2020-12-17,page_view,desktop,direct,Toys,48,18,0
2020-12-17,page_view,desktop,social,Home,64,16,0
2020-12-17,page_view,desktop,social,Sports,49,19,0
2020-12-17,page_view,desktop,social,Toys,25,7,0
2020-12-17,page_view,desktop,organic,Electronics,25,6,0
2020-12-17,page_view,desktop,organic,Home,54,13,0
2020-12-17,page_view,desktop,organic,Sports,659,220,0
2020-12-17,page_view,desktop,organic,Books,102,34,0
2020-12-17,page_view,desktop,organic,Beauty,25,6,0
2020-12-17,page_view,desktop,organic,Toys,30,12,0
2020-12-17,page_view,mobile,google,Electronics,12,3,0
2020-12-17,page_view,mobile,google,Home,167,66,0
2020-12-17,page_view,mobile,google,Sports,91,28,0
2020-12-17,page_view,mobile,google,Books,29,7,0
2020-12-17,page_view,mobile,google,Beauty,56,14,0
2020-12-17,page_view,mobile,google,Toys,41,14,0
2020-12-17,page_view,mobile,direct,Apparel,350,72,0
2020-12-17,page_view,mobile,direct,Home,37,9,0
2020-12-17,page_view,mobile,direct,Sports,6,2,0
2020-12-17,page_view,mobile,direct,Beauty,390,94,0
2020-12-17,page_view,mobile,direct,Toys,384,88,0
2020-12-17,page_view,mobile,social,Electronics,128,37,0
2020-12-17,page_view,mobile,social,Home,69,15,0
2020-12-17,page_view,mobile,social,Books,39,12,0
2020-12-17,page_view,mobile,social,Toys,9,3,0
2020-12-17,page_view,mobile,organic,Apparel,186,70,0
2020-12-17,page_view,mobile,organic,Books,14,3,0
2020-12-17,page_view,mobile,organic,Toys,40,9,0
2020-12-17,page_view,mobile,email,Sports,43,10,0
2020-12-17,page_view,mobile,email,Beauty,52,14,0
2020-12-17,page_view,mobile,email,Toys,110,33,0
2020-12-17,page_view,tablet,google,Home,107,25,0
2020-12-17,page_view,tablet,google,Sports,34,7,0
2020-12-17,page_view,tablet,google,Books,120,34,0
2020-12-17,page_view,tablet,google,Toys,111,24,0
2020-12-17,page_view,tablet,direct,Beauty,90,30,0
2020-12-17,page_view,tablet,direct,Toys,34,10,0
2020-12-17,page_view,tablet,organic,Apparel,56,19,0
2020-12-17,page_view,tablet,organic,Electronics,118,40,0
2020-12-17,page_view,tablet,email,Sports,79,27,0
2020-12-17,view_item,desktop,google,Apparel,74,26,0
2020-12-17,view_item,desktop,google,Sports,345,171,0
2020-12-17,view_item,desktop,direct,Apparel,5,2,0
2020-12-17,view_item,desktop,direct,Books,46,20,0
2020-12-17,view_item,desktop,direct,Beauty,23,8,0
2020-12-17,view_item,desktop,organic,Home,90,35,0
2020-12-17,view_item,desktop,organic,Sports,8,4,0
2020-12-17,view_item,desktop,organic,Books,322,126,0
2020-12-17,view_item,desktop,organic,Beauty,52,20,0
2020-12-17,view_item,desktop,email,Sports,13,5,0
2020-12-17,view_item,desktop,email,Beauty,12,7,0
2020-12-17,view_item,mobile,google,Books,90,46,0
2020-12-17,view_item,mobile,direct,Apparel,15,7,0
2020-12-17,view_item,mobile,direct,Sports,53,20,0
2020-12-17,view_item,mobile,direct,Toys,61,29,0
2020-12-17,view_item,mobile,social,Toys,29,11,0
2020-12-17,view_item,mobile,organic,Home,40,21,0
2020-12-17,view_item,mobile,organic,Beauty,32,17,0
2020-12-17,view_item,mobile,organic,Toys,47,19,0
2020-12-17,view_item,mobile,email,Electronics,3,1,0
2020-12-17,view_item,tablet,direct,Beauty,20,8,0
2020-12-17,view_item,tablet,social,Toys,9,4,0
2020-12-17,view_item,tablet,organic,Beauty,7,3,0
2020-12-17,add_to_cart,desktop,direct,Electronics,6,3,0
2020-12-17,add_to_cart,desktop,direct,Sports,24,14,0
2020-12-17,add_to_cart,desktop,organic,Beauty,67,34,0
2020-12-17,add_to_cart,desktop,email,Apparel,3,1,0
2020-12-17,add_to_cart,mobile,google,Apparel,10,5,0
2020-12-17,add_to_cart,mobile,google,Electronics,13,6,0
2020-12-17,add_to_cart,mobile,direct,Books,10,5,0
2020-12-17,add_to_cart,tablet,google,Beauty,35,16,0
2020-12-17,begin_checkout,desktop,organic,Books,8,6,0
2020-12-17,begin_checkout,mobile,google,Beauty,5,4,0
2020-12-17,begin_checkout,mobile,social,Beauty,9,5,0
2020-12-17,begin_checkout,tablet,google,Beauty,5,3,0
2020-12-17,purchase,desktop,google,Beauty,30,23,843.54
2020-12-17,purchase,desktop,direct,Toys,2,2,45.23
2020-12-17,purchase,desktop,organic,Apparel,11,8,899.92
2020-12-18,page_view,desktop,google,Apparel,485,147,0
2020-12-18,page_view,desktop,google,Electronics,24,10,0
2020-12-18,page_view,desktop,google,Home,42,14,0
2020-12-18,page_view,desktop,google,Sports,40,12,0
2020-12-18,page_view,desktop,google,Books,169,48,0
2020-12-18,page_view,desktop,google,Beauty,94,25,0
2020-12-18,page_view,desktop,google,Toys,153,45,0
2020-12-18,page_view,desktop,direct,Apparel,8,3,0
2020-12-18,page_view,desktop,direct,Electronics,101,37,0
2020-12-18,page_view,desktop,direct,Home,34,9,0
2020-12-18,page_view,desktop,direct,Sports,10,2,0
2020-12-18,page_view,desktop,direct,Books,244,92,0
2020-12-18,page_view,desktop,social,Apparel,39,14,0
2020-12-18,page_view,desktop,social,Home,63,20,0
2020-12-18,page_view,desktop,organic,Apparel,8,3,0
2020-12-18,page_view,desktop,organic,Electronics,39,14,0
2020-12-18,page_view,desktop,organic,Home,16,4,0
2020-12-18,page_view,desktop,organic,Books,50,19,0
2020-12-18,page_view,desktop,organic,Beauty,60,15,0
2020-12-18,page_view,desktop,email,Sports,17,6,0
2020-12-18,page_view,desktop,email,Toys,20,7,0
2020-12-18,page_view,mobile,google,Apparel,541,202,0
2020-12-18,page_view,mobile,google,Electronics,272,78,0
2020-12-18,page_view,mobile,google,Home,77,25,0
2020-12-18,page_view,mobile,google,Books,67,17,0
2020-12-18,page_view,mobile,google,Beauty,55,11,0
2020-12-18,page_view,mobile,google,Toys,120,43,0
2020-12-18,page_view,mobile,direct,Apparel,31,11,0
2020-12-18,page_view,mobile,direct,Books,118,34,0
2020-12-18,page_view,mobile,direct,Beauty,850,310,0
2020-12-18,page_view,mobile,social,Sports,91,31,0
2020-12-18,page_view,mobile,organic,Apparel,35,9,0
2020-12-18,page_view,mobile,organic,Home,99,31,0
2020-12-18,page_view,mobile,organic,Sports,44,13,0
2020-12-18,page_view,mobile,organic,Beauty,46,10,0
2020-12-18,page_view,tablet,google,Apparel,157,53,0
2020-12-18,page_view,tablet,google,Home,382,108,0
2020-12-18,page_view,tablet,google,Toys,130,42,0
2020-12-18,page_view,tablet,direct,Books,60,17,0
2020-12-18,page_view,tablet,social,Home,45,12,0
2020-12-18,page_view,tablet,organic,Toys,337,74,0
2020-12-18,page_view,tablet,email,Home,16,5,0
2020-12-18,view_item,desktop,google,Electronics,5,2,0
2020-12-18,view_item,desktop,google,Sports,326,119,0
2020-12-18,view_item,desktop,google,Books,3,2,0
2020-12-18,view_item,desktop,direct,Home,458,192,0
2020-12-18,view_item,desktop,direct,Beauty,17,6,0
2020-12-18,view_item,desktop,social,Apparel,9,4,0
2020-12-18,view_item,desktop,organic,Home,10,4,0
2020-12-18,view_item,desktop,organic,Toys,6,2,0
2020-12-18,view_item,desktop,email,Sports,12,5,0
2020-12-18,view_item,desktop,email,Beauty,13,6,0
2020-12-18,view_item,mobile,google,Beauty,347,165,0
2020-12-18,view_item,mobile,direct,Home,198,76,0
2020-12-18,view_item,mobile,social,Books,50,24,0
2020-12-18,view_item,mobile,organic,Apparel,35,15,0
2020-12-18,view_item,mobile,organic,Home,50,20,0
2020-12-18,view_item,mobile,email,Home,15,7,0
2020-12-18,view_item,tablet,google,Apparel,22,10,0
2020-12-18,view_item,tablet,google,Books,21,9,0
2020-12-18,view_item,tablet,direct,Apparel,59,21,0
2020-12-18,view_item,tablet,organic,Electronics,13,5,0
2020-12-18,add_to_cart,desktop,direct,Sports,26,12,0
2020-12-18,add_to_cart,desktop,social,Apparel,3,1,0
2020-12-18,add_to_cart,desktop,social,Sports,9,5,0
2020-12-18,add_to_cart,desktop,organic,Apparel,12,7,0
2020-12-18,add_to_cart,desktop,organic,Sports,9,5,0
2020-12-18,add_to_cart,desktop,organic,Books,5,3,0
2020-12-18,add_to_cart,desktop,organic,Toys,2,1,0
2020-12-18,add_to_cart,mobile,google,Apparel,52,25,0
2020-12-18,add_to_cart,mobile,direct,Beauty,20,10,0
2020-12-18,add_to_cart,mobile,social,Electronics,9,4,0
2020-12-18,add_to_cart,mobile,organic,Beauty,10,5,0
2020-12-18,add_to_cart,tablet,organic,Home,7,4,0
2020-12-18,add_to_cart,tablet,email,Home,9,5,0
2020-12-18,add_to_cart,tablet,email,Toys,8,5,0
2020-12-18,begin_checkout,desktop,direct,Apparel,12,7,0
2020-12-18,begin_checkout,mobile,social,Books,27,18,0
2020-12-18,purchase,desktop,organic,Beauty,25,20,970.78
2020-12-18,purchase,mobile,google,Toys,8,6,233.03
2020-12-18,purchase,mobile,direct,Books,10,9,315.91
2020-12-18,purchase,mobile,social,Toys,6,5,206.35
2020-12-19,page_view,desktop,google,Apparel,34,12,0
2020-12-19,page_view,desktop,google,Electronics,36,13,0
2020-12-19,page_view,desktop,google,Books,285,87,0
2020-12-19,page_view,desktop,google,Toys,13,4,0
2020-12-19,page_view,desktop,direct,Apparel,389,154,0
2020-12-19,page_view,desktop,direct,Electronics,7,2,0
2020-12-19,page_view,desktop,direct,Home,127,43,0
2020-12-19,page_view,desktop,direct,Sports,118,37,0
2020-12-19,page_view,desktop,direct,Books,77,26,0
2020-12-19,page_view,desktop,direct,Beauty,24,5,0
2020-12-19,page_view,desktop,social,Sports,30,12,0
2020-12-19,page_view,desktop,social,Books,8,2,0
2020-12-19,page_view,desktop,social,Toys,36,9,0
2020-12-19,page_view,desktop,organic,Apparel,93,20,0
2020-12-19,page_view,desktop,organic,Home,80,30,0
2020-12-19,page_view,desktop,organic,Sports,47,16,0
2020-12-19,page_view,desktop,organic,Toys,430,124,0
2020-12-19,page_view,desktop,email,Apparel,67,24,0
2020-12-19,page_view,desktop,email,Electronics,31,10,0
2020-12-19,page_view,desktop,email,Sports,29,8,0
2020-12-19,page_view,mobile,google,Apparel,58,14,0
2020-12-19,page_view,mobile,google,Home,29,10,0
2020-12-19,page_view,mobile,google,Sports,43,16,0
2020-12-19,page_view,mobile,google,Toys,157,48,0
2020-12-19,page_view,mobile,direct,Home,11,3,0
2020-12-19,page_view,mobile,direct,Sports,87,23,0
2020-12-19,page_view,mobile,social,Apparel,21,5,0
2020-12-19,page_view,mobile,social,Home,32,9,0
2020-12-19,page_view,mobile,social,Books,31,9,0
2020-12-19,page_view,mobile,organic,Beauty,144,53,0
2020-12-19,page_view,tablet,google,Toys,26,8,0
2020-12-19,page_view,tablet,social,Apparel,42,11,0
2020-12-19,page_view,tablet,organic,Books,84,18,0
2020-12-19,page_view,tablet,email,Apparel,104,22,0
2020-12-19,page_view,tablet,email,Home,32,10,0
2020-12-19,view_item,desktop,google,Sports,9,3,0
2020-12-19,view_item,desktop,direct,Apparel,26,12,0
2020-12-19,view_item,desktop,direct,Toys,185,92,0
2020-12-19,view_item,desktop,social,Electronics,8,4,0
2020-12-19,view_item,desktop,social,Books,37,17,0
2020-12-19,view_item,desktop,organic,Apparel,78,33,0
2020-12-19,view_item,desktop,organic,Home,79,34,0
2020-12-19,view_item,desktop,organic,Beauty,30,11,0
2020-12-19,view_item,mobile,google,Apparel,62,31,0
2020-12-19,view_item,mobile,google,Beauty,10,5,0
2020-12-19,view_item,mobile,social,Apparel,52,27,0
2020-12-19,view_item,mobile,social,Electronics,15,6,0
2020-12-19,view_item,mobile,organic,Home,22,12,0
2020-12-19,view_item,mobile,organic,Beauty,1,1,0
2020-12-19,view_item,mobile,email,Home,18,8,0
2020-12-19,view_item,tablet,google,Apparel,33,12,0
2020-12-19,view_item,tablet,google,Home,52,23,0
2020-12-19,view_item,tablet,organic,Beauty,26,13,0
2020-12-19,view_item,tablet,email,Apparel,30,11,0
2020-12-19,add_to_cart,desktop,google,Sports,13,6,0
2020-12-19,add_to_cart,desktop,google,Toys,3,2,0
2020-12-19,add_to_cart,desktop,direct,Home,7,4,0
2020-12-19,add_to_cart,mobile,direct,Sports,10,5,0
2020-12-19,add_to_cart,mobile,social,Toys,16,9,0
2020-12-19,add_to_cart,mobile,organic,Books,38,21,0
2020-12-19,add_to_cart,mobile,organic,Toys,32,20,0
2020-12-19,add_to_cart,tablet,google,Apparel,73,46,0
2020-12-19,add_to_cart,tablet,email,Toys,5,3,0
2020-12-19,begin_checkout,desktop,google,Apparel,27,15,0
2020-12-19,begin_checkout,desktop,google,Home,31,20,0
2020-12-19,begin_checkout,mobile,google,Toys,44,25,0
2020-12-19,begin_checkout,mobile,social,Apparel,8,4,0
2020-12-19,begin_checkout,mobile,email,Apparel,9,6,0
2020-12-19,begin_checkout,tablet,organic,Home,10,6,0
2020-12-19,purchase,desktop,organic,Beauty,3,2,76.38
2020-12-20,page_view,desktop,google,Electronics,262,71,0
2020-12-20,page_view,desktop,google,Home,106,32,0
2020-12-20,page_view,desktop,google,Sports,222,71,0
2020-12-20,page_view,desktop,google,Books,161,44,0
2020-12-20,page_view,desktop,google,Beauty,49,11,0
2020-12-20,page_view,desktop,google,Toys,122,28,0
2020-12-20,page_view,desktop,direct,Apparel,22,5,0
2020-12-20,page_view,desktop,direct,Home,199,59,0
2020-12-20,page_view,desktop,direct,Sports,21,5,0
2020-12-20,page_view,desktop,social,Apparel,42,14,0
2020-12-20,page_view,desktop,social,Books,20,6,0
2020-12-20,page_view,desktop,social,Toys,142,50,0
2020-12-20,page_view,desktop,organic,Apparel,10,3,0
2020-12-20,page_view,desktop,organic,Home,65,26,0
2020-12-20,page_view,desktop,organic,Books,228,86,0
2020-12-20,page_view,desktop,email,Toys,99,36,0
2020-12-20,page_view,mobile,google,Apparel,67,13,0
2020-12-20,page_view,mobile,google,Electronics,302,83,0
2020-12-20,page_view,mobile,google,Home,216,69,0
2020-12-20,page_view,mobile,google,Books,159,33,0
2020-12-20,page_view,mobile,google,Beauty,30,11,0
2020-12-20,page_view,mobile,google,Toys,41,15,0
2020-12-20,page_view,mobile,direct,Apparel,81,24,0
2020-12-20,page_view,mobile,direct,Home,13,4,0
2020-12-20,page_view,mobile,direct,Sports,28,8,0
2020-12-20,page_view,mobile,direct,Beauty,75,18,0
2020-12-20,page_view,mobile,direct,Toys,5,2,0
2020-12-20,page_view,mobile,social,Apparel,103,39,0
2020-12-20,page_view,mobile,social,Electronics,77,22,0
2020-12-20,page_view,mobile,social,Home,44,13,0
2020-12-20,page_view,mobile,social,Books,26,8,0
2020-12-20,page_view,mobile,organic,Apparel,371,83,0
2020-12-20,page_view,mobile,organic,Sports,94,20,0
2020-12-20,page_view,mobile,organic,Books,69,19,0
2020-12-20,page_view,mobile,organic,Beauty,80,29,0
2020-12-20,page_view,mobile,organic,Toys,127,29,0
2020-12-20,page_view,mobile,email,Beauty,23,7,0
2020-12-20,page_view,tablet,google,Apparel,16,6,0
2020-12-20,page_view,tablet,google,Home,48,19,0
2020-12-20,page_view,tablet,direct,Apparel,131,27,0
2020-12-20,page_view,tablet,direct,Home,68,19,0
2020-12-20,page_view,tablet,direct,Toys,27,8,0
2020-12-20,page_view,tablet,social,Books,42,12,0
2020-12-20,page_view,tablet,organic,Electronics,77,18,0
2020-12-20,page_view,tablet,organic,Home,59,20,0
2020-12-20,page_view,tablet,organic,Sports,54,14,0
2020-12-20,page_view,tablet,organic,Beauty,14,5,0
2020-12-20,page_view,tablet,email,Sports,5,1,0
2020-12-20,page_view,tablet,email,Books,27,6,0
2020-12-20,view_item,desktop,google,Home,32,16,0
2020-12-20,view_item,desktop,google,Books,70,26,0
2020-12-20,view_item,desktop,google,Beauty,106,47,0
2020-12-20,view_item,desktop,direct,Electronics,41,22,0
2020-12-20,view_item,desktop,direct,Home,66,24,0
2020-12-20,view_item,desktop,direct,Books,143,74,0
2020-12-20,view_item,desktop,social,Sports,84,34,0
2020-12-20,view_item,desktop,social,Toys,59,27,0
2020-12-20,view_item,desktop,organic,Sports,22,12,0
2020-12-20,view_item,desktop,organic,Books,22,10,0
2020-12-20,view_item,desktop,organic,Toys,25,9,0
2020-12-20,view_item,desktop,email,Books,7,4,0
2020-12-20,view_item,mobile,google,Apparel,96,45,0
2020-12-20,view_item,mobile,google,Home,104,42,0
2020-12-20,view_item,mobile,google,Sports,29,11,0
2020-12-20,view_item,mobile,direct,Home,56,27,0
2020-12-20,view_item,mobile,direct,Books,39,15,0
2020-12-20,view_item,mobile,direct,Beauty,40,16,0
2020-12-20,view_item,mobile,social,Apparel,9,4,0
2020-12-20,view_item,mobile,social,Toys,32,14,0
2020-12-20,view_item,mobile,organic,Home,75,29,0
2020-12-20,view_item,tablet,organic,Apparel,24,13,0
2020-12-20,add_to_cart,desktop,social,Home,1,1,0
2020-12-20,add_to_cart,desktop,social,Beauty,10,5,0
2020-12-20,add_to_cart,mobile,direct,Electronics,10,6,0
2020-12-20,add_to_cart,mobile,direct,Sports,2,1,0
2020-12-20,add_to_cart,mobile,organic,Sports,7,4,0
2020-12-20,add_to_cart,tablet,organic,Electronics,40,25,0
2020-12-20,begin_checkout,mobile,google,Electronics,16,12,0
2020-12-20,begin_checkout,mobile,organic,Sports,7,5,0
2020-12-20,begin_checkout,mobile,email,Sports,3,2,0
2020-12-20,purchase,mobile,google,Sports,10,8,422.89
2020-12-21,page_view,desktop,google,Apparel,463,94,0
2020-12-21,page_view,desktop,google,Electronics,13,3,0
2020-12-21,page_view,desktop,google,Sports,95,34,0
2020-12-21,page_view,desktop,google,Beauty,374,104,0
2020-12-21,page_view,desktop,google,Toys,69,23,0
2020-12-21,page_view,desktop,direct,Home,30,9,0
2020-12-21,page_view,desktop,direct,Sports,47,12,0
2020-12-21,page_view,desktop,direct,Beauty,222,56,0
2020-12-21,page_view,desktop,social,Home,15,4,0
2020-12-21,page_view,desktop,social,Beauty,19,7,0
2020-12-21,page_view,desktop,social,Toys,8,2,0
2020-12-21,page_view,desktop,organic,Apparel,27,7,0
2020-12-21,page_view,desktop,organic,Electronics,55,21,0
2020-12-21,page_view,desktop,organic,Home,154,41,0
2020-12-21,page_view,desktop,organic,Toys,65,15,0
2020-12-21,page_view,desktop,email,Apparel,39,13,0
2020-12-21,page_view,desktop,email,Home,100,23,0
2020-12-21,page_view,mobile,google,Apparel,43,13,0
2020-12-21,page_view,mobile,google,Electronics,197,61,0
2020-12-21,page_view,mobile,google,Sports,134,34,0
2020-12-21,page_view,mobile,google,Books,64,17,0
2020-12-21,page_view,mobile,google,Beauty,192,43,0
2020-12-21,page_view,mobile,direct,Electronics,40,8,0
2020-12-21,page_view,mobile,direct,Home,17,6,0
2020-12-21,page_view,mobile,direct,Sports,27,6,0
2020-12-21,page_view,mobile,direct,Books,120,28,0
2020-12-21,page_view,mobile,direct,Beauty,13,5,0
2020-12-21,page_view,mobile,social,Electronics,42,15,0
2020-12-21,page_view,mobile,social,Home,156,40,0
2020-12-21,page_view,mobile,social,Books,12,4,0
2020-12-21,page_view,mobile,social,Toys,119,40,0
2020-12-21,page_view,mobile,organic,Apparel,36,7,0
2020-12-21,page_view,mobile,organic,Electronics,98,32,0
2020-12-21,page_view,mobile,organic,Home,28,7,0
2020-12-21,page_view,mobile,organic,Books,26,7,0
2020-12-21,page_view,mobile,organic,Toys,23,7,0
2020-12-21,page_view,mobile,email,Books,33,7,0
2020-12-21,page_view,tablet,social,Home,27,8,0
2020-12-21,page_view,tablet,social,Sports,86,33,0
2020-12-21,page_view,tablet,social,Toys,75,27,0
2020-12-21,page_view,tablet,organic,Electronics,160,49,0
2020-12-21,view_item,desktop,google,Electronics,138,75,0
2020-12-21,view_item,desktop,google,Beauty,18,6,0
2020-12-21,view_item,desktop,direct,Apparel,23,11,0
2020-12-21,view_item,desktop,direct,Home,20,11,0
2020-12-21,view_item,desktop,direct,Sports,21,8,0
2020-12-21,view_item,desktop,social,Toys,10,5,0
2020-12-21,view_item,desktop,organic,Apparel,113,59,0
2020-12-21,view_item,desktop,organic,Sports,19,9,0
2020-12-21,view_item,mobile,google,Apparel,54,26,0
2020-12-21,view_item,mobile,google,Electronics,30,11,0
2020-12-21,view_item,mobile,google,Home,5,3,0
2020-12-21,view_item,mobile,google,Sports,192,75,0
2020-12-21,view_item,mobile,google,Beauty,38,15,0
2020-12-21,view_item,mobile,direct,Home,12,4,0
2020-12-21,view_item,mobile,direct,Books,22,12,0
2020-12-21,view_item,mobile,direct,Beauty,36,15,0
2020-12-21,view_item,mobile,direct,Toys,56,24,0
2020-12-21,view_item,mobile,social,Apparel,38,14,0
2020-12-21,view_item,mobile,organic,Books,27,10,0
2020-12-21,view_item,tablet,social,Home,15,7,0
2020-12-21,view_item,tablet,organic,Home,57,26,0
2020-12-21,view_item,tablet,organic,Beauty,11,5,0
2020-12-21,view_item,tablet,email,Books,43,17,0
2020-12-21,add_to_cart,desktop,google,Electronics,23,11,0
2020-12-21,add_to_cart,mobile,google,Beauty,19,12,0
2020-12-21,add_to_cart,mobile,direct,Electronics,9,4,0
2020-12-21,add_to_cart,mobile,organic,Electronics,30,15,0
2020-12-21,add_to_cart,tablet,google,Sports,94,45,0
2020-12-21,add_to_cart,tablet,social,Home,16,9,0
2020-12-21,add_to_cart,tablet,email,Books,30,15,0
2020-12-21,begin_checkout,desktop,google,Toys,26,19,0
2020-12-21,begin_checkout,desktop,organic,Sports,16,9,0
2020-12-21,begin_checkout,mobile,google,Sports,32,19,0
2020-12-21,begin_checkout,mobile,google,Books,32,24,0
2020-12-21,begin_checkout,tablet,google,Toys,3,2,0
2020-12-21,begin_checkout,tablet,direct,Toys,10,7,0
2020-12-21,begin_checkout,tablet,email,Home,13,10,0
2020-12-21,purchase,desktop,google,Books,9,7,282.69
2020-12-22,page_view,desktop,google,Apparel,617,198,0
2020-12-22,page_view,desktop,google,Home,47,17,0
2020-12-22,page_view,desktop,google,Sports,111,37,0
2020-12-22,page_view,desktop,google,Books,95,31,0
2020-12-22,page_view,desktop,google,Beauty,170,36,0
2020-12-22,page_view,desktop,direct,Home,16,6,0
2020-12-22,page_view,desktop,direct,Books,153,43,0
2020-12-22,page_view,desktop,direct,Beauty,80,21,0
2020-12-22,page_view,desktop,social,Home,122,33,0
2020-12-22,page_view,desktop,social,Books,96,28,0
2020-12-22,page_view,desktop,organic,Home,186,56,0
2020-12-22,page_view,desktop,organic,Books,10,2,0
2020-12-22,page_view,desktop,organic,Beauty,38,14,0
2020-12-22,page_view,desktop,email,Apparel,23,5,0
2020-12-22,page_view,desktop,email,Electronics,12,3,0
2020-12-22,page_view,mobile,google,Apparel,194,68,0
2020-12-22,page_view,mobile,google,Electronics,443,96,0
2020-12-22,page_view,mobile,google,Sports,80,29,0
2020-12-22,page_view,mobile,google,Toys,46,15,0
2020-12-22,page_view,mobile,direct,Home,111,23,0
2020-12-22,page_view,mobile,social,Sports,123,45,0
2020-12-22,page_view,mobile,social,Books,32,12,0
2020-12-22,page_view,mobile,organic,Apparel,36,14,0
2020-12-22,page_view,mobile,organic,Electronics,220,69,0
2020-12-22,page_view,mobile,organic,Home,63,15,0
2020-12-22,page_view,mobile,organic,Sports,11,3,0
2020-12-22,page_view,mobile,organic,Toys,8,3,0
2020-12-22,page_view,mobile,email,Apparel,36,12,0
2020-12-22,page_view,mobile,email,Books,8,3,0
2020-12-22,page_view,tablet,google,Apparel,62,22,0
2020-12-22,page_view,tablet,google,Electronics,52,15,0
2020-12-22,page_view,tablet,google,Home,63,13,0
2020-12-22,page_view,tablet,google,Books,27,7,0
2020-12-22,page_view,tablet,direct,Sports,284,87,0
2020-12-22,page_view,tablet,organic,Toys,19,4,0
2020-12-22,page_view,tablet,email,Home,15,4,0
2020-12-22,page_view,tablet,email,Beauty,77,24,0
2020-12-22,view_item,desktop,google,Electronics,44,23,0
2020-12-22,view_item,desktop,google,Home,36,17,0
2020-12-22,view_item,desktop,google,Beauty,18,8,0
2020-12-22,view_item,desktop,google,Toys,9,5,0
2020-12-22,view_item,desktop,direct,Sports,79,31,0
2020-12-22,view_item,desktop,direct,Beauty,13,6,0
2020-12-22,view_item,desktop,direct,Toys,10,4,0
2020-12-22,view_item,desktop,social,Home,15,7,0
2020-12-22,view_item,desktop,social,Toys,8,4,0
2020-12-22,view_item,mobile,google,Apparel,74,36,0
2020-12-22,view_item,mobile,google,Home,73,36,0
2020-12-22,view_item,mobile,google,Sports,41,17,0
2020-12-22,view_item,mobile,google,Beauty,10,5,0
2020-12-22,view_item,mobile,google,Toys,103,52,0
2020-12-22,view_item,mobile,direct,Sports,18,9,0
2020-12-22,view_item,mobile,direct,Books,39,19,0
2020-12-22,view_item,mobile,social,Electronics,19,9,0
2020-12-22,view_item,tablet,google,Home,25,12,0
2020-12-22,view_item,tablet,google,Toys,78,40,0
2020-12-22,view_item,tablet,direct,Toys,16,9,0
2020-12-22,view_item,tablet,organic,Apparel,56,24,0
2020-12-22,view_item,tablet,organic,Toys,58,31,0
2020-12-22,view_item,tablet,email,Apparel,33,18,0
2020-12-22,add_to_cart,desktop,google,Home,12,6,0
2020-12-22,add_to_cart,desktop,social,Toys,5,3,0
2020-12-22,add_to_cart,desktop,organic,Home,8,4,0
2020-12-22,add_to_cart,desktop,email,Apparel,74,46,0
2020-12-22,add_to_cart,desktop,email,Toys,4,2,0
2020-12-22,add_to_cart,mobile,google,Apparel,16,8,0
2020-12-22,add_to_cart,mobile,direct,Books,6,3,0
2020-12-22,add_to_cart,mobile,direct,Beauty,6,4,0
2020-12-22,add_to_cart,mobile,email,Books,11,6,0
2020-12-22,add_to_cart,tablet,google,Electronics,56,29,0
2020-12-22,add_to_cart,tablet,organic,Apparel,19,9,0
2020-12-22,add_to_cart,tablet,organic,Beauty,25,14,0
2020-12-22,begin_checkout,desktop,social,Books,6,3,0
2020-12-22,begin_checkout,mobile,email,Home,4,2,0
2020-12-22,purchase,desktop,organic,Electronics,3,2,704
2020-12-22,purchase,desktop,organic,Books,20,16,629.8
2020-12-23,page_view,desktop,google,Home,177,47,0
2020-12-23,page_view,desktop,google,Beauty,168,39,0
2020-12-23,page_view,desktop,google,Toys,71,17,0
2020-12-23,page_view,desktop,direct,Apparel,101,31,0
2020-12-23,page_view,desktop,direct,Electronics,11,4,0
2020-12-23,page_view,desktop,direct,Home,103,37,0
2020-12-23,page_view,desktop,direct,Sports,70,26,0
2020-12-23,page_view,desktop,social,Apparel,144,43,0
2020-12-23,page_view,desktop,social,Electronics,48,11,0
2020-12-23,page_view,desktop,social,Home,68,16,0
2020-12-23,page_view,desktop,organic,Electronics,37,14,0
2020-12-23,page_view,desktop,organic,Home,23,6,0
2020-12-23,page_view,desktop,organic,Books,60,17,0
2020-12-23,page_view,desktop,organic,Beauty,7,2,0
2020-12-23,page_view,desktop,email,Books,102,37,0
2020-12-23,page_view,desktop,email,Toys,111,44,0
2020-12-23,page_view,mobile,google,Sports,76,24,0
2020-12-23,page_view,mobile,google,Books,132,32,0
2020-12-23,page_view,mobile,google,Beauty,41,12,0
2020-12-23,page_view,mobile,direct,Apparel,89,33,0
2020-12-23,page_view,mobile,direct,Electronics,16,4,0
2020-12-23,page_view,mobile,direct,Sports,11,3,0
2020-12-23,page_view,mobile,direct,Books,10,3,0
2020-12-23,page_view,mobile,social,Electronics,22,6,0
2020-12-23,page_view,mobile,social,Home,80,17,0
2020-12-23,page_view,mobile,social,Books,73,26,0
2020-12-23,page_view,mobile,social,Beauty,24,9,0
2020-12-23,page_view,mobile,organic,Home,12,4,0
2020-12-23,page_view,mobile,organic,Books,32,8,0
2020-12-23,page_view,mobile,organic,Toys,37,9,0
2020-12-23,page_view,mobile,email,Sports,42,10,0
2020-12-23,page_view,mobile,email,Books,115,43,0
2020-12-23,page_view,tablet,direct,Apparel,36,14,0
2020-12-23,page_view,tablet,direct,Sports,11,4,0
2020-12-23,page_view,tablet,social,Home,9,4,0
2020-12-23,page_view,tablet,organic,Books,19,5,0
2020-12-23,page_view,tablet,email,Beauty,13,4,0
2020-12-23,view_item,desktop,google,Electronics,21,11,0
2020-12-23,view_item,desktop,google,Beauty,39,16,0
2020-12-23,view_item,desktop,direct,Home,26,13,0
2020-12-23,view_item,desktop,direct,Books,51,26,0
2020-12-23,view_item,desktop,social,Home,61,30,0
2020-12-23,view_item,desktop,social,Sports,395,188,0
2020-12-23,view_item,desktop,organic,Apparel,29,16,0
2020-12-23,view_item,desktop,organic,Home,18,8,0
2020-12-23,view_item,desktop,email,Beauty,15,8,0
2020-12-23,view_item,mobile,google,Sports,28,15,0
2020-12-23,view_item,mobile,google,Books,81,34,0
2020-12-23,view_item,mobile,direct,Apparel,56,30,0
2020-12-23,view_item,mobile,social,Electronics,8,4,0
2020-12-23,view_item,mobile,social,Sports,42,15,0
2020-12-23,view_item,mobile,organic,Home,100,39,0
2020-12-23,view_item,mobile,organic,Sports,31,14,0
2020-12-23,view_item,mobile,email,Books,63,26,0
2020-12-23,view_item,tablet,direct,Toys,141,62,0
2020-12-23,view_item,tablet,organic,Apparel,14,6,0
2020-12-23,view_item,tablet,email,Books,9,5,0
2020-12-23,add_to_cart,desktop,direct,Books,1,1,0
2020-12-23,add_to_cart,desktop,direct,Beauty,18,8,0
2020-12-23,add_to_cart,desktop,email,Beauty,17,8,0
2020-12-23,add_to_cart,mobile,google,Beauty,16,7,0
2020-12-23,add_to_cart,mobile,direct,Electronics,20,11,0
2020-12-23,add_to_cart,mobile,email,Toys,16,10,0
2020-12-23,add_to_cart,tablet,social,Home,10,6,0
2020-12-23,begin_checkout,desktop,organic,Apparel,6,4,0
2020-12-23,begin_checkout,desktop,organic,Beauty,13,8,0
2020-12-23,begin_checkout,mobile,google,Electronics,5,4,0
2020-12-23,begin_checkout,mobile,google,Books,9,5,0
2020-12-23,begin_checkout,mobile,direct,Sports,17,10,0
2020-12-23,begin_checkout,tablet,direct,Toys,4,3,0
2020-12-23,begin_checkout,tablet,social,Electronics,3,2,0
2020-12-24,page_view,desktop,google,Apparel,417,120,0
2020-12-24,page_view,desktop,google,Home,56,19,0
2020-12-24,page_view,desktop,google,Sports,108,38,0
2020-12-24,page_view,desktop,google,Books,76,26,0
2020-12-24,page_view,desktop,google,Beauty,95,31,0
2020-12-24,page_view,desktop,direct,Apparel,126,42,0
2020-12-24,page_view,desktop,direct,Electronics,19,7,0
2020-12-24,page_view,desktop,direct,Home,97,29,0
2020-12-24,page_view,desktop,direct,Sports,52,13,0
2020-12-24,page_view,desktop,direct,Beauty,243,68,0
2020-12-24,page_view,desktop,social,Apparel,80,27,0
2020-12-24,page_view,desktop,social,Electronics,60,24,0
2020-12-24,page_view,desktop,social,Home,15,4,0
2020-12-24,page_view,desktop,organic,Apparel,46,17,0
2020-12-24,page_view,desktop,organic,Electronics,53,15,0
2020-12-24,page_view,desktop,organic,Sports,134,53,0
2020-12-24,page_view,desktop,organic,Books,13,4,0
2020-12-24,page_view,desktop,organic,Beauty,8,2,0
2020-12-24,page_view,desktop,email,Apparel,21,8,0
2020-12-24,page_view,desktop,email,Home,58,23,0
2020-12-24,page_view,mobile,google,Apparel,63,14,0
2020-12-24,page_view,mobile,google,Electronics,62,17,0
2020-12-24,page_view,mobile,google,Home,3,1,0
2020-12-24,page_view,mobile,google,Sports,38,11,0
2020-12-24,page_view,mobile,google,Books,37,10,0
2020-12-24,page_view,mobile,google,Beauty,213,62,0
2020-12-24,page_view,mobile,google,Toys,15,6,0
2020-12-24,page_view,mobile,direct,Apparel,40,9,0
2020-12-24,page_view,mobile,direct,Sports,17,5,0
2020-12-24,page_view,mobile,direct,Toys,57,23,0
2020-12-24,page_view,mobile,social,Home,43,14,0
2020-12-24,page_view,mobile,social,Sports,112,23,0
2020-12-24,page_view,mobile,social,Books,16,5,0
2020-12-24,page_view,mobile,organic,Electronics,66,18,0
2020-12-24,page_view,mobile,organic,Books,75,19,0
2020-12-24,page_view,mobile,organic,Beauty,57,14,0
2020-12-24,page_view,mobile,organic,Toys,73,27,0
2020-12-24,page_view,mobile,email,Apparel,14,3,0
2020-12-24,page_view,mobile,email,Toys,15,4,0
2020-12-24,page_view,tablet,google,Home,21,7,0
2020-12-24,page_view,tablet,google,Sports,257,87,0
2020-12-24,page_view,tablet,organic,Home,11,4,0
2020-12-24,page_view,tablet,organic,Beauty,53,18,0
2020-12-24,page_view,tablet,organic,Toys,10,3,0
2020-12-24,view_item,desktop,google,Apparel,74,32,0
2020-12-24,view_item,desktop,google,Sports,27,13,0
2020-12-24,view_item,desktop,google,Books,23,10,0
2020-12-24,view_item,desktop,direct,Beauty,4,1,0
2020-12-24,view_item,desktop,organic,Books,41,21,0
2020-12-24,view_item,desktop,email,Books,9,3,0
2020-12-24,view_item,mobile,google,Sports,39,14,0
2020-12-24,view_item,mobile,google,Books,20,8,0
2020-12-24,view_item,mobile,direct,Apparel,6,3,0
2020-12-24,view_item,mobile,direct,Home,8,3,0
2020-12-24,view_item,mobile,direct,Sports,55,26,0
2020-12-24,view_item,mobile,direct,Toys,28,13,0
2020-12-24,view_item,mobile,social,Electronics,22,9,0
2020-12-24,view_item,mobile,social,Books,20,8,0
2020-12-24,view_item,mobile,organic,Electronics,22,11,0
2020-12-24,view_item,mobile,organic,Beauty,29,13,0
2020-12-24,view_item,mobile,organic,Toys,104,46,0
2020-12-24,view_item,mobile,email,Electronics,26,12,0
2020-12-24,view_item,mobile,email,Beauty,23,9,0
2020-12-24,view_item,tablet,google,Home,51,25,0
2020-12-24,view_item,tablet,google,Books,81,36,0
2020-12-24,view_item,tablet,social,Home,29,11,0
2020-12-24,add_to_cart,desktop,google,Books,13,6,0
2020-12-24,add_to_cart,desktop,google,Beauty,19,11,0
2020-12-24,add_to_cart,desktop,direct,Electronics,63,39,0
2020-12-24,add_to_cart,desktop,direct,Home,9,5,0
2020-12-24,add_to_cart,desktop,direct,Books,10,5,0
2020-12-24,add_to_cart,desktop,organic,Home,8,4,0
2020-12-24,add_to_cart,desktop,organic,Books,35,17,0
2020-12-24,add_to_cart,desktop,organic,Toys,5,3,0
2020-12-24,add_to_cart,desktop,email,Electronics,34,21,0
2020-12-24,add_to_cart,mobile,google,Apparel,4,2,0
2020-12-24,add_to_cart,mobile,google,Beauty,20,10,0
2020-12-24,add_to_cart,mobile,organic,Home,9,5,0
2020-12-24,add_to_cart,tablet,google,Toys,144,68,0
2020-12-24,add_to_cart,tablet,direct,Apparel,55,30,0
2020-12-24,begin_checkout,desktop,organic,Home,3,2,0
2020-12-24,begin_checkout,mobile,google,Home,16,11,0
2020-12-24,begin_checkout,mobile,email,Sports,3,2,0
2020-12-24,begin_checkout,tablet,email,Books,4,3,0
2020-12-24,purchase,mobile,google,Books,12,10,320.71
2020-12-24,purchase,tablet,google,Apparel,15,12,1602.89
2020-12-25,page_view,desktop,google,Electronics,202,74,0
2020-12-25,page_view,desktop,google,Sports,125,27,0
2020-12-25,page_view,desktop,google,Books,50,16,0
2020-12-25,page_view,desktop,google,Beauty,64,21,0
2020-12-25,page_view,desktop,google,Toys,58,19,0
2020-12-25,page_view,desktop,direct,Apparel,54,18,0
2020-12-25,page_view,desktop,direct,Toys,148,55,0
2020-12-25,page_view,desktop,social,Apparel,27,8,0
2020-12-25,page_view,desktop,social,Home,32,13,0
2020-12-25,page_view,desktop,social,Books,34,13,0
2020-12-25,page_view,desktop,social,Beauty,21,4,0
2020-12-25,page_view,desktop,organic,Electronics,66,18,0
2020-12-25,page_view,desktop,organic,Books,150,53,0
2020-12-25,page_view,desktop,organic,Beauty,228,84,0
2020-12-25,page_view,desktop,organic,Toys,9,2,0
2020-12-25,page_view,desktop,email,Electronics,46,11,0
2020-12-25,page_view,desktop,email,Toys,40,9,0
2020-12-25,page_view,mobile,google,Sports,49,10,0
2020-12-25,page_view,mobile,google,Beauty,65,18,0
2020-12-25,page_view,mobile,google,Toys,42,17,0
2020-12-25,page_view,mobile,direct,Apparel,30,9,0
2020-12-25,page_view,mobile,direct,Home,78,22,0
2020-12-25,page_view,mobile,social,Home,50,18,0
2020-12-25,page_view,mobile,social,Toys,53,17,0
2020-12-25,page_view,mobile,organic,Electronics,37,9,0
2020-12-25,page_view,mobile,organic,Home,27,7,0
2020-12-25,page_view,mobile,organic,Toys,24,9,0
2020-12-25,page_view,mobile,email,Beauty,40,16,0
2020-12-25,page_view,mobile,email,Toys,10,3,0
2020-12-25,page_view,tablet,google,Apparel,79,27,0
2020-12-25,page_view,tablet,google,Home,249,59,0
2020-12-25,page_view,tablet,google,Sports,160,33,0
2020-12-25,page_view,tablet,google,Beauty,41,16,0
2020-12-25,page_view,tablet,direct,Electronics,88,23,0
2020-12-25,page_view,tablet,direct,Books,39,10,0
2020-12-25,page_view,tablet,social,Sports,24,10,0
2020-12-25,page_view,tablet,organic,Home,206,50,0
2020-12-25,page_view,tablet,organic,Books,47,11,0
2020-12-25,view_item,desktop,google,Apparel,17,7,0
2020-12-25,view_item,desktop,google,Toys,64,30,0
2020-12-25,view_item,desktop,direct,Electronics,7,4,0
2020-12-25,view_item,desktop,direct,Home,169,80,0
2020-12-25,view_item,desktop,direct,Sports,84,42,0
2020-12-25,view_item,desktop,direct,Toys,22,11,0
2020-12-25,view_item,desktop,organic,Electronics,8,3,0
2020-12-25,view_item,desktop,organic,Sports,37,18,0
2020-12-25,view_item,desktop,organic,Books,11,5,0
2020-12-25,view_item,desktop,organic,Toys,15,6,0
2020-12-25,view_item,desktop,email,Beauty,9,4,0
2020-12-25,view_item,mobile,google,Apparel,56,26,0
2020-12-25,view_item,mobile,google,Electronics,164,75,0
2020-12-25,view_item,mobile,direct,Home,32,13,0
2020-12-25,view_item,mobile,direct,Toys,14,6,0
2020-12-25,view_item,mobile,social,Sports,20,8,0
2020-12-25,view_item,mobile,social,Books,93,48,0
2020-12-25,view_item,mobile,organic,Sports,147,65,0
2020-12-25,view_item,mobile,email,Home,21,11,0
2020-12-25,view_item,mobile,email,Sports,21,10,0
2020-12-25,view_item,tablet,direct,Sports,50,26,0
2020-12-25,view_item,tablet,social,Electronics,113,42,0
2020-12-25,view_item,tablet,organic,Toys,18,8,0
2020-12-25,add_to_cart,desktop,google,Apparel,16,9,0
2020-12-25,add_to_cart,desktop,google,Electronics,26,12,0
2020-12-25,add_to_cart,desktop,direct,Apparel,121,60,0
2020-12-25,add_to_cart,desktop,direct,Electronics,16,9,0
2020-12-25,add_to_cart,desktop,direct,Books,12,8,0
2020-12-25,add_to_cart,mobile,google,Electronics,9,5,0
2020-12-25,add_to_cart,mobile,google,Beauty,24,11,0
2020-12-25,add_to_cart,mobile,direct,Apparel,64,40,0
2020-12-25,add_to_cart,mobile,organic,Electronics,3,2,0
2020-12-25,add_to_cart,mobile,organic,Home,7,4,0
2020-12-25,add_to_cart,mobile,email,Beauty,2,1,0
2020-12-25,add_to_cart,tablet,direct,Beauty,4,2,0
2020-12-25,begin_checkout,desktop,google,Electronics,5,3,0
2020-12-25,begin_checkout,desktop,google,Home,12,9,0
2020-12-25,begin_checkout,desktop,organic,Sports,5,3,0
2020-12-25,begin_checkout,mobile,google,Home,14,9,0
2020-12-25,begin_checkout,mobile,google,Toys,4,2,0
2020-12-25,begin_checkout,mobile,social,Apparel,5,4,0
2020-12-25,begin_checkout,mobile,organic,Home,4,2,0
2020-12-25,purchase,desktop,social,Sports,2,2,126.42
2020-12-25,purchase,mobile,google,Sports,20,15,1378.24
2020-12-25,purchase,mobile,organic,Home,2,2,144.79
2020-12-25,purchase,tablet,social,Electronics,9,6,2593.31
2020-12-26,page_view,desktop,google,Apparel,196,49,0
2020-12-26,page_view,desktop,google,Electronics,35,13,0
2020-12-26,page_view,desktop,google,Home,24,8,0
2020-12-26,page_view,desktop,google,Sports,197,60,0
2020-12-26,page_view,desktop,google,Books,210,44,0
2020-12-26,page_view,desktop,google,Beauty,28,6,0
2020-12-26,page_view,desktop,direct,Apparel,40,10,0
2020-12-26,page_view,desktop,direct,Electronics,139,32,0
2020-12-26,page_view,desktop,direct,Sports,16,4,0
2020-12-26,page_view,desktop,direct,Beauty,282,57,0
2020-12-26,page_view,desktop,social,Electronics,42,16,0
2020-12-26,page_view,desktop,social,Beauty,32,8,0
2020-12-26,page_view,desktop,organic,Apparel,14,4,0
2020-12-26,page_view,desktop,organic,Electronics,58,20,0
2020-12-26,page_view,desktop,organic,Home,201,69,0
2020-12-26,page_view,desktop,organic,Sports,179,51,0
2020-12-26,page_view,desktop,organic,Books,24,5,0
2020-12-26,page_view,desktop,organic,Beauty,168,46,0
2020-12-26,page_view,desktop,organic,Toys,95,21,0
2020-12-26,page_view,mobile,google,Electronics,11,4,0
2020-12-26,page_view,mobile,google,Home,92,34,0
2020-12-26,page_view,mobile,google,Sports,210,51,0
2020-12-26,page_view,mobile,google,Books,601,235,0
2020-12-26,page_view,mobile,google,Beauty,59,18,0
2020-12-26,page_view,mobile,google,Toys,242,73,0
2020-12-26,page_view,mobile,direct,Home,6,2,0
2020-12-26,page_view,mobile,direct,Beauty,14,3,0
2020-12-26,page_view,mobile,social,Electronics,163,39,0
2020-12-26,page_view,mobile,social,Beauty,108,42,0
2020-12-26,page_view,mobile,organic,Apparel,67,23,0
2020-12-26,page_view,mobile,organic,Electronics,31,9,0
2020-12-26,page_view,mobile,organic,Home,338,133,0
2020-12-26,page_view,mobile,organic,Books,79,25,0
2020-12-26,page_view,mobile,organic,Beauty,7,2,0
2020-12-26,page_view,mobile,email,Home,317,104,0
2020-12-26,page_view,mobile,email,Beauty,52,15,0
2020-12-26,page_view,tablet,google,Beauty,27,8,0
2020-12-26,page_view,tablet,direct,Apparel,63,19,0
2020-12-26,page_view,tablet,direct,Beauty,31,11,0
2020-12-26,page_view,tablet,direct,Toys,275,108,0
2020-12-26,page_view,tablet,organic,Electronics,118,27,0
2020-12-26,page_view,tablet,organic,Beauty,214,58,0
2020-12-26,view_item,desktop,google,Electronics,26,14,0
2020-12-26,view_item,desktop,google,Home,353,182,0
2020-12-26,view_item,desktop,google,Books,9,4,0
2020-12-26,view_item,desktop,google,Toys,51,27,0
2020-12-26,view_item,desktop,direct,Beauty,30,14,0
2020-12-26,view_item,desktop,social,Apparel,25,10,0
2020-12-26,view_item,desktop,social,Home,22,11,0
2020-12-26,view_item,desktop,social,Books,24,12,0
2020-12-26,view_item,desktop,social,Toys,39,17,0
2020-12-26,view_item,desktop,organic,Apparel,26,11,0
2020-12-26,view_item,desktop,organic,Beauty,23,10,0
2020-12-26,view_item,mobile,google,Sports,27,14,0
2020-12-26,view_item,mobile,google,Books,296,154,0
2020-12-26,view_item,mobile,google,Beauty,36,16,0
2020-12-26,view_item,mobile,direct,Apparel,93,44,0
2020-12-26,view_item,mobile,direct,Home,9,3,0
2020-12-26,view_item,mobile,direct,Toys,28,11,0
2020-12-26,view_item,mobile,social,Apparel,15,8,0
2020-12-26,view_item,mobile,social,Electronics,101,35,0
2020-12-26,view_item,mobile,organic,Home,86,34,0
2020-12-26,view_item,mobile,organic,Sports,10,5,0
2020-12-26,view_item,mobile,organic,Toys,25,10,0
2020-12-26,view_item,mobile,email,Apparel,33,15,0
2020-12-26,view_item,tablet,direct,Electronics,11,5,0
2020-12-26,view_item,tablet,social,Apparel,61,23,0
2020-12-26,view_item,tablet,organic,Sports,44,21,0
2020-12-26,view_item,tablet,email,Sports,19,7,0
2020-12-26,add_to_cart,desktop,google,Electronics,51,23,0
2020-12-26,add_to_cart,desktop,direct,Home,21,12,0
2020-12-26,add_to_cart,desktop,direct,Sports,21,11,0
2020-12-26,add_to_cart,desktop,direct,Books,22,13,0
2020-12-26,add_to_cart,desktop,social,Sports,7,3,0
2020-12-26,add_to_cart,mobile,google,Electronics,143,84,0
2020-12-26,add_to_cart,mobile,direct,Books,13,7,0
2020-12-26,add_to_cart,mobile,direct,Beauty,3,2,0
2020-12-26,add_to_cart,tablet,google,Electronics,10,6,0
2020-12-26,add_to_cart,tablet,google,Home,27,16,0
2020-12-26,add_to_cart,tablet,direct,Home,29,15,0
2020-12-26,begin_checkout,desktop,google,Sports,38,26,0
2020-12-26,begin_checkout,desktop,google,Books,3,2,0
2020-12-26,begin_checkout,desktop,direct,Apparel,12,7,0
2020-12-26,begin_checkout,desktop,direct,Home,30,17,0
2020-12-26,begin_checkout,desktop,direct,Beauty,13,8,0
2020-12-26,begin_checkout,desktop,social,Apparel,6,4,0
2020-12-26,begin_checkout,desktop,email,Apparel,3,2,0
2020-12-26,begin_checkout,mobile,google,Apparel,14,10,0
2020-12-26,begin_checkout,mobile,social,Sports,7,5,0
2020-12-26,begin_checkout,mobile,organic,Sports,6,4,0
2020-12-26,purchase,desktop,organic,Home,2,2,156.99
2020-12-26,purchase,mobile,organic,Books,3,2,59.54
2020-12-26,purchase,mobile,email,Apparel,2,2,125.82
2020-12-26,purchase,tablet,organic,Apparel,6,5,412.45
2020-12-27,page_view,desktop,google,Apparel,38,8,0
2020-12-27,page_view,desktop,google,Electronics,238,69,0
2020-12-27,page_view,desktop,google,Home,144,53,0
2020-12-27,page_view,desktop,google,Sports,83,19,0
2020-12-27,page_view,desktop,google,Books,59,13,0
2020-12-27,page_view,desktop,google,Beauty,113,32,0
2020-12-27,page_view,desktop,direct,Apparel,122,26,0
2020-12-27,page_view,desktop,direct,Home,72,21,0
2020-12-27,page_view,desktop,direct,Sports,16,4,0
2020-12-27,page_view,desktop,direct,Beauty,33,7,0
2020-12-27,page_view,desktop,direct,Toys,44,14,0
2020-12-27,page_view,desktop,social,Apparel,121,27,0
2020-12-27,page_view,desktop,social,Sports,13,5,0
2020-12-27,page_view,desktop,social,Books,7,2,0
2020-12-27,page_view,desktop,organic,Apparel,16,4,0
2020-12-27,page_view,desktop,organic,Electronics,268,91,0
2020-12-27,page_view,desktop,organic,Home,29,12,0
2020-12-27,page_view,desktop,organic,Sports,28,10,0
2020-12-27,page_view,desktop,organic,Beauty,55,16,0
2020-12-27,page_view,desktop,organic,Toys,67,23,0
2020-12-27,page_view,desktop,email,Apparel,126,47,0
2020-12-27,page_view,desktop,email,Sports,31,11,0
2020-12-27,page_view,mobile,google,Apparel,31,12,0
2020-12-27,page_view,mobile,google,Electronics,191,73,0
2020-12-27,page_view,mobile,google,Books,29,7,0
2020-12-27,page_view,mobile,direct,Books,15,3,0
2020-12-27,page_view,mobile,direct,Beauty,47,11,0
2020-12-27,page_view,mobile,direct,Toys,112,31,0
2020-12-27,page_view,mobile,social,Sports,56,17,0
2020-12-27,page_view,mobile,organic,Apparel,262,102,0
2020-12-27,page_view,tablet,google,Electronics,47,11,0
2020-12-27,page_view,tablet,google,Books,90,21,0
2020-12-27,page_view,tablet,google,Beauty,346,128,0
2020-12-27,page_view,tablet,direct,Books,35,11,0
2020-12-27,page_view,tablet,social,Apparel,45,10,0
2020-12-27,page_view,tablet,social,Electronics,131,40,0
2020-12-27,page_view,tablet,social,Books,27,10,0
2020-12-27,page_view,tablet,organic,Home,364,107,0
2020-12-27,page_view,tablet,organic,Beauty,55,18,0
2020-12-27,page_view,tablet,email,Beauty,77,26,0
2020-12-27,view_item,desktop,google,Electronics,10,4,0
2020-12-27,view_item,desktop,google,Home,16,7,0
2020-12-27,view_item,desktop,google,Books,31,16,0
2020-12-27,view_item,desktop,google,Beauty,101,54,0
2020-12-27,view_item,desktop,google,Toys,27,11,0
2020-12-27,view_item,desktop,direct,Electronics,58,27,0
2020-12-27,view_item,desktop,direct,Books,5,2,0
2020-12-27,view_item,desktop,direct,Beauty,10,4,0
2020-12-27,view_item,desktop,direct,Toys,16,6,0
2020-12-27,view_item,desktop,social,Beauty,10,4,0
2020-12-27,view_item,desktop,organic,Apparel,46,20,0
2020-12-27,view_item,desktop,email,Sports,28,12,0
2020-12-27,view_item,desktop,email,Books,6,3,0
2020-12-27,view_item,desktop,email,Beauty,21,8,0
2020-12-27,view_item,mobile,google,Electronics,7,3,0
2020-12-27,view_item,mobile,google,Home,42,18,0
2020-12-27,view_item,mobile,google,Toys,40,20,0
2020-12-27,view_item,mobile,direct,Beauty,6,3,0
2020-12-27,view_item,mobile,social,Home,11,5,0
2020-12-27,view_item,mobile,social,Sports,12,5,0
2020-12-27,view_item,mobile,social,Books,16,6,0
2020-12-27,view_item,mobile,organic,Electronics,232,117,0
2020-12-27,view_item,mobile,organic,Toys,30,15,0
2020-12-27,view_item,tablet,google,Home,41,16,0
2020-12-27,view_item,tablet,direct,Toys,29,11,0
2020-12-27,view_item,tablet,social,Toys,5,3,0
2020-12-27,view_item,tablet,organic,Books,33,14,0
2020-12-27,add_to_cart,desktop,direct,Sports,52,29,0
2020-12-27,add_to_cart,desktop,social,Home,5,3,0
2020-12-27,add_to_cart,desktop,organic,Beauty,5,3,0
2020-12-27,add_to_cart,mobile,google,Sports,71,37,0
2020-12-27,add_to_cart,mobile,social,Electronics,2,1,0
2020-12-27,add_to_cart,mobile,social,Beauty,1,1,0
2020-12-27,add_to_cart,mobile,social,Toys,29,17,0
2020-12-27,add_to_cart,mobile,organic,Apparel,6,4,0
2020-12-27,add_to_cart,tablet,direct,Apparel,8,5,0
2020-12-27,add_to_cart,tablet,direct,Sports,7,4,0
2020-12-27,begin_checkout,mobile,social,Electronics,5,3,0
2020-12-27,begin_checkout,mobile,organic,Home,24,17,0
2020-12-27,purchase,mobile,direct,Sports,6,5,371.09
2020-12-27,purchase,tablet,direct,Sports,21,16,1333.86
2020-12-28,page_view,desktop,google,Apparel,11,3,0
2020-12-28,page_view,desktop,google,Electronics,92,24,0
2020-12-28,page_view,desktop,google,Home,127,38,0
2020-12-28,page_view,desktop,google,Sports,30,9,0
2020-12-28,page_view,desktop,google,Beauty,176,51,0
2020-12-28,page_view,desktop,google,Toys,50,19,0
2020-12-28,page_view,desktop,direct,Sports,16,3,0
2020-12-28,page_view,desktop,direct,Books,182,39,0
2020-12-28,page_view,desktop,social,Apparel,229,64,0
2020-12-28,page_view,desktop,social,Electronics,9,3,0
2020-12-28,page_view,desktop,social,Toys,122,41,0
2020-12-28,page_view,desktop,organic,Apparel,109,22,0
2020-12-28,page_view,desktop,organic,Electronics,31,11,0
2020-12-28,page_view,desktop,organic,Home,206,65,0
2020-12-28,page_view,desktop,organic,Sports,93,25,0
2020-12-28,page_view,desktop,organic,Books,19,5,0
2020-12-28,page_view,desktop,organic,Beauty,132,29,0
2020-12-28,page_view,desktop,organic,Toys,50,14,0
2020-12-28,page_view,desktop,email,Toys,8,2,0
2020-12-28,page_view,mobile,google,Electronics,81,32,0
2020-12-28,page_view,mobile,google,Books,147,33,0
2020-12-28,page_view,mobile,google,Toys,64,17,0
2020-12-28,page_view,mobile,direct,Home,73,19,0
2020-12-28,page_view,mobile,direct,Beauty,125,42,0
2020-12-28,page_view,mobile,social,Beauty,49,15,0
2020-12-28,page_view,mobile,organic,Apparel,18,5,0
2020-12-28,page_view,mobile,organic,Electronics,54,16,0
2020-12-28,page_view,mobile,organic,Sports,922,309,0
2020-12-28,page_view,mobile,email,Beauty,58,13,0
2020-12-28,page_view,tablet,google,Electronics,92,21,0
2020-12-28,page_view,tablet,google,Books,67,23,0
2020-12-28,page_view,tablet,google,Toys,85,33,0
2020-12-28,page_view,tablet,direct,Sports,237,79,0
2020-12-28,page_view,tablet,direct,Beauty,26,8,0
2020-12-28,page_view,tablet,social,Home,22,8,0
2020-12-28,page_view,tablet,organic,Apparel,29,6,0
2020-12-28,page_view,tablet,organic,Home,19,7,0
2020-12-28,page_view,tablet,organic,Sports,39,13,0
2020-12-28,page_view,tablet,organic,Books,40,16,0
2020-12-28,page_view,tablet,organic,Beauty,124,46,0
2020-12-28,view_item,desktop,google,Sports,14,6,0
2020-12-28,view_item,desktop,google,Toys,107,50,0
2020-12-28,view_item,desktop,direct,Apparel,14,7,0
2020-12-28,view_item,desktop,direct,Books,59,32,0
2020-12-28,view_item,desktop,direct,Toys,6,3,0
2020-12-28,view_item,desktop,social,Apparel,28,13,0
2020-12-28,view_item,desktop,social,Electronics,26,12,0
2020-12-28,view_item,desktop,organic,Apparel,18,10,0
2020-12-28,view_item,desktop,organic,Sports,33,12,0
2020-12-28,view_item,desktop,organic,Beauty,23,9,0
2020-12-28,view_item,mobile,google,Home,94,51,0
2020-12-28,view_item,mobile,google,Books,49,22,0
2020-12-28,view_item,mobile,direct,Apparel,7,4,0
2020-12-28,view_item,mobile,social,Apparel,19,9,0
2020-12-28,view_item,mobile,social,Books,8,4,0
2020-12-28,view_item,mobile,organic,Apparel,56,30,0
2020-12-28,view_item,mobile,organic,Sports,48,24,0
2020-12-28,view_item,mobile,organic,Beauty,144,64,0
2020-12-28,view_item,tablet,google,Electronics,55,24,0
2020-12-28,add_to_cart,desktop,google,Books,92,56,0
2020-12-28,add_to_cart,desktop,direct,Sports,3,2,0
2020-12-28,add_to_cart,desktop,social,Sports,5,3,0
2020-12-28,add_to_cart,desktop,organic,Apparel,10,5,0
2020-12-28,add_to_cart,desktop,organic,Electronics,3,2,0
2020-12-28,add_to_cart,desktop,organic,Sports,14,8,0
2020-12-28,add_to_cart,mobile,google,Books,26,14,0
2020-12-28,add_to_cart,mobile,direct,Home,20,12,0
2020-12-28,add_to_cart,mobile,social,Apparel,8,4,0
2020-12-28,add_to_cart,mobile,social,Electronics,12,8,0
2020-12-28,add_to_cart,mobile,social,Books,5,3,0
2020-12-28,add_to_cart,mobile,social,Beauty,46,22,0
2020-12-28,add_to_cart,mobile,organic,Apparel,22,13,0
2020-12-28,add_to_cart,mobile,email,Books,16,9,0
2020-12-28,add_to_cart,tablet,google,Electronics,26,15,0
2020-12-28,add_to_cart,tablet,direct,Sports,95,56,0
2020-12-28,add_to_cart,tablet,organic,Books,9,4,0
2020-12-28,begin_checkout,desktop,google,Toys,7,4,0
2020-12-28,begin_checkout,mobile,google,Sports,8,6,0
2020-12-28,begin_checkout,mobile,direct,Apparel,9,7,0
2020-12-28,begin_checkout,mobile,email,Books,4,3,0
2020-12-28,purchase,tablet,google,Beauty,14,12,574.53
2020-12-28,purchase,tablet,social,Beauty,15,13,633.14
2020-12-29,page_view,desktop,google,Apparel,45,11,0
2020-12-29,page_view,desktop,google,Home,137,49,0
2020-12-29,page_view,desktop,google,Sports,137,32,0
2020-12-29,page_view,desktop,google,Books,407,86,0
2020-12-29,page_view,desktop,direct,Electronics,26,8,0
2020-12-29,page_view,desktop,direct,Home,25,5,0
2020-12-29,page_view,desktop,direct,Sports,12,4,0
2020-12-29,page_view,desktop,direct,Books,39,13,0
2020-12-29,page_view,desktop,direct,Toys,129,30,0
2020-12-29,page_view,desktop,social,Apparel,153,34,0
2020-12-29,page_view,desktop,organic,Electronics,43,12,0
2020-12-29,page_view,desktop,organic,Sports,15,3,0
2020-12-29,page_view,desktop,organic,Beauty,45,10,0
2020-12-29,page_view,desktop,email,Electronics,118,24,0
2020-12-29,page_view,desktop,email,Home,84,34,0
2020-12-29,page_view,mobile,google,Apparel,159,50,0
2020-12-29,page_view,mobile,google,Home,55,13,0
2020-12-29,page_view,mobile,direct,Apparel,19,6,0
2020-12-29,page_view,mobile,direct,Home,702,256,0
2020-12-29,page_view,mobile,direct,Sports,35,12,0
2020-12-29,page_view,mobile,direct,Books,77,28,0
2020-12-29,page_view,mobile,direct,Toys,139,54,0
2020-12-29,page_view,mobile,social,Books,44,13,0
2020-12-29,page_view,mobile,social,Toys,96,36,0
2020-12-29,page_view,mobile,organic,Apparel,44,15,0
2020-12-29,page_view,mobile,organic,Electronics,52,19,0
2020-12-29,page_view,mobile,organic,Home,48,15,0
2020-12-29,page_view,mobile,organic,Beauty,125,30,0
2020-12-29,page_view,mobile,email,Home,81,17,0
2020-12-29,page_view,mobile,email,Books,15,5,0
2020-12-29,page_view,tablet,google,Electronics,455,131,0
2020-12-29,page_view,tablet,google,Beauty,333,111,0
2020-12-29,page_view,tablet,google,Toys,37,8,0
2020-12-29,page_view,tablet,direct,Apparel,255,91,0
2020-12-29,page_view,tablet,direct,Sports,177,70,0
2020-12-29,page_view,tablet,direct,Books,90,36,0
2020-12-29,page_view,tablet,social,Home,121,43,0
2020-12-29,page_view,tablet,organic,Home,135,46,0
2020-12-29,page_view,tablet,organic,Toys,31,12,0
2020-12-29,view_item,desktop,google,Beauty,30,15,0
2020-12-29,view_item,desktop,direct,Sports,74,28,0
2020-12-29,view_item,desktop,direct,Books,14,8,0
2020-12-29,view_item,desktop,direct,Toys,45,23,0
2020-12-29,view_item,desktop,organic,Books,44,24,0
2020-12-29,view_item,desktop,email,Toys,41,19,0
2020-12-29,view_item,mobile,google,Sports,69,25,0
2020-12-29,view_item,mobile,social,Home,30,12,0
2020-12-29,view_item,mobile,social,Books,259,127,0
2020-12-29,view_item,mobile,social,Beauty,36,17,0
2020-12-29,view_item,mobile,organic,Home,11,5,0
2020-12-29,view_item,mobile,organic,Books,60,23,0
2020-12-29,view_item,tablet,social,Toys,51,20,0
2020-12-29,view_item,tablet,organic,Home,55,26,0
2020-12-29,view_item,tablet,organic,Beauty,37,17,0
2020-12-29,view_item,tablet,email,Toys,56,24,0
2020-12-29,add_to_cart,desktop,google,Toys,10,6,0
2020-12-29,add_to_cart,desktop,direct,Electronics,25,15,0
2020-12-29,add_to_cart,desktop,direct,Toys,60,37,0
2020-12-29,add_to_cart,desktop,organic,Home,35,19,0
2020-12-29,add_to_cart,mobile,google,Sports,8,4,0
2020-12-29,add_to_cart,mobile,email,Apparel,2,1,0
2020-12-29,add_to_cart,tablet,google,Electronics,15,10,0
2020-12-29,add_to_cart,tablet,direct,Beauty,7,3,0
2020-12-29,begin_checkout,desktop,google,Electronics,35,26,0
2020-12-29,begin_checkout,desktop,direct,Beauty,15,10,0
2020-12-29,begin_checkout,desktop,social,Toys,9,5,0
2020-12-29,begin_checkout,desktop,organic,Beauty,4,3,0
2020-12-29,begin_checkout,mobile,organic,Apparel,2,1,0
2020-12-29,purchase,desktop,google,Sports,5,4,218.41
2020-12-29,purchase,desktop,social,Home,19,16,876.41
2020-12-29,purchase,mobile,direct,Apparel,26,18,2151.84
2020-12-29,purchase,mobile,social,Electronics,5,4,1143.84
2020-12-30,page_view,desktop,google,Apparel,181,63,0
2020-12-30,page_view,desktop,google,Electronics,127,36,0
2020-12-30,page_view,desktop,google,Home,75,24,0
2020-12-30,page_view,desktop,google,Sports,199,77,0
2020-12-30,page_view,desktop,google,Books,99,36,0
2020-12-30,page_view,desktop,google,Beauty,310,82,0
2020-12-30,page_view,desktop,google,Toys,81,17,0
2020-12-30,page_view,desktop,direct,Electronics,45,9,0
2020-12-30,page_view,desktop,direct,Home,383,118,0
2020-12-30,page_view,desktop,direct,Sports,13,3,0
2020-12-30,page_view,desktop,direct,Books,34,7,0
2020-12-30,page_view,desktop,direct,Beauty,49,17,0
2020-12-30,page_view,desktop,social,Apparel,116,41,0
2020-12-30,page_view,desktop,social,Electronics,96,25,0
2020-12-30,page_view,desktop,social,Books,57,20,0
2020-12-30,page_view,desktop,organic,Electronics,40,13,0
2020-12-30,page_view,desktop,organic,Home,50,16,0
2020-12-30,page_view,desktop,organic,Sports,16,5,0
2020-12-30,page_view,desktop,organic,Books,105,33,0
2020-12-30,page_view,desktop,organic,Toys,41,11,0
2020-12-30,page_view,mobile,google,Apparel,121,27,0
2020-12-30,page_view,mobile,google,Electronics,208,53,0
2020-12-30,page_view,mobile,google,Home,60,19,0
2020-12-30,page_view,mobile,google,Beauty,77,31,0
2020-12-30,page_view,mobile,google,Toys,39,12,0
2020-12-30,page_view,mobile,direct,Sports,366,140,0
2020-12-30,page_view,mobile,direct,Books,43,15,0
2020-12-30,page_view,mobile,direct,Beauty,64,25,0
2020-12-30,page_view,mobile,direct,Toys,59,13,0
2020-12-30,page_view,mobile,social,Apparel,248,76,0
2020-12-30,page_view,mobile,social,Books,44,14,0
2020-12-30,page_view,mobile,organic,Apparel,140,49,0
2020-12-30,page_view,mobile,organic,Electronics,48,13,0
2020-12-30,page_view,mobile,organic,Home,16,4,0
2020-12-30,page_view,mobile,organic,Sports,25,5,0
2020-12-30,page_view,mobile,organic,Beauty,18,6,0
2020-12-30,page_view,mobile,email,Home,150,35,0
2020-12-30,page_view,tablet,google,Electronics,281,82,0
2020-12-30,page_view,tablet,google,Home,27,10,0
2020-12-30,page_view,tablet,google,Books,20,8,0
2020-12-30,page_view,tablet,google,Beauty,183,64,0
2020-12-30,page_view,tablet,organic,Apparel,13,5,0
2020-12-30,page_view,tablet,organic,Home,74,22,0
2020-12-30,page_view,tablet,organic,Sports,4,1,0
2020-12-30,page_view,tablet,organic,Toys,51,18,0
2020-12-30,page_view,tablet,email,Home,111,33,0
2020-12-30,view_item,desktop,google,Apparel,56,24,0
2020-12-30,view_item,desktop,google,Electronics,44,19,0
2020-12-30,view_item,desktop,direct,Home,11,6,0
2020-12-30,view_item,desktop,social,Sports,96,50,0
2020-12-30,view_item,desktop,social,Books,11,5,0
2020-12-30,view_item,desktop,organic,Apparel,43,18,0
2020-12-30,view_item,desktop,organic,Electronics,25,13,0
2020-12-30,view_item,desktop,email,Electronics,13,6,0
2020-12-30,view_item,desktop,email,Beauty,8,3,0
2020-12-30,view_item,mobile,google,Electronics,9,3,0
2020-12-30,view_item,mobile,google,Home,419,225,0
2020-12-30,view_item,mobile,direct,Apparel,31,16,0
2020-12-30,view_item,mobile,direct,Books,3,1,0
2020-12-30,view_item,mobile,direct,Toys,44,19,0
2020-12-30,view_item,mobile,social,Apparel,3,1,0
2020-12-30,view_item,mobile,social,Home,33,12,0
2020-12-30,view_item,mobile,social,Books,27,13,0
2020-12-30,view_item,mobile,email,Home,9,4,0
2020-12-30,view_item,tablet,direct,Electronics,129,64,0
2020-12-30,view_item,tablet,organic,Home,6,3,0
2020-12-30,add_to_cart,desktop,google,Apparel,11,5,0
2020-12-30,add_to_cart,desktop,google,Electronics,22,12,0
2020-12-30,add_to_cart,desktop,google,Home,9,5,0
2020-12-30,add_to_cart,desktop,google,Books,29,15,0
2020-12-30,add_to_cart,desktop,direct,Electronics,9,4,0
2020-12-30,add_to_cart,desktop,direct,Beauty,9,4,0
2020-12-30,add_to_cart,desktop,organic,Apparel,12,6,0
2020-12-30,add_to_cart,mobile,google,Electronics,16,7,0
2020-12-30,add_to_cart,mobile,google,Sports,19,10,0
2020-12-30,add_to_cart,mobile,direct,Apparel,3,2,0
2020-12-30,add_to_cart,tablet,google,Apparel,5,3,0
2020-12-30,add_to_cart,tablet,google,Books,3,2,0
2020-12-30,add_to_cart,tablet,direct,Toys,5,3,0
2020-12-30,begin_checkout,desktop,google,Home,21,14,0
2020-12-30,begin_checkout,desktop,organic,Electronics,2,1,0
2020-12-30,begin_checkout,mobile,direct,Sports,4,2,0
2020-12-30,begin_checkout,tablet,social,Home,7,4,0
2020-12-30,purchase,desktop,direct,Toys,8,6,247.79
2020-12-30,purchase,mobile,direct,Apparel,1,1,70.51
2020-12-30,purchase,mobile,direct,Sports,6,5,285.6
2020-12-30,purchase,tablet,social,Electronics,15,12,2945.54
2020-12-31,page_view,desktop,google,Apparel,110,26,0
2020-12-31,page_view,desktop,google,Home,230,50,0
2020-12-31,page_view,desktop,google,Sports,23,5,0
2020-12-31,page_view,desktop,google,Books,90,34,0
2020-12-31,page_view,desktop,google,Toys,15,4,0
2020-12-31,page_view,desktop,direct,Apparel,106,32,0
2020-12-31,page_view,desktop,direct,Electronics,77,16,0
2020-12-31,page_view,desktop,direct,Home,54,18,0
2020-12-31,page_view,desktop,direct,Sports,9,2,0
2020-12-31,page_view,desktop,direct,Books,54,14,0
2020-12-31,page_view,desktop,direct,Beauty,572,212,0
2020-12-31,page_view,desktop,direct,Toys,26,6,0
2020-12-31,page_view,desktop,social,Home,100,35,0
2020-12-31,page_view,desktop,organic,Electronics,26,7,0
2020-12-31,page_view,desktop,organic,Home,22,5,0
2020-12-31,page_view,desktop,organic,Sports,14,4,0
2020-12-31,page_view,desktop,organic,Books,84,23,0
2020-12-31,page_view,desktop,organic,Toys,22,6,0
2020-12-31,page_view,desktop,email,Apparel,54,19,0
2020-12-31,page_view,mobile,google,Electronics,183,69,0
2020-12-31,page_view,mobile,google,Home,129,35,0
2020-12-31,page_view,mobile,google,Beauty,58,14,0
2020-12-31,page_view,mobile,direct,Apparel,34,9,0
2020-12-31,page_view,mobile,direct,Books,28,7,0
2020-12-31,page_view,mobile,direct,Beauty,164,49,0
2020-12-31,page_view,mobile,social,Apparel,17,6,0
2020-12-31,page_view,mobile,social,Books,73,23,0
2020-12-31,page_view,mobile,social,Beauty,14,5,0
2020-12-31,page_view,mobile,organic,Apparel,88,19,0
2020-12-31,page_view,mobile,organic,Home,7,1,0
2020-12-31,page_view,mobile,organic,Books,76,16,0
2020-12-31,page_view,mobile,organic,Toys,67,24,0
2020-12-31,page_view,mobile,email,Apparel,58,12,0
2020-12-31,page_view,mobile,email,Beauty,26,10,0
2020-12-31,page_view,mobile,email,Toys,45,13,0
2020-12-31,page_view,tablet,direct,Books,49,12,0
2020-12-31,page_view,tablet,social,Home,26,7,0
2020-12-31,page_view,tablet,organic,Beauty,38,14,0
2020-12-31,page_view,tablet,organic,Toys,69,28,0
2020-12-31,page_view,tablet,email,Home,13,4,0
2020-12-31,view_item,desktop,google,Beauty,17,6,0
2020-12-31,view_item,desktop,google,Toys,55,24,0
2020-12-31,view_item,desktop,direct,Apparel,42,22,0
2020-12-31,view_item,desktop,direct,Home,35,18,0
2020-12-31,view_item,desktop,social,Sports,26,9,0
2020-12-31,view_item,desktop,organic,Electronics,28,15,0
2020-12-31,view_item,desktop,organic,Beauty,14,6,0
2020-12-31,view_item,desktop,email,Books,15,7,0
2020-12-31,view_item,mobile,direct,Electronics,30,13,0
2020-12-31,view_item,mobile,social,Books,10,4,0
2020-12-31,view_item,mobile,organic,Apparel,29,13,0
2020-12-31,view_item,mobile,organic,Books,202,103,0
2020-12-31,view_item,mobile,email,Electronics,23,10,0
2020-12-31,view_item,tablet,email,Sports,12,4,0
2020-12-31,add_to_cart,desktop,social,Apparel,8,5,0
2020-12-31,add_to_cart,mobile,google,Beauty,15,8,0
2020-12-31,add_to_cart,mobile,direct,Apparel,20,10,0
2020-12-31,add_to_cart,mobile,direct,Beauty,4,3,0
2020-12-31,add_to_cart,mobile,organic,Toys,9,4,0
2020-12-31,add_to_cart,tablet,google,Sports,48,25,0
2020-12-31,begin_checkout,desktop,google,Books,11,6,0
2020-12-31,begin_checkout,desktop,google,Toys,7,5,0
2020-12-31,begin_checkout,desktop,organic,Beauty,15,11,0
2020-12-31,begin_checkout,mobile,google,Apparel,5,3,0
2020-12-31,begin_checkout,mobile,social,Toys,14,9,0
2020-12-31,purchase,mobile,google,Beauty,11,10,409.52
2021-01-01,page_view,desktop,google,Apparel,159,46,0
2021-01-01,page_view,desktop,google,Home,11,2,0
2021-01-01,page_view,desktop,google,Beauty,221,87,0
2021-01-01,page_view,desktop,direct,Electronics,43,11,0
2021-01-01,page_view,desktop,direct,Toys,213,67,0
2021-01-01,page_view,desktop,social,Apparel,147,44,0
2021-01-01,page_view,desktop,social,Beauty,43,13,0
2021-01-01,page_view,desktop,organic,Apparel,57,17,0
2021-01-01,page_view,desktop,organic,Electronics,372,104,0
2021-01-01,page_view,desktop,organic,Sports,20,6,0
2021-01-01,page_view,desktop,organic,Beauty,12,3,0
2021-01-01,page_view,desktop,organic,Toys,74,24,0
2021-01-01,page_view,desktop,email,Apparel,17,7,0
2021-01-01,page_view,mobile,google,Apparel,59,19,0
2021-01-01,page_view,mobile,google,Electronics,279,86,0
2021-01-01,page_view,mobile,google,Home,19,4,0
2021-01-01,page_view,mobile,google,Sports,58,20,0
2021-01-01,page_view,mobile,google,Books,28,8,0
2021-01-01,page_view,mobile,google,Beauty,96,30,0
2021-01-01,page_view,mobile,direct,Electronics,27,7,0
2021-01-01,page_view,mobile,direct,Sports,148,40,0
2021-01-01,page_view,mobile,direct,Books,18,4,0
2021-01-01,page_view,mobile,direct,Beauty,30,9,0
2021-01-01,page_view,mobile,direct,Toys,76,27,0
2021-01-01,page_view,mobile,social,Apparel,21,7,0
2021-01-01,page_view,mobile,social,Electronics,28,9,0
2021-01-01,page_view,mobile,social,Sports,168,66,0
2021-01-01,page_view,mobile,social,Beauty,33,11,0
2021-01-01,page_view,mobile,organic,Apparel,191,69,0
2021-01-01,page_view,mobile,organic,Sports,50,11,0
2021-01-01,page_view,mobile,organic,Toys,125,27,0
2021-01-01,page_view,mobile,email,Books,21,8,0
2021-01-01,page_view,mobile,email,Beauty,120,36,0
2021-01-01,page_view,mobile,email,Toys,14,5,0
2021-01-01,page_view,tablet,google,Apparel,62,20,0
2021-01-01,page_view,tablet,google,Electronics,88,18,0
2021-01-01,page_view,tablet,social,Apparel,10,3,0
2021-01-01,page_view,tablet,social,Home,35,8,0
2021-01-01,page_view,tablet,organic,Apparel,275,59,0
2021-01-01,page_view,tablet,organic,Home,7,2,0
2021-01-01,view_item,desktop,google,Electronics,10,5,0
2021-01-01,view_item,desktop,google,Home,73,40,0
2021-01-01,view_item,desktop,direct,Electronics,38,19,0
2021-01-01,view_item,desktop,direct,Toys,13,7,0
2021-01-01,view_item,desktop,social,Home,56,20,0
2021-01-01,view_item,desktop,social,Sports,31,15,0
2021-01-01,view_item,desktop,organic,Apparel,23,12,0
2021-01-01,view_item,desktop,organic,Electronics,3,2,0
2021-01-01,view_item,desktop,organic,Home,37,15,0
2021-01-01,view_item,mobile,google,Sports,97,35,0
2021-01-01,view_item,mobile,direct,Home,40,19,0
2021-01-01,view_item,mobile,direct,Beauty,33,13,0
2021-01-01,view_item,mobile,direct,Toys,44,16,0
2021-01-01,view_item,mobile,social,Sports,9,3,0
2021-01-01,view_item,mobile,organic,Apparel,16,6,0
2021-01-01,view_item,mobile,organic,Electronics,12,7,0
2021-01-01,view_item,mobile,organic,Home,261,127,0
2021-01-01,view_item,tablet,google,Apparel,23,10,0
2021-01-01,view_item,tablet,direct,Apparel,20,8,0
2021-01-01,view_item,tablet,social,Apparel,14,7,0
2021-01-01,view_item,tablet,social,Sports,24,13,0
2021-01-01,view_item,tablet,organic,Apparel,129,57,0
2021-01-01,view_item,tablet,email,Apparel,12,6,0
2021-01-01,view_item,tablet,email,Toys,37,18,0
2021-01-01,add_to_cart,desktop,google,Electronics,19,12,0
2021-01-01,add_to_cart,desktop,direct,Apparel,17,8,0
2021-01-01,add_to_cart,desktop,direct,Electronics,7,4,0
2021-01-01,add_to_cart,desktop,direct,Books,5,3,0
2021-01-01,add_to_cart,desktop,social,Electronics,17,8,0
2021-01-01,add_to_cart,desktop,social,Books,4,2,0
2021-01-01,add_to_cart,desktop,organic,Electronics,22,12,0
2021-01-01,add_to_cart,desktop,organic,Home,11,7,0
2021-01-01,add_to_cart,mobile,google,Sports,14,8,0
2021-01-01,add_to_cart,tablet,organic,Books,6,3,0
2021-01-01,begin_checkout,mobile,google,Books,23,15,0
2021-01-01,begin_checkout,mobile,direct,Home,10,6,0
2021-01-01,begin_checkout,mobile,direct,Sports,11,7,0
2021-01-01,begin_checkout,mobile,direct,Books,13,8,0
2021-01-01,begin_checkout,mobile,organic,Sports,5,3,0
2021-01-01,begin_checkout,mobile,organic,Books,4,2,0
2021-01-01,begin_checkout,tablet,organic,Apparel,6,3,0
2021-01-01,purchase,mobile,social,Books,6,4,112.26
2021-01-01,purchase,mobile,organic,Home,4,3,200.81
2021-01-02,page_view,desktop,google,Apparel,31,7,0
2021-01-02,page_view,desktop,google,Electronics,195,39,0
2021-01-02,page_view,desktop,google,Home,224,45,0
2021-01-02,page_view,desktop,google,Sports,206,76,0
2021-01-02,page_view,desktop,google,Books,22,6,0
2021-01-02,page_view,desktop,google,Beauty,47,18,0
2021-01-02,page_view,desktop,direct,Apparel,36,12,0
2021-01-02,page_view,desktop,direct,Home,93,32,0
2021-01-02,page_view,desktop,direct,Books,22,8,0
2021-01-02,page_view,desktop,direct,Beauty,189,62,0
2021-01-02,page_view,desktop,direct,Toys,260,93,0
2021-01-02,page_view,desktop,social,Electronics,11,4,0
2021-01-02,page_view,desktop,social,Home,15,4,0
2021-01-02,page_view,desktop,social,Books,92,24,0
2021-01-02,page_view,desktop,organic,Apparel,12,4,0
2021-01-02,page_view,desktop,organic,Electronics,48,14,0
2021-01-02,page_view,desktop,organic,Home,56,15,0
2021-01-02,page_view,desktop,organic,Sports,42,14,0
2021-01-02,page_view,desktop,organic,Books,220,66,0
2021-01-02,page_view,desktop,organic,Toys,111,43,0
2021-01-02,page_view,desktop,email,Apparel,39,12,0
2021-01-02,page_view,desktop,email,Toys,28,7,0
2021-01-02,page_view,mobile,google,Home,24,6,0
2021-01-02,page_view,mobile,google,Sports,49,18,0
2021-01-02,page_view,mobile,google,Books,74,28,0
2021-01-02,page_view,mobile,google,Beauty,53,19,0
2021-01-02,page_view,mobile,google,Toys,7,3,0
2021-01-02,page_view,mobile,direct,Home,113,36,0
2021-01-02,page_view,mobile,direct,Toys,240,96,0
2021-01-02,page_view,mobile,social,Electronics,130,38,0
2021-01-02,page_view,mobile,social,Toys,20,4,0
2021-01-02,page_view,mobile,organic,Apparel,56,17,0
2021-01-02,page_view,mobile,organic,Books,57,15,0
2021-01-02,page_view,mobile,organic,Toys,11,4,0
2021-01-02,page_view,mobile,email,Electronics,34,8,0
2021-01-02,page_view,mobile,email,Sports,15,5,0
2021-01-02,page_view,mobile,email,Toys,12,4,0
2021-01-02,page_view,tablet,google,Books,10,3,0
2021-01-02,page_view,tablet,google,Beauty,179,61,0
2021-01-02,page_view,tablet,direct,Beauty,159,55,0
2021-01-02,page_view,tablet,social,Apparel,44,16,0
2021-01-02,page_view,tablet,organic,Apparel,11,4,0
2021-01-02,page_view,tablet,organic,Home,11,3,0
2021-01-02,page_view,tablet,organic,Books,9,3,0
2021-01-02,view_item,desktop,google,Sports,40,17,0
2021-01-02,view_item,desktop,google,Books,39,19,0
2021-01-02,view_item,desktop,google,Beauty,136,56,0
2021-01-02,view_item,desktop,direct,Sports,76,32,0
2021-01-02,view_item,desktop,direct,Books,9,3,0
2021-01-02,view_item,desktop,social,Home,126,58,0
2021-01-02,view_item,desktop,organic,Apparel,127,50,0
2021-01-02,view_item,desktop,organic,Electronics,37,13,0
2021-01-02,view_item,desktop,organic,Home,17,6,0
2021-01-02,view_item,desktop,organic,Books,16,7,0
2021-01-02,view_item,mobile,google,Sports,23,8,0
2021-01-02,view_item,mobile,google,Books,8,4,0
2021-01-02,view_item,mobile,google,Toys,25,9,0
2021-01-02,view_item,mobile,direct,Beauty,105,46,0
2021-01-02,view_item,mobile,social,Toys,12,5,0
2021-01-02,view_item,tablet,direct,Sports,18,8,0
2021-01-02,add_to_cart,desktop,google,Sports,10,6,0
2021-01-02,add_to_cart,desktop,google,Toys,8,4,0
2021-01-02,add_to_cart,desktop,direct,Sports,3,2,0
2021-01-02,add_to_cart,desktop,social,Sports,9,4,0
2021-01-02,add_to_cart,desktop,organic,Apparel,16,8,0
2021-01-02,add_to_cart,desktop,organic,Sports,11,6,0
2021-01-02,add_to_cart,desktop,organic,Beauty,3,2,0
2021-01-02,add_to_cart,desktop,email,Electronics,25,14,0
2021-01-02,add_to_cart,mobile,google,Books,54,27,0
2021-01-02,add_to_cart,mobile,google,Beauty,14,6,0
2021-01-02,add_to_cart,mobile,social,Sports,5,2,0
2021-01-02,add_to_cart,mobile,organic,Electronics,12,6,0
2021-01-02,add_to_cart,mobile,organic,Sports,28,15,0
2021-01-02,add_to_cart,tablet,google,Electronics,54,30,0
2021-01-02,begin_checkout,desktop,organic,Sports,9,7,0
2021-01-02,begin_checkout,desktop,organic,Books,7,5,0
2021-01-02,begin_checkout,mobile,organic,Electronics,16,11,0
2021-01-02,begin_checkout,mobile,organic,Books,5,3,0
2021-01-02,begin_checkout,tablet,google,Apparel,15,9,0
2021-01-02,purchase,desktop,google,Toys,7,5,151.89
2021-01-03,page_view,desktop,google,Electronics,185,57,0
2021-01-03,page_view,desktop,google,Home,74,16,0
2021-01-03,page_view,desktop,google,Sports,29,11,0
2021-01-03,page_view,desktop,google,Books,25,6,0
2021-01-03,page_view,desktop,google,Beauty,11,2,0
2021-01-03,page_view,desktop,google,Toys,196,68,0
2021-01-03,page_view,desktop,direct,Home,34,13,0
2021-01-03,page_view,desktop,direct,Books,8,2,0
2021-01-03,page_view,desktop,direct,Beauty,86,23,0
2021-01-03,page_view,desktop,social,Apparel,47,18,0
2021-01-03,page_view,desktop,social,Books,571,203,0
2021-01-03,page_view,desktop,organic,Electronics,27,6,0
2021-01-03,page_view,desktop,email,Books,323,86,0
2021-01-03,page_view,desktop,email,Beauty,20,4,0
2021-01-03,page_view,desktop,email,Toys,25,10,0
2021-01-03,page_view,mobile,google,Apparel,61,23,0
2021-01-03,page_view,mobile,google,Home,14,5,0
2021-01-03,page_view,mobile,google,Sports,18,4,0
2021-01-03,page_view,mobile,google,Books,76,18,0
2021-01-03,page_view,mobile,google,Beauty,54,16,0
2021-01-03,page_view,mobile,google,Toys,55,19,0
2021-01-03,page_view,mobile,direct,Electronics,97,25,0
2021-01-03,page_view,mobile,direct,Home,120,31,0
2021-01-03,page_view,mobile,direct,Books,103,35,0
2021-01-03,page_view,mobile,social,Beauty,14,5,0
2021-01-03,page_view,mobile,organic,Apparel,314,80,0
2021-01-03,page_view,mobile,email,Electronics,124,30,0
2021-01-03,page_view,tablet,google,Electronics,75,28,0
2021-01-03,page_view,tablet,google,Home,27,9,0
2021-01-03,page_view,tablet,direct,Home,4,1,0
2021-01-03,page_view,tablet,direct,Toys,50,20,0
2021-01-03,page_view,tablet,social,Apparel,118,34,0
2021-01-03,page_view,tablet,social,Books,21,5,0
2021-01-03,page_view,tablet,organic,Apparel,19,4,0
2021-01-03,page_view,tablet,organic,Electronics,165,44,0
2021-01-03,view_item,desktop,google,Electronics,7,3,0
2021-01-03,view_item,desktop,google,Home,42,20,0
2021-01-03,view_item,desktop,google,Books,33,16,0
2021-01-03,view_item,desktop,google,Beauty,19,10,0
2021-01-03,view_item,desktop,google,Toys,11,4,0
2021-01-03,view_item,desktop,direct,Home,27,12,0
2021-01-03,view_item,desktop,direct,Books,32,11,0
2021-01-03,view_item,desktop,direct,Beauty,17,9,0
2021-01-03,view_item,desktop,social,Electronics,16,7,0
2021-01-03,view_item,desktop,social,Home,57,29,0
2021-01-03,view_item,desktop,organic,Toys,40,18,0
2021-01-03,view_item,desktop,email,Sports,31,11,0
2021-01-03,view_item,mobile,google,Electronics,69,31,0
2021-01-03,view_item,mobile,google,Beauty,87,34,0
2021-01-03,view_item,mobile,direct,Apparel,35,15,0
2021-01-03,view_item,mobile,direct,Electronics,46,24,0
2021-01-03,view_item,mobile,direct,Books,32,15,0
2021-01-03,view_item,mobile,organic,Apparel,30,11,0
2021-01-03,view_item,mobile,organic,Electronics,22,8,0
2021-01-03,view_item,mobile,organic,Sports,39,19,0
2021-01-03,view_item,tablet,social,Sports,103,38,0
2021-01-03,add_to_cart,desktop,google,Beauty,63,31,0
2021-01-03,add_to_cart,desktop,google,Toys,17,8,0
2021-01-03,add_to_cart,desktop,direct,Sports,21,12,0
2021-01-03,add_to_cart,desktop,organic,Toys,38,24,0
2021-01-03,add_to_cart,desktop,email,Apparel,10,5,0
2021-01-03,add_to_cart,mobile,google,Electronics,240,146,0
2021-01-03,add_to_cart,mobile,google,Home,12,6,0
2021-01-03,add_to_cart,mobile,direct,Apparel,22,10,0
2021-01-03,add_to_cart,mobile,direct,Electronics,44,24,0
2021-01-03,add_to_cart,mobile,direct,Books,5,3,0
2021-01-03,add_to_cart,mobile,direct,Toys,12,6,0
2021-01-03,add_to_cart,tablet,google,Sports,53,27,0
2021-01-03,begin_checkout,mobile,social,Electronics,4,2,0
2021-01-03,begin_checkout,mobile,social,Toys,6,3,0
2021-01-03,begin_checkout,tablet,google,Toys,3,2,0
2021-01-03,purchase,desktop,direct,Sports,5,4,354.51
2021-01-03,purchase,mobile,social,Toys,7,6,167.14
2021-01-03,purchase,tablet,direct,Toys,9,7,330.73
2021-01-03,purchase,tablet,social,Apparel,5,4,538.77
2021-01-04,page_view,desktop,google,Apparel,49,12,0
2021-01-04,page_view,desktop,google,Home,330,115,0
2021-01-04,page_view,desktop,google,Sports,39,15,0
2021-01-04,page_view,desktop,google,Books,68,24,0
2021-01-04,page_view,desktop,google,Beauty,106,22,0
2021-01-04,page_view,desktop,direct,Home,53,11,0
2021-01-04,page_view,desktop,direct,Sports,52,15,0
2021-01-04,page_view,desktop,direct,Books,25,7,0
2021-01-04,page_view,desktop,social,Apparel,16,6,0
2021-01-04,page_view,desktop,social,Electronics,15,6,0
2021-01-04,page_view,desktop,social,Toys,165,52,0
2021-01-04,page_view,desktop,organic,Apparel,86,20,0
2021-01-04,page_view,desktop,organic,Home,41,13,0
2021-01-04,page_view,desktop,organic,Sports,474,139,0
2021-01-04,page_view,desktop,organic,Books,30,7,0
2021-01-04,page_view,desktop,organic,Toys,18,5,0
2021-01-04,page_view,desktop,email,Sports,12,4,0
2021-01-04,page_view,desktop,email,Books,142,31,0
2021-01-04,page_view,desktop,email,Toys,21,7,0
2021-01-04,page_view,mobile,google,Home,243,56,0
2021-01-04,page_view,mobile,google,Sports,28,7,0
2021-01-04,page_view,mobile,google,Beauty,44,16,0
2021-01-04,page_view,mobile,direct,Electronics,119,34,0
2021-01-04,page_view,mobile,direct,Books,36,12,0
2021-01-04,page_view,mobile,direct,Beauty,87,25,0
2021-01-04,page_view,mobile,social,Apparel,138,45,0
2021-01-04,page_view,mobile,social,Electronics,6,2,0
2021-01-04,page_view,mobile,social,Home,66,16,0
2021-01-04,page_view,mobile,social,Toys,67,17,0
2021-01-04,page_view,mobile,organic,Apparel,73,19,0
2021-01-04,page_view,mobile,organic,Sports,209,45,0
2021-01-04,page_view,mobile,organic,Beauty,27,7,0
2021-01-04,page_view,mobile,email,Electronics,10,4,0
2021-01-04,page_view,mobile,email,Sports,75,21,0
2021-01-04,page_view,mobile,email,Beauty,65,22,0
2021-01-04,page_view,mobile,email,Toys,13,4,0
2021-01-04,page_view,tablet,google,Apparel,127,40,0
2021-01-04,page_view,tablet,google,Home,166,35,0
2021-01-04,page_view,tablet,google,Books,29,8,0
2021-01-04,page_view,tablet,google,Beauty,96,36,0
2021-01-04,page_view,tablet,google,Toys,361,130,0
2021-01-04,page_view,tablet,direct,Home,315,74,0
2021-01-04,page_view,tablet,social,Apparel,181,69,0
2021-01-04,page_view,tablet,social,Sports,15,4,0
2021-01-04,page_view,tablet,organic,Apparel,97,35,0
2021-01-04,page_view,tablet,organic,Sports,174,41,0
2021-01-04,page_view,tablet,organic,Books,386,118,0
2021-01-04,page_view,tablet,organic,Beauty,73,16,0
2021-01-04,page_view,tablet,email,Home,45,9,0
2021-01-04,view_item,desktop,google,Apparel,35,18,0
2021-01-04,view_item,desktop,google,Electronics,13,5,0
2021-01-04,view_item,desktop,google,Home,122,55,0
2021-01-04,view_item,desktop,google,Books,22,8,0
2021-01-04,view_item,desktop,google,Beauty,27,13,0
2021-01-04,view_item,desktop,google,Toys,65,26,0
2021-01-04,view_item,desktop,direct,Electronics,42,20,0
2021-01-04,view_item,desktop,social,Sports,175,94,0
2021-01-04,view_item,desktop,organic,Apparel,7,3,0
2021-01-04,view_item,desktop,organic,Sports,27,11,0
2021-01-04,view_item,desktop,organic,Beauty,101,49,0
2021-01-04,view_item,desktop,email,Toys,15,8,0
2021-01-04,view_item,mobile,google,Apparel,20,11,0
2021-01-04,view_item,mobile,google,Electronics,51,26,0
2021-01-04,view_item,mobile,google,Beauty,11,6,0
2021-01-04,view_item,mobile,google,Toys,147,78,0
2021-01-04,view_item,mobile,direct,Home,14,5,0
2021-01-04,view_item,mobile,direct,Books,55,22,0
2021-01-04,view_item,mobile,social,Electronics,49,25,0
2021-01-04,view_item,mobile,social,Home,18,7,0
2021-01-04,view_item,mobile,social,Sports,26,12,0
2021-01-04,view_item,mobile,organic,Home,20,10,0
2021-01-04,view_item,mobile,organic,Sports,27,15,0
2021-01-04,view_item,mobile,email,Electronics,12,5,0
2021-01-04,view_item,tablet,google,Beauty,19,7,0
2021-01-04,view_item,tablet,organic,Electronics,33,13,0
2021-01-04,add_to_cart,desktop,google,Toys,38,17,0
2021-01-04,add_to_cart,desktop,social,Apparel,22,10,0
2021-01-04,add_to_cart,desktop,social,Electronics,7,4,0
2021-01-04,add_to_cart,desktop,organic,Toys,12,7,0
2021-01-04,add_to_cart,desktop,email,Apparel,2,1,0
2021-01-04,add_to_cart,desktop,email,Electronics,3,2,0
2021-01-04,add_to_cart,mobile,google,Sports,92,56,0
2021-01-04,add_to_cart,mobile,direct,Beauty,19,9,0
2021-01-04,add_to_cart,mobile,direct,Toys,15,7,0
2021-01-04,add_to_cart,tablet,email,Electronics,10,6,0
2021-01-04,begin_checkout,desktop,organic,Home,10,6,0
2021-01-04,begin_checkout,mobile,organic,Electronics,3,2,0
2021-01-04,purchase,desktop,organic,Books,8,6,169.22
2021-01-04,purchase,desktop,email,Toys,6,5,164.4
2021-01-04,purchase,mobile,google,Apparel,10,7,766.29
2021-01-04,purchase,mobile,organic,Beauty,3,3,113.54
2021-01-04,purchase,mobile,organic,Toys,2,1,42.12
2021-01-05,page_view,desktop,google,Apparel,145,43,0
2021-01-05,page_view,desktop,google,Electronics,56,15,0
2021-01-05,page_view,desktop,google,Home,80,21,0
2021-01-05,page_view,desktop,google,Books,590,205,0
2021-01-05,page_view,desktop,google,Beauty,34,11,0
2021-01-05,page_view,desktop,google,Toys,19,8,0
2021-01-05,page_view,desktop,direct,Electronics,41,11,0
2021-01-05,page_view,desktop,direct,Books,67,23,0
2021-01-05,page_view,desktop,direct,Toys,127,45,0
2021-01-05,page_view,desktop,social,Home,43,15,0
2021-01-05,page_view,desktop,social,Sports,15,5,0
2021-01-05,page_view,desktop,social,Books,119,44,0
2021-01-05,page_view,desktop,social,Beauty,34,8,0
2021-01-05,page_view,desktop,organic,Apparel,24,8,0
2021-01-05,page_view,desktop,organic,Electronics,54,15,0
2021-01-05,page_view,desktop,organic,Sports,84,17,0
2021-01-05,page_view,desktop,organic,Books,31,7,0
2021-01-05,page_view,desktop,organic,Beauty,395,131,0
2021-01-05,page_view,desktop,organic,Toys,218,58,0
2021-01-05,page_view,desktop,email,Home,62,14,0
2021-01-05,page_view,desktop,email,Sports,24,5,0
2021-01-05,page_view,desktop,email,Books,33,8,0
2021-01-05,page_view,desktop,email,Toys,59,22,0
2021-01-05,page_view,mobile,google,Electronics,10,3,0
2021-01-05,page_view,mobile,google,Sports,281,82,0
2021-01-05,page_view,mobile,google,Books,67,23,0
2021-01-05,page_view,mobile,google,Toys,54,13,0
2021-01-05,page_view,mobile,direct,Beauty,38,13,0
2021-01-05,page_view,mobile,direct,Toys,37,8,0
2021-01-05,page_view,mobile,organic,Apparel,20,7,0
2021-01-05,page_view,mobile,email,Sports,108,34,0
2021-01-05,page_view,mobile,email,Books,29,6,0
2021-01-05,page_view,tablet,google,Home,58,12,0
2021-01-05,page_view,tablet,google,Sports,49,10,0
2021-01-05,page_view,tablet,direct,Sports,12,5,0
2021-01-05,page_view,tablet,direct,Toys,165,47,0
2021-01-05,page_view,tablet,social,Electronics,35,9,0
2021-01-05,page_view,tablet,social,Home,398,106,0
2021-01-05,page_view,tablet,social,Books,25,6,0
2021-01-05,page_view,tablet,social,Beauty,32,8,0
2021-01-05,page_view,tablet,organic,Apparel,100,24,0
2021-01-05,page_view,tablet,organic,Electronics,164,55,0
2021-01-05,page_view,tablet,organic,Books,50,12,0
2021-01-05,page_view,tablet,email,Toys,99,37,0
2021-01-05,view_item,desktop,google,Apparel,63,29,0
2021-01-05,view_item,desktop,google,Electronics,62,26,0
2021-01-05,view_item,desktop,google,Sports,109,53,0
2021-01-05,view_item,desktop,google,Books,129,70,0
2021-01-05,view_item,desktop,google,Beauty,208,113,0
2021-01-05,view_item,desktop,google,Toys,54,28,0
2021-01-05,view_item,desktop,direct,Toys,41,22,0
2021-01-05,view_item,desktop,social,Electronics,30,11,0
2021-01-05,view_item,desktop,organic,Apparel,24,10,0
2021-01-05,view_item,desktop,organic,Electronics,27,12,0
2021-01-05,view_item,desktop,organic,Home,168,88,0
2021-01-05,view_item,desktop,email,Apparel,2,1,0
2021-01-05,view_item,desktop,email,Electronics,3,2,0
2021-01-05,view_item,mobile,google,Apparel,18,8,0
2021-01-05,view_item,mobile,google,Home,7,4,0
2021-01-05,view_item,mobile,google,Sports,38,18,0
2021-01-05,view_item,mobile,google,Beauty,42,23,0
2021-01-05,view_item,mobile,google,Toys,67,33,0
2021-01-05,view_item,mobile,direct,Sports,63,25,0
2021-01-05,view_item,mobile,direct,Beauty,38,19,0
2021-01-05,view_item,mobile,social,Toys,82,32,0
2021-01-05,view_item,mobile,organic,Home,43,16,0
2021-01-05,view_item,mobile,organic,Books,45,19,0
2021-01-05,view_item,mobile,organic,Beauty,29,14,0
2021-01-05,view_item,mobile,email,Electronics,22,10,0
2021-01-05,view_item,tablet,google,Toys,41,15,0
2021-01-05,view_item,tablet,direct,Sports,27,11,0
2021-01-05,view_item,tablet,direct,Books,4,2,0
2021-01-05,view_item,tablet,social,Apparel,68,28,0
2021-01-05,view_item,tablet,social,Toys,20,8,0
2021-01-05,view_item,tablet,organic,Sports,32,12,0
2021-01-05,view_item,tablet,organic,Books,36,18,0
2021-01-05,view_item,tablet,organic,Beauty,39,19,0
2021-01-05,add_to_cart,desktop,google,Electronics,11,6,0
2021-01-05,add_to_cart,desktop,organic,Apparel,8,4,0
2021-01-05,add_to_cart,desktop,organic,Sports,25,13,0
2021-01-05,add_to_cart,desktop,email,Apparel,29,14,0
2021-01-05,add_to_cart,mobile,google,Books,47,30,0
2021-01-05,add_to_cart,mobile,google,Beauty,7,3,0
2021-01-05,add_to_cart,mobile,social,Apparel,6,3,0
2021-01-05,add_to_cart,tablet,organic,Home,8,5,0
2021-01-05,add_to_cart,tablet,email,Home,4,2,0
2021-01-05,begin_checkout,mobile,direct,Toys,3,2,0
2021-01-05,begin_checkout,tablet,google,Books,4,3,0
2021-01-05,begin_checkout,tablet,direct,Toys,14,8,0
2021-01-05,begin_checkout,tablet,organic,Home,5,3,0
2021-01-05,purchase,mobile,google,Beauty,4,3,148.95
2021-01-05,purchase,mobile,direct,Electronics,5,4,1167.77
2021-01-06,page_view,desktop,google,Apparel,74,16,0
2021-01-06,page_view,desktop,google,Home,40,9,0
2021-01-06,page_view,desktop,google,Beauty,160,57,0
2021-01-06,page_view,desktop,direct,Apparel,149,48,0
2021-01-06,page_view,desktop,direct,Home,16,4,0
2021-01-06,page_view,desktop,direct,Beauty,39,10,0
2021-01-06,page_view,desktop,direct,Toys,18,6,0
2021-01-06,page_view,desktop,social,Books,125,28,0
2021-01-06,page_view,desktop,social,Beauty,43,16,0
2021-01-06,page_view,desktop,social,Toys,8,2,0
2021-01-06,page_view,desktop,organic,Apparel,46,13,0
2021-01-06,page_view,desktop,organic,Electronics,34,7,0
2021-01-06,page_view,desktop,organic,Home,145,52,0
2021-01-06,page_view,desktop,organic,Sports,55,20,0
2021-01-06,page_view,desktop,organic,Books,128,46,0
2021-01-06,page_view,mobile,google,Apparel,80,25,0
2021-01-06,page_view,mobile,google,Electronics,252,93,0
2021-01-06,page_view,mobile,google,Home,107,39,0
2021-01-06,page_view,mobile,google,Books,93,30,0
2021-01-06,page_view,mobile,google,Toys,214,58,0
2021-01-06,page_view,mobile,direct,Electronics,72,22,0
2021-01-06,page_view,mobile,direct,Home,132,35,0
2021-01-06,page_view,mobile,direct,Sports,12,4,0
2021-01-06,page_view,mobile,direct,Beauty,13,4,0
2021-01-06,page_view,mobile,social,Apparel,53,20,0
2021-01-06,page_view,mobile,social,Toys,237,82,0
2021-01-06,page_view,mobile,organic,Apparel,12,4,0
2021-01-06,page_view,mobile,organic,Sports,8,3,0
2021-01-06,page_view,mobile,organic,Beauty,88,28,0
2021-01-06,page_view,mobile,organic,Toys,18,5,0
2021-01-06,page_view,mobile,email,Apparel,111,44,0
2021-01-06,page_view,mobile,email,Beauty,11,2,0
2021-01-06,page_view,tablet,google,Beauty,412,90,0
2021-01-06,page_view,tablet,google,Toys,11,4,0
2021-01-06,page_view,tablet,direct,Home,46,13,0
2021-01-06,page_view,tablet,direct,Beauty,30,12,0
2021-01-06,page_view,tablet,organic,Apparel,3,1,0
2021-01-06,page_view,tablet,email,Home,10,3,0
2021-01-06,page_view,tablet,email,Beauty,51,12,0
2021-01-06,view_item,desktop,direct,Apparel,9,4,0
2021-01-06,view_item,desktop,direct,Sports,38,19,0
2021-01-06,view_item,desktop,organic,Apparel,49,26,0
2021-01-06,view_item,desktop,organic,Electronics,34,12,0
2021-01-06,view_item,desktop,organic,Home,24,10,0
2021-01-06,view_item,desktop,organic,Books,22,8,0
2021-01-06,view_item,desktop,organic,Toys,39,16,0
2021-01-06,view_item,desktop,email,Electronics,44,23,0
2021-01-06,view_item,mobile,google,Sports,16,7,0
2021-01-06,view_item,mobile,google,Toys,20,11,0
2021-01-06,view_item,mobile,direct,Electronics,8,3,0
2021-01-06,view_item,mobile,social,Apparel,16,6,0
2021-01-06,view_item,mobile,social,Beauty,3,1,0
2021-01-06,view_item,mobile,organic,Apparel,71,29,0
2021-01-06,view_item,mobile,organic,Electronics,24,13,0
2021-01-06,view_item,mobile,organic,Books,10,5,0
2021-01-06,view_item,tablet,google,Toys,14,5,0
2021-01-06,view_item,tablet,direct,Home,26,13,0
2021-01-06,view_item,tablet,organic,Electronics,53,23,0
2021-01-06,view_item,tablet,organic,Sports,12,6,0
2021-01-06,view_item,tablet,email,Toys,9,5,0
2021-01-06,add_to_cart,desktop,google,Books,31,19,0
2021-01-06,add_to_cart,desktop,direct,Home,11,7,0
2021-01-06,add_to_cart,mobile,google,Apparel,10,6,0
2021-01-06,add_to_cart,mobile,google,Beauty,63,38,0
2021-01-06,add_to_cart,mobile,organic,Toys,7,3,0
2021-01-06,add_to_cart,tablet,direct,Apparel,2,1,0
2021-01-06,add_to_cart,tablet,organic,Sports,4,2,0
2021-01-06,begin_checkout,desktop,google,Electronics,10,7,0
2021-01-06,begin_checkout,desktop,google,Books,271,169,0
2021-01-06,begin_checkout,desktop,direct,Home,4,3,0
2021-01-06,begin_checkout,mobile,google,Apparel,11,8,0
2021-01-06,begin_checkout,mobile,google,Sports,8,5,0
2021-01-06,begin_checkout,mobile,social,Electronics,24,14,0
2021-01-06,begin_checkout,mobile,email,Toys,1,1,0
2021-01-06,begin_checkout,tablet,google,Home,7,5,0
2021-01-06,purchase,desktop,organic,Beauty,4,3,151.47
2021-01-06,purchase,desktop,email,Sports,13,11,591.52
2021-01-06,purchase,mobile,google,Books,3,2,85.11
2021-01-06,purchase,mobile,social,Books,3,2,66.08
2021-01-07,page_view,desktop,google,Apparel,26,6,0
2021-01-07,page_view,desktop,google,Home,804,294,0
2021-01-07,page_view,desktop,google,Sports,223,73,0
2021-01-07,page_view,desktop,google,Books,26,9,0
2021-01-07,page_view,desktop,google,Beauty,27,9,0
2021-01-07,page_view,desktop,google,Toys,28,11,0
2021-01-07,page_view,desktop,direct,Home,7,1,0
2021-01-07,page_view,desktop,direct,Books,181,69,0
2021-01-07,page_view,desktop,social,Sports,109,41,0
2021-01-07,page_view,desktop,social,Books,63,13,0
2021-01-07,page_view,desktop,social,Beauty,88,22,0
2021-01-07,page_view,desktop,organic,Home,195,71,0
2021-01-07,page_view,desktop,organic,Books,35,14,0
2021-01-07,page_view,desktop,organic,Beauty,6,1,0
2021-01-07,page_view,desktop,organic,Toys,55,12,0
2021-01-07,page_view,desktop,email,Sports,182,57,0
2021-01-07,page_view,mobile,google,Electronics,194,62,0
2021-01-07,page_view,mobile,google,Home,37,11,0
2021-01-07,page_view,mobile,google,Sports,306,108,0
2021-01-07,page_view,mobile,google,Beauty,39,15,0
2021-01-07,page_view,mobile,direct,Apparel,56,12,0
2021-01-07,page_view,mobile,direct,Electronics,45,10,0
2021-01-07,page_view,mobile,direct,Books,84,21,0
2021-01-07,page_view,mobile,direct,Toys,84,27,0
2021-01-07,page_view,mobile,social,Electronics,15,5,0
2021-01-07,page_view,mobile,social,Home,240,66,0
2021-01-07,page_view,mobile,social,Sports,39,9,0
2021-01-07,page_view,mobile,social,Toys,32,12,0
2021-01-07,page_view,mobile,organic,Electronics,28,9,0
2021-01-07,page_view,mobile,organic,Home,93,30,0
2021-01-07,page_view,mobile,organic,Sports,14,5,0
2021-01-07,page_view,mobile,organic,Beauty,30,7,0
2021-01-07,page_view,mobile,organic,Toys,25,9,0
2021-01-07,page_view,mobile,email,Sports,102,38,0
2021-01-07,page_view,tablet,google,Apparel,315,124,0
2021-01-07,page_view,tablet,direct,Sports,154,59,0
2021-01-07,page_view,tablet,social,Electronics,47,14,0
2021-01-07,page_view,tablet,organic,Apparel,16,4,0
2021-01-07,page_view,tablet,email,Sports,16,4,0
2021-01-07,view_item,desktop,google,Home,203,79,0
2021-01-07,view_item,desktop,google,Sports,121,48,0
2021-01-07,view_item,desktop,google,Books,22,11,0
2021-01-07,view_item,desktop,direct,Toys,82,32,0
2021-01-07,view_item,desktop,social,Sports,9,4,0
2021-01-07,view_item,desktop,social,Toys,73,28,0
2021-01-07,view_item,desktop,organic,Electronics,55,25,0
2021-01-07,view_item,desktop,organic,Sports,33,14,0
2021-01-07,view_item,desktop,organic,Books,5,3,0
2021-01-07,view_item,desktop,organic,Toys,61,21,0
2021-01-07,view_item,desktop,email,Electronics,22,11,0
2021-01-07,view_item,desktop,email,Home,57,28,0
2021-01-07,view_item,desktop,email,Beauty,35,14,0
2021-01-07,view_item,mobile,google,Electronics,31,13,0
2021-01-07,view_item,mobile,google,Home,45,20,0
2021-01-07,view_item,mobile,google,Beauty,142,56,0
2021-01-07,view_item,mobile,google,Toys,9,4,0
2021-01-07,view_item,mobile,direct,Beauty,14,5,0
2021-01-07,view_item,mobile,social,Sports,33,12,0
2021-01-07,view_item,mobile,organic,Electronics,195,105,0
2021-01-07,view_item,mobile,organic,Home,26,13,0
2021-01-07,view_item,mobile,organic,Books,24,11,0
2021-01-07,view_item,tablet,google,Sports,21,11,0
2021-01-07,view_item,tablet,google,Books,23,11,0
2021-01-07,view_item,tablet,email,Sports,7,4,0
2021-01-07,view_item,tablet,email,Toys,70,30,0
2021-01-07,add_to_cart,desktop,google,Beauty,6,3,0
2021-01-07,add_to_cart,desktop,direct,Apparel,7,3,0
2021-01-07,add_to_cart,mobile,google,Apparel,6,3,0
2021-01-07,add_to_cart,mobile,direct,Sports,130,67,0
2021-01-07,add_to_cart,mobile,direct,Books,57,36,0
2021-01-07,add_to_cart,mobile,social,Electronics,31,14,0
2021-01-07,add_to_cart,mobile,email,Books,12,6,0
2021-01-07,add_to_cart,tablet,google,Books,5,2,0
2021-01-07,add_to_cart,tablet,email,Home,4,2,0
2021-01-07,begin_checkout,mobile,social,Home,11,7,0
2021-01-07,begin_checkout,mobile,email,Sports,3,2,0
2021-01-07,begin_checkout,tablet,google,Apparel,32,21,0
2021-01-07,begin_checkout,tablet,direct,Sports,13,7,0
2021-01-07,purchase,desktop,organic,Apparel,4,3,339.23
2021-01-07,purchase,tablet,direct,Electronics,12,9,2263.63
2021-01-08,page_view,desktop,google,Apparel,53,16,0
2021-01-08,page_view,desktop,google,Electronics,195,52,0
2021-01-08,page_view,desktop,google,Home,48,16,0
2021-01-08,page_view,desktop,google,Sports,191,70,0
2021-01-08,page_view,desktop,google,Books,64,17,0
2021-01-08,page_view,desktop,google,Toys,169,65,0
2021-01-08,page_view,desktop,direct,Apparel,41,16,0
2021-01-08,page_view,desktop,direct,Electronics,313,112,0
2021-01-08,page_view,desktop,direct,Home,27,7,0
2021-01-08,page_view,desktop,direct,Sports,500,147,0
2021-01-08,page_view,desktop,direct,Toys,25,5,0
2021-01-08,page_view,desktop,social,Electronics,19,7,0
2021-01-08,page_view,desktop,social,Books,15,4,0
2021-01-08,page_view,desktop,organic,Apparel,42,9,0
2021-01-08,page_view,desktop,organic,Home,32,7,0
2021-01-08,page_view,desktop,organic,Sports,109,26,0
2021-01-08,page_view,desktop,organic,Books,48,15,0
2021-01-08,page_view,desktop,organic,Beauty,106,37,0
2021-01-08,page_view,desktop,organic,Toys,55,11,0
2021-01-08,page_view,desktop,email,Apparel,27,8,0
2021-01-08,page_view,desktop,email,Electronics,12,4,0
2021-01-08,page_view,desktop,email,Home,5,1,0
2021-01-08,page_view,desktop,email,Beauty,49,13,0
2021-01-08,page_view,mobile,google,Electronics,41,11,0
2021-01-08,page_view,mobile,google,Sports,119,29,0
2021-01-08,page_view,mobile,google,Books,19,8,0
2021-01-08,page_view,mobile,google,Beauty,49,16,0
2021-01-08,page_view,mobile,google,Toys,44,14,0
2021-01-08,page_view,mobile,direct,Home,25,9,0
2021-01-08,page_view,mobile,direct,Toys,224,67,0
2021-01-08,page_view,mobile,organic,Apparel,54,14,0
2021-01-08,page_view,mobile,organic,Electronics,331,99,0
2021-01-08,page_view,mobile,organic,Sports,37,7,0
2021-01-08,page_view,mobile,organic,Books,25,7,0
2021-01-08,page_view,mobile,email,Apparel,119,47,0
2021-01-08,page_view,tablet,google,Apparel,80,30,0
2021-01-08,page_view,tablet,direct,Home,111,25,0
2021-01-08,page_view,tablet,social,Electronics,144,37,0
2021-01-08,page_view,tablet,social,Beauty,76,22,0
2021-01-08,page_view,tablet,social,Toys,17,4,0
2021-01-08,page_view,tablet,organic,Electronics,80,23,0
2021-01-08,page_view,tablet,organic,Beauty,141,44,0
2021-01-08,page_view,tablet,email,Electronics,34,9,0
2021-01-08,page_view,tablet,email,Sports,8,3,0
2021-01-08,page_view,tablet,email,Toys,263,62,0
2021-01-08,view_item,desktop,google,Apparel,22,12,0
2021-01-08,view_item,desktop,google,Home,49,18,0
2021-01-08,view_item,desktop,google,Sports,28,12,0
2021-01-08,view_item,desktop,google,Beauty,25,12,0
2021-01-08,view_item,desktop,direct,Toys,19,9,0
2021-01-08,view_item,desktop,organic,Electronics,12,5,0
2021-01-08,view_item,desktop,organic,Sports,50,26,0
2021-01-08,view_item,desktop,organic,Books,10,5,0
2021-01-08,view_item,desktop,organic,Toys,14,6,0
2021-01-08,view_item,mobile,google,Home,81,38,0
2021-01-08,view_item,mobile,direct,Sports,28,12,0
2021-01-08,view_item,mobile,social,Electronics,52,27,0
2021-01-08,view_item,mobile,social,Books,42,17,0
2021-01-08,view_item,mobile,organic,Apparel,11,5,0
2021-01-08,view_item,mobile,organic,Beauty,115,47,0
2021-01-08,view_item,mobile,organic,Toys,149,66,0
2021-01-08,view_item,tablet,google,Home,62,26,0
2021-01-08,view_item,tablet,social,Beauty,40,15,0
2021-01-08,view_item,tablet,organic,Apparel,2,1,0
2021-01-08,view_item,tablet,organic,Books,23,11,0
2021-01-08,add_to_cart,desktop,google,Beauty,83,41,0
2021-01-08,add_to_cart,desktop,google,Toys,6,3,0
2021-01-08,add_to_cart,desktop,organic,Beauty,13,8,0
2021-01-08,add_to_cart,mobile,google,Sports,40,21,0
2021-01-08,add_to_cart,mobile,google,Beauty,51,25,0
2021-01-08,add_to_cart,mobile,organic,Toys,12,7,0
2021-01-08,begin_checkout,desktop,direct,Toys,2,1,0
2021-01-08,begin_checkout,desktop,social,Apparel,2,1,0
2021-01-08,begin_checkout,desktop,social,Toys,3,2,0
2021-01-08,begin_checkout,desktop,organic,Home,40,27,0
2021-01-08,begin_checkout,mobile,google,Home,6,4,0
2021-01-08,purchase,mobile,email,Books,2,1,39.65
2021-01-09,page_view,desktop,google,Apparel,223,85,0
2021-01-09,page_view,desktop,google,Electronics,155,33,0
2021-01-09,page_view,desktop,google,Sports,536,165,0
2021-01-09,page_view,desktop,google,Beauty,62,17,0
2021-01-09,page_view,desktop,google,Toys,63,22,0
2021-01-09,page_view,desktop,direct,Electronics,27,8,0
2021-01-09,page_view,desktop,direct,Home,236,72,0
2021-01-09,page_view,desktop,direct,Sports,105,28,0
2021-01-09,page_view,desktop,direct,Beauty,27,7,0
2021-01-09,page_view,desktop,direct,Toys,377,150,0
2021-01-09,page_view,desktop,social,Apparel,40,13,0
2021-01-09,page_view,desktop,social,Electronics,111,26,0
2021-01-09,page_view,desktop,social,Home,163,36,0
2021-01-09,page_view,desktop,social,Sports,58,22,0
2021-01-09,page_view,desktop,social,Books,23,8,0
2021-01-09,page_view,desktop,social,Toys,62,17,0
2021-01-09,page_view,desktop,organic,Apparel,77,23,0
2021-01-09,page_view,desktop,organic,Electronics,46,10,0
2021-01-09,page_view,desktop,organic,Home,296,84,0
2021-01-09,page_view,desktop,organic,Books,70,16,0
2021-01-09,page_view,desktop,organic,Toys,12,4,0
2021-01-09,page_view,desktop,email,Electronics,39,13,0
2021-01-09,page_view,desktop,email,Home,58,14,0
2021-01-09,page_view,mobile,google,Electronics,27,11,0
2021-01-09,page_view,mobile,google,Home,892,211,0
2021-01-09,page_view,mobile,google,Sports,39,14,0
2021-01-09,page_view,mobile,direct,Apparel,28,11,0
2021-01-09,page_view,mobile,direct,Home,140,29,0
2021-01-09,page_view,mobile,direct,Beauty,21,7,0
2021-01-09,page_view,mobile,direct,Toys,104,35,0
2021-01-09,page_view,mobile,social,Toys,18,7,0
2021-01-09,page_view,mobile,organic,Electronics,116,35,0
2021-01-09,page_view,mobile,organic,Sports,55,20,0
2021-01-09,page_view,mobile,organic,Books,243,95,0
2021-01-09,page_view,mobile,organic,Beauty,47,12,0
2021-01-09,page_view,mobile,email,Home,14,3,0
2021-01-09,page_view,mobile,email,Beauty,4,1,0
2021-01-09,page_view,tablet,google,Beauty,234,61,0
2021-01-09,page_view,tablet,google,Toys,23,5,0
2021-01-09,page_view,tablet,direct,Sports,108,36,0
2021-01-09,page_view,tablet,organic,Apparel,74,24,0
2021-01-09,page_view,tablet,organic,Electronics,18,4,0
2021-01-09,page_view,tablet,organic,Toys,230,67,0
2021-01-09,view_item,desktop,google,Home,36,13,0
2021-01-09,view_item,desktop,google,Sports,22,9,0
2021-01-09,view_item,desktop,google,Beauty,7,3,0
2021-01-09,view_item,desktop,direct,Apparel,34,17,0
2021-01-09,view_item,desktop,direct,Home,26,11,0
2021-01-09,view_item,desktop,direct,Sports,40,19,0
2021-01-09,view_item,desktop,email,Home,12,6,0
2021-01-09,view_item,desktop,email,Books,4,2,0
2021-01-09,view_item,mobile,direct,Home,16,8,0
2021-01-09,view_item,mobile,direct,Sports,13,5,0
2021-01-09,view_item,mobile,social,Home,64,25,0
2021-01-09,view_item,mobile,social,Books,52,28,0
2021-01-09,view_item,mobile,organic,Sports,25,9,0
2021-01-09,view_item,mobile,organic,Books,41,17,0
2021-01-09,view_item,mobile,email,Apparel,9,5,0
2021-01-09,view_item,mobile,email,Books,27,10,0
2021-01-09,view_item,tablet,google,Home,192,104,0
2021-01-09,view_item,tablet,google,Toys,116,43,0
2021-01-09,view_item,tablet,direct,Apparel,27,13,0
2021-01-09,view_item,tablet,direct,Toys,83,36,0
2021-01-09,add_to_cart,desktop,google,Sports,38,22,0
2021-01-09,add_to_cart,mobile,google,Beauty,38,19,0
2021-01-09,add_to_cart,mobile,google,Toys,12,7,0
2021-01-09,add_to_cart,mobile,direct,Apparel,13,7,0
2021-01-09,add_to_cart,mobile,social,Toys,31,18,0
2021-01-09,add_to_cart,mobile,organic,Home,4,2,0
2021-01-09,add_to_cart,tablet,google,Toys,45,26,0
2021-01-09,begin_checkout,desktop,google,Electronics,5,3,0
2021-01-09,begin_checkout,desktop,social,Apparel,12,9,0
2021-01-09,begin_checkout,desktop,organic,Sports,16,10,0
2021-01-09,begin_checkout,mobile,direct,Toys,21,12,0
2021-01-09,begin_checkout,mobile,organic,Beauty,2,1,0
2021-01-09,purchase,desktop,google,Apparel,3,3,228.39
2021-01-10,page_view,desktop,google,Apparel,96,34,0
2021-01-10,page_view,desktop,google,Electronics,37,9,0
2021-01-10,page_view,desktop,google,Sports,80,30,0
2021-01-10,page_view,desktop,google,Toys,26,10,0
2021-01-10,page_view,desktop,direct,Apparel,108,43,0
2021-01-10,page_view,desktop,direct,Electronics,78,23,0
2021-01-10,page_view,desktop,direct,Home,89,31,0
2021-01-10,page_view,desktop,direct,Sports,633,165,0
2021-01-10,page_view,desktop,direct,Toys,71,25,0
2021-01-10,page_view,desktop,social,Electronics,88,25,0
2021-01-10,page_view,desktop,social,Books,11,3,0
2021-01-10,page_view,desktop,social,Beauty,18,6,0
2021-01-10,page_view,desktop,organic,Apparel,83,24,0
2021-01-10,page_view,desktop,organic,Electronics,77,25,0
2021-01-10,page_view,desktop,organic,Sports,8,2,0
2021-01-10,page_view,desktop,organic,Beauty,117,36,0
2021-01-10,page_view,desktop,organic,Toys,17,6,0
2021-01-10,page_view,desktop,email,Electronics,12,3,0
2021-01-10,page_view,desktop,email,Home,84,20,0
2021-01-10,page_view,desktop,email,Sports,80,27,0
2021-01-10,page_view,desktop,email,Toys,3,1,0
2021-01-10,page_view,mobile,google,Apparel,182,38,0
2021-01-10,page_view,mobile,google,Home,156,61,0
2021-01-10,page_view,mobile,google,Sports,114,42,0
2021-01-10,page_view,mobile,google,Beauty,76,22,0
2021-01-10,page_view,mobile,google,Toys,50,19,0
2021-01-10,page_view,mobile,direct,Apparel,31,7,0
2021-01-10,page_view,mobile,direct,Home,38,12,0
2021-01-10,page_view,mobile,direct,Beauty,39,12,0
2021-01-10,page_view,mobile,social,Apparel,38,11,0
2021-01-10,page_view,mobile,social,Home,59,23,0
2021-01-10,page_view,mobile,social,Books,16,6,0
2021-01-10,page_view,mobile,social,Beauty,44,11,0
2021-01-10,page_view,mobile,organic,Sports,259,75,0
2021-01-10,page_view,mobile,organic,Books,68,23,0
2021-01-10,page_view,mobile,organic,Beauty,150,51,0
2021-01-10,page_view,mobile,organic,Toys,116,46,0
2021-01-10,page_view,mobile,email,Toys,35,10,0
2021-01-10,page_view,tablet,google,Home,148,42,0
2021-01-10,page_view,tablet,google,Sports,101,32,0
2021-01-10,page_view,tablet,google,Books,77,27,0
2021-01-10,page_view,tablet,google,Beauty,96,34,0
2021-01-10,page_view,tablet,direct,Toys,97,33,0
2021-01-10,page_view,tablet,social,Electronics,29,10,0
2021-01-10,page_view,tablet,social,Books,23,6,0
2021-01-10,page_view,tablet,organic,Electronics,72,21,0
2021-01-10,page_view,tablet,organic,Beauty,56,14,0
2021-01-10,page_view,tablet,organic,Toys,12,4,0
2021-01-10,page_view,tablet,email,Beauty,266,81,0
2021-01-10,view_item,desktop,google,Electronics,85,43,0
2021-01-10,view_item,desktop,google,Books,96,43,0
2021-01-10,view_item,desktop,direct,Toys,297,130,0
2021-01-10,view_item,desktop,social,Electronics,94,44,0
2021-01-10,view_item,desktop,social,Beauty,12,6,0
2021-01-10,view_item,desktop,social,Toys,263,128,0
2021-01-10,view_item,desktop,organic,Home,4,2,0
2021-01-10,view_item,desktop,email,Beauty,10,4,0
2021-01-10,view_item,mobile,google,Sports,34,18,0
2021-01-10,view_item,mobile,google,Books,75,27,0
2021-01-10,view_item,mobile,google,Beauty,4,1,0
2021-01-10,view_item,mobile,social,Beauty,15,6,0
2021-01-10,view_item,mobile,organic,Toys,151,75,0
2021-01-10,view_item,tablet,social,Apparel,26,13,0
2021-01-10,view_item,tablet,organic,Electronics,23,12,0
2021-01-10,view_item,tablet,organic,Home,10,5,0
2021-01-10,view_item,tablet,organic,Sports,53,23,0
2021-01-10,add_to_cart,desktop,google,Electronics,8,5,0
2021-01-10,add_to_cart,desktop,google,Toys,66,34,0
2021-01-10,add_to_cart,desktop,direct,Books,6,4,0
2021-01-10,add_to_cart,desktop,social,Electronics,3,2,0
2021-01-10,add_to_cart,desktop,social,Home,56,33,0
2021-01-10,add_to_cart,desktop,email,Apparel,11,6,0
2021-01-10,add_to_cart,mobile,organic,Home,16,9,0
2021-01-10,add_to_cart,mobile,email,Apparel,7,4,0
2021-01-10,add_to_cart,tablet,google,Electronics,23,11,0
2021-01-10,add_to_cart,tablet,direct,Apparel,63,37,0
2021-01-10,add_to_cart,tablet,social,Sports,3,2,0
2021-01-10,begin_checkout,mobile,email,Toys,8,5,0
2021-01-10,purchase,desktop,google,Apparel,6,5,364.3
2021-01-10,purchase,desktop,direct,Home,6,4,442.22
2021-01-11,page_view,desktop,google,Electronics,136,28,0
2021-01-11,page_view,desktop,google,Home,58,22,0
2021-01-11,page_view,desktop,google,Sports,21,6,0
2021-01-11,page_view,desktop,google,Books,103,28,0
2021-01-11,page_view,desktop,google,Beauty,694,251,0
2021-01-11,page_view,desktop,google,Toys,168,37,0
2021-01-11,page_view,desktop,direct,Electronics,111,27,0
2021-01-11,page_view,desktop,direct,Toys,7,2,0
2021-01-11,page_view,desktop,social,Home,79,25,0
2021-01-11,page_view,desktop,social,Beauty,124,49,0
2021-01-11,page_view,desktop,organic,Home,10,4,0
2021-01-11,page_view,desktop,organic,Books,67,14,0
2021-01-11,page_view,desktop,organic,Beauty,49,19,0
2021-01-11,page_view,desktop,organic,Toys,112,40,0
2021-01-11,page_view,desktop,email,Sports,80,24,0
2021-01-11,page_view,desktop,email,Beauty,130,30,0
2021-01-11,page_view,mobile,google,Home,148,37,0
2021-01-11,page_view,mobile,google,Sports,79,18,0
2021-01-11,page_view,mobile,google,Books,104,34,0
2021-01-11,page_view,mobile,google,Beauty,251,55,0
2021-01-11,page_view,mobile,google,Toys,11,4,0
2021-01-11,page_view,mobile,direct,Electronics,211,84,0
2021-01-11,page_view,mobile,direct,Home,19,6,0
2021-01-11,page_view,mobile,direct,Toys,44,15,0
2021-01-11,page_view,mobile,social,Sports,249,77,0
2021-01-11,page_view,mobile,social,Toys,140,34,0
2021-01-11,page_view,mobile,organic,Beauty,33,12,0
2021-01-11,page_view,mobile,email,Beauty,61,16,0
2021-01-11,page_view,mobile,email,Toys,11,2,0
2021-01-11,page_view,tablet,google,Toys,27,7,0
2021-01-11,page_view,tablet,direct,Apparel,18,4,0
2021-01-11,page_view,tablet,direct,Home,60,18,0
2021-01-11,page_view,tablet,direct,Toys,25,7,0
2021-01-11,page_view,tablet,social,Toys,28,10,0
2021-01-11,page_view,tablet,organic,Electronics,7,2,0
2021-01-11,page_view,tablet,organic,Sports,32,7,0
2021-01-11,page_view,tablet,email,Toys,30,8,0
2021-01-11,view_item,desktop,google,Books,49,24,0
2021-01-11,view_item,desktop,direct,Apparel,8,3,0
2021-01-11,view_item,desktop,direct,Books,11,5,0
2021-01-11,view_item,desktop,social,Home,7,3,0
2021-01-11,view_item,desktop,social,Toys,17,8,0
2021-01-11,view_item,desktop,organic,Sports,7,3,0
2021-01-11,view_item,desktop,organic,Books,51,22,0
2021-01-11,view_item,desktop,organic,Toys,10,4,0
2021-01-11,view_item,mobile,google,Apparel,38,17,0
2021-01-11,view_item,mobile,google,Beauty,5,2,0
2021-01-11,view_item,mobile,direct,Beauty,42,16,0
2021-01-11,view_item,mobile,direct,Toys,29,10,0
2021-01-11,view_item,mobile,social,Books,42,19,0
2021-01-11,view_item,mobile,social,Beauty,91,46,0
2021-01-11,view_item,mobile,organic,Home,12,6,0
2021-01-11,view_item,mobile,organic,Sports,93,45,0
2021-01-11,view_item,mobile,organic,Toys,169,69,0
2021-01-11,view_item,tablet,direct,Electronics,32,16,0
2021-01-11,view_item,tablet,social,Beauty,29,14,0
2021-01-11,view_item,tablet,email,Apparel,13,5,0
2021-01-11,view_item,tablet,email,Electronics,40,18,0
2021-01-11,view_item,tablet,email,Sports,7,3,0
2021-01-11,add_to_cart,desktop,google,Apparel,26,14,0
2021-01-11,add_to_cart,desktop,google,Books,7,3,0
2021-01-11,add_to_cart,desktop,google,Toys,124,71,0
2021-01-11,add_to_cart,desktop,direct,Apparel,12,7,0
2021-01-11,add_to_cart,desktop,direct,Home,5,3,0
2021-01-11,add_to_cart,desktop,organic,Electronics,16,9,0
2021-01-11,add_to_cart,desktop,email,Apparel,43,22,0
2021-01-11,begin_checkout,desktop,email,Toys,5,3,0
2021-01-11,begin_checkout,tablet,google,Beauty,22,16,0
2021-01-12,page_view,desktop,google,Apparel,38,8,0
2021-01-12,page_view,desktop,google,Home,53,14,0
2021-01-12,page_view,desktop,google,Sports,159,33,0
2021-01-12,page_view,desktop,google,Books,61,17,0
2021-01-12,page_view,desktop,google,Toys,150,31,0
2021-01-12,page_view,desktop,direct,Apparel,28,11,0
2021-01-12,page_view,desktop,direct,Electronics,39,13,0
2021-01-12,page_view,desktop,direct,Home,70,24,0
2021-01-12,page_view,desktop,direct,Sports,55,19,0
2021-01-12,page_view,desktop,direct,Toys,10,3,0
2021-01-12,page_view,desktop,social,Books,26,9,0
2021-01-12,page_view,desktop,social,Toys,36,8,0
2021-01-12,page_view,desktop,organic,Sports,24,9,0
2021-01-12,page_view,desktop,organic,Beauty,29,7,0
2021-01-12,page_view,desktop,organic,Toys,186,44,0
2021-01-12,page_view,desktop,email,Home,41,14,0
2021-01-12,page_view,desktop,email,Sports,24,9,0
2021-01-12,page_view,desktop,email,Books,7,2,0
2021-01-12,page_view,mobile,google,Apparel,96,28,0
2021-01-12,page_view,mobile,google,Electronics,72,20,0
2021-01-12,page_view,mobile,google,Home,160,46,0
2021-01-12,page_view,mobile,google,Sports,117,43,0
2021-01-12,page_view,mobile,google,Books,67,19,0
2021-01-12,page_view,mobile,google,Beauty,31,7,0
2021-01-12,page_view,mobile,google,Toys,130,35,0
2021-01-12,page_view,mobile,direct,Apparel,94,21,0
2021-01-12,page_view,mobile,direct,Electronics,11,4,0
2021-01-12,page_view,mobile,direct,Sports,40,15,0
2021-01-12,page_view,mobile,direct,Beauty,52,18,0
2021-01-12,page_view,mobile,social,Books,379,113,0
2021-01-12,page_view,mobile,social,Toys,38,12,0
2021-01-12,page_view,mobile,organic,Apparel,53,15,0
2021-01-12,page_view,mobile,organic,Electronics,57,16,0
2021-01-12,page_view,mobile,email,Apparel,67,21,0
2021-01-12,page_view,mobile,email,Home,205,55,0
2021-01-12,page_view,mobile,email,Books,94,31,0
2021-01-12,page_view,tablet,direct,Toys,38,11,0
2021-01-12,page_view,tablet,social,Home,65,22,0
2021-01-12,page_view,tablet,social,Books,26,10,0
2021-01-12,page_view,tablet,organic,Apparel,53,16,0
2021-01-12,page_view,tablet,organic,Books,161,53,0
2021-01-12,page_view,tablet,organic,Toys,95,23,0
2021-01-12,page_view,tablet,email,Home,31,7,0
2021-01-12,view_item,desktop,google,Electronics,9,4,0
2021-01-12,view_item,desktop,google,Books,42,19,0
2021-01-12,view_item,desktop,google,Beauty,32,16,0
2021-01-12,view_item,desktop,direct,Beauty,9,5,0
2021-01-12,view_item,desktop,social,Home,15,8,0
2021-01-12,view_item,desktop,social,Books,54,20,0
2021-01-12,view_item,desktop,social,Beauty,139,56,0
2021-01-12,view_item,desktop,organic,Electronics,114,46,0
2021-01-12,view_item,desktop,organic,Sports,32,11,0
2021-01-12,view_item,desktop,organic,Books,18,9,0
2021-01-12,view_item,desktop,organic,Toys,15,7,0
2021-01-12,view_item,mobile,google,Electronics,69,25,0
2021-01-12,view_item,mobile,google,Beauty,26,9,0
2021-01-12,view_item,mobile,direct,Electronics,13,7,0
2021-01-12,view_item,mobile,social,Sports,49,25,0
2021-01-12,view_item,mobile,organic,Books,41,20,0
2021-01-12,view_item,mobile,organic,Toys,17,9,0
2021-01-12,view_item,mobile,email,Apparel,9,4,0
2021-01-12,view_item,tablet,direct,Toys,31,16,0
2021-01-12,view_item,tablet,social,Electronics,15,6,0
2021-01-12,view_item,tablet,social,Books,17,9,0
2021-01-12,view_item,tablet,social,Beauty,135,59,0
2021-01-12,view_item,tablet,organic,Books,12,6,0
2021-01-12,view_item,tablet,email,Home,10,4,0
2021-01-12,add_to_cart,desktop,google,Apparel,17,8,0
2021-01-12,add_to_cart,desktop,google,Sports,9,5,0
2021-01-12,add_to_cart,desktop,direct,Toys,17,8,0
2021-01-12,add_to_cart,mobile,social,Home,13,7,0
2021-01-12,add_to_cart,mobile,email,Books,33,17,0
2021-01-12,add_to_cart,tablet,google,Home,8,4,0
2021-01-12,add_to_cart,tablet,organic,Beauty,11,5,0
2021-01-12,begin_checkout,desktop,email,Apparel,6,4,0
2021-01-12,begin_checkout,mobile,organic,Apparel,37,21,0
2021-01-12,begin_checkout,tablet,social,Toys,1,1,0
2021-01-12,begin_checkout,tablet,email,Sports,1,1,0
2021-01-13,page_view,desktop,google,Home,18,5,0
2021-01-13,page_view,desktop,google,Sports,114,29,0
2021-01-13,page_view,desktop,google,Beauty,23,7,0
2021-01-13,page_view,desktop,google,Toys,52,13,0
2021-01-13,page_view,desktop,direct,Electronics,48,15,0
2021-01-13,page_view,desktop,direct,Home,33,10,0
2021-01-13,page_view,desktop,direct,Books,68,18,0
2021-01-13,page_view,desktop,direct,Toys,133,34,0
2021-01-13,page_view,desktop,social,Apparel,44,12,0
2021-01-13,page_view,desktop,social,Sports,120,46,0
2021-01-13,page_view,desktop,social,Books,9,2,0
2021-01-13,page_view,desktop,social,Beauty,31,7,0
2021-01-13,page_view,desktop,organic,Apparel,76,20,0
2021-01-13,page_view,desktop,organic,Home,284,93,0
2021-01-13,page_view,desktop,organic,Beauty,18,6,0
2021-01-13,page_view,desktop,organic,Toys,51,10,0
2021-01-13,page_view,desktop,email,Apparel,728,269,0
2021-01-13,page_view,desktop,email,Beauty,13,3,0
2021-01-13,page_view,mobile,google,Apparel,203,55,0
2021-01-13,page_view,mobile,google,Electronics,99,23,0
2021-01-13,page_view,mobile,google,Books,146,47,0
2021-01-13,page_view,mobile,google,Beauty,39,11,0
2021-01-13,page_view,mobile,google,Toys,66,18,0
2021-01-13,page_view,mobile,direct,Apparel,23,9,0
2021-01-13,page_view,mobile,direct,Toys,2,1,0
2021-01-13,page_view,mobile,social,Toys,59,19,0
2021-01-13,page_view,mobile,organic,Apparel,12,4,0
2021-01-13,page_view,mobile,organic,Electronics,312,113,0
2021-01-13,page_view,mobile,organic,Sports,21,5,0
2021-01-13,page_view,mobile,organic,Beauty,21,7,0
2021-01-13,page_view,mobile,email,Electronics,7,2,0
2021-01-13,page_view,tablet,google,Books,196,70,0
2021-01-13,page_view,tablet,direct,Apparel,211,65,0
2021-01-13,page_view,tablet,organic,Sports,28,6,0
2021-01-13,view_item,desktop,google,Apparel,46,24,0
2021-01-13,view_item,desktop,google,Electronics,26,12,0
2021-01-13,view_item,desktop,google,Books,9,5,0
2021-01-13,view_item,desktop,direct,Electronics,77,42,0
2021-01-13,view_item,desktop,direct,Home,9,3,0
2021-01-13,view_item,desktop,direct,Sports,7,3,0
2021-01-13,view_item,desktop,direct,Books,54,29,0
2021-01-13,view_item,desktop,direct,Beauty,15,6,0
2021-01-13,view_item,desktop,social,Beauty,72,38,0
2021-01-13,view_item,desktop,organic,Apparel,27,13,0
2021-01-13,view_item,desktop,organic,Electronics,11,5,0
2021-01-13,view_item,desktop,organic,Books,7,4,0
2021-01-13,view_item,desktop,email,Toys,25,11,0
2021-01-13,view_item,mobile,google,Electronics,139,71,0
2021-01-13,view_item,mobile,google,Books,10,4,0
2021-01-13,view_item,mobile,google,Beauty,29,16,0
2021-01-13,view_item,mobile,direct,Sports,11,5,0
2021-01-13,view_item,mobile,direct,Beauty,72,27,0
2021-01-13,view_item,mobile,direct,Toys,7,2,0
2021-01-13,view_item,mobile,social,Home,20,10,0
2021-01-13,view_item,mobile,social,Beauty,20,9,0
2021-01-13,view_item,mobile,organic,Apparel,88,38,0
2021-01-13,view_item,tablet,social,Electronics,54,27,0
2021-01-13,view_item,tablet,organic,Electronics,5,2,0
2021-01-13,add_to_cart,desktop,social,Books,13,7,0
2021-01-13,add_to_cart,desktop,social,Beauty,4,2,0
2021-01-13,add_to_cart,desktop,organic,Electronics,7,4,0
2021-01-13,add_to_cart,desktop,email,Toys,5,3,0
2021-01-13,add_to_cart,mobile,google,Sports,17,10,0
2021-01-13,add_to_cart,mobile,google,Beauty,25,15,0
2021-01-13,add_to_cart,mobile,google,Toys,48,26,0
2021-01-13,add_to_cart,mobile,direct,Electronics,32,19,0
2021-01-13,add_to_cart,mobile,direct,Toys,6,3,0
2021-01-13,add_to_cart,mobile,organic,Apparel,15,8,0
2021-01-13,add_to_cart,mobile,organic,Electronics,2,1,0
2021-01-13,add_to_cart,mobile,organic,Sports,17,9,0
2021-01-13,add_to_cart,tablet,email,Home,52,30,0
2021-01-13,begin_checkout,desktop,direct,Sports,14,9,0
2021-01-13,begin_checkout,desktop,social,Apparel,5,3,0
2021-01-13,begin_checkout,desktop,email,Apparel,5,3,0
2021-01-13,begin_checkout,mobile,google,Apparel,8,5,0
2021-01-13,begin_checkout,mobile,google,Electronics,12,8,0
2021-01-13,begin_checkout,mobile,direct,Electronics,8,6,0
2021-01-13,begin_checkout,tablet,organic,Beauty,11,8,0
2021-01-13,purchase,mobile,google,Electronics,27,19,6600.12
2021-01-14,page_view,desktop,google,Electronics,16,4,0
2021-01-14,page_view,desktop,google,Home,87,32,0
2021-01-14,page_view,desktop,google,Sports,456,143,0
2021-01-14,page_view,desktop,google,Beauty,37,11,0
2021-01-14,page_view,desktop,google,Toys,73,17,0
2021-01-14,page_view,desktop,direct,Electronics,54,19,0
2021-01-14,page_view,desktop,direct,Home,49,12,0
2021-01-14,page_view,desktop,direct,Sports,82,27,0
2021-01-14,page_view,desktop,direct,Beauty,268,98,0
2021-01-14,page_view,desktop,direct,Toys,7,2,0
2021-01-14,page_view,desktop,social,Home,7,2,0
2021-01-14,page_view,desktop,organic,Apparel,30,7,0
2021-01-14,page_view,desktop,organic,Electronics,164,58,0
2021-01-14,page_view,desktop,organic,Home,40,9,0
2021-01-14,page_view,desktop,organic,Sports,16,4,0
2021-01-14,page_view,desktop,organic,Toys,66,14,0
2021-01-14,page_view,mobile,google,Apparel,114,34,0
2021-01-14,page_view,mobile,google,Home,333,73,0
2021-01-14,page_view,mobile,google,Sports,101,34,0
2021-01-14,page_view,mobile,direct,Electronics,53,11,0
2021-01-14,page_view,mobile,social,Home,29,10,0
2021-01-14,page_view,mobile,social,Books,133,46,0
2021-01-14,page_view,mobile,social,Beauty,17,4,0
2021-01-14,page_view,mobile,organic,Books,128,26,0
2021-01-14,page_view,mobile,email,Electronics,152,61,0
2021-01-14,page_view,tablet,google,Sports,217,51,0
2021-01-14,page_view,tablet,google,Toys,157,62,0
2021-01-14,page_view,tablet,social,Electronics,17,7,0
2021-01-14,page_view,tablet,organic,Home,85,23,0
2021-01-14,view_item,desktop,google,Apparel,43,23,0
2021-01-14,view_item,desktop,google,Electronics,80,30,0
2021-01-14,view_item,desktop,google,Home,26,12,0
2021-01-14,view_item,desktop,google,Sports,143,58,0
2021-01-14,view_item,desktop,google,Books,14,6,0
2021-01-14,view_item,desktop,google,Toys,108,53,0
2021-01-14,view_item,desktop,direct,Electronics,36,14,0
2021-01-14,view_item,desktop,direct,Books,59,27,0
2021-01-14,view_item,desktop,social,Apparel,86,47,0
2021-01-14,view_item,desktop,organic,Electronics,17,7,0
2021-01-14,view_item,desktop,organic,Home,20,10,0
2021-01-14,view_item,desktop,organic,Books,20,10,0
2021-01-14,view_item,desktop,email,Books,18,9,0
2021-01-14,view_item,desktop,email,Toys,30,14,0
2021-01-14,view_item,mobile,google,Apparel,59,27,0
2021-01-14,view_item,mobile,google,Beauty,65,29,0
2021-01-14,view_item,mobile,direct,Sports,3,2,0
2021-01-14,view_item,mobile,direct,Books,88,32,0
2021-01-14,view_item,mobile,social,Home,49,25,0
2021-01-14,view_item,mobile,organic,Apparel,109,55,0
2021-01-14,view_item,mobile,organic,Electronics,226,116,0
2021-01-14,view_item,mobile,organic,Home,50,23,0
2021-01-14,view_item,mobile,organic,Sports,10,5,0
2021-01-14,view_item,mobile,organic,Books,6,2,0
2021-01-14,view_item,mobile,organic,Beauty,11,5,0
2021-01-14,view_item,mobile,email,Electronics,12,5,0
2021-01-14,view_item,mobile,email,Sports,15,6,0
2021-01-14,view_item,tablet,google,Sports,8,3,0
2021-01-14,view_item,tablet,social,Apparel,8,3,0
2021-01-14,view_item,tablet,organic,Electronics,29,13,0
2021-01-14,view_item,tablet,organic,Sports,21,10,0
2021-01-14,add_to_cart,desktop,google,Home,5,3,0
2021-01-14,add_to_cart,desktop,google,Toys,75,35,0
2021-01-14,add_to_cart,desktop,direct,Apparel,6,3,0
2021-01-14,add_to_cart,desktop,direct,Home,22,10,0
2021-01-14,add_to_cart,desktop,social,Books,23,13,0
2021-01-14,add_to_cart,mobile,google,Apparel,89,57,0
2021-01-14,add_to_cart,mobile,google,Sports,169,91,0
2021-01-14,add_to_cart,mobile,organic,Home,9,5,0
2021-01-14,begin_checkout,desktop,direct,Sports,14,10,0
2021-01-14,begin_checkout,desktop,organic,Sports,30,22,0
2021-01-14,begin_checkout,desktop,email,Books,11,7,0
2021-01-14,purchase,mobile,social,Sports,6,5,285.89
2021-01-14,purchase,tablet,direct,Electronics,8,6,2105.38
2021-01-14,purchase,tablet,organic,Apparel,4,3,248.26
2021-01-15,page_view,desktop,google,Electronics,245,86,0
2021-01-15,page_view,desktop,google,Home,235,62,0
2021-01-15,page_view,desktop,google,Sports,105,27,0
2021-01-15,page_view,desktop,google,Toys,54,16,0
2021-01-15,page_view,desktop,direct,Apparel,49,13,0
2021-01-15,page_view,desktop,direct,Electronics,38,12,0
2021-01-15,page_view,desktop,direct,Home,173,59,0
2021-01-15,page_view,desktop,direct,Beauty,20,4,0
2021-01-15,page_view,desktop,direct,Toys,127,28,0
2021-01-15,page_view,desktop,social,Home,136,42,0
2021-01-15,page_view,desktop,social,Sports,36,14,0
2021-01-15,page_view,desktop,social,Books,13,4,0
2021-01-15,page_view,desktop,organic,Apparel,101,21,0
2021-01-15,page_view,desktop,organic,Electronics,431,142,0
2021-01-15,page_view,desktop,organic,Sports,121,46,0
2021-01-15,page_view,desktop,organic,Books,35,7,0
2021-01-15,page_view,desktop,email,Apparel,45,18,0
2021-01-15,page_view,desktop,email,Toys,14,3,0
2021-01-15,page_view,mobile,google,Apparel,28,7,0
2021-01-15,page_view,mobile,google,Sports,26,10,0
2021-01-15,page_view,mobile,google,Books,59,19,0
2021-01-15,page_view,mobile,google,Beauty,289,112,0
2021-01-15,page_view,mobile,google,Toys,141,34,0
2021-01-15,page_view,mobile,direct,Electronics,25,6,0
2021-01-15,page_view,mobile,direct,Beauty,30,9,0
2021-01-15,page_view,mobile,social,Electronics,11,4,0
2021-01-15,page_view,mobile,social,Home,46,12,0
2021-01-15,page_view,mobile,social,Books,62,14,0
2021-01-15,page_view,mobile,organic,Home,38,10,0
2021-01-15,page_view,mobile,organic,Sports,109,25,0
2021-01-15,page_view,mobile,organic,Books,101,38,0
2021-01-15,page_view,mobile,organic,Toys,55,12,0
2021-01-15,page_view,mobile,email,Apparel,20,4,0
2021-01-15,page_view,tablet,google,Electronics,119,26,0
2021-01-15,page_view,tablet,google,Books,43,13,0
2021-01-15,page_view,tablet,direct,Home,85,33,0
2021-01-15,page_view,tablet,social,Electronics,15,4,0
2021-01-15,page_view,tablet,social,Sports,31,6,0
2021-01-15,page_view,tablet,social,Beauty,11,3,0
2021-01-15,page_view,tablet,social,Toys,37,15,0
2021-01-15,page_view,tablet,organic,Home,69,23,0
2021-01-15,page_view,tablet,organic,Toys,162,58,0
2021-01-15,view_item,desktop,google,Apparel,17,9,0
2021-01-15,view_item,desktop,google,Electronics,99,45,0
2021-01-15,view_item,desktop,google,Sports,18,9,0
2021-01-15,view_item,desktop,google,Beauty,29,10,0
2021-01-15,view_item,desktop,direct,Apparel,124,64,0
2021-01-15,view_item,desktop,direct,Electronics,28,15,0
2021-01-15,view_item,desktop,direct,Sports,26,11,0
2021-01-15,view_item,desktop,direct,Beauty,34,14,0
2021-01-15,view_item,desktop,direct,Toys,42,17,0
2021-01-15,view_item,desktop,social,Apparel,16,6,0
2021-01-15,view_item,desktop,organic,Home,3,1,0
2021-01-15,view_item,desktop,organic,Sports,26,12,0
2021-01-15,view_item,mobile,google,Electronics,29,11,0
2021-01-15,view_item,mobile,google,Beauty,5,2,0
2021-01-15,view_item,mobile,social,Sports,26,14,0
2021-01-15,view_item,mobile,organic,Toys,16,6,0
2021-01-15,view_item,mobile,email,Home,18,8,0
2021-01-15,view_item,tablet,google,Sports,17,8,0
2021-01-15,view_item,tablet,direct,Books,20,9,0
2021-01-15,view_item,tablet,organic,Sports,8,3,0
2021-01-15,add_to_cart,desktop,google,Books,76,48,0
2021-01-15,add_to_cart,desktop,direct,Apparel,37,22,0
2021-01-15,add_to_cart,desktop,organic,Apparel,6,3,0
2021-01-15,add_to_cart,desktop,email,Electronics,1,1,0
2021-01-15,add_to_cart,mobile,google,Electronics,6,4,0
2021-01-15,add_to_cart,mobile,google,Sports,91,48,0
2021-01-15,add_to_cart,mobile,google,Books,13,7,0
2021-01-15,add_to_cart,mobile,google,Beauty,15,9,0
2021-01-15,add_to_cart,mobile,direct,Sports,8,4,0
2021-01-15,add_to_cart,mobile,direct,Toys,124,76,0
2021-01-15,add_to_cart,mobile,social,Beauty,11,7,0
2021-01-15,add_to_cart,mobile,organic,Sports,25,16,0
2021-01-15,begin_checkout,desktop,organic,Electronics,5,3,0
2021-01-15,begin_checkout,mobile,google,Apparel,25,14,0
2021-01-15,begin_checkout,mobile,direct,Apparel,13,8,0
2021-01-15,begin_checkout,mobile,direct,Toys,8,6,0
2021-01-15,begin_checkout,tablet,organic,Electronics,14,10,0
2021-01-15,purchase,tablet,direct,Apparel,10,9,676.28
2021-01-16,page_view,desktop,google,Books,317,120,0
2021-01-16,page_view,desktop,google,Beauty,402,138,0
2021-01-16,page_view,desktop,google,Toys,30,7,0
2021-01-16,page_view,desktop,direct,Electronics,74,21,0
2021-01-16,page_view,desktop,direct,Home,264,66,0
2021-01-16,page_view,desktop,direct,Sports,173,46,0
2021-01-16,page_view,desktop,direct,Beauty,166,59,0
2021-01-16,page_view,desktop,direct,Toys,8,2,0
2021-01-16,page_view,desktop,social,Home,20,5,0
2021-01-16,page_view,desktop,social,Books,159,53,0
2021-01-16,page_view,desktop,organic,Apparel,58,17,0
2021-01-16,page_view,desktop,organic,Electronics,41,9,0
2021-01-16,page_view,desktop,organic,Home,18,5,0
2021-01-16,page_view,desktop,organic,Sports,119,24,0
2021-01-16,page_view,desktop,organic,Beauty,133,42,0
2021-01-16,page_view,desktop,organic,Toys,133,37,0
2021-01-16,page_view,desktop,email,Electronics,37,7,0
2021-01-16,page_view,desktop,email,Home,21,7,0
2021-01-16,page_view,desktop,email,Sports,30,8,0
2021-01-16,page_view,mobile,google,Apparel,31,7,0
2021-01-16,page_view,mobile,google,Electronics,246,92,0
2021-01-16,page_view,mobile,google,Books,21,7,0
2021-01-16,page_view,mobile,google,Beauty,256,75,0
2021-01-16,page_view,mobile,google,Toys,191,72,0
2021-01-16,page_view,mobile,direct,Electronics,95,26,0
2021-01-16,page_view,mobile,direct,Books,91,23,0
2021-01-16,page_view,mobile,direct,Beauty,25,9,0
2021-01-16,page_view,mobile,organic,Apparel,27,8,0
2021-01-16,page_view,mobile,organic,Electronics,199,63,0
2021-01-16,page_view,mobile,organic,Books,311,92,0
2021-01-16,page_view,mobile,organic,Beauty,9,3,0
2021-01-16,page_view,mobile,email,Electronics,9,3,0
2021-01-16,page_view,tablet,google,Apparel,487,157,0
2021-01-16,page_view,tablet,google,Home,112,37,0
2021-01-16,page_view,tablet,google,Sports,118,46,0
2021-01-16,page_view,tablet,google,Books,36,8,0
2021-01-16,page_view,tablet,google,Toys,23,8,0
2021-01-16,page_view,tablet,direct,Apparel,19,5,0
2021-01-16,page_view,tablet,direct,Toys,243,66,0
2021-01-16,page_view,tablet,social,Books,67,23,0
2021-01-16,page_view,tablet,social,Toys,10,3,0
2021-01-16,page_view,tablet,organic,Apparel,5,2,0
2021-01-16,page_view,tablet,organic,Electronics,84,26,0
2021-01-16,page_view,tablet,organic,Books,126,47,0
2021-01-16,page_view,tablet,organic,Beauty,15,5,0
2021-01-16,view_item,desktop,google,Home,16,7,0
2021-01-16,view_item,desktop,google,Toys,172,74,0
2021-01-16,view_item,desktop,direct,Home,15,6,0
2021-01-16,view_item,desktop,direct,Toys,3,1,0
2021-01-16,view_item,desktop,social,Home,112,49,0
2021-01-16,view_item,desktop,social,Books,25,13,0
2021-01-16,view_item,desktop,organic,Home,18,7,0
2021-01-16,view_item,desktop,organic,Books,25,12,0
2021-01-16,view_item,desktop,organic,Beauty,4,2,0
2021-01-16,view_item,desktop,organic,Toys,76,41,0
2021-01-16,view_item,desktop,email,Toys,3,1,0
2021-01-16,view_item,mobile,social,Home,7,4,0
2021-01-16,view_item,mobile,email,Beauty,5,2,0
2021-01-16,view_item,tablet,social,Sports,12,6,0
2021-01-16,view_item,tablet,organic,Beauty,11,4,0
2021-01-16,view_item,tablet,email,Toys,94,34,0
2021-01-16,add_to_cart,desktop,google,Apparel,19,9,0
2021-01-16,add_to_cart,desktop,google,Toys,10,6,0
2021-01-16,add_to_cart,desktop,social,Toys,12,6,0
2021-01-16,add_to_cart,desktop,organic,Beauty,16,10,0
2021-01-16,add_to_cart,mobile,google,Books,17,9,0
2021-01-16,add_to_cart,mobile,google,Beauty,8,5,0
2021-01-16,add_to_cart,mobile,organic,Apparel,18,10,0
2021-01-16,add_to_cart,mobile,organic,Books,6,3,0
2021-01-16,add_to_cart,tablet,direct,Sports,11,5,0
2021-01-16,add_to_cart,tablet,direct,Toys,6,3,0
2021-01-16,begin_checkout,desktop,direct,Sports,8,5,0
2021-01-16,purchase,mobile,google,Sports,18,13,852.55
2021-01-17,page_view,desktop,google,Apparel,13,5,0
2021-01-17,page_view,desktop,google,Electronics,49,19,0
2021-01-17,page_view,desktop,google,Home,107,23,0
2021-01-17,page_view,desktop,google,Sports,1395,489,0
2021-01-17,page_view,desktop,google,Beauty,273,70,0
2021-01-17,page_view,desktop,direct,Electronics,23,5,0
2021-01-17,page_view,desktop,direct,Sports,116,23,0
2021-01-17,page_view,desktop,direct,Books,120,38,0
2021-01-17,page_view,desktop,direct,Beauty,111,40,0
2021-01-17,page_view,desktop,social,Sports,94,22,0
2021-01-17,page_view,desktop,social,Books,73,22,0
2021-01-17,page_view,desktop,social,Beauty,28,8,0
2021-01-17,page_view,desktop,organic,Apparel,633,235,0
2021-01-17,page_view,desktop,organic,Home,36,9,0
2021-01-17,page_view,desktop,organic,Sports,71,25,0
2021-01-17,page_view,desktop,organic,Books,122,40,0
2021-01-17,page_view,desktop,organic,Toys,13,3,0
2021-01-17,page_view,desktop,email,Sports,22,7,0
2021-01-17,page_view,desktop,email,Books,8,3,0
2021-01-17,page_view,desktop,email,Beauty,12,4,0
2021-01-17,page_view,desktop,email,Toys,23,6,0
2021-01-17,page_view,mobile,google,Apparel,31,11,0
2021-01-17,page_view,mobile,google,Books,66,23,0
2021-01-17,page_view,mobile,google,Beauty,44,17,0
2021-01-17,page_view,mobile,google,Toys,139,53,0
2021-01-17,page_view,mobile,direct,Apparel,50,16,0
2021-01-17,page_view,mobile,direct,Electronics,512,187,0
2021-01-17,page_view,mobile,direct,Home,46,14,0
2021-01-17,page_view,mobile,direct,Sports,56,13,0
2021-01-17,page_view,mobile,direct,Books,34,9,0
2021-01-17,page_view,mobile,direct,Beauty,53,21,0
2021-01-17,page_view,mobile,social,Apparel,156,43,0
2021-01-17,page_view,mobile,social,Electronics,47,10,0
2021-01-17,page_view,mobile,social,Home,7,2,0
2021-01-17,page_view,mobile,social,Sports,45,14,0
2021-01-17,page_view,mobile,organic,Sports,9,3,0
2021-01-17,page_view,mobile,organic,Books,19,4,0
2021-01-17,page_view,mobile,organic,Beauty,21,8,0
2021-01-17,page_view,mobile,organic,Toys,36,8,0
2021-01-17,page_view,mobile,email,Apparel,56,12,0
2021-01-17,page_view,mobile,email,Home,99,37,0
2021-01-17,page_view,mobile,email,Sports,69,18,0
2021-01-17,page_view,tablet,google,Apparel,32,12,0
2021-01-17,page_view,tablet,google,Toys,33,10,0
2021-01-17,page_view,tablet,direct,Beauty,4,1,0
2021-01-17,page_view,tablet,social,Apparel,95,36,0
2021-01-17,page_view,tablet,organic,Apparel,128,33,0
2021-01-17,view_item,desktop,google,Home,5,3,0
2021-01-17,view_item,desktop,google,Books,37,13,0
2021-01-17,view_item,desktop,direct,Home,16,7,0
2021-01-17,view_item,desktop,direct,Books,32,12,0
2021-01-17,view_item,desktop,organic,Apparel,6,2,0
2021-01-17,view_item,desktop,organic,Electronics,19,7,0
2021-01-17,view_item,desktop,organic,Books,22,11,0
2021-01-17,view_item,mobile,google,Electronics,15,7,0
2021-01-17,view_item,mobile,google,Home,73,26,0
2021-01-17,view_item,mobile,google,Toys,20,9,0
2021-01-17,view_item,mobile,direct,Sports,121,46,0
2021-01-17,view_item,mobile,direct,Books,16,7,0
2021-01-17,view_item,mobile,direct,Beauty,38,17,0
2021-01-17,view_item,mobile,direct,Toys,103,54,0
2021-01-17,view_item,mobile,organic,Sports,41,22,0
2021-01-17,view_item,tablet,direct,Sports,52,21,0
2021-01-17,view_item,tablet,organic,Toys,16,9,0
2021-01-17,add_to_cart,desktop,direct,Apparel,15,9,0
2021-01-17,add_to_cart,desktop,direct,Beauty,39,19,0
2021-01-17,add_to_cart,desktop,social,Electronics,4,2,0
2021-01-17,add_to_cart,desktop,organic,Sports,57,36,0
2021-01-17,add_to_cart,desktop,email,Apparel,7,4,0
2021-01-17,add_to_cart,mobile,google,Home,4,2,0
2021-01-17,add_to_cart,mobile,direct,Beauty,17,8,0
2021-01-17,add_to_cart,mobile,organic,Beauty,20,11,0
2021-01-17,begin_checkout,desktop,google,Beauty,11,7,0
2021-01-17,begin_checkout,mobile,google,Home,6,4,0
2021-01-17,begin_checkout,mobile,google,Beauty,9,6,0
2021-01-17,begin_checkout,tablet,direct,Beauty,22,16,0
2021-01-17,begin_checkout,tablet,organic,Electronics,4,3,0
2021-01-17,purchase,mobile,social,Home,4,3,287.27
2021-01-18,page_view,desktop,google,Electronics,91,28,0
2021-01-18,page_view,desktop,google,Home,347,106,0
2021-01-18,page_view,desktop,google,Sports,51,18,0
2021-01-18,page_view,desktop,google,Books,131,27,0
2021-01-18,page_view,desktop,google,Beauty,44,17,0
2021-01-18,page_view,desktop,google,Toys,230,77,0
2021-01-18,page_view,desktop,direct,Apparel,71,23,0
2021-01-18,page_view,desktop,direct,Electronics,233,88,0
2021-01-18,page_view,desktop,direct,Sports,22,5,0
2021-01-18,page_view,desktop,direct,Toys,33,13,0
2021-01-18,page_view,desktop,social,Electronics,131,48,0
2021-01-18,page_view,desktop,social,Home,60,14,0
2021-01-18,page_view,desktop,social,Toys,89,29,0
2021-01-18,page_view,desktop,organic,Apparel,15,5,0
2021-01-18,page_view,desktop,organic,Home,32,7,0
2021-01-18,page_view,desktop,organic,Sports,18,5,0
2021-01-18,page_view,desktop,organic,Books,52,17,0
2021-01-18,page_view,desktop,email,Sports,40,9,0
2021-01-18,page_view,desktop,email,Beauty,27,10,0
2021-01-18,page_view,mobile,google,Apparel,56,17,0
2021-01-18,page_view,mobile,google,Electronics,42,13,0
2021-01-18,page_view,mobile,google,Sports,76,19,0
2021-01-18,page_view,mobile,google,Books,104,37,0
2021-01-18,page_view,mobile,google,Beauty,44,14,0
2021-01-18,page_view,mobile,google,Toys,296,108,0
2021-01-18,page_view,mobile,direct,Electronics,14,3,0
2021-01-18,page_view,mobile,direct,Books,60,15,0
2021-01-18,page_view,mobile,direct,Toys,132,31,0
2021-01-18,page_view,mobile,social,Home,93,24,0
2021-01-18,page_view,mobile,social,Beauty,86,25,0
2021-01-18,page_view,mobile,organic,Apparel,24,7,0
2021-01-18,page_view,mobile,organic,Electronics,113,42,0
2021-01-18,page_view,mobile,organic,Home,24,9,0
2021-01-18,page_view,mobile,organic,Sports,140,42,0
2021-01-18,page_view,mobile,organic,Beauty,19,6,0
2021-01-18,page_view,mobile,email,Electronics,104,27,0
2021-01-18,page_view,mobile,email,Books,3,1,0
2021-01-18,page_view,tablet,google,Sports,57,12,0
2021-01-18,page_view,tablet,google,Books,137,30,0
2021-01-18,page_view,tablet,google,Beauty,107,22,0
2021-01-18,page_view,tablet,social,Electronics,17,4,0
2021-01-18,page_view,tablet,organic,Apparel,142,47,0
2021-01-18,page_view,tablet,email,Toys,43,12,0
2021-01-18,view_item,desktop,google,Apparel,24,9,0
2021-01-18,view_item,desktop,google,Electronics,29,16,0
2021-01-18,view_item,desktop,google,Toys,43,23,0
2021-01-18,view_item,desktop,direct,Beauty,16,7,0
2021-01-18,view_item,desktop,direct,Toys,12,5,0
2021-01-18,view_item,desktop,social,Sports,12,6,0
2021-01-18,view_item,desktop,organic,Apparel,31,11,0
2021-01-18,view_item,desktop,organic,Electronics,39,19,0
2021-01-18,view_item,desktop,email,Books,31,14,0
2021-01-18,view_item,mobile,google,Apparel,8,4,0
2021-01-18,view_item,mobile,google,Books,43,22,0
2021-01-18,view_item,mobile,google,Beauty,27,13,0
2021-01-18,view_item,mobile,direct,Toys,33,13,0
2021-01-18,view_item,mobile,social,Home,39,17,0
2021-01-18,view_item,mobile,organic,Electronics,167,83,0
2021-01-18,view_item,mobile,email,Toys,9,4,0
2021-01-18,view_item,tablet,google,Sports,5,2,0
2021-01-18,view_item,tablet,direct,Beauty,10,5,0
2021-01-18,view_item,tablet,direct,Toys,18,7,0
2021-01-18,view_item,tablet,organic,Beauty,40,15,0
2021-01-18,view_item,tablet,organic,Toys,30,12,0
2021-01-18,add_to_cart,desktop,google,Apparel,11,7,0
2021-01-18,add_to_cart,desktop,google,Sports,18,11,0
2021-01-18,add_to_cart,desktop,social,Apparel,4,3,0
2021-01-18,add_to_cart,desktop,social,Toys,15,7,0
2021-01-18,add_to_cart,desktop,organic,Apparel,81,47,0
2021-01-18,add_to_cart,mobile,google,Toys,6,3,0
2021-01-18,add_to_cart,mobile,direct,Apparel,13,7,0
2021-01-18,add_to_cart,tablet,organic,Electronics,9,5,0
2021-01-18,add_to_cart,tablet,organic,Books,6,3,0
2021-01-18,begin_checkout,tablet,organic,Apparel,6,4,0
2021-01-19,page_view,desktop,google,Apparel,46,10,0
2021-01-19,page_view,desktop,google,Electronics,18,5,0
2021-01-19,page_view,desktop,google,Home,84,32,0
2021-01-19,page_view,desktop,google,Sports,217,79,0
2021-01-19,page_view,desktop,google,Books,80,27,0
2021-01-19,page_view,desktop,google,Beauty,287,113,0
2021-01-19,page_view,desktop,google,Toys,15,5,0
2021-01-19,page_view,desktop,direct,Apparel,18,5,0
2021-01-19,page_view,desktop,direct,Electronics,50,14,0
2021-01-19,page_view,desktop,direct,Home,53,21,0
2021-01-19,page_view,desktop,direct,Toys,423,165,0
2021-01-19,page_view,desktop,social,Apparel,435,136,0
2021-01-19,page_view,desktop,social,Books,123,49,0
2021-01-19,page_view,desktop,social,Beauty,216,53,0
2021-01-19,page_view,desktop,organic,Apparel,14,5,0
2021-01-19,page_view,desktop,organic,Home,75,16,0
2021-01-19,page_view,desktop,organic,Sports,32,12,0
2021-01-19,page_view,desktop,organic,Books,377,106,0
2021-01-19,page_view,desktop,email,Sports,42,12,0
2021-01-19,page_view,mobile,google,Apparel,78,24,0
2021-01-19,page_view,mobile,google,Electronics,123,48,0
2021-01-19,page_view,mobile,google,Sports,59,16,0
2021-01-19,page_view,mobile,google,Beauty,35,13,0
2021-01-19,page_view,mobile,google,Toys,91,35,0
2021-01-19,page_view,mobile,direct,Apparel,215,64,0
2021-01-19,page_view,mobile,direct,Electronics,45,10,0
2021-01-19,page_view,mobile,direct,Home,87,31,0
2021-01-19,page_view,mobile,direct,Beauty,29,11,0
2021-01-19,page_view,mobile,direct,Toys,12,4,0
2021-01-19,page_view,mobile,social,Toys,19,8,0
2021-01-19,page_view,mobile,organic,Home,48,11,0
2021-01-19,page_view,mobile,organic,Beauty,64,14,0
2021-01-19,page_view,mobile,email,Beauty,12,5,0
2021-01-19,page_view,tablet,google,Sports,91,25,0
2021-01-19,page_view,tablet,direct,Apparel,340,96,0
2021-01-19,page_view,tablet,direct,Electronics,32,12,0
2021-01-19,page_view,tablet,direct,Sports,405,154,0
2021-01-19,page_view,tablet,direct,Beauty,53,21,0
2021-01-19,page_view,tablet,social,Home,22,8,0
2021-01-19,page_view,tablet,organic,Sports,98,27,0
2021-01-19,page_view,tablet,organic,Beauty,93,25,0
2021-01-19,page_view,tablet,organic,Toys,12,4,0
2021-01-19,page_view,tablet,email,Sports,11,3,0
2021-01-19,page_view,tablet,email,Toys,133,47,0
2021-01-19,view_item,desktop,google,Apparel,163,79,0
2021-01-19,view_item,desktop,google,Electronics,40,21,0
2021-01-19,view_item,desktop,google,Sports,91,42,0
2021-01-19,view_item,desktop,google,Books,27,13,0
2021-01-19,view_item,desktop,google,Beauty,16,7,0
2021-01-19,view_item,desktop,google,Toys,417,192,0
2021-01-19,view_item,desktop,direct,Electronics,15,7,0
2021-01-19,view_item,desktop,direct,Books,59,32,0
2021-01-19,view_item,desktop,social,Sports,9,4,0
2021-01-19,view_item,desktop,social,Books,19,9,0
2021-01-19,view_item,desktop,social,Toys,84,45,0
2021-01-19,view_item,desktop,organic,Home,38,20,0
2021-01-19,view_item,desktop,organic,Sports,56,26,0
2021-01-19,view_item,desktop,organic,Beauty,26,10,0
2021-01-19,view_item,desktop,organic,Toys,10,4,0
2021-01-19,view_item,mobile,google,Home,64,27,0
2021-01-19,view_item,mobile,google,Sports,27,11,0
2021-01-19,view_item,mobile,google,Beauty,38,17,0
2021-01-19,view_item,mobile,direct,Apparel,60,32,0
2021-01-19,view_item,mobile,direct,Electronics,18,9,0
2021-01-19,view_item,mobile,direct,Beauty,153,83,0
2021-01-19,view_item,mobile,direct,Toys,4,2,0
2021-01-19,view_item,mobile,social,Apparel,18,8,0
2021-01-19,view_item,mobile,organic,Toys,20,9,0
2021-01-19,view_item,mobile,email,Electronics,12,6,0
2021-01-19,view_item,mobile,email,Books,8,3,0
2021-01-19,view_item,tablet,google,Sports,24,9,0
2021-01-19,view_item,tablet,direct,Home,33,18,0
2021-01-19,add_to_cart,desktop,google,Home,6,4,0
2021-01-19,add_to_cart,desktop,google,Toys,11,6,0
2021-01-19,add_to_cart,desktop,direct,Toys,37,19,0
2021-01-19,add_to_cart,desktop,organic,Apparel,11,7,0
2021-01-19,add_to_cart,desktop,email,Sports,4,2,0
2021-01-19,add_to_cart,mobile,google,Beauty,17,9,0
2021-01-19,add_to_cart,mobile,organic,Electronics,23,11,0
2021-01-19,add_to_cart,mobile,organic,Home,3,2,0
2021-01-19,add_to_cart,tablet,google,Electronics,27,13,0
2021-01-19,add_to_cart,tablet,google,Sports,96,61,0
2021-01-19,begin_checkout,mobile,direct,Home,7,5,0
2021-01-19,begin_checkout,mobile,social,Beauty,4,3,0
2021-01-19,begin_checkout,mobile,email,Electronics,7,4,0
2021-01-19,begin_checkout,tablet,direct,Toys,10,7,0
2021-01-19,purchase,tablet,social,Apparel,1,1,99.64
2021-01-20,page_view,desktop,google,Apparel,46,15,0
2021-01-20,page_view,desktop,google,Electronics,63,22,0
2021-01-20,page_view,desktop,google,Home,31,9,0
2021-01-20,page_view,desktop,google,Sports,65,17,0
2021-01-20,page_view,desktop,google,Books,71,18,0
2021-01-20,page_view,desktop,google,Beauty,242,83,0
2021-01-20,page_view,desktop,google,Toys,72,27,0
2021-01-20,page_view,desktop,direct,Apparel,45,13,0
2021-01-20,page_view,desktop,direct,Sports,22,7,0
2021-01-20,page_view,desktop,direct,Books,57,14,0
2021-01-20,page_view,desktop,direct,Beauty,238,68,0
2021-01-20,page_view,desktop,direct,Toys,53,15,0
2021-01-20,page_view,desktop,social,Electronics,16,6,0
2021-01-20,page_view,desktop,social,Home,12,4,0
2021-01-20,page_view,desktop,social,Sports,8,2,0
2021-01-20,page_view,desktop,social,Books,18,5,0
2021-01-20,page_view,desktop,social,Beauty,29,10,0
2021-01-20,page_view,desktop,organic,Electronics,7,2,0
2021-01-20,page_view,desktop,organic,Home,16,3,0
2021-01-20,page_view,desktop,organic,Books,75,16,0
2021-01-20,page_view,desktop,organic,Toys,12,3,0
2021-01-20,page_view,desktop,email,Apparel,76,20,0
2021-01-20,page_view,desktop,email,Electronics,45,14,0
2021-01-20,page_view,desktop,email,Sports,8,2,0
2021-01-20,page_view,desktop,email,Toys,31,11,0
2021-01-20,page_view,mobile,google,Apparel,127,49,0
2021-01-20,page_view,mobile,google,Sports,316,100,0
2021-01-20,page_view,mobile,google,Books,391,103,0
2021-01-20,page_view,mobile,google,Toys,35,9,0
2021-01-20,page_view,mobile,direct,Beauty,11,4,0
2021-01-20,page_view,mobile,social,Apparel,135,41,0
2021-01-20,page_view,mobile,social,Electronics,24,7,0
2021-01-20,page_view,mobile,social,Books,23,6,0
2021-01-20,page_view,mobile,social,Beauty,16,6,0
2021-01-20,page_view,mobile,social,Toys,12,4,0
2021-01-20,page_view,mobile,organic,Sports,77,27,0
2021-01-20,page_view,mobile,organic,Books,26,10,0
2021-01-20,page_view,mobile,organic,Beauty,20,7,0
2021-01-20,page_view,mobile,email,Electronics,91,36,0
2021-01-20,page_view,mobile,email,Home,46,11,0
2021-01-20,page_view,tablet,google,Apparel,128,39,0
2021-01-20,page_view,tablet,google,Electronics,138,46,0
2021-01-20,page_view,tablet,google,Home,34,11,0
2021-01-20,page_view,tablet,google,Toys,283,67,0
2021-01-20,page_view,tablet,social,Books,286,111,0
2021-01-20,page_view,tablet,organic,Electronics,112,40,0
2021-01-20,page_view,tablet,organic,Beauty,69,24,0
2021-01-20,page_view,tablet,organic,Toys,178,40,0
2021-01-20,page_view,tablet,email,Sports,13,5,0
2021-01-20,page_view,tablet,email,Beauty,6,2,0
2021-01-20,view_item,desktop,google,Apparel,16,9,0
2021-01-20,view_item,desktop,google,Home,30,15,0
2021-01-20,view_item,desktop,google,Sports,18,9,0
2021-01-20,view_item,desktop,direct,Home,12,5,0
2021-01-20,view_item,desktop,direct,Books,5,2,0
2021-01-20,view_item,desktop,direct,Beauty,67,30,0
2021-01-20,view_item,desktop,social,Apparel,64,28,0
2021-01-20,view_item,desktop,social,Toys,28,11,0
2021-01-20,view_item,desktop,organic,Home,194,103,0
2021-01-20,view_item,desktop,organic,Beauty,38,15,0
2021-01-20,view_item,desktop,organic,Toys,61,32,0
2021-01-20,view_item,desktop,email,Beauty,43,21,0
2021-01-20,view_item,mobile,google,Toys,506,255,0
2021-01-20,view_item,mobile,direct,Home,32,14,0
2021-01-20,view_item,mobile,direct,Beauty,79,34,0
2021-01-20,view_item,mobile,social,Home,26,11,0
2021-01-20,view_item,mobile,social,Sports,12,5,0
2021-01-20,view_item,mobile,social,Beauty,6,3,0
2021-01-20,view_item,mobile,organic,Apparel,54,26,0
2021-01-20,view_item,mobile,organic,Books,78,42,0
2021-01-20,view_item,tablet,google,Apparel,121,58,0
2021-01-20,view_item,tablet,google,Home,168,80,0
2021-01-20,view_item,tablet,google,Books,47,24,0
2021-01-20,view_item,tablet,google,Toys,33,15,0
2021-01-20,view_item,tablet,direct,Books,131,51,0
2021-01-20,view_item,tablet,direct,Beauty,110,46,0
2021-01-20,view_item,tablet,social,Apparel,79,29,0
2021-01-20,view_item,tablet,organic,Sports,23,11,0
2021-01-20,view_item,tablet,organic,Books,17,9,0
2021-01-20,add_to_cart,desktop,google,Home,10,6,0
2021-01-20,add_to_cart,desktop,google,Sports,24,15,0
2021-01-20,add_to_cart,desktop,social,Apparel,24,14,0
2021-01-20,add_to_cart,desktop,social,Toys,21,10,0
2021-01-20,add_to_cart,desktop,organic,Sports,42,27,0
2021-01-20,add_to_cart,mobile,google,Home,35,22,0
2021-01-20,add_to_cart,tablet,google,Beauty,44,26,0
2021-01-20,begin_checkout,desktop,direct,Electronics,8,6,0
2021-01-20,begin_checkout,desktop,direct,Toys,5,3,0
2021-01-20,begin_checkout,desktop,email,Apparel,8,6,0
2021-01-20,purchase,desktop,google,Apparel,10,8,730.02
2021-01-20,purchase,desktop,google,Home,14,13,707.5
2021-01-20,purchase,desktop,direct,Home,8,7,560.99
2021-01-20,purchase,tablet,google,Beauty,11,9,451.14
2021-01-21,page_view,desktop,google,Apparel,599,130,0
2021-01-21,page_view,desktop,google,Electronics,58,15,0
2021-01-21,page_view,desktop,google,Home,38,10,0
2021-01-21,page_view,desktop,google,Sports,58,16,0
2021-01-21,page_view,desktop,google,Books,243,80,0
2021-01-21,page_view,desktop,google,Beauty,36,9,0
2021-01-21,page_view,desktop,direct,Electronics,76,16,0
2021-01-21,page_view,desktop,direct,Home,13,4,0
2021-01-21,page_view,desktop,direct,Sports,126,27,0
2021-01-21,page_view,desktop,direct,Books,15,5,0
2021-01-21,page_view,desktop,direct,Beauty,29,9,0
2021-01-21,page_view,desktop,direct,Toys,116,31,0
2021-01-21,page_view,desktop,social,Apparel,100,24,0
2021-01-21,page_view,desktop,social,Electronics,13,3,0
2021-01-21,page_view,desktop,social,Home,365,137,0
2021-01-21,page_view,desktop,social,Books,25,9,0
2021-01-21,page_view,desktop,social,Beauty,301,68,0
2021-01-21,page_view,desktop,organic,Apparel,203,68,0
2021-01-21,page_view,desktop,organic,Electronics,162,52,0
2021-01-21,page_view,desktop,organic,Sports,118,27,0
2021-01-21,page_view,desktop,organic,Beauty,58,12,0
2021-01-21,page_view,desktop,organic,Toys,23,6,0
2021-01-21,page_view,desktop,email,Electronics,16,4,0
2021-01-21,page_view,mobile,google,Apparel,60,18,0
2021-01-21,page_view,mobile,google,Electronics,45,16,0
2021-01-21,page_view,mobile,google,Sports,28,6,0
2021-01-21,page_view,mobile,google,Books,58,13,0
2021-01-21,page_view,mobile,google,Beauty,68,16,0
2021-01-21,page_view,mobile,google,Toys,72,23,0
2021-01-21,page_view,mobile,direct,Electronics,147,46,0
2021-01-21,page_view,mobile,direct,Beauty,71,21,0
2021-01-21,page_view,mobile,direct,Toys,10,4,0
2021-01-21,page_view,mobile,social,Apparel,39,14,0
2021-01-21,page_view,mobile,social,Electronics,73,20,0
2021-01-21,page_view,mobile,organic,Apparel,63,13,0
2021-01-21,page_view,mobile,organic,Sports,160,58,0
2021-01-21,page_view,mobile,organic,Books,189,71,0
2021-01-21,page_view,mobile,email,Apparel,8,2,0
2021-01-21,page_view,mobile,email,Beauty,18,7,0
2021-01-21,page_view,tablet,google,Toys,52,21,0
2021-01-21,page_view,tablet,direct,Apparel,20,7,0
2021-01-21,page_view,tablet,direct,Electronics,188,42,0
2021-01-21,page_view,tablet,direct,Books,168,40,0
2021-01-21,view_item,desktop,google,Apparel,49,26,0
2021-01-21,view_item,desktop,google,Home,12,5,0
2021-01-21,view_item,desktop,google,Sports,80,33,0
2021-01-21,view_item,desktop,google,Books,9,4,0
2021-01-21,view_item,desktop,google,Toys,74,26,0
2021-01-21,view_item,desktop,direct,Electronics,41,17,0
2021-01-21,view_item,desktop,direct,Toys,18,8,0
2021-01-21,view_item,desktop,social,Apparel,9,4,0
2021-01-21,view_item,desktop,social,Home,5,2,0
2021-01-21,view_item,desktop,social,Beauty,147,54,0
2021-01-21,view_item,desktop,social,Toys,42,21,0
2021-01-21,view_item,desktop,organic,Sports,9,3,0
2021-01-21,view_item,mobile,google,Apparel,78,41,0
2021-01-21,view_item,mobile,google,Electronics,67,28,0
2021-01-21,view_item,mobile,google,Sports,25,10,0
2021-01-21,view_item,mobile,social,Electronics,98,49,0
2021-01-21,view_item,mobile,social,Sports,17,7,0
2021-01-21,view_item,mobile,organic,Apparel,88,39,0
2021-01-21,view_item,mobile,organic,Electronics,65,32,0
2021-01-21,view_item,mobile,organic,Beauty,65,29,0
2021-01-21,view_item,tablet,google,Home,39,16,0
2021-01-21,view_item,tablet,direct,Electronics,64,29,0
2021-01-21,view_item,tablet,direct,Home,44,17,0
2021-01-21,view_item,tablet,direct,Toys,9,4,0
2021-01-21,add_to_cart,desktop,google,Electronics,16,8,0
2021-01-21,add_to_cart,desktop,google,Home,31,19,0
2021-01-21,add_to_cart,desktop,direct,Apparel,3,2,0
2021-01-21,add_to_cart,desktop,direct,Toys,12,7,0
2021-01-21,add_to_cart,desktop,organic,Apparel,23,11,0
2021-01-21,add_to_cart,desktop,organic,Home,46,25,0
2021-01-21,add_to_cart,mobile,google,Home,32,20,0
2021-01-21,add_to_cart,mobile,google,Beauty,11,6,0
2021-01-21,add_to_cart,mobile,direct,Apparel,90,52,0
2021-01-21,add_to_cart,mobile,direct,Home,5,3,0
2021-01-21,add_to_cart,tablet,direct,Home,64,41,0
2021-01-21,add_to_cart,tablet,direct,Beauty,45,28,0
2021-01-21,begin_checkout,desktop,direct,Books,40,27,0
2021-01-21,begin_checkout,tablet,direct,Beauty,7,5,0
2021-01-21,purchase,tablet,organic,Beauty,8,7,323.97
2021-01-22,page_view,desktop,google,Apparel,56,16,0
2021-01-22,page_view,desktop,google,Electronics,367,124,0
2021-01-22,page_view,desktop,google,Books,337,69,0
2021-01-22,page_view,desktop,google,Toys,75,22,0
2021-01-22,page_view,desktop,direct,Books,60,20,0
2021-01-22,page_view,desktop,direct,Beauty,51,14,0
2021-01-22,page_view,desktop,social,Electronics,34,13,0
2021-01-22,page_view,desktop,social,Home,26,6,0
2021-01-22,page_view,desktop,social,Sports,53,11,0
2021-01-22,page_view,desktop,social,Beauty,29,8,0
2021-01-22,page_view,desktop,organic,Apparel,24,9,0
2021-01-22,page_view,desktop,organic,Electronics,54,21,0
2021-01-22,page_view,desktop,organic,Home,59,16,0
2021-01-22,page_view,desktop,organic,Sports,46,18,0
2021-01-22,page_view,desktop,organic,Books,72,23,0
2021-01-22,page_view,desktop,organic,Toys,43,10,0
2021-01-22,page_view,desktop,email,Beauty,26,6,0
2021-01-22,page_view,mobile,google,Apparel,71,24,0
2021-01-22,page_view,mobile,google,Home,68,14,0
2021-01-22,page_view,mobile,google,Sports,20,8,0
2021-01-22,page_view,mobile,google,Books,86,29,0
2021-01-22,page_view,mobile,google,Toys,1426,463,0
2021-01-22,page_view,mobile,direct,Apparel,61,20,0
2021-01-22,page_view,mobile,direct,Sports,433,107,0
2021-01-22,page_view,mobile,direct,Books,49,11,0
2021-01-22,page_view,mobile,direct,Beauty,45,11,0
2021-01-22,page_view,mobile,social,Toys,7,2,0
2021-01-22,page_view,mobile,organic,Electronics,26,8,0
2021-01-22,page_view,mobile,organic,Home,24,9,0
2021-01-22,page_view,mobile,organic,Sports,64,21,0
2021-01-22,page_view,mobile,organic,Books,70,21,0
2021-01-22,page_view,mobile,organic,Beauty,88,32,0
2021-01-22,page_view,mobile,organic,Toys,130,49,0
2021-01-22,page_view,mobile,email,Sports,251,62,0
2021-01-22,page_view,tablet,google,Electronics,163,60,0
2021-01-22,page_view,tablet,google,Beauty,151,53,0
2021-01-22,page_view,tablet,direct,Apparel,74,19,0
2021-01-22,page_view,tablet,direct,Sports,36,9,0
2021-01-22,page_view,tablet,direct,Beauty,116,29,0
2021-01-22,page_view,tablet,direct,Toys,93,21,0
2021-01-22,page_view,tablet,social,Apparel,9,2,0
2021-01-22,page_view,tablet,social,Home,41,16,0
2021-01-22,page_view,tablet,organic,Beauty,121,39,0
2021-01-22,view_item,desktop,google,Electronics,29,14,0
2021-01-22,view_item,desktop,direct,Beauty,77,33,0
2021-01-22,view_item,desktop,organic,Apparel,5,2,0
2021-01-22,view_item,desktop,email,Electronics,9,5,0
2021-01-22,view_item,desktop,email,Home,13,7,0
2021-01-22,view_item,mobile,direct,Sports,10,4,0
2021-01-22,view_item,mobile,social,Home,4,2,0
2021-01-22,view_item,mobile,social,Books,40,19,0
2021-01-22,view_item,mobile,organic,Electronics,19,10,0
2021-01-22,view_item,mobile,organic,Home,39,15,0
2021-01-22,view_item,mobile,organic,Books,64,32,0
2021-01-22,view_item,mobile,email,Electronics,4,2,0
2021-01-22,view_item,mobile,email,Toys,11,6,0
2021-01-22,view_item,tablet,direct,Apparel,6,3,0
2021-01-22,view_item,tablet,direct,Toys,95,41,0
2021-01-22,view_item,tablet,social,Sports,37,16,0
2021-01-22,view_item,tablet,social,Toys,63,28,0
2021-01-22,add_to_cart,desktop,google,Apparel,9,5,0
2021-01-22,add_to_cart,desktop,google,Books,8,5,0
2021-01-22,add_to_cart,desktop,organic,Books,30,16,0
2021-01-22,add_to_cart,mobile,social,Apparel,8,5,0
2021-01-22,add_to_cart,mobile,social,Beauty,17,9,0
2021-01-22,add_to_cart,mobile,organic,Sports,9,6,0
2021-01-22,add_to_cart,tablet,google,Toys,53,26,0
2021-01-22,begin_checkout,desktop,social,Home,4,3,0
2021-01-22,begin_checkout,desktop,organic,Books,8,6,0
2021-01-22,begin_checkout,desktop,email,Electronics,4,3,0
2021-01-22,begin_checkout,mobile,organic,Books,9,5,0
2021-01-22,purchase,desktop,organic,Beauty,9,7,266.77
2021-01-22,purchase,mobile,direct,Apparel,3,2,243.37
2021-01-23,page_view,desktop,google,Apparel,11,3,0
2021-01-23,page_view,desktop,google,Electronics,77,17,0
2021-01-23,page_view,desktop,google,Sports,53,17,0
2021-01-23,page_view,desktop,google,Books,138,48,0
2021-01-23,page_view,desktop,google,Beauty,98,38,0
2021-01-23,page_view,desktop,direct,Apparel,187,39,0
2021-01-23,page_view,desktop,direct,Books,260,71,0
2021-01-23,page_view,desktop,direct,Beauty,143,38,0
2021-01-23,page_view,desktop,direct,Toys,36,14,0
2021-01-23,page_view,desktop,social,Electronics,64,25,0
2021-01-23,page_view,desktop,social,Sports,139,42,0
2021-01-23,page_view,desktop,social,Books,61,21,0
2021-01-23,page_view,desktop,organic,Home,22,8,0
2021-01-23,page_view,desktop,organic,Sports,32,8,0
2021-01-23,page_view,desktop,organic,Books,19,7,0
2021-01-23,page_view,desktop,organic,Toys,116,32,0
2021-01-23,page_view,desktop,email,Electronics,272,89,0
2021-01-23,page_view,mobile,google,Apparel,87,26,0
2021-01-23,page_view,mobile,google,Home,29,8,0
2021-01-23,page_view,mobile,google,Sports,58,13,0
2021-01-23,page_view,mobile,google,Toys,804,243,0
2021-01-23,page_view,mobile,direct,Apparel,89,24,0
2021-01-23,page_view,mobile,direct,Electronics,146,39,0
2021-01-23,page_view,mobile,direct,Home,60,23,0
2021-01-23,page_view,mobile,direct,Books,20,5,0
2021-01-23,page_view,mobile,direct,Beauty,150,39,0
2021-01-23,page_view,mobile,direct,Toys,181,47,0
2021-01-23,page_view,mobile,social,Home,17,5,0
2021-01-23,page_view,mobile,social,Books,529,130,0
2021-01-23,page_view,mobile,organic,Home,33,7,0
2021-01-23,page_view,mobile,organic,Beauty,54,14,0
2021-01-23,page_view,mobile,organic,Toys,13,3,0
2021-01-23,page_view,mobile,email,Home,52,20,0
2021-01-23,page_view,mobile,email,Toys,18,6,0
2021-01-23,page_view,tablet,google,Books,42,9,0
2021-01-23,page_view,tablet,direct,Apparel,10,4,0
2021-01-23,page_view,tablet,direct,Books,50,11,0
2021-01-23,page_view,tablet,social,Home,72,17,0
2021-01-23,page_view,tablet,organic,Home,17,5,0
2021-01-23,page_view,tablet,organic,Sports,69,24,0
2021-01-23,view_item,desktop,google,Books,104,41,0
2021-01-23,view_item,desktop,google,Beauty,42,18,0
2021-01-23,view_item,desktop,direct,Sports,46,24,0
2021-01-23,view_item,desktop,direct,Beauty,11,4,0
2021-01-23,view_item,desktop,social,Books,60,31,0
2021-01-23,view_item,desktop,social,Beauty,9,4,0
2021-01-23,view_item,desktop,social,Toys,9,3,0
2021-01-23,view_item,desktop,organic,Home,32,14,0
2021-01-23,view_item,desktop,organic,Sports,73,37,0
2021-01-23,view_item,mobile,google,Apparel,86,37,0
2021-01-23,view_item,mobile,direct,Electronics,34,15,0
2021-01-23,view_item,mobile,direct,Home,54,21,0
2021-01-23,view_item,mobile,social,Home,74,38,0
2021-01-23,view_item,mobile,organic,Sports,7,4,0
2021-01-23,view_item,mobile,organic,Toys,34,15,0
2021-01-23,view_item,tablet,direct,Sports,45,17,0
2021-01-23,view_item,tablet,direct,Books,40,21,0
2021-01-23,view_item,tablet,organic,Beauty,252,103,0
2021-01-23,add_to_cart,desktop,google,Sports,11,6,0
2021-01-23,add_to_cart,desktop,google,Beauty,48,30,0
2021-01-23,add_to_cart,desktop,direct,Books,20,12,0
2021-01-23,add_to_cart,desktop,social,Home,27,13,0
2021-01-23,add_to_cart,desktop,social,Books,24,12,0
2021-01-23,add_to_cart,desktop,organic,Beauty,9,5,0
2021-01-23,add_to_cart,mobile,google,Electronics,50,23,0
2021-01-23,add_to_cart,mobile,google,Beauty,3,2,0
2021-01-23,add_to_cart,mobile,google,Toys,75,39,0
2021-01-23,add_to_cart,mobile,direct,Electronics,12,7,0
2021-01-23,add_to_cart,mobile,social,Sports,11,7,0
2021-01-23,add_to_cart,mobile,email,Sports,26,12,0
2021-01-23,add_to_cart,mobile,email,Beauty,4,3,0
2021-01-23,add_to_cart,tablet,organic,Sports,51,24,0
2021-01-23,add_to_cart,tablet,email,Beauty,15,8,0
2021-01-23,begin_checkout,desktop,direct,Home,4,3,0
2021-01-23,begin_checkout,mobile,google,Home,8,6,0
2021-01-23,begin_checkout,mobile,direct,Apparel,25,15,0
2021-01-23,begin_checkout,tablet,social,Sports,3,2,0
2021-01-23,purchase,desktop,direct,Toys,4,3,155.66
2021-01-23,purchase,mobile,direct,Books,8,7,209.73
2021-01-24,page_view,desktop,google,Electronics,63,19,0
2021-01-24,page_view,desktop,google,Home,33,10,0
2021-01-24,page_view,desktop,google,Sports,67,16,0
2021-01-24,page_view,desktop,google,Books,73,28,0
2021-01-24,page_view,desktop,google,Beauty,14,3,0
2021-01-24,page_view,desktop,google,Toys,28,10,0
2021-01-24,page_view,desktop,direct,Electronics,550,112,0
2021-01-24,page_view,desktop,direct,Home,29,6,0
2021-01-24,page_view,desktop,social,Apparel,84,28,0
2021-01-24,page_view,desktop,social,Home,539,116,0
2021-01-24,page_view,desktop,social,Books,107,41,0
2021-01-24,page_view,desktop,social,Beauty,74,22,0
2021-01-24,page_view,desktop,social,Toys,8,3,0
2021-01-24,page_view,desktop,organic,Electronics,20,7,0
2021-01-24,page_view,desktop,organic,Home,104,25,0
2021-01-24,page_view,desktop,organic,Sports,148,55,0
2021-01-24,page_view,desktop,organic,Books,238,64,0
2021-01-24,page_view,desktop,organic,Toys,74,22,0
2021-01-24,page_view,mobile,google,Electronics,29,9,0
2021-01-24,page_view,mobile,google,Books,79,31,0
2021-01-24,page_view,mobile,google,Beauty,193,43,0
2021-01-24,page_view,mobile,google,Toys,26,5,0
2021-01-24,page_view,mobile,direct,Toys,17,6,0
2021-01-24,page_view,mobile,social,Apparel,47,10,0
2021-01-24,page_view,mobile,organic,Electronics,35,12,0
2021-01-24,page_view,mobile,organic,Home,173,64,0
2021-01-24,page_view,mobile,organic,Sports,55,19,0
2021-01-24,page_view,mobile,email,Home,33,8,0
2021-01-24,page_view,mobile,email,Sports,38,12,0
2021-01-24,page_view,mobile,email,Toys,34,12,0
2021-01-24,page_view,tablet,google,Books,199,75,0
2021-01-24,page_view,tablet,google,Beauty,160,51,0
2021-01-24,page_view,tablet,google,Toys,205,77,0
2021-01-24,page_view,tablet,direct,Sports,41,12,0
2021-01-24,page_view,tablet,social,Apparel,28,6,0
2021-01-24,page_view,tablet,social,Home,11,3,0
2021-01-24,page_view,tablet,organic,Apparel,51,16,0
2021-01-24,page_view,tablet,organic,Books,71,19,0
2021-01-24,page_view,tablet,email,Beauty,31,11,0
2021-01-24,view_item,desktop,google,Electronics,280,108,0
2021-01-24,view_item,desktop,google,Home,230,106,0
2021-01-24,view_item,desktop,google,Toys,10,4,0
2021-01-24,view_item,desktop,direct,Electronics,29,11,0
2021-01-24,view_item,desktop,direct,Home,21,10,0
2021-01-24,view_item,desktop,direct,Books,197,94,0
2021-01-24,view_item,desktop,social,Sports,36,14,0
2021-01-24,view_item,desktop,organic,Apparel,23,12,0
2021-01-24,view_item,desktop,organic,Home,13,5,0
2021-01-24,view_item,mobile,google,Apparel,24,10,0
2021-01-24,view_item,mobile,google,Electronics,35,16,0
2021-01-24,view_item,mobile,google,Books,17,6,0
2021-01-24,view_item,mobile,direct,Apparel,42,15,0
2021-01-24,view_item,mobile,direct,Home,5,2,0
2021-01-24,view_item,mobile,direct,Sports,73,27,0
2021-01-24,view_item,mobile,organic,Sports,11,6,0
2021-01-24,view_item,mobile,organic,Beauty,29,11,0
2021-01-24,view_item,mobile,email,Apparel,24,10,0
2021-01-24,view_item,mobile,email,Beauty,9,5,0
2021-01-24,view_item,tablet,google,Apparel,12,5,0
2021-01-24,view_item,tablet,google,Books,13,7,0
2021-01-24,view_item,tablet,social,Books,147,54,0
2021-01-24,view_item,tablet,social,Beauty,16,7,0
2021-01-24,view_item,tablet,social,Toys,10,4,0
2021-01-24,view_item,tablet,organic,Sports,27,13,0
2021-01-24,add_to_cart,desktop,organic,Home,36,20,0
2021-01-24,add_to_cart,desktop,organic,Sports,59,31,0
2021-01-24,add_to_cart,desktop,organic,Beauty,5,3,0
2021-01-24,add_to_cart,desktop,email,Home,13,6,0
2021-01-24,add_to_cart,mobile,google,Beauty,26,16,0
2021-01-24,add_to_cart,mobile,organic,Home,9,6,0
2021-01-24,add_to_cart,tablet,google,Sports,10,6,0
2021-01-24,add_to_cart,tablet,organic,Electronics,11,7,0
2021-01-24,begin_checkout,desktop,google,Books,4,3,0
2021-01-24,begin_checkout,desktop,organic,Electronics,6,4,0
2021-01-24,begin_checkout,desktop,organic,Books,26,16,0
2021-01-24,begin_checkout,mobile,organic,Electronics,2,1,0
2021-01-24,begin_checkout,tablet,direct,Home,10,7,0
2021-01-24,purchase,desktop,direct,Sports,3,3,196.3
2021-01-24,purchase,desktop,social,Toys,9,8,252.29
2021-01-24,purchase,mobile,google,Books,15,13,483.35
2021-01-24,purchase,mobile,direct,Sports,4,3,177.43
2021-01-24,purchase,tablet,google,Home,11,8,799.82
2021-01-24,purchase,tablet,organic,Beauty,4,3,140.23
2021-01-25,page_view,desktop,google,Apparel,33,13,0
2021-01-25,page_view,desktop,google,Home,83,33,0
2021-01-25,page_view,desktop,google,Sports,59,21,0
2021-01-25,page_view,desktop,google,Books,92,28,0
2021-01-25,page_view,desktop,google,Beauty,25,5,0
2021-01-25,page_view,desktop,google,Toys,32,9,0
2021-01-25,page_view,desktop,direct,Home,24,8,0
2021-01-25,page_view,desktop,direct,Beauty,136,34,0
2021-01-25,page_view,desktop,direct,Toys,37,10,0
2021-01-25,page_view,desktop,social,Apparel,64,23,0
2021-01-25,page_view,desktop,social,Electronics,42,9,0
2021-01-25,page_view,desktop,social,Home,84,31,0
2021-01-25,page_view,desktop,social,Sports,2,1,0
2021-01-25,page_view,desktop,social,Beauty,145,42,0
2021-01-25,page_view,desktop,organic,Apparel,31,7,0
2021-01-25,page_view,desktop,organic,Home,7,2,0
2021-01-25,page_view,desktop,organic,Sports,49,14,0
2021-01-25,page_view,desktop,email,Beauty,3,1,0
2021-01-25,page_view,mobile,google,Apparel,157,50,0
2021-01-25,page_view,mobile,google,Electronics,86,21,0
2021-01-25,page_view,mobile,google,Sports,247,71,0
2021-01-25,page_view,mobile,google,Books,72,20,0
2021-01-25,page_view,mobile,google,Toys,89,32,0
2021-01-25,page_view,mobile,direct,Electronics,26,10,0
2021-01-25,page_view,mobile,direct,Sports,20,5,0
2021-01-25,page_view,mobile,direct,Books,67,17,0
2021-01-25,page_view,mobile,social,Apparel,37,11,0
2021-01-25,page_view,mobile,social,Home,32,8,0
2021-01-25,page_view,mobile,social,Sports,13,4,0
2021-01-25,page_view,mobile,social,Beauty,9,3,0
2021-01-25,page_view,mobile,organic,Apparel,39,14,0
2021-01-25,page_view,tablet,google,Apparel,95,36,0
2021-01-25,page_view,tablet,google,Electronics,121,47,0
2021-01-25,page_view,tablet,google,Home,413,151,0
2021-01-25,page_view,tablet,google,Books,408,99,0
2021-01-25,page_view,tablet,direct,Sports,138,32,0
2021-01-25,page_view,tablet,social,Electronics,21,7,0
2021-01-25,page_view,tablet,organic,Beauty,18,7,0
2021-01-25,view_item,desktop,google,Electronics,239,92,0
2021-01-25,view_item,desktop,google,Home,62,32,0
2021-01-25,view_item,desktop,google,Sports,23,9,0
2021-01-25,view_item,desktop,google,Books,12,5,0
2021-01-25,view_item,desktop,google,Beauty,121,60,0
2021-01-25,view_item,desktop,google,Toys,4,2,0
2021-01-25,view_item,desktop,direct,Sports,169,78,0
2021-01-25,view_item,desktop,social,Electronics,43,18,0
2021-01-25,view_item,desktop,organic,Apparel,50,20,0
2021-01-25,view_item,desktop,organic,Electronics,47,17,0
2021-01-25,view_item,desktop,organic,Toys,12,4,0
2021-01-25,view_item,mobile,google,Home,14,6,0
2021-01-25,view_item,mobile,google,Books,246,106,0
2021-01-25,view_item,mobile,google,Beauty,25,13,0
2021-01-25,view_item,mobile,direct,Apparel,27,11,0
2021-01-25,view_item,mobile,direct,Electronics,55,21,0
2021-01-25,view_item,mobile,direct,Home,86,40,0
2021-01-25,view_item,mobile,direct,Sports,58,21,0
2021-01-25,view_item,mobile,direct,Beauty,47,20,0
2021-01-25,view_item,mobile,direct,Toys,26,13,0
2021-01-25,view_item,mobile,social,Toys,74,35,0
2021-01-25,view_item,mobile,organic,Apparel,3,1,0
2021-01-25,view_item,mobile,organic,Electronics,74,39,0
2021-01-25,view_item,mobile,organic,Home,28,12,0
2021-01-25,view_item,mobile,organic,Books,5,2,0
2021-01-25,view_item,tablet,google,Apparel,49,21,0
2021-01-25,view_item,tablet,google,Beauty,154,66,0
2021-01-25,view_item,tablet,direct,Electronics,15,6,0
2021-01-25,view_item,tablet,direct,Sports,122,45,0
2021-01-25,view_item,tablet,social,Toys,15,7,0
2021-01-25,view_item,tablet,organic,Apparel,24,10,0
2021-01-25,add_to_cart,desktop,google,Apparel,5,3,0
2021-01-25,add_to_cart,desktop,direct,Apparel,13,8,0
2021-01-25,add_to_cart,desktop,direct,Toys,3,2,0
2021-01-25,add_to_cart,desktop,organic,Electronics,13,7,0
2021-01-25,add_to_cart,desktop,email,Apparel,24,14,0
2021-01-25,add_to_cart,desktop,email,Books,4,2,0
2021-01-25,add_to_cart,mobile,google,Sports,2,1,0
2021-01-25,add_to_cart,mobile,google,Beauty,5,3,0
2021-01-25,add_to_cart,mobile,direct,Home,14,7,0
2021-01-25,add_to_cart,mobile,social,Home,58,30,0
2021-01-25,add_to_cart,tablet,google,Electronics,33,17,0
2021-01-25,add_to_cart,tablet,organic,Beauty,20,13,0
2021-01-25,begin_checkout,desktop,google,Apparel,24,15,0
2021-01-25,begin_checkout,desktop,google,Electronics,20,14,0
2021-01-25,begin_checkout,desktop,email,Beauty,11,8,0
2021-01-25,begin_checkout,mobile,social,Beauty,14,10,0
2021-01-25,begin_checkout,mobile,organic,Toys,21,15,0
2021-01-25,begin_checkout,tablet,direct,Electronics,3,2,0
2021-01-25,begin_checkout,tablet,social,Home,2,1,0
2021-01-25,purchase,mobile,google,Sports,16,14,986.31
2021-01-26,page_view,desktop,google,Apparel,272,59,0
2021-01-26,page_view,desktop,google,Electronics,323,89,0
2021-01-26,page_view,desktop,google,Sports,60,18,0
2021-01-26,page_view,desktop,google,Books,220,83,0
2021-01-26,page_view,desktop,google,Beauty,46,18,0
2021-01-26,page_view,desktop,google,Toys,112,36,0
2021-01-26,page_view,desktop,direct,Home,33,11,0
2021-01-26,page_view,desktop,direct,Sports,197,55,0
2021-01-26,page_view,desktop,direct,Books,31,8,0
2021-01-26,page_view,desktop,direct,Toys,59,17,0
2021-01-26,page_view,desktop,social,Apparel,15,4,0
2021-01-26,page_view,desktop,social,Home,17,4,0
2021-01-26,page_view,desktop,social,Books,43,16,0
2021-01-26,page_view,desktop,social,Toys,57,21,0
2021-01-26,page_view,desktop,organic,Home,153,45,0
2021-01-26,page_view,desktop,organic,Books,35,13,0
2021-01-26,page_view,desktop,email,Apparel,21,5,0
2021-01-26,page_view,desktop,email,Electronics,141,38,0
2021-01-26,page_view,desktop,email,Books,3,1,0
2021-01-26,page_view,desktop,email,Toys,16,3,0
2021-01-26,page_view,mobile,google,Apparel,133,46,0
2021-01-26,page_view,mobile,google,Home,74,18,0
2021-01-26,page_view,mobile,google,Sports,17,6,0
2021-01-26,page_view,mobile,google,Toys,163,50,0
2021-01-26,page_view,mobile,direct,Electronics,17,4,0
2021-01-26,page_view,mobile,direct,Sports,8,2,0
2021-01-26,page_view,mobile,direct,Books,532,133,0
2021-01-26,page_view,mobile,direct,Toys,4,1,0
2021-01-26,page_view,mobile,social,Home,26,9,0
2021-01-26,page_view,mobile,social,Beauty,53,15,0
2021-01-26,page_view,mobile,organic,Toys,73,22,0
2021-01-26,page_view,mobile,email,Home,12,4,0
2021-01-26,page_view,mobile,email,Beauty,19,6,0
2021-01-26,page_view,tablet,google,Apparel,154,39,0
2021-01-26,page_view,tablet,google,Sports,233,85,0
2021-01-26,page_view,tablet,google,Toys,69,23,0
2021-01-26,page_view,tablet,direct,Electronics,164,58,0
2021-01-26,page_view,tablet,direct,Books,132,43,0
2021-01-26,page_view,tablet,social,Electronics,24,8,0
2021-01-26,page_view,tablet,social,Sports,45,14,0
2021-01-26,page_view,tablet,organic,Home,142,54,0
2021-01-26,page_view,tablet,organic,Toys,26,7,0
2021-01-26,page_view,tablet,email,Beauty,6,1,0
2021-01-26,view_item,desktop,google,Electronics,616,295,0
2021-01-26,view_item,desktop,google,Home,44,17,0
2021-01-26,view_item,desktop,google,Books,61,32,0
2021-01-26,view_item,desktop,direct,Home,66,32,0
2021-01-26,view_item,desktop,organic,Apparel,12,5,0
2021-01-26,view_item,desktop,organic,Home,69,33,0
2021-01-26,view_item,desktop,organic,Beauty,24,9,0
2021-01-26,view_item,desktop,email,Toys,13,6,0
2021-01-26,view_item,mobile,google,Apparel,15,6,0
2021-01-26,view_item,mobile,direct,Books,70,26,0
2021-01-26,view_item,mobile,social,Apparel,6,2,0
2021-01-26,view_item,mobile,social,Sports,19,7,0
2021-01-26,view_item,mobile,organic,Home,111,47,0
2021-01-26,view_item,tablet,google,Toys,24,12,0
2021-01-26,view_item,tablet,social,Toys,18,9,0
2021-01-26,view_item,tablet,organic,Home,195,72,0
2021-01-26,view_item,tablet,email,Home,23,11,0
2021-01-26,add_to_cart,desktop,direct,Sports,7,4,0
2021-01-26,add_to_cart,desktop,direct,Beauty,47,30,0
2021-01-26,add_to_cart,desktop,direct,Toys,37,18,0
2021-01-26,add_to_cart,desktop,social,Home,15,10,0
2021-01-26,add_to_cart,desktop,organic,Apparel,7,3,0
2021-01-26,add_to_cart,desktop,organic,Home,5,3,0
2021-01-26,add_to_cart,mobile,google,Toys,20,11,0
2021-01-26,add_to_cart,mobile,direct,Sports,18,10,0
2021-01-26,add_to_cart,mobile,organic,Electronics,3,1,0
2021-01-26,begin_checkout,desktop,google,Home,15,9,0
2021-01-26,begin_checkout,desktop,direct,Beauty,28,16,0
2021-01-26,begin_checkout,desktop,email,Books,3,2,0
2021-01-26,begin_checkout,mobile,organic,Sports,29,18,0
2021-01-26,begin_checkout,mobile,email,Toys,6,3,0
2021-01-27,page_view,desktop,google,Apparel,46,10,0
2021-01-27,page_view,desktop,google,Electronics,14,4,0
2021-01-27,page_view,desktop,google,Home,48,10,0
2021-01-27,page_view,desktop,google,Sports,34,11,0
2021-01-27,page_view,desktop,google,Books,71,20,0
2021-01-27,page_view,desktop,google,Beauty,14,4,0
2021-01-27,page_view,desktop,direct,Electronics,69,15,0
2021-01-27,page_view,desktop,direct,Beauty,100,36,0
2021-01-27,page_view,desktop,direct,Toys,88,35,0
2021-01-27,page_view,desktop,social,Sports,23,8,0
2021-01-27,page_view,desktop,organic,Apparel,269,72,0
2021-01-27,page_view,desktop,organic,Home,14,3,0
2021-01-27,page_view,desktop,organic,Sports,17,5,0
2021-01-27,page_view,desktop,organic,Books,101,33,0
2021-01-27,page_view,desktop,organic,Toys,137,37,0
2021-01-27,page_view,desktop,email,Electronics,33,12,0
2021-01-27,page_view,desktop,email,Books,17,6,0
2021-01-27,page_view,desktop,email,Beauty,15,5,0
2021-01-27,page_view,mobile,google,Apparel,181,49,0
2021-01-27,page_view,mobile,google,Home,205,62,0
2021-01-27,page_view,mobile,google,Beauty,23,6,0
2021-01-27,page_view,mobile,google,Toys,27,9,0
2021-01-27,page_view,mobile,direct,Home,210,78,0
2021-01-27,page_view,mobile,direct,Books,53,18,0
2021-01-27,page_view,mobile,social,Books,162,64,0
2021-01-27,page_view,mobile,social,Toys,36,9,0
2021-01-27,page_view,mobile,organic,Electronics,97,31,0
2021-01-27,page_view,mobile,organic,Home,26,8,0
2021-01-27,page_view,mobile,organic,Sports,56,19,0
2021-01-27,page_view,mobile,organic,Beauty,106,31,0
2021-01-27,page_view,mobile,email,Sports,26,6,0
2021-01-27,page_view,tablet,google,Electronics,237,93,0
2021-01-27,page_view,tablet,google,Home,313,94,0
2021-01-27,page_view,tablet,google,Sports,172,40,0
2021-01-27,page_view,tablet,direct,Apparel,12,5,0
2021-01-27,page_view,tablet,direct,Home,206,77,0
2021-01-27,page_view,tablet,organic,Apparel,178,70,0
2021-01-27,page_view,tablet,organic,Sports,30,11,0
2021-01-27,page_view,tablet,email,Books,36,11,0
2021-01-27,page_view,tablet,email,Toys,201,65,0
2021-01-27,view_item,desktop,google,Electronics,135,68,0
2021-01-27,view_item,desktop,google,Home,33,15,0
2021-01-27,view_item,desktop,google,Beauty,12,5,0
2021-01-27,view_item,desktop,direct,Sports,69,33,0
2021-01-27,view_item,desktop,direct,Books,23,8,0
2021-01-27,view_item,desktop,organic,Beauty,96,42,0
2021-01-27,view_item,desktop,organic,Toys,5,3,0
2021-01-27,view_item,mobile,google,Apparel,37,13,0
2021-01-27,view_item,mobile,google,Sports,92,50,0
2021-01-27,view_item,mobile,direct,Sports,47,21,0
2021-01-27,view_item,mobile,direct,Beauty,52,26,0
2021-01-27,view_item,mobile,direct,Toys,9,4,0
2021-01-27,view_item,mobile,organic,Apparel,12,5,0
2021-01-27,view_item,mobile,organic,Toys,7,3,0
2021-01-27,view_item,mobile,email,Home,153,61,0
2021-01-27,view_item,tablet,google,Apparel,7,3,0
2021-01-27,view_item,tablet,google,Beauty,6,3,0
2021-01-27,add_to_cart,desktop,direct,Sports,18,10,0
2021-01-27,add_to_cart,desktop,social,Books,26,14,0
2021-01-27,add_to_cart,desktop,organic,Apparel,27,13,0
2021-01-27,add_to_cart,mobile,organic,Books,28,13,0
2021-01-27,add_to_cart,mobile,email,Books,7,4,0
2021-01-27,add_to_cart,mobile,email,Toys,6,4,0
2021-01-27,add_to_cart,tablet,google,Books,33,17,0
2021-01-27,add_to_cart,tablet,email,Sports,4,3,0
2021-01-27,begin_checkout,desktop,direct,Apparel,6,4,0
2021-01-27,begin_checkout,desktop,social,Electronics,8,5,0
2021-01-27,begin_checkout,mobile,google,Electronics,29,22,0
2021-01-27,begin_checkout,mobile,social,Electronics,4,2,0
2021-01-27,begin_checkout,mobile,email,Electronics,8,5,0
2021-01-27,begin_checkout,tablet,google,Home,3,2,0
2021-01-27,begin_checkout,tablet,organic,Books,14,9,0
2021-01-28,page_view,desktop,google,Apparel,88,27,0
2021-01-28,page_view,desktop,google,Beauty,37,8,0
2021-01-28,page_view,desktop,google,Toys,187,74,0
2021-01-28,page_view,desktop,direct,Apparel,34,8,0
2021-01-28,page_view,desktop,direct,Home,5,2,0
2021-01-28,page_view,desktop,direct,Sports,83,23,0
2021-01-28,page_view,desktop,direct,Toys,19,7,0
2021-01-28,page_view,desktop,social,Apparel,150,54,0
2021-01-28,page_view,desktop,social,Home,36,14,0
2021-01-28,page_view,desktop,organic,Apparel,46,11,0
2021-01-28,page_view,desktop,organic,Electronics,155,45,0
2021-01-28,page_view,desktop,organic,Sports,9,3,0
2021-01-28,page_view,desktop,organic,Books,47,17,0
2021-01-28,page_view,desktop,organic,Toys,97,20,0
2021-01-28,page_view,desktop,email,Apparel,37,9,0
2021-01-28,page_view,mobile,google,Toys,154,56,0
2021-01-28,page_view,mobile,direct,Electronics,25,6,0
2021-01-28,page_view,mobile,direct,Home,53,15,0
2021-01-28,page_view,mobile,direct,Books,32,10,0
2021-01-28,page_view,mobile,direct,Beauty,60,23,0
2021-01-28,page_view,mobile,direct,Toys,17,6,0
2021-01-28,page_view,mobile,social,Electronics,150,33,0
2021-01-28,page_view,mobile,social,Home,69,23,0
2021-01-28,page_view,mobile,social,Sports,31,11,0
2021-01-28,page_view,mobile,social,Beauty,47,14,0
2021-01-28,page_view,mobile,organic,Electronics,13,3,0
2021-01-28,page_view,mobile,organic,Home,8,3,0
2021-01-28,page_view,mobile,organic,Sports,68,18,0
2021-01-28,page_view,mobile,organic,Books,191,46,0
2021-01-28,page_view,mobile,organic,Beauty,71,17,0
2021-01-28,page_view,mobile,email,Books,3,1,0
2021-01-28,page_view,mobile,email,Toys,7,2,0
2021-01-28,page_view,tablet,direct,Electronics,9,2,0
2021-01-28,page_view,tablet,social,Apparel,8,2,0
2021-01-28,page_view,tablet,social,Beauty,91,21,0
2021-01-28,page_view,tablet,organic,Beauty,31,10,0
2021-01-28,page_view,tablet,email,Home,34,10,0
2021-01-28,view_item,desktop,google,Toys,114,42,0
2021-01-28,view_item,desktop,direct,Beauty,41,19,0
2021-01-28,view_item,desktop,direct,Toys,379,138,0
2021-01-28,view_item,desktop,social,Sports,17,7,0
2021-01-28,view_item,desktop,organic,Electronics,45,24,0
2021-01-28,view_item,desktop,organic,Sports,30,16,0
2021-01-28,view_item,desktop,organic,Beauty,64,29,0
2021-01-28,view_item,desktop,email,Electronics,19,9,0
2021-01-28,view_item,desktop,email,Sports,55,20,0
2021-01-28,view_item,desktop,email,Beauty,15,8,0
2021-01-28,view_item,desktop,email,Toys,10,4,0
2021-01-28,view_item,mobile,google,Electronics,28,13,0
2021-01-28,view_item,mobile,direct,Home,28,14,0
2021-01-28,view_item,mobile,social,Electronics,30,12,0
2021-01-28,view_item,mobile,social,Sports,12,7,0
2021-01-28,view_item,mobile,organic,Apparel,16,8,0
2021-01-28,view_item,mobile,organic,Beauty,129,56,0
2021-01-28,view_item,tablet,organic,Apparel,40,18,0
2021-01-28,view_item,tablet,email,Toys,7,3,0
2021-01-28,add_to_cart,desktop,direct,Beauty,12,6,0
2021-01-28,add_to_cart,desktop,organic,Apparel,10,6,0
2021-01-28,add_to_cart,desktop,organic,Toys,21,13,0
2021-01-28,add_to_cart,desktop,email,Toys,3,2,0
2021-01-28,add_to_cart,mobile,direct,Beauty,45,22,0
2021-01-28,add_to_cart,tablet,direct,Toys,4,2,0
2021-01-28,begin_checkout,desktop,google,Toys,32,21,0
2021-01-28,begin_checkout,desktop,direct,Electronics,22,14,0
2021-01-28,begin_checkout,desktop,direct,Home,11,8,0
2021-01-28,begin_checkout,desktop,social,Home,1,1,0
2021-01-28,begin_checkout,desktop,organic,Home,3,2,0
2021-01-28,begin_checkout,tablet,organic,Toys,6,4,0
2021-01-28,purchase,mobile,organic,Apparel,7,5,697.77
2021-01-28,purchase,mobile,email,Beauty,6,4,152.24
2021-01-28,purchase,tablet,google,Home,10,7,474.23
2021-01-28,purchase,tablet,social,Home,13,9,1087.61
2021-01-29,page_view,desktop,google,Apparel,475,184,0
2021-01-29,page_view,desktop,google,Sports,70,26,0
2021-01-29,page_view,desktop,google,Books,411,91,0
2021-01-29,page_view,desktop,google,Toys,199,54,0
2021-01-29,page_view,desktop,direct,Apparel,333,88,0
2021-01-29,page_view,desktop,direct,Electronics,18,4,0
2021-01-29,page_view,desktop,direct,Sports,35,7,0
2021-01-29,page_view,desktop,direct,Books,81,27,0
2021-01-29,page_view,desktop,direct,Toys,429,146,0
2021-01-29,page_view,desktop,social,Electronics,8,3,0
2021-01-29,page_view,desktop,social,Books,35,10,0
2021-01-29,page_view,desktop,social,Beauty,18,6,0
2021-01-29,page_view,desktop,social,Toys,26,9,0
2021-01-29,page_view,desktop,organic,Apparel,85,20,0
2021-01-29,page_view,desktop,organic,Home,371,81,0
2021-01-29,page_view,desktop,organic,Sports,16,6,0
2021-01-29,page_view,desktop,organic,Toys,101,26,0
2021-01-29,page_view,desktop,email,Electronics,68,19,0
2021-01-29,page_view,mobile,google,Electronics,100,34,0
2021-01-29,page_view,mobile,google,Books,325,94,0
2021-01-29,page_view,mobile,google,Toys,123,39,0
2021-01-29,page_view,mobile,direct,Electronics,80,17,0
2021-01-29,page_view,mobile,direct,Home,29,8,0
2021-01-29,page_view,mobile,direct,Books,39,10,0
2021-01-29,page_view,mobile,direct,Beauty,45,15,0
2021-01-29,page_view,mobile,direct,Toys,138,34,0
2021-01-29,page_view,mobile,social,Home,67,22,0
2021-01-29,page_view,mobile,social,Sports,397,98,0
2021-01-29,page_view,mobile,social,Books,51,16,0
2021-01-29,page_view,mobile,social,Beauty,29,8,0
2021-01-29,page_view,mobile,organic,Apparel,102,40,0
2021-01-29,page_view,mobile,organic,Sports,25,9,0
2021-01-29,page_view,mobile,email,Electronics,183,52,0
2021-01-29,page_view,tablet,google,Electronics,11,2,0
2021-01-29,page_view,tablet,google,Home,47,16,0
2021-01-29,page_view,tablet,google,Books,49,11,0
2021-01-29,page_view,tablet,google,Toys,63,20,0
2021-01-29,page_view,tablet,direct,Electronics,132,39,0
2021-01-29,page_view,tablet,organic,Apparel,111,32,0
2021-01-29,page_view,tablet,organic,Electronics,54,18,0
2021-01-29,page_view,tablet,organic,Sports,39,10,0
2021-01-29,view_item,desktop,google,Apparel,44,17,0
2021-01-29,view_item,desktop,google,Sports,61,25,0
2021-01-29,view_item,desktop,google,Books,17,8,0
2021-01-29,view_item,desktop,direct,Home,31,15,0
2021-01-29,view_item,desktop,social,Beauty,160,76,0
2021-01-29,view_item,desktop,organic,Electronics,61,29,0
2021-01-29,view_item,desktop,organic,Sports,76,31,0
2021-01-29,view_item,desktop,organic,Beauty,80,29,0
2021-01-29,view_item,desktop,email,Apparel,12,6,0
2021-01-29,view_item,mobile,google,Electronics,20,10,0
2021-01-29,view_item,mobile,direct,Electronics,161,80,0
2021-01-29,view_item,mobile,direct,Sports,26,11,0
2021-01-29,view_item,mobile,social,Home,3,1,0
2021-01-29,view_item,mobile,social,Beauty,16,6,0
2021-01-29,view_item,mobile,organic,Books,7,4,0
2021-01-29,view_item,mobile,email,Electronics,34,12,0
2021-01-29,view_item,tablet,google,Apparel,46,24,0
2021-01-29,view_item,tablet,google,Books,102,49,0
2021-01-29,view_item,tablet,direct,Electronics,102,49,0
2021-01-29,view_item,tablet,direct,Books,89,39,0
2021-01-29,view_item,tablet,social,Home,8,4,0
2021-01-29,view_item,tablet,social,Beauty,10,4,0
2021-01-29,view_item,tablet,organic,Books,9,4,0
2021-01-29,add_to_cart,desktop,google,Beauty,127,58,0
2021-01-29,add_to_cart,desktop,direct,Electronics,7,4,0
2021-01-29,add_to_cart,desktop,direct,Beauty,37,18,0
2021-01-29,add_to_cart,desktop,email,Books,3,1,0
2021-01-29,add_to_cart,mobile,google,Electronics,60,34,0
2021-01-29,add_to_cart,mobile,google,Books,67,39,0
2021-01-29,add_to_cart,mobile,direct,Books,6,4,0
2021-01-29,add_to_cart,mobile,social,Sports,2,1,0
2021-01-29,add_to_cart,tablet,google,Electronics,18,10,0
2021-01-29,add_to_cart,tablet,direct,Toys,28,14,0
2021-01-29,add_to_cart,tablet,organic,Apparel,7,4,0
2021-01-29,begin_checkout,desktop,google,Beauty,18,11,0
2021-01-29,begin_checkout,desktop,direct,Electronics,14,10,0
2021-01-29,begin_checkout,mobile,social,Books,18,10,0
2021-01-29,begin_checkout,tablet,direct,Apparel,3,2,0
2021-01-29,begin_checkout,tablet,direct,Sports,4,2,0
2021-01-29,begin_checkout,tablet,social,Beauty,6,4,0
2021-01-29,purchase,desktop,social,Toys,15,12,455.23
2021-01-30,page_view,desktop,google,Electronics,49,19,0
2021-01-30,page_view,desktop,google,Home,23,7,0
2021-01-30,page_view,desktop,google,Sports,538,124,0
2021-01-30,page_view,desktop,google,Books,16,4,0
2021-01-30,page_view,desktop,google,Beauty,161,40,0
2021-01-30,page_view,desktop,google,Toys,25,10,0
2021-01-30,page_view,desktop,direct,Electronics,132,33,0
2021-01-30,page_view,desktop,direct,Home,28,8,0
2021-01-30,page_view,desktop,direct,Books,117,24,0
2021-01-30,page_view,desktop,direct,Beauty,124,48,0
2021-01-30,page_view,desktop,direct,Toys,35,12,0
2021-01-30,page_view,desktop,social,Electronics,21,8,0
2021-01-30,page_view,desktop,social,Toys,41,16,0
2021-01-30,page_view,desktop,organic,Electronics,77,26,0
2021-01-30,page_view,desktop,organic,Home,16,4,0
2021-01-30,page_view,desktop,organic,Sports,200,76,0
2021-01-30,page_view,desktop,organic,Toys,35,11,0
2021-01-30,page_view,desktop,email,Apparel,31,6,0
2021-01-30,page_view,desktop,email,Sports,48,16,0
2021-01-30,page_view,desktop,email,Toys,22,5,0
2021-01-30,page_view,mobile,google,Electronics,88,24,0
2021-01-30,page_view,mobile,google,Home,19,5,0
2021-01-30,page_view,mobile,google,Sports,48,17,0
2021-01-30,page_view,mobile,google,Beauty,79,31,0
2021-01-30,page_view,mobile,google,Toys,76,23,0
2021-01-30,page_view,mobile,direct,Sports,57,13,0
2021-01-30,page_view,mobile,direct,Books,28,11,0
2021-01-30,page_view,mobile,direct,Toys,51,19,0
2021-01-30,page_view,mobile,social,Books,77,25,0
2021-01-30,page_view,mobile,social,Beauty,41,11,0
2021-01-30,page_view,mobile,social,Toys,27,8,0
2021-01-30,page_view,mobile,organic,Home,206,74,0
2021-01-30,page_view,mobile,organic,Sports,95,33,0
2021-01-30,page_view,mobile,organic,Books,86,20,0
2021-01-30,page_view,mobile,organic,Beauty,773,206,0
2021-01-30,page_view,mobile,email,Home,18,6,0
2021-01-30,page_view,tablet,google,Apparel,17,5,0
2021-01-30,page_view,tablet,google,Electronics,44,10,0
2021-01-30,page_view,tablet,google,Books,81,28,0
2021-01-30,page_view,tablet,google,Beauty,57,22,0
2021-01-30,page_view,tablet,direct,Electronics,181,62,0
2021-01-30,page_view,tablet,direct,Home,189,64,0
2021-01-30,page_view,tablet,direct,Sports,50,15,0
2021-01-30,page_view,tablet,social,Electronics,41,11,0
2021-01-30,page_view,tablet,organic,Electronics,20,5,0
2021-01-30,view_item,desktop,google,Electronics,22,8,0
2021-01-30,view_item,desktop,direct,Apparel,122,48,0
2021-01-30,view_item,desktop,direct,Home,5,3,0
2021-01-30,view_item,desktop,direct,Sports,24,13,0
2021-01-30,view_item,desktop,direct,Books,108,45,0
2021-01-30,view_item,desktop,social,Sports,141,62,0
2021-01-30,view_item,desktop,social,Books,78,40,0
2021-01-30,view_item,desktop,organic,Home,31,13,0
2021-01-30,view_item,mobile,google,Apparel,39,17,0
2021-01-30,view_item,mobile,google,Toys,40,15,0
2021-01-30,view_item,mobile,direct,Apparel,4,2,0
2021-01-30,view_item,mobile,direct,Toys,133,63,0
2021-01-30,view_item,mobile,social,Sports,46,19,0
2021-01-30,view_item,mobile,social,Books,20,9,0
2021-01-30,view_item,mobile,organic,Toys,37,14,0
2021-01-30,view_item,tablet,google,Sports,51,26,0
2021-01-30,view_item,tablet,direct,Apparel,22,9,0
2021-01-30,view_item,tablet,direct,Toys,13,5,0
2021-01-30,view_item,tablet,organic,Electronics,30,16,0
2021-01-30,add_to_cart,desktop,direct,Toys,52,25,0
2021-01-30,add_to_cart,desktop,social,Home,53,32,0
2021-01-30,add_to_cart,desktop,social,Beauty,12,6,0
2021-01-30,add_to_cart,desktop,organic,Toys,17,10,0
2021-01-30,add_to_cart,desktop,email,Toys,6,3,0
2021-01-30,add_to_cart,mobile,google,Home,13,8,0
2021-01-30,add_to_cart,mobile,google,Beauty,26,15,0
2021-01-30,add_to_cart,mobile,email,Books,14,8,0
2021-01-30,add_to_cart,tablet,direct,Home,61,35,0
2021-01-30,add_to_cart,tablet,social,Home,11,6,0
2021-01-30,begin_checkout,desktop,direct,Books,6,4,0
2021-01-30,begin_checkout,mobile,google,Apparel,13,8,0
2021-01-30,begin_checkout,mobile,direct,Toys,11,7,0
2021-01-30,begin_checkout,tablet,direct,Books,4,2,0
2021-01-30,purchase,desktop,google,Toys,13,10,293.3
2021-01-30,purchase,tablet,social,Apparel,6,4,464.52
2021-01-31,page_view,desktop,google,Electronics,276,64,0
2021-01-31,page_view,desktop,google,Home,151,50,0
2021-01-31,page_view,desktop,google,Sports,35,11,0
2021-01-31,page_view,desktop,google,Books,59,13,0
2021-01-31,page_view,desktop,google,Beauty,334,76,0
2021-01-31,page_view,desktop,direct,Apparel,16,3,0
2021-01-31,page_view,desktop,direct,Electronics,65,23,0
2021-01-31,page_view,desktop,direct,Sports,25,8,0
2021-01-31,page_view,desktop,direct,Beauty,32,7,0
2021-01-31,page_view,desktop,social,Home,246,54,0
2021-01-31,page_view,desktop,social,Sports,362,103,0
2021-01-31,page_view,desktop,social,Books,28,8,0
2021-01-31,page_view,desktop,organic,Apparel,28,8,0
2021-01-31,page_view,desktop,organic,Electronics,31,7,0
2021-01-31,page_view,desktop,organic,Home,7,2,0
2021-01-31,page_view,desktop,organic,Sports,114,33,0
2021-01-31,page_view,desktop,organic,Toys,25,8,0
2021-01-31,page_view,desktop,email,Apparel,82,19,0
2021-01-31,page_view,mobile,google,Apparel,40,13,0
2021-01-31,page_view,mobile,google,Home,18,7,0
2021-01-31,page_view,mobile,google,Sports,42,11,0
2021-01-31,page_view,mobile,google,Books,20,6,0
2021-01-31,page_view,mobile,google,Beauty,449,166,0
2021-01-31,page_view,mobile,google,Toys,152,35,0
2021-01-31,page_view,mobile,direct,Electronics,37,14,0
2021-01-31,page_view,mobile,direct,Beauty,29,10,0
2021-01-31,page_view,mobile,social,Electronics,26,10,0
2021-01-31,page_view,mobile,social,Home,64,17,0
2021-01-31,page_view,mobile,social,Sports,652,186,0
2021-01-31,page_view,mobile,social,Books,89,34,0
2021-01-31,page_view,mobile,social,Toys,9,2,0
2021-01-31,page_view,mobile,organic,Apparel,40,11,0
2021-01-31,page_view,mobile,organic,Books,27,10,0
2021-01-31,page_view,mobile,organic,Beauty,42,13,0
2021-01-31,page_view,mobile,email,Beauty,339,107,0
2021-01-31,page_view,tablet,google,Apparel,222,67,0
2021-01-31,page_view,tablet,google,Home,59,15,0
2021-01-31,page_view,tablet,google,Sports,30,11,0
2021-01-31,page_view,tablet,google,Books,219,86,0
2021-01-31,page_view,tablet,google,Beauty,88,34,0
2021-01-31,page_view,tablet,direct,Electronics,11,4,0
2021-01-31,page_view,tablet,direct,Sports,105,34,0
2021-01-31,page_view,tablet,direct,Books,283,103,0
2021-01-31,page_view,tablet,social,Beauty,89,27,0
2021-01-31,page_view,tablet,organic,Sports,23,7,0
2021-01-31,page_view,tablet,organic,Beauty,106,23,0
2021-01-31,page_view,tablet,organic,Toys,63,24,0
2021-01-31,view_item,desktop,google,Apparel,28,11,0
2021-01-31,view_item,desktop,google,Books,337,130,0
2021-01-31,view_item,desktop,direct,Books,48,24,0
2021-01-31,view_item,desktop,direct,Toys,103,51,0
2021-01-31,view_item,desktop,social,Home,8,4,0
2021-01-31,view_item,desktop,organic,Electronics,76,33,0
2021-01-31,view_item,desktop,organic,Books,6,3,0
2021-01-31,view_item,desktop,organic,Beauty,6,3,0
2021-01-31,view_item,desktop,email,Electronics,4,2,0
2021-01-31,view_item,desktop,email,Toys,13,6,0
2021-01-31,view_item,mobile,google,Apparel,39,18,0
2021-01-31,view_item,mobile,google,Electronics,246,104,0
2021-01-31,view_item,mobile,google,Sports,46,20,0
2021-01-31,view_item,mobile,google,Beauty,46,24,0
2021-01-31,view_item,mobile,organic,Apparel,16,8,0
2021-01-31,view_item,mobile,organic,Electronics,53,27,0
2021-01-31,view_item,mobile,organic,Books,21,8,0
2021-01-31,view_item,mobile,email,Electronics,11,5,0
2021-01-31,view_item,mobile,email,Sports,5,2,0
2021-01-31,view_item,tablet,direct,Books,46,22,0
2021-01-31,view_item,tablet,direct,Toys,36,13,0
2021-01-31,add_to_cart,desktop,google,Beauty,6,3,0
2021-01-31,add_to_cart,desktop,direct,Electronics,12,7,0
2021-01-31,add_to_cart,desktop,social,Electronics,46,27,0
2021-01-31,add_to_cart,desktop,organic,Sports,6,3,0
2021-01-31,add_to_cart,desktop,email,Electronics,9,6,0
2021-01-31,add_to_cart,desktop,email,Toys,14,7,0
2021-01-31,add_to_cart,mobile,google,Home,26,16,0
2021-01-31,add_to_cart,mobile,organic,Toys,29,16,0
2021-01-31,add_to_cart,mobile,email,Apparel,9,4,0
2021-01-31,add_to_cart,mobile,email,Beauty,7,4,0
2021-01-31,add_to_cart,mobile,email,Toys,3,2,0
2021-01-31,begin_checkout,desktop,organic,Sports,6,4,0
2021-01-31,begin_checkout,mobile,google,Beauty,10,6,0
2021-01-31,begin_checkout,mobile,direct,Beauty,6,3,0
2021-01-31,begin_checkout,mobile,email,Home,6,4,0
2021-01-31,begin_checkout,tablet,direct,Home,9,6,0
2021-01-31,purchase,desktop,email,Sports,3,2,145.07
2021-01-31,purchase,mobile,email,Electronics,3,3,856.37
