location_name,state_abbr,state_desc,county_fips,obesity_pct,diabetes_pct,high_blood_pressure_pct,asthma_pct,depression_pct,checkup_pct,smoking_pct,binge_drinking_pct,no_physical_activity_pct,insufficient_sleep_pct,food_insecure_pct,housing_insecure_pct,no_health_insurance_pct
Hamilton,IL,Illinois,17065,37.4,13.3,38.2,10.6,22.8,77.0,17.3,17.7,25.8,35.7,,,7.1
Seneca,NY,New York,36099,37.5,11.3,35.7,10.9,22.4,79.5,15.8,18.3,27.0,36.1,,,5.2
Haskell,OK,Oklahoma,40061,43.4,16.5,44.6,13.2,28.7,75.8,22.6,12.7,35.6,40.7,19,14.8,10.7
Lake,IL,Illinois,17097,31.8,11.9,29.6,9.1,18.9,76.1,12.9,17.9,21.8,33.1,,,10.1
Atchison,KS,Kansas,20005,38.5,11.9,36.4,11.0,21.7,75.3,15.9,17.3,25.2,34.4,11.8,10.4,7.2
Anchorage,AK,Alaska,02020,29.6,8.0,26.7,10.2,21.2,67.7,13.4,19.5,19.7,34.6,11.6,11.3,7.7
Seminole,OK,Oklahoma,40133,42.2,16.0,43.3,13.2,28.3,76.0,21.1,13.2,36.0,39.6,23.3,17.6,9.7
Mercer,WV,West Virginia,54055,42.0,15.9,46.3,12.5,30,82.2,19.1,13.8,31.3,42.1,15.8,13.1,4.9
Blue Earth,MN,Minnesota,27013,38.9,9.3,26.3,11.2,28.9,66.4,16.7,21.5,24.7,30.1,10.1,9.7,8.5
Buffalo,NE,Nebraska,31019,41.6,10.5,29.2,9.9,19.1,70.9,16.3,20.4,26.7,32.6,14.3,11.4,9.3
Graves,KY,Kentucky,21083,40.5,14.7,42.7,11.1,27.1,79.9,19.7,12.8,30.1,38.1,17.2,12.7,5.8
Accomack,VA,Virginia,51001,43.3,17.8,45.6,11.2,22.9,81.6,19.1,13.2,30.4,35.6,,,7.8
Hemphill,TX,Texas,48211,36.0,13.2,33.2,9.4,22.4,73.1,15.8,18.0,26.9,36.4,16.3,13.5,15.9
Shelby,MO,Missouri,29205,41.2,14.7,40.1,10.8,23.9,77.5,21.8,16.3,31.1,37.3,16.4,12.6,8.1
Carroll,MO,Missouri,29033,38.5,13.1,38.3,10.5,23.6,77.0,20.2,17.2,29.2,37.2,13,10.4,8.1
Dyer,TN,Tennessee,47045,41.2,15.1,41.1,11.9,30.4,76.5,24.0,14.0,33.2,42.2,20.6,15.3,11.5
Chickasaw,IA,Iowa,19037,37.4,12.1,35.0,9.7,18.4,78.8,15.7,20.5,26.4,31.2,8,7.7,4.6
Faribault,MN,Minnesota,27043,37.2,12.2,37.1,10.0,24.7,75.3,14.2,18.8,22.5,29.4,10,9,4.2
Nance,NE,Nebraska,31125,40.5,12.8,35.3,9.4,18,75.0,16.8,18.0,28.8,31.4,11.1,9.1,6.2
Mahoning,OH,Ohio,39099,39.2,15.4,37.0,11.3,24.2,80.0,19.8,16.1,28.6,40.9,15.7,13.1,6.5
Chickasaw,MS,Mississippi,28017,46.9,17.7,48.9,10.9,20.8,79.5,21.3,13.1,38.8,39.9,26.7,20.2,12.6
Goliad,TX,Texas,48175,38.9,17.0,38.8,9.5,21.9,76.1,15.4,16.1,30.5,36.7,17.8,14.6,15.1
Daviess,KY,Kentucky,21059,35.4,13.3,37.9,10.9,28.1,80.3,18.5,13.4,25.2,37.6,13,9.8,4.9
Sunflower,MS,Mississippi,28133,47.3,18.3,50.7,11.1,18.5,80.2,22.5,12.4,39.4,41.9,35.4,26.9,14.2
Monroe,FL,Florida,12087,30.0,12.6,,8.9,18.9,76.2,13.5,17.3,24.5,34.0,12.8,11.1,10.1
Tarrant,TX,Texas,48439,37.8,12.7,32.7,9.4,21.6,72.7,14.7,17.0,25.9,39.5,19.1,16.2,16.1
Norman,MN,Minnesota,27107,37.1,11.4,34.2,10.0,23.3,74.1,14.9,19.4,22.8,31.0,9.8,9.4,5.1
Grant,AR,Arkansas,05053,35.4,13.2,39.0,10.7,27.5,77.6,19.5,17.0,30.9,38.1,,,8.1
Patrick,VA,Virginia,51141,40.9,17.1,42.7,10.8,24.9,81.3,17.8,15.5,28.8,36.2,,,5.5
Grundy,IL,Illinois,17063,35.3,10.2,31.6,9.7,20.7,75.5,13.5,20.5,21.3,34.1,,,7.1
Santa Fe,NM,New Mexico,35049,22.9,11.9,29.6,10.0,20.1,71.9,11.3,12.0,19.9,29.1,11.4,10,6.3
Sagadahoc,ME,Maine,23023,30.7,10.7,35.4,11.4,25.4,81.5,14.5,15.9,21.0,29.3,8.2,7.6,5.2
Tensas,LA,Louisiana,22107,46.1,24.6,54.7,12.0,25.2,83.8,26.3,11.7,44.7,43.9,,,10.7
Perry,PA,Pennsylvania,42099,35.1,11.2,35.0,10.6,24.1,78.0,17.8,18.7,24.3,36.9,,,5.6
Venango,PA,Pennsylvania,42121,35.8,13.3,37.7,10.8,24,80.4,18.1,16.5,28.1,37.3,,,4.7
Brown,WI,Wisconsin,55009,36.4,10.0,28.9,10.9,22.3,77.5,16.1,20.8,22.4,30.7,10.4,10,5.8
Perry,IN,Indiana,18123,40.7,12.8,36.6,10.6,24.2,77.3,18.8,16.3,28.6,34.8,12.1,10.3,6.2
Greenwood,SC,South Carolina,45047,39.9,14.3,41.9,10.6,23.3,79.9,17.5,14.9,28.9,39.4,20.7,16.9,11.6
Graham,AZ,Arizona,04009,39.8,12.9,29.7,10.8,24.1,69.1,15.2,18.0,25.7,37.0,18.5,15.8,12.9
Edgefield,SC,South Carolina,45037,39.2,15.3,40.9,10.8,20,78.8,19.1,16.6,30.5,38.0,21.1,17.3,13.3
Hancock,WV,West Virginia,54029,45.3,16.8,43.3,12.1,26.9,81.7,20.8,14.4,33.3,38.4,12,10.5,5.7
Pickaway,OH,Ohio,39129,42.9,12.6,36.0,10.9,27.2,77.8,18.9,20.0,26.3,41.1,14.4,13.4,5.1
Wood,OH,Ohio,39173,34.3,11.1,32.3,11.2,26.1,77.8,14.7,20.2,23.7,36.0,9.3,8.9,5.0
Noxubee,MS,Mississippi,28103,46.5,19.5,52.4,11.5,19,82.0,21.0,11.7,38.4,42.1,32.4,24.4,11.7
Rolette,ND,North Dakota,38079,45.2,16.7,39.8,14.2,22.1,75.2,28.3,21.0,33.9,39.9,,,8.1
Park,MT,Montana,30067,28.1,9.7,34.2,10.3,22,72.7,14.8,18.9,22.6,29.2,9.1,9,5.8
Zavala,TX,Texas,48507,47.0,21.0,38.1,9.9,22.1,72.6,17.0,15.2,43.0,41.5,37.9,28.2,35.2
Geauga,OH,Ohio,39055,36.1,12.9,35.7,10.3,23.8,78.2,16.5,18.6,21.9,33.9,6.8,6.7,5.2
Carroll,NH,New Hampshire,33003,28.8,10.6,36.4,11.1,22.4,77.5,13.6,15.1,21.4,33.3,8.2,7.2,4.3
Billings,ND,North Dakota,38007,35.8,10.9,36.2,9.8,19,75.8,13.6,19.5,25.3,30.2,,,4.5
Clinton,PA,Pennsylvania,42035,33.7,10.8,33.4,11.2,25.6,78.0,18.4,18.4,26.4,41.0,,,6.5
Walworth,SD,South Dakota,46129,34.3,11.9,35.4,9.5,17.1,78.7,16.0,18.3,26.3,29.2,,,5.1
Long,GA,Georgia,13183,41.7,11.9,37.6,10.9,22.6,73.8,18.3,17.1,28.8,41.3,20.6,18,15.5
Oregon,MO,Missouri,29149,43.9,15.3,44.4,11.0,24.7,77.3,24.4,15.1,33.8,37.1,18.1,13.6,9.9
Trigg,KY,Kentucky,21221,40.6,17.1,45.4,11.5,26.2,80.9,20.1,11.8,29.9,40.0,17.3,12.2,5.0
Hernando,FL,Florida,12053,33.3,14.8,,10.0,21.7,79.0,15.9,15.0,29.4,36.3,14.1,10.7,11.2
Richardson,NE,Nebraska,31147,43.8,14.3,39.1,10.1,17.3,75.4,18.4,16.1,32.2,29.6,12.2,9.2,7.5
Minnehaha,SD,South Dakota,46099,34.1,8.0,27.9,9.2,17.9,76.0,11.8,20.9,21.0,28.1,,,4.3
Lunenburg,VA,Virginia,51111,43.0,18.5,45.4,11.0,22.6,80.5,20.2,15.9,30.2,40.2,,,7.3
Antrim,MI,Michigan,26009,34.9,11.8,38.4,10.7,23.1,81.1,12.5,17.2,21.3,30.4,7.7,7,2.9
Benton,AR,Arkansas,05007,34.3,11.4,32.6,9.8,23.8,76.8,13.8,17.6,23.2,33.9,,,7.6
Lee,IA,Iowa,19111,41.0,13.5,34.7,10.2,19.2,78.9,17.4,19.8,30.7,35.3,12.1,11,5.4
Decatur,KS,Kansas,20039,37.9,14.6,41.4,10.3,18.4,78.5,17.3,14.6,28.2,31.9,9.4,8.4,6.9
Chesapeake,VA,Virginia,51550,41.4,13.4,33.7,10.6,23.3,80.3,15.2,16.5,22.0,39.4,,,6.3
Columbia,FL,Florida,12023,38.1,14.2,,10.9,21.6,77.7,19.4,16.7,29.1,38.0,20.8,16.1,12.2
Franklin,KY,Kentucky,21073,37.5,13.1,37.8,10.7,25.7,80.1,15.6,13.6,23.6,40.0,12.4,9.9,4.0
Baca,CO,Colorado,08009,30.2,12.9,35.6,12.3,25.5,71.3,18.6,16.2,26.2,33.8,,,9.9
Hancock,TN,Tennessee,47067,42.7,19.4,45.6,13.1,33.8,77.8,30.6,12.6,39.7,41.1,23,15.1,12.9
Bertie,NC,North Carolina,37015,43.2,19.0,50.0,11.1,19.9,81.5,19.6,12.7,32.1,42.0,26.8,22.1,10.6
Barber,KS,Kansas,20007,41.4,14.5,39.6,10.7,19.3,78.5,17.4,15.1,26.6,32.4,14.6,11.2,7.3
Columbia,NY,New York,36021,32.7,10.9,34.7,10.3,20.4,81.6,13.3,17.6,24.7,34.3,,,4.3
Wexford,MI,Michigan,26165,38.2,12.1,36.9,11.4,25.2,78.0,18.6,17.3,25.2,32.8,12.7,10.7,5.6
Garfield,UT,Utah,49017,35.7,12.7,34.9,11.0,24.2,72.9,9.8,11.5,20.5,34.8,11.6,9.7,6.4
El Paso,TX,Texas,48141,38.8,15.8,33.1,9.4,21.2,71.1,14.0,18.4,31.0,37.6,26,21.7,29.5
Talbot,GA,Georgia,13263,43.6,19.8,52.2,11.3,18.9,81.4,19.2,11.1,35.4,40.0,24.9,19,11.8
Hamilton,NY,New York,36041,37.6,14.6,39.0,11.3,21.4,82.3,17.8,15.7,30.6,35.3,,,4.3
Polk,TN,Tennessee,47139,38.1,15.8,41.3,11.8,30.8,78.0,22.5,14.6,31.2,39.3,15.6,11.9,9.2
Lewis,TN,Tennessee,47101,39.0,16.4,42.7,12.4,33.5,76.5,25.7,14.1,34.5,38.3,20.7,14.9,12.8
Muhlenberg,KY,Kentucky,21177,41.3,15.3,42.6,11.4,28.1,79.1,21.3,12.8,28.7,41.6,15.1,10.8,5.7
Pawnee,KS,Kansas,20145,41.5,12.7,40.0,10.1,18.1,78.4,15.3,17.9,27.0,34.9,12.6,11.4,7.4
Vance,NC,North Carolina,37181,41.0,16.2,43.7,11.1,21.7,80.3,18.0,13.6,29.2,39.7,25.4,21.8,11.1
Jeff Davis,GA,Georgia,13161,41.2,15.6,41.6,11.7,24.9,75.0,22.3,14.2,34.3,36.6,22.6,17.1,17.4
Castro,TX,Texas,48069,39.5,16.4,34.8,9.3,21.2,73.3,14.7,16.8,33.0,38.3,19.8,15.8,23.2
Solano,CA,California,06095,32.7,12.5,30.3,10.0,20.2,70.9,12.7,17.0,22.2,37.3,14,13.5,7.0
Brazoria,TX,Texas,48039,40.1,13.2,35.0,9.1,21.4,72.4,13.2,18.6,25.6,42.1,14.9,13.9,15.5
Leavenworth,KS,Kansas,20103,40.5,11.2,35.3,10.1,19.6,76.4,15.3,18.4,23.1,37.1,10,10,7.6
Autauga,AL,Alabama,01001,38.9,13.0,40.6,10.0,23.8,79.3,15.5,15.4,26.9,37.3,13.3,12.2,7.1
Androscoggin,ME,Maine,23001,36.1,11.1,31.8,12.3,28.9,81.1,16.0,16.2,23.5,36.7,12.1,11.3,5.4
Clarendon,SC,South Carolina,45027,45.1,17.6,47.3,10.8,19.6,81.3,18.0,14.2,32.9,36.3,20.4,16.8,10.4
Tippecanoe,IN,Indiana,18157,31.1,10.0,26.9,10.4,24.8,75.9,14.2,18.7,23.4,35.3,12.7,10.7,6.6
Bannock,ID,Idaho,16005,36.4,10.1,32.1,11.1,25.5,72.9,13.6,15.5,22.5,36.3,13,10.9,7.8
Moultrie,IL,Illinois,17139,35.2,11.1,35.5,10.2,22.6,76.3,15.9,19.1,23.2,34.7,,,7.8
Rio Arriba,NM,New Mexico,35039,38.7,16.6,35.5,11.1,20,69.6,16.9,13.9,29.6,34.7,26.1,19.6,11.3
Oakland,MI,Michigan,26125,29.8,9.3,31.5,10.3,19.2,78.5,11.9,17.4,19.4,31.1,10.2,9.8,4.2
New Hanover,NC,North Carolina,37129,31.6,10.2,33.1,9.6,24.3,77.7,11.5,19.3,18.4,30.9,9.6,9.3,6.6
Martin,NC,North Carolina,37117,38.5,18.2,45.4,11.2,22.3,81.0,19.2,13.1,31.5,37.1,22,17.6,9.3
Northwest Arctic,AK,Alaska,02188,37.9,13.0,32.3,13.6,22.7,64.1,29.2,20.7,30.1,43.0,30.7,23.4,12.1
Mercer,MO,Missouri,29129,42.2,13.9,41.1,10.7,23.2,78.1,19.2,16.2,30.4,36.9,13.1,10.2,7.5
Lackawanna,PA,Pennsylvania,42069,32.8,11.5,31.5,10.4,23.1,78.9,16.5,18.4,24.6,40.0,,,6.1
Montgomery,MO,Missouri,29139,41.3,13.3,39.5,10.9,24.6,76.6,21.6,17.0,30.5,38.4,14.1,11,9.0
Wayne,KY,Kentucky,21231,42.3,18.2,44.9,12.0,28.3,79.2,25.1,11.6,37.1,41.1,20.8,13.7,6.8
Franklin,NE,Nebraska,31061,41.3,13.9,40.4,9.5,16.9,76.3,16.4,16.5,30.7,31.2,12.6,9.7,5.8
Lumpkin,GA,Georgia,13187,32.8,10.9,35.6,10.2,23.7,74.1,13.6,16.9,24.7,35.0,10.6,8.7,10.4
Jackson,FL,Florida,12063,42.4,15.6,,10.8,21.8,76.0,22.0,14.8,32.1,40.4,21.5,16.8,13.8
Bedford,PA,Pennsylvania,42009,34.9,12.6,37.1,10.6,24.1,79.3,18.2,17.0,27.2,37.8,,,5.3
York,SC,South Carolina,45091,31.6,10.6,36.3,10.0,20.2,75.9,15.4,17.6,24.1,33.9,13.5,12.8,9.9
Livingston,NY,New York,36051,31.4,10.3,32.1,10.9,23,78.2,14.8,18.9,23.6,35.0,,,5.2
Carroll,MD,Maryland,24013,31.9,10.4,33.2,10.2,21.1,76.5,12.1,17.5,21.8,34.5,9.6,9.6,5.4
Hardin,OH,Ohio,39065,43.7,14.0,35.2,11.9,29.2,75.4,24.0,18.2,31.3,40.3,12.1,10,8.0
Clark,NV,Nevada,32003,32.8,11.2,33.6,10.4,19.6,69.0,15.5,17.7,27.3,40.9,16.7,15.8,11.2
Camden,GA,Georgia,13039,37.3,11.8,36.7,10.7,23.5,75.5,17.4,16.7,27.2,37.4,16.2,13.9,14.0
Seward,KS,Kansas,20175,44.7,14.0,32.3,10.2,18.7,72.5,16.2,17.5,34.1,39.3,24.1,20.2,20.8
Prairie,AR,Arkansas,05117,37.8,16.0,43.7,11.4,26.4,79.5,21.9,14.6,35.3,39.0,,,9.2
Queen Anne's,MD,Maryland,24035,32.7,11.0,39.5,10.8,21.2,77.0,12.9,17.6,24.5,33.2,8.8,8.5,5.9
Terrell,GA,Georgia,13273,46.8,19.6,50.8,11.9,20.1,79.9,21.3,11.6,37.3,44.0,30.3,23.2,13.3
St. Bernard,LA,Louisiana,22087,44.6,14.9,38.5,11.3,31.1,78.7,22.9,17.5,33.7,40.9,,,11.8
Wayne,PA,Pennsylvania,42127,35.2,13.5,36.9,10.7,23.3,79.5,18.9,17.2,26.9,38.8,,,5.9
Sullivan,NY,New York,36105,34.9,12.8,32.6,10.8,20.3,78.9,15.1,17.7,27.8,40.3,,,6.0
Sumner,TN,Tennessee,47165,38.7,12.1,34.8,10.8,29.6,77.7,17.3,17.0,25.1,36.9,12.6,10.8,8.5
Lemhi,ID,Idaho,16059,32.5,13.0,38.3,10.8,21.4,77.5,13.4,13.2,25.1,31.4,9.7,8.6,6.2
Lincoln,WA,Washington,53043,34.9,12.3,34.4,11.9,25,70.9,14.5,15.5,22.9,31.5,8.6,7.9,5.8
Porter,IN,Indiana,18127,36.9,11.4,34.3,10.9,22.5,77.6,16.2,15.9,26.2,37.0,11.4,10.1,7.0
Green Lake,WI,Wisconsin,55047,41.5,13.8,36.3,11.6,24.1,75.7,19.8,18.6,27.9,33.6,10.1,8.9,6.4
Edgecombe,NC,North Carolina,37065,40.2,17.5,44.9,11.1,20.8,81.4,17.8,13.0,29.8,36.9,24.1,20.4,9.8
Boyle,KY,Kentucky,21021,37.1,13.3,37.5,11.0,26.2,78.9,16.6,13.9,25.5,38.4,13.3,10.6,4.8
Baker,OR,Oregon,41001,34.2,13.1,38.4,11.8,25.2,74.1,15.8,16.9,23.6,31.3,,,4.7
Scioto,OH,Ohio,39145,43.3,15.1,43.3,11.9,27.3,78.4,22.5,16.1,31.4,43.0,17,13.4,6.8
Norfolk,VA,Virginia,51710,38.6,12.8,32.8,10.9,24.5,78.7,15.4,20.9,22.7,41.1,,,7.3
Webster,MO,Missouri,29225,38.9,11.9,36.4,10.5,24.3,75.4,19.2,18.2,27.8,37.3,14.8,12.1,7.3
Attala,MS,Mississippi,28007,44.2,17.7,49.1,10.9,20.7,80.9,19.8,12.4,36.6,39.1,26.8,20.1,10.5
Muskingum,OH,Ohio,39119,41.1,14.1,39.8,11.1,25.8,79.9,19.2,17.8,28.6,40.6,14.2,12.2,5.6
Shelby,IL,Illinois,17173,36.7,13.0,37.0,10.4,22.3,76.7,18.5,17.4,27.1,34.8,,,8.5
Hendricks,IN,Indiana,18063,39.3,11.5,32.3,10.2,22.6,77.7,15.3,16.0,24.7,38.4,10.8,10.3,5.7
Monroe,MI,Michigan,26115,38.2,12.1,37.0,11.5,24.7,77.9,18.0,17.5,26.0,35.8,11.2,9.8,5.0
Placer,CA,California,06061,25.9,10.6,29.9,10.1,21.5,71.8,11.2,18.7,17.5,32.1,7.6,7.8,4.1
Kiowa,CO,Colorado,08061,29.1,12.1,35.7,11.7,24.1,71.7,18.1,15.7,24.8,31.0,,,8.9
Linn,OR,Oregon,41043,34.6,10.8,33.0,11.5,26.4,71.8,15.2,17.7,21.3,33.9,,,6.5
Hansford,TX,Texas,48195,36.2,13.7,35.9,9.5,22.6,72.7,13.5,18.1,27.6,35.5,18.2,14.5,19.1
Williamsburg,VA,Virginia,51830,31.8,10.1,28.3,10.9,26.7,77.9,11.1,19.7,19.5,35.3,,,5.2
McCreary,KY,Kentucky,21147,43.8,17.0,44.7,12.2,29,78.5,25.9,12.6,35.7,45.0,26.7,18.7,7.4
Addison,VT,Vermont,50001,25.4,7.7,26.9,11.1,23.6,75.2,10.4,17.9,15.1,27.6,7.8,7.6,3.8
Gentry,MO,Missouri,29075,37.6,12.9,39.7,10.8,24.3,75.9,22.6,17.8,30.3,38.1,15.6,11.8,9.5
Jackson,TX,Texas,48239,39.1,16.2,37.6,10.0,23.2,74.0,17.5,17.1,32.5,38.7,20.4,16.4,18.2
Obion,TN,Tennessee,47131,40.6,15.9,43.2,11.7,30,78.1,22.4,14.1,31.7,40.8,18.7,13.7,10.4
Day,SD,South Dakota,46037,37.4,12.6,38.5,9.5,16.5,79.8,16.6,17.3,27.0,28.7,,,5.1
Hughes,SD,South Dakota,46065,35.0,9.0,31.9,9.3,17.4,76.4,13.0,20.2,20.5,27.3,,,4.9
Surry,VA,Virginia,51181,39.9,18.0,46.5,11.0,21.4,82.1,15.9,14.4,27.1,37.9,,,6.0
Cuyahoga,OH,Ohio,39035,37.3,12.9,36.7,11.8,23.2,80.0,16.6,18.1,23.1,37.7,18.3,15.8,6.4
Lee,MS,Mississippi,28081,40.7,14.1,41.2,10.2,21.4,78.0,17.9,16.0,33.4,35.5,16.8,14.4,9.9
Young,TX,Texas,48503,38.4,14.6,37.9,10.1,24.4,74.1,17.7,17.3,29.6,37.8,15.6,12.5,15.3
Harding,NM,New Mexico,35021,33.8,17.9,46.2,10.5,19.5,75.5,15.0,11.0,29.8,31.2,17.8,13.2,6.5
King,TX,Texas,48269,41.2,19.0,43.7,10.5,24.1,75.2,22.6,14.4,37.4,39.1,23.2,17,19.2
Golden Valley,MT,Montana,30037,34.1,14.3,39.8,12.0,24.8,74.7,20.2,16.1,30.6,31.9,12.8,10.4,7.6
Wyandotte,KS,Kansas,20209,41.6,16.0,38.4,10.9,18.6,75.8,19.7,15.1,36.0,37.2,19.5,16.8,15.7
Angelina,TX,Texas,48005,40.8,16.1,40.0,11.0,24.3,76.4,18.9,15.6,31.7,41.6,22.3,17.1,17.2
Tucker,WV,West Virginia,54093,38.4,16.0,44.1,11.8,26.2,82.9,17.4,14.2,28.6,37.2,14.4,11.5,4.3
Duval,TX,Texas,48131,41.4,18.6,36.7,9.2,20.5,70.7,16.2,16.2,39.5,40.0,32.5,24.5,35.9
Wright,MN,Minnesota,27171,38.0,9.6,26.5,9.7,22.9,69.7,14.5,22.3,19.3,31.3,7.8,8.2,4.2
George,MS,Mississippi,28039,40.8,13.6,42.6,10.4,23.3,77.1,18.5,15.9,30.9,34.3,17.1,13.7,10.4
Yuma,CO,Colorado,08125,27.6,10.7,30.8,11.4,23.3,68.5,15.0,17.3,22.9,32.3,,,11.1
Roanoke,VA,Virginia,51770,36.4,15.2,39.1,11.3,25.3,79.5,18.4,15.7,27.7,40.2,,,8.0
Pulaski,MO,Missouri,29169,33.3,8.3,28.7,10.0,24.2,72.5,16.8,21.8,23.1,42.7,15.6,13.3,10.9
Hyde,NC,North Carolina,37095,39.5,17.0,42.4,10.6,22.5,77.9,22.1,14.6,32.8,36.7,22.3,18.2,13.2
Armstrong,PA,Pennsylvania,42005,37.9,12.3,35.9,10.9,24.4,78.8,19.6,17.4,27.5,36.6,,,6.2
Lawrence,PA,Pennsylvania,42073,35.5,12.5,36.3,10.7,24.3,80.3,17.7,17.0,26.2,44.2,,,4.8
Portage,WI,Wisconsin,55097,34.7,9.6,29.8,10.9,24.8,76.9,14.6,23.8,22.0,33.5,9.8,8.7,4.8
Kosciusko,IN,Indiana,18085,39.0,12.3,33.7,10.5,23.2,78.0,15.9,15.6,27.4,34.2,11.1,9.6,5.8
Marshall,KY,Kentucky,21157,38.4,14.1,41.5,11.0,27.1,80.3,17.7,13.3,27.0,36.0,12.1,9.3,4.8
Limestone,TX,Texas,48293,39.6,17.8,42.0,10.7,24,75.3,20.8,15.9,35.6,39.5,24,18.5,17.5
McDonald,MO,Missouri,29119,41.5,14.8,38.0,11.6,25.2,75.9,25.2,17.3,33.8,40.8,22,16.9,11.6
Lubbock,TX,Texas,48303,34.1,11.5,30.5,10.1,23.3,72.5,14.3,19.1,25.7,34.5,19,16.1,16.9
LaMoure,ND,North Dakota,38045,37.3,11.6,39.3,9.7,18.7,78.1,14.2,18.6,25.7,29.8,,,4.0
Bullock,AL,Alabama,01011,49.6,22.4,52.4,11.9,21.6,81.0,24.6,11.7,41.0,49.8,37.2,28.9,14.9
Red Willow,NE,Nebraska,31145,38.7,11.2,35.3,9.3,16.8,75.1,13.9,18.9,23.5,30.5,11.7,9.4,5.5
Sheboygan,WI,Wisconsin,55117,40.9,10.6,31.9,10.3,22.6,76.9,14.6,21.9,20.3,31.8,9.4,8.6,5.1
Shelby,IA,Iowa,19165,34.9,13.1,32.2,9.9,18.4,77.9,16.4,20.3,27.3,30.6,9.9,8.6,5.1
Jefferson,WV,West Virginia,54037,35.2,13.8,37.0,11.7,24.4,78.6,15.3,17.7,24.4,36.7,10.7,10.6,5.4
Garrett,MD,Maryland,24023,37.4,13.7,40.9,11.1,21.6,79.5,15.9,14.9,27.1,36.7,14.3,11.7,5.8
Gilmer,GA,Georgia,13123,37.1,14.1,41.9,9.8,21.1,78.1,14.6,13.5,26.9,33.1,12.5,9.9,10.1
Chicot,AR,Arkansas,05017,44.4,22.0,51.9,11.7,23.1,81.3,22.7,11.6,41.2,46.1,,,10.1
Miami,OH,Ohio,39109,40.1,13.0,37.3,10.7,25.6,80.1,16.1,17.9,22.7,36.6,11.9,10.6,4.3
Arapahoe,CO,Colorado,08005,25.7,8.2,26.6,10.6,22.2,69.5,12.3,19.3,17.5,32.6,,,8.6
Texas,MO,Missouri,29215,40.7,14.0,43.2,10.7,23.8,77.7,20.4,16.4,29.6,39.2,17,13.1,8.2
Richland,OH,Ohio,39139,39.8,14.5,37.6,11.3,26.5,78.3,18.2,16.9,27.7,40.4,16.7,14,6.1
Campbell,VA,Virginia,51031,42.1,14.2,36.8,10.7,24.9,79.8,17.8,17.5,25.9,34.6,,,6.9
Lafayette,LA,Louisiana,22055,35.0,12.9,38.2,10.2,27.5,79.7,17.5,19.5,26.8,37.8,,,6.9
Sarasota,FL,Florida,12115,27.7,12.6,,8.8,16.9,81.0,11.6,13.5,22.5,31.6,8.6,7.2,6.5
Isabella,MI,Michigan,26073,34.9,9.3,28.8,12.2,27.5,75.0,15.2,20.6,23.6,33.7,15.4,12.4,5.1
Union,IA,Iowa,19175,37.2,11.8,33.0,10.1,19.1,78.4,17.0,20.2,28.2,30.9,10.6,9.3,5.8
Elbert,GA,Georgia,13105,42.1,15.6,45.8,11.1,21.8,77.6,18.9,13.1,32.4,39.1,18.3,15.1,13.2
Macoupin,IL,Illinois,17117,38.1,13.2,36.5,10.3,22.4,77.0,18.1,18.2,26.5,35.6,,,6.5
Schley,GA,Georgia,13249,38.2,14.5,42.1,10.8,22.4,77.7,16.6,14.2,29.3,38.4,16.8,14.1,11.8
Davison,SD,South Dakota,46035,36.4,11.1,34.5,9.9,18.5,77.1,17.8,18.9,27.0,29.8,,,6.4
Rowan,NC,North Carolina,37159,33.7,13.2,37.7,10.0,22.8,77.9,16.3,16.3,25.8,30.8,17.1,15.1,9.1
Kalawao,HI,Hawaii,15005,31.0,16.4,36.4,10.8,13.4,76.5,13.8,15.4,22.5,42.4,,,4.1
Somerset,NJ,New Jersey,34035,27.2,9.2,28.6,8.3,13.6,76.1,8.9,15.2,18.2,37.4,9.9,8.9,6.6
Franklin,VA,Virginia,51067,33.9,15.4,41.4,10.0,22.9,81.3,15.3,16.8,23.9,35.1,,,4.5
Jasper,MO,Missouri,29097,35.3,11.7,36.1,10.8,23.8,74.4,19.9,17.7,27.2,40.0,14.6,12.4,9.2
Cumberland,IL,Illinois,17035,37.6,12.2,35.8,10.2,22.2,76.9,15.8,18.6,23.0,35.2,,,6.5
Howard,AR,Arkansas,05061,39.2,15.6,42.3,10.9,24.8,79.3,17.7,15.0,31.6,40.4,,,9.0
Gosper,NE,Nebraska,31073,38.5,11.8,38.4,9.1,16.6,75.4,13.4,17.6,25.2,30.2,10.7,9.1,6.6
Gilpin,CO,Colorado,08047,26.5,9.5,28.5,10.8,22.7,70.7,13.2,19.2,16.5,30.4,,,5.9
Rock Island,IL,Illinois,17161,36.9,12.8,35.8,10.0,20.2,78.6,13.7,18.2,23.8,35.5,,,7.2
Saginaw,MI,Michigan,26145,42.4,13.2,37.4,11.9,25.4,79.6,19.4,16.5,29.9,35.5,14.9,12.9,6.9
Oswego,NY,New York,36075,38.3,10.9,32.2,11.2,23.4,78.8,16.5,19.3,26.6,39.2,,,5.0
Kings,CA,California,06031,31.6,12.1,28.8,10.5,22.1,66.6,16.0,19.7,29.0,36.2,22.3,19,15.9
Adams,IL,Illinois,17001,38.6,11.7,35.9,10.0,21.8,77.1,15.8,18.4,23.1,36.3,,,6.9
Kemper,MS,Mississippi,28069,45.4,17.5,49.6,10.4,18,81.6,17.4,12.4,35.0,38.3,25.2,19.8,9.7
Hardin,KY,Kentucky,21093,39.1,13.5,37.1,11.0,26.2,79.0,17.5,13.8,25.8,40.9,15.9,12.8,5.4
O'Brien,IA,Iowa,19141,38.3,13.3,33.0,9.7,18,77.8,17.0,19.8,31.9,34.0,11.1,9.7,5.2
Washington,LA,Louisiana,22117,43.1,17.7,44.8,11.0,28.2,82.2,20.7,15.9,33.1,41.1,,,7.2
Andrew,MO,Missouri,29003,42.3,11.8,36.6,9.9,21.9,75.3,18.2,17.5,26.5,36.4,10.5,10,7.1
Caldwell,MO,Missouri,29025,40.2,13.6,37.7,10.7,24,77.2,21.0,16.9,29.9,37.7,16,12.4,8.2
Chilton,AL,Alabama,01021,36.7,13.7,41.0,10.1,24.9,78.3,15.8,15.2,29.4,33.6,14.1,11.9,8.0
Pottawatomie,OK,Oklahoma,40125,42.4,13.8,38.4,12.9,30.5,73.5,20.0,13.7,34.0,37.6,17.2,14.5,9.3
Kearney,NE,Nebraska,31099,38.2,12.1,34.9,9.5,17.3,73.9,15.9,18.8,27.0,29.7,10.5,8.7,7.1
McDowell,WV,West Virginia,54047,44.7,22.8,49.9,13.4,28.5,81.6,27.4,11.6,41.7,46.0,25.4,18.4,9.0
Mercer,KY,Kentucky,21167,39.2,14.1,39.6,11.0,26.2,78.6,17.3,13.8,26.5,39.3,15.1,11.8,5.0
Monmouth,NJ,New Jersey,34025,29.2,9.8,31.1,9.5,16.4,74.6,11.4,20.1,18.9,33.3,8.9,8.4,6.2
Harrison,MS,Mississippi,28047,34.4,13.9,42.4,9.9,24,79.3,17.8,14.9,29.1,40.1,19.9,15.6,9.1
Cherry,NE,Nebraska,31031,41.8,13.8,36.0,10.0,18.1,74.2,18.8,17.7,30.4,33.0,11.1,9.1,7.4
Custer,MT,Montana,30017,35.8,9.9,31.1,10.9,23.2,71.6,15.5,22.3,25.5,32.0,9.9,9.7,6.6
Volusia,FL,Florida,12127,32.9,12.5,,9.5,20.6,78.8,13.5,16.9,24.1,33.4,15.2,12.2,9.8
Union,FL,Florida,12125,42.5,13.7,,9.9,20.7,73.8,20.6,18.3,31.6,40.0,20.6,17,15.6
Russell,AL,Alabama,01113,47.1,17.5,44.3,11.6,23.9,80.3,20.3,13.8,33.9,42.8,26.3,22.1,11.0
Yellowstone,MT,Montana,30111,34.3,9.3,28.0,11.7,27.3,74.5,16.7,22.1,22.0,34.7,8.4,8.7,7.3
Wood,WI,Wisconsin,55141,40.5,11.4,35.5,10.6,23.1,76.9,17.2,20.2,26.3,31.5,10.1,9,5.5
Adams,WI,Wisconsin,55001,39.4,15.5,41.0,10.6,22.1,78.5,18.3,17.9,28.9,32.1,12.1,9.8,5.0
Iberia,LA,Louisiana,22045,43.5,16.5,42.8,11.4,28.1,80.5,21.8,17.0,33.7,40.0,,,8.8
Gaines,TX,Texas,48165,40.0,13.1,31.5,9.9,24.1,69.4,17.5,19.5,30.8,38.8,24.9,20.1,23.6
Maverick,TX,Texas,48323,44.3,19.2,33.4,9.7,21.8,70.2,17.1,16.6,40.9,40.4,37.6,27.5,37.4
Lander,NV,Nevada,32015,33.9,11.9,35.4,11.1,22.6,71.8,17.6,19.4,26.2,37.5,14.8,13.2,9.9
Shiawassee,MI,Michigan,26155,36.3,11.6,35.7,11.8,25.2,77.8,16.8,18.0,24.7,34.9,9.9,9.4,5.0
Upson,GA,Georgia,13293,41.7,15.5,43.5,11.5,22.9,78.0,19.5,14.4,32.6,38.6,23.4,18.7,11.7
Gilmer,WV,West Virginia,54021,39.5,14.0,40.7,11.2,25,78.8,19.1,16.8,31.9,41.9,15.5,14,8.6
Slope,ND,North Dakota,38087,36.5,12.5,37.7,9.8,18.3,77.7,14.4,18.0,25.5,30.7,,,4.6
Park,WY,Wyoming,56029,32.5,10.2,32.7,9.9,21.6,73.3,13.3,16.1,22.2,29.8,8.5,8,7.1
Sterling,TX,Texas,48431,36.5,12.2,32.5,9.3,22.6,72.5,14.2,20.0,25.1,37.1,14.2,12.9,15.2
Bristol,VA,Virginia,51520,40.8,15.0,40.4,11.0,26.2,79.6,18.1,16.0,27.9,35.8,,,6.3
Webster,WV,West Virginia,54101,37.9,18.6,48.3,12.5,27.3,81.6,23.4,13.2,36.4,39.4,15.9,12.3,6.6
Seward,NE,Nebraska,31159,40.5,9.2,31.2,8.8,17.1,73.0,11.6,21.0,22.4,27.6,12,9.9,5.1
Pickens,GA,Georgia,13227,36.9,12.5,38.5,10.2,22.5,77.5,14.4,15.0,25.7,33.0,12.6,10.2,9.2
Noble,OK,Oklahoma,40103,40.2,14.1,41.1,12.1,27.9,76.4,16.9,14.1,29.7,36.9,13.5,10.8,7.1
St. Martin,LA,Louisiana,22099,41.0,15.3,42.1,10.6,26,80.3,20.9,17.9,31.8,41.4,,,7.6
Burleigh,ND,North Dakota,38015,38.6,9.4,31.3,10.2,19.7,74.6,13.1,22.3,20.5,29.8,,,4.1
Hopewell,VA,Virginia,51670,45.5,17.9,41.5,12.4,24.9,79.5,22.0,15.2,32.4,45.4,,,10.2
Black Hawk,IA,Iowa,19013,37.5,11.4,30.5,10.7,20.5,76.1,18.5,21.4,27.6,34.7,10.5,10,7.1
Providence,RI,Rhode Island,44007,32.1,11.6,32.1,12.6,23.8,82.3,13.1,17.4,25.6,37.3,16.9,15.4,6.5
DeKalb,IN,Indiana,18033,37.6,11.5,35.4,10.8,24.3,77.2,17.4,16.3,27.1,36.6,13,10.5,6.0
Davidson,TN,Tennessee,47037,32.1,12.0,31.2,11.4,28.8,75.2,18.1,18.2,27.0,37.0,17.7,15.3,11.8
Lake,MI,Michigan,26085,41.6,16.2,44.7,11.8,24.5,80.1,22.4,15.0,32.6,36.0,19,14.2,6.4
Canadian,OK,Oklahoma,40017,42.9,11.5,33.0,11.2,25.6,74.1,13.7,15.4,25.5,35.9,10.7,10.3,7.4
Blount,TN,Tennessee,47009,33.3,13.6,39.7,11.7,31,77.6,17.9,14.7,26.2,37.9,13.6,11,7.7
Richmond,NY,New York,36085,29.4,11.3,32.1,9.5,17,79.8,10.5,16.9,26.3,40.6,,,5.2
Potter,TX,Texas,48375,38.3,16.0,36.7,10.4,23.5,72.3,20.1,16.6,35.1,41.1,26.2,20.6,24.3
Jones,GA,Georgia,13169,40.2,14.1,41.6,10.9,22,77.6,17.5,14.4,29.3,37.0,16.3,13.7,10.8
Alcona,MI,Michigan,26001,35.8,15.8,45.4,11.4,23.9,81.7,18.2,13.5,30.6,32.6,12.3,9.2,4.1
Crawford,IA,Iowa,19047,43.9,14.5,35.4,9.5,17.6,76.8,17.8,20.2,32.9,34.4,15.9,13,8.9
Chippewa,MN,Minnesota,27023,41.0,11.7,35.9,10.0,24.1,74.0,13.0,19.2,23.5,29.0,10.9,9.7,4.7
Knox,TN,Tennessee,47093,36.8,12.2,33.0,11.1,30.5,75.6,16.1,16.1,22.5,34.1,11,9.5,8.1
Hartley,TX,Texas,48205,35.3,12.3,33.0,8.8,20.7,72.5,13.8,20.0,24.7,35.9,15.3,13.5,16.5
Kay,OK,Oklahoma,40071,43.4,14.0,41.4,11.8,27,77.3,16.9,13.6,31.2,35.6,15.6,13.1,8.2
Grand Traverse,MI,Michigan,26055,31.0,10.1,33.1,10.5,24.3,80.4,13.1,17.3,19.3,30.1,7.8,7.9,3.8
Woodford,IL,Illinois,17203,34.3,11.7,33.8,10.3,22.1,75.8,16.1,19.9,23.8,32.9,,,7.4
Dare,NC,North Carolina,37055,30.1,11.4,36.1,9.1,22,78.8,11.1,18.4,19.4,27.0,9,8.7,5.1
Wilkes,NC,North Carolina,37193,35.0,13.7,39.9,10.6,25.3,77.8,17.7,15.6,27.2,32.7,16.1,13.2,9.4
Greene,TN,Tennessee,47059,37.6,15.8,41.1,11.9,31.3,78.3,21.9,14.1,33.9,40.2,13.3,10.3,9.5
Pershing,NV,Nevada,32027,35.0,11.5,33.7,10.1,20.5,69.6,18.8,20.0,25.6,39.1,15.9,14,12.5
Hennepin,MN,Minnesota,27053,27.3,8.5,26.5,10.1,25,71.8,11.9,21.5,16.9,27.7,10.9,10.5,4.9
Albany,WY,Wyoming,56001,31.3,7.6,21.6,10.8,23.9,65.1,12.8,22.3,19.4,30.6,6.9,6.5,9.1
Marion,IN,Indiana,18097,39.0,13.2,34.1,11.9,23.2,77.3,17.2,18.0,28.4,39.2,16.9,14.7,8.6
Edwards,KS,Kansas,20047,42.1,14.5,39.3,10.5,19,78.2,16.2,16.2,28.2,33.8,16.5,13.2,9.4
Ravalli,MT,Montana,30081,32.9,10.1,32.3,10.7,22.9,74.4,12.7,18.0,20.1,30.8,8,7.5,4.6
Dallam,TX,Texas,48111,39.9,14.7,35.5,9.7,23.3,71.2,17.2,18.5,31.4,39.8,24.8,19.4,21.9
Russell,VA,Virginia,51167,39.7,16.5,43.2,11.0,26.6,78.9,21.8,15.1,31.6,37.6,,,6.8
Lyon,KS,Kansas,20111,36.8,11.4,32.2,10.7,19.5,73.5,15.1,16.5,26.9,35.1,15.5,12.1,11.3
Lincoln,KY,Kentucky,21137,40.3,15.3,43.1,11.6,28,79.3,20.4,13.2,29.3,40.0,18,12.7,5.1
Moore,NC,North Carolina,37125,32.1,12.1,34.3,9.4,21.7,79.6,12.5,16.2,19.9,31.4,9.2,8.8,6.5
Craig,VA,Virginia,51045,36.2,14.5,39.8,10.7,25.5,79.0,19.2,17.0,27.1,36.2,,,6.8
Gadsden,FL,Florida,12039,44.2,16.9,,11.1,19.5,81.7,17.7,13.0,33.2,38.4,27.4,21.3,14.0
Ward,ND,North Dakota,38101,36.5,8.9,29.9,10.4,23.2,72.7,16.4,23.8,27.1,39.1,,,6.3
Washington,GA,Georgia,13303,43.3,16.7,47.5,11.3,19.5,78.2,19.6,12.8,33.4,42.4,25.4,20.3,14.2
Piatt,IL,Illinois,17147,33.9,11.0,33.9,9.6,20.7,77.6,13.7,19.3,20.9,33.6,,,5.2
Lake of the Woods,MN,Minnesota,27077,38.5,13.0,37.7,10.2,24.1,73.7,15.7,20.0,24.3,29.9,9,8.4,4.5
Logan,AR,Arkansas,05083,38.0,15.7,43.1,11.4,28.2,78.7,21.4,15.7,35.2,39.0,,,8.2
Cleveland,OK,Oklahoma,40027,35.6,11.4,32.8,11.6,27.2,74.3,13.3,16.6,26.1,35.1,13.1,11.8,7.9
Clark,MO,Missouri,29045,40.5,14.6,39.6,11.1,24.9,76.3,24.9,17.0,34.1,40.1,14.5,11.5,9.6
Dukes,MA,Massachusetts,25007,29.2,11.6,30.7,11.4,22.7,81.4,11.3,17.4,21.6,33.0,9.9,9.4,1.9
Haskell,KS,Kansas,20081,40.0,13.6,35.1,10.6,19.7,75.2,17.4,16.4,29.4,34.0,14.8,13,13.7
Sumter,SC,South Carolina,45085,40.2,14.5,41.9,10.3,20.1,81.2,15.7,16.0,29.6,41.9,22.6,19.1,10.0
Perry,MS,Mississippi,28111,41.9,17.0,45.6,10.9,23.6,77.7,23.4,14.2,37.9,37.9,23.7,17.2,11.4
Cottle,TX,Texas,48101,41.8,19.6,44.8,10.8,23.9,77.1,20.3,14.0,36.3,40.1,22.7,16.5,16.9
Guthrie,IA,Iowa,19077,39.1,11.7,34.2,9.5,17.7,79.0,14.3,20.8,24.9,31.8,8.9,8.2,4.8
Saline,AR,Arkansas,05125,37.4,12.6,39.2,10.0,26.1,78.8,15.1,16.9,26.5,36.3,,,5.9
Robertson,KY,Kentucky,21201,40.7,17.4,45.3,11.8,27.7,79.9,23.0,12.3,33.8,40.6,18.4,12.2,5.8
Bulloch,GA,Georgia,13031,36.3,10.8,33.4,10.9,22.6,75.3,14.1,16.3,23.7,37.1,19.1,15.8,11.0
Anne Arundel,MD,Maryland,24003,34.8,9.8,32.9,10.4,19.9,76.1,10.8,17.9,20.0,38.0,11,10.9,5.4
Webster,NE,Nebraska,31181,39.6,13.2,37.3,9.5,17.2,74.6,16.8,17.9,29.4,32.3,9,7.8,7.5
Rusk,WI,Wisconsin,55107,37.2,13.8,39.8,11.0,23.4,77.5,18.5,17.8,26.4,31.6,11.8,9.8,5.0
Chase,KS,Kansas,20017,38.4,13.9,38.3,10.4,18.9,78.2,16.3,15.9,28.4,33.4,13.2,10.6,7.6
Woodruff,AR,Arkansas,05147,40.9,19.0,47.8,11.6,26.3,80.5,22.1,13.1,37.9,39.3,,,8.9
Cayuga,NY,New York,36011,40.7,11.7,37.2,11.7,23,79.0,17.6,18.3,27.9,37.9,,,5.4
Crook,OR,Oregon,41013,32.9,12.5,35.3,11.5,25.5,72.2,16.6,18.1,22.8,30.8,,,5.7
Lee,SC,South Carolina,45061,48.6,19.0,46.4,11.7,20.7,81.3,22.9,13.1,36.3,42.5,32.9,24.8,14.7
Bell,KY,Kentucky,21013,44.3,17.4,46.1,12.0,28.6,79.2,24.9,12.6,33.3,41.5,23.2,15.2,6.3
Rockwall,TX,Texas,48397,35.4,10.6,31.7,9.4,21.6,74.6,12.4,20.3,20.7,35.3,10.6,10.8,12.6
Kitsap,WA,Washington,53035,31.6,9.4,30.5,11.2,26.5,71.2,9.3,17.8,16.5,31.8,9,9.3,4.8
Allen,OH,Ohio,39003,46.6,15.2,39.2,11.6,26.6,76.4,21.5,17.1,31.9,40.1,13.5,12.4,6.7
Benton,TN,Tennessee,47005,39.9,16.9,46.0,11.6,30.3,79.1,22.6,13.6,32.4,39.6,18.2,12.7,9.3
Cleveland,NC,North Carolina,37045,37.6,13.6,39.0,10.7,23.9,77.5,19.7,15.4,28.1,35.2,19.3,16.1,10.9
Monroe,TN,Tennessee,47123,36.2,16.2,43.9,12.0,31.3,77.1,23.2,14.1,33.0,36.1,16.6,12.5,12.1
Berrien,MI,Michigan,26021,39.9,12.5,37.2,11.3,24.4,80.1,16.4,16.1,26.5,37.6,12.5,11.3,5.0
Catahoula,LA,Louisiana,22025,42.9,16.5,45.1,10.6,26.6,80.7,20.6,16.8,32.8,41.4,,,7.3
Washington,TX,Texas,48477,36.0,14.8,39.1,9.9,22.1,76.4,15.4,16.4,28.2,36.8,16.1,13.3,11.5
Brooks,TX,Texas,48047,43.6,20.1,38.5,9.3,20.9,72.5,15.5,15.9,39.4,40.1,31.1,22.1,31.9
Essex,NJ,New Jersey,34013,29.3,11.0,31.9,10.1,14.8,78.4,12.3,15.1,26.2,40.0,22.7,20.4,9.8
Lowndes,AL,Alabama,01085,49.4,22.7,53.9,12.0,21.3,84.2,21.6,10.7,38.7,48.1,31.9,25.4,10.0
Snohomish,WA,Washington,53061,33.3,10.2,27.5,11.0,24.5,69.8,10.7,14.9,17.7,34.5,9,8.7,5.6
Klamath,OR,Oregon,41035,38.3,12.9,35.6,12.0,26.5,72.9,16.5,16.6,24.8,33.2,,,6.5
Swift,MN,Minnesota,27151,38.9,12.4,36.8,10.0,24.1,73.2,14.8,18.3,23.4,29.2,11,9.8,5.0
St. Charles,MO,Missouri,29183,36.3,9.9,32.2,10.2,22.7,77.2,15.8,20.4,22.4,39.9,7.9,8.1,6.6
Vigo,IN,Indiana,18167,39.2,12.5,33.2,11.2,26.5,76.5,19.0,15.4,28.7,39.1,14.1,11.3,7.2
Lawrence,MS,Mississippi,28077,43.4,17.9,48.4,11.0,22.4,79.2,22.2,12.6,37.4,39.1,25.2,18.4,11.7
Clay,IN,Indiana,18021,42.3,12.6,37.1,11.1,24.6,77.1,20.1,15.9,30.2,35.9,12.5,10.6,7.8
Mercer,ND,North Dakota,38057,36.1,12.1,38.1,10.6,19.7,76.4,16.1,19.9,25.1,31.5,,,4.5
Jefferson,IA,Iowa,19101,37.1,13.7,33.7,9.3,17.6,78.8,16.5,18.4,28.3,32.4,11,9.2,5.1
Clarke,GA,Georgia,13059,33.6,10.7,31.7,10.7,23.6,74.3,13.2,16.5,24.9,33.7,18,14.5,12.0
DeKalb,AL,Alabama,01049,39.0,16.4,41.8,11.2,27.8,77.7,22.5,13.8,35.8,40.3,21.9,15.9,13.8
Russell,KS,Kansas,20167,36.5,13.3,40.5,10.4,19.1,78.4,15.8,15.8,25.3,32.1,11.8,9.8,6.7
Winnebago,IA,Iowa,19189,38.3,11.0,31.5,9.2,17.6,78.9,12.2,20.7,22.7,29.7,8.2,7.8,4.2
Menominee,WI,Wisconsin,55078,42.8,16.0,35.4,14.2,24.8,76.1,25.9,21.0,28.0,38.2,20.1,15.6,7.7
Henry,KY,Kentucky,21103,41.1,15.5,41.1,11.2,26.9,79.3,20.7,13.3,30.5,39.9,14.7,10.7,5.4
Montrose,CO,Colorado,08085,33.0,11.0,32.6,10.9,22.8,72.0,14.4,16.8,20.7,29.8,,,8.2
Fergus,MT,Montana,30027,32.4,10.7,35.4,10.4,21.5,74.1,14.8,19.4,25.5,29.0,9.8,8.7,5.2
Grant,ND,North Dakota,38037,39.9,15.2,40.3,10.7,19.6,77.8,18.6,15.9,33.4,30.7,,,4.8
Haywood,NC,North Carolina,37087,31.7,12.4,39.0,9.5,22.6,79.2,13.7,15.7,23.3,30.2,10.8,9.4,6.7
Lyman,SD,South Dakota,46085,39.5,14.3,37.7,11.1,19.1,77.7,22.8,17.7,30.8,33.1,,,7.3
Toole,MT,Montana,30101,35.0,9.9,32.9,10.8,24,68.0,19.9,21.7,26.3,31.3,14.1,12.1,10.1
Sheridan,MT,Montana,30091,32.8,10.2,35.9,10.5,22.2,75.4,12.8,19.9,21.3,28.5,8.3,7.7,4.7
Davie,NC,North Carolina,37059,33.9,12.5,36.5,10.0,23.8,77.7,15.2,16.2,24.5,32.0,11.1,9.8,8.7
Nottoway,VA,Virginia,51135,44.1,16.9,42.6,11.5,23.2,79.6,20.8,15.4,30.9,39.1,,,8.5
Mahnomen,MN,Minnesota,27087,43.6,15.6,38.4,12.7,27.8,71.8,24.4,18.0,30.5,34.3,22.7,17.6,8.1
Big Horn,MT,Montana,30003,41.3,13.6,35.3,13.5,24.4,69.7,23.4,19.0,29.7,36.2,24.7,18.5,9.6
Sherburne,MN,Minnesota,27141,38.2,9.1,26.8,10.0,24.2,68.5,15.0,25.1,20.9,29.2,8.8,9.8,5.1
San Juan,CO,Colorado,08111,27.8,10.1,31.2,10.5,22.4,70.3,14.0,18.4,18.6,31.0,,,7.7
Holmes,OH,Ohio,39075,42.1,13.3,34.5,12.3,28.9,73.7,25.7,18.7,33.1,38.0,15.3,12.8,10.3
Teton,WY,Wyoming,56039,22.6,7.9,26.1,8.9,19.1,69.7,11.4,20.7,15.9,27.1,7.2,8.1,8.2
Phelps,NE,Nebraska,31137,41.9,10.7,34.9,9.0,16.7,73.7,13.8,18.9,24.7,31.1,10.2,8.9,6.9
Union,MS,Mississippi,28145,40.1,13.6,41.4,10.1,21.2,77.9,16.6,15.1,29.9,32.0,21.3,15.9,9.9
Sussex,DE,Delaware,10005,38.0,14.2,40.8,10.4,19.7,82.7,13.7,13.9,24.2,32.5,12.8,10.4,5.7
Lincoln,OK,Oklahoma,40081,42.2,14.4,41.8,12.3,28.3,74.4,19.8,13.7,33.5,38.1,13.1,11.2,8.7
Camas,ID,Idaho,16025,32.9,11.1,39.4,10.3,20.9,75.2,12.3,14.6,21.3,30.8,9.4,8.4,6.9
Murray,MN,Minnesota,27101,40.1,13.4,36.2,10.2,23.8,74.1,17.0,18.6,26.7,30.7,9.9,9.1,4.9
Union,TN,Tennessee,47173,38.2,14.8,41.8,11.7,30.8,76.6,22.4,15.3,30.8,36.8,16.5,12.4,10.4
Jones,SD,South Dakota,46075,35.7,11.8,37.0,9.0,15.8,80.9,13.3,17.3,22.5,27.3,,,3.8
Fairfield,OH,Ohio,39045,39.0,13.1,35.9,11.3,26.1,78.2,20.2,19.1,27.9,40.3,10.8,11.2,6.6
Amelia,VA,Virginia,51007,42.9,15.8,40.5,10.7,22.8,79.3,18.2,16.0,27.6,36.2,,,6.7
Costilla,CO,Colorado,08023,33.6,17.7,37.5,10.9,20.8,72.5,16.1,13.7,31.1,33.0,,,14.5
Howard,MO,Missouri,29089,38.6,12.0,35.1,10.5,23.5,76.5,18.9,18.1,26.4,36.8,11.9,10,8.1
Randolph,NC,North Carolina,37151,32.5,13.1,36.5,10.6,25.1,76.6,18.9,16.4,28.7,34.7,13.2,11.5,12.6
Washington,VT,Vermont,50023,26.6,8.2,28.5,12.2,26.4,73.2,14.5,20.5,17.4,25.2,7.7,7.7,5.0
Douglas,GA,Georgia,13097,43.3,13.7,38.4,10.9,19.3,77.7,14.9,13.4,27.0,42.6,19.9,18.8,12.0
De Baca,NM,New Mexico,35011,32.3,15.6,40.6,10.8,21.1,71.3,16.5,13.6,28.0,31.8,20.2,15.7,7.9
Beaver,OK,Oklahoma,40007,38.6,13.6,38.6,11.1,25,74.8,14.2,13.7,30.4,34.9,16,12.8,11.1
Lamar,AL,Alabama,01075,38.4,15.7,44.4,10.4,25.2,79.7,18.2,13.9,31.4,38.2,16.2,12.7,8.0
Cabarrus,NC,North Carolina,37025,35.1,10.8,32.0,9.7,21.1,77.7,12.5,17.5,22.0,34.2,11.6,11.6,8.6
Douglas,MO,Missouri,29067,38.9,15.1,43.6,10.6,23.5,77.6,22.1,16.0,31.6,39.5,13.1,9.9,8.0
Ingham,MI,Michigan,26065,32.1,8.8,32.3,11.7,26.3,76.1,12.9,18.1,19.3,34.5,13.2,11.5,5.3
Jefferson,NE,Nebraska,31095,39.9,13.5,38.1,9.4,16.8,74.3,16.4,17.0,30.1,30.9,10.3,8.5,6.8
Atascosa,TX,Texas,48013,42.8,15.9,34.0,9.2,22.2,72.7,15.7,17.4,34.1,37.6,24,19.3,23.0
Nantucket,MA,Massachusetts,25019,28.8,8.8,27.6,10.5,21.1,80.2,9.2,19.9,16.9,31.2,8,8.3,2.7
Lake,MT,Montana,30047,33.7,12.0,33.7,12.1,24.9,72.7,18.0,17.2,25.9,32.1,12.7,10.7,7.6
Winston,MS,Mississippi,28159,44.5,17.7,50.2,10.8,20.2,80.5,20.0,12.0,34.8,37.8,24.9,18.6,11.0
Elmore,AL,Alabama,01051,36.4,12.9,38.7,10.3,24.2,79.8,15.6,15.5,26.2,41.5,14,13,7.9
Dickinson,MI,Michigan,26043,32.0,11.1,37.3,10.6,24,80.0,14.5,18.0,22.3,29.8,11.2,9.4,4.2
King and Queen,VA,Virginia,51097,41.8,17.4,43.4,11.1,23.4,81.0,19.3,15.0,28.9,38.9,,,6.7
Washington,NY,New York,36115,36.1,11.3,35.7,10.6,22.6,79.4,15.1,19.6,25.4,34.1,,,4.5
McDonough,IL,Illinois,17109,36.2,11.8,33.3,10.7,23.6,75.6,16.1,18.5,25.5,35.7,,,8.4
Benton,WA,Washington,53005,39.9,10.3,29.6,11.9,25.8,70.9,11.7,18.4,21.3,31.3,11.1,11,7.5
Kendall,TX,Texas,48259,32.8,11.8,33.2,8.8,21.4,76.2,9.8,18.0,20.0,31.9,9.3,8.8,10.9
Appling,GA,Georgia,13001,40.6,15.1,44.4,10.8,21.9,76.9,18.4,13.7,32.1,37.3,20.9,16.1,13.0
Madison,MT,Montana,30057,26.9,10.4,35.1,10.5,21.5,72.8,14.4,19.5,21.8,28.6,6.9,6.7,6.0
Perry,AL,Alabama,01105,48.3,22.0,52.7,12.2,22.5,83.4,21.1,10.5,39.5,45.1,33.2,25.2,11.0
Knox,KY,Kentucky,21121,41.0,15.8,45.4,12.2,29.7,78.5,23.3,12.0,32.7,41.6,23.8,15.1,7.4
Calhoun,MS,Mississippi,28013,41.7,17.5,47.2,11.0,22.6,79.2,22.1,13.5,38.0,39.2,24.5,18.4,12.4
Gibson,IN,Indiana,18051,40.2,13.3,37.3,12.0,26,77.2,22.2,16.5,31.3,40.3,9.9,8.9,8.2
Menominee,MI,Michigan,26109,37.1,13.0,40.3,11.5,24.3,79.0,18.1,15.9,26.5,35.2,11.8,9.9,5.2
Cleburne,AL,Alabama,01029,39.6,15.4,42.3,10.7,27,78.2,20.9,14.7,33.1,37.4,17,13.1,9.8
Knox,NE,Nebraska,31107,43.0,13.9,40.1,9.6,17,76.6,16.4,17.0,30.8,30.9,13.5,10.2,6.7
Fort Bend,TX,Texas,48157,33.7,12.6,31.8,8.6,18,75.5,11.2,15.2,22.5,37.3,13.8,12.6,12.8
Cherokee,SC,South Carolina,45021,32.4,13.6,39.7,10.7,23.4,78.4,18.4,15.9,29.4,39.1,16.6,13.8,11.8
York,VA,Virginia,51199,33.6,11.5,32.1,9.3,21.1,79.7,11.4,17.6,19.9,33.0,,,5.0
Pendleton,WV,West Virginia,54071,37.9,17.5,48.1,11.9,26.1,83.2,20.2,12.9,31.9,39.1,17.1,13.3,6.0
Clearwater,ID,Idaho,16035,32.3,13.0,40.4,10.6,21.6,76.3,13.8,14.8,26.4,33.7,11,9.5,6.0
Salem,NJ,New Jersey,34033,36.1,10.7,35.3,10.1,18.8,77.3,12.5,16.6,22.7,40.6,15.6,13.8,6.6
Issaquena,MS,Mississippi,28055,44.4,15.7,45.8,10.1,17.9,77.1,21.6,15.1,36.4,42.9,34.2,25.8,16.1
Sherman,TX,Texas,48421,37.4,14.2,35.0,9.6,23,72.4,15.7,18.4,29.0,37.6,19.2,16.1,19.9
Grand Isle,VT,Vermont,50013,27.2,8.7,31.7,11.5,24,76.5,13.1,17.5,16.9,28.8,5.8,6,4.6
Washington,NC,North Carolina,37187,40.4,18.9,48.1,11.3,21.4,81.9,18.1,12.2,32.0,37.7,22.3,18,9.9
Towner,ND,North Dakota,38095,36.5,14.8,42.2,11.1,20.6,77.5,19.0,17.4,31.6,31.5,,,6.1
White,AR,Arkansas,05145,40.1,14.4,41.2,11.3,29,76.8,21.7,16.6,35.9,37.5,,,9.5
Nacogdoches,TX,Texas,48347,38.4,13.2,35.3,10.7,24.9,74.2,14.9,17.2,27.4,37.4,20.8,16.5,13.6
Nye,NV,Nevada,32023,31.5,15.4,40.9,11.2,21.4,75.8,18.9,15.6,30.2,35.8,14.5,11.7,8.7
Richmond,VA,Virginia,51159,38.4,16.7,41.7,10.9,22.6,77.2,22.0,17.7,30.6,38.6,,,10.7
Laramie,WY,Wyoming,56021,34.0,9.5,29.3,10.9,22.1,72.1,17.0,16.2,23.8,33.5,9.2,9.3,10.3
Blaine,NE,Nebraska,31009,40.2,13.6,36.5,9.8,17.9,74.9,16.7,17.4,30.1,32.6,14.3,11,6.3
Ontonagon,MI,Michigan,26131,38.0,15.8,45.8,11.4,24,82.2,18.3,13.8,28.5,32.5,12.5,9.4,4.2
Waukesha,WI,Wisconsin,55133,32.7,9.5,31.4,10.0,20.7,76.7,12.6,20.8,18.9,30.8,6.8,6.9,4.3
Lavaca,TX,Texas,48285,36.7,15.1,40.8,10.0,23.1,75.9,16.8,16.2,28.8,35.7,16,12.6,14.0
Fayette,IN,Indiana,18041,41.0,15.5,40.9,11.8,25,77.5,25.1,15.3,35.6,35.6,16.7,12.6,8.4
Georgetown,SC,South Carolina,45043,33.2,15.4,44.5,10.2,19.3,82.8,14.9,14.1,26.4,34.3,13.8,11.5,7.5
Warrick,IN,Indiana,18173,40.3,11.3,33.8,10.2,22.4,79.4,14.4,16.4,22.5,35.7,7.8,7.4,4.4
Wirt,WV,West Virginia,54105,42.1,19.0,47.4,12.7,28.7,81.3,25.6,13.5,38.9,42.5,18.8,14.4,7.3
Elk,PA,Pennsylvania,42047,38.3,12.7,35.9,10.6,23.2,79.8,17.9,17.3,27.0,37.2,,,4.7
Upton,TX,Texas,48461,41.3,17.3,34.6,10.0,23,72.3,18.7,16.5,36.7,39.6,21.9,17.5,25.6
Pasco,FL,Florida,12101,34.4,12.3,,9.6,21.3,77.9,13.5,16.1,23.4,35.9,14.4,12.2,10.4
Pulaski,GA,Georgia,13235,43.0,15.6,46.3,11.7,22.6,78.9,19.4,12.3,33.8,40.3,23,18.3,13.1
Rensselaer,NY,New York,36083,34.5,10.1,30.9,10.8,20.3,78.6,12.6,20.1,22.2,40.3,,,4.2
Dane,WI,Wisconsin,55025,30.8,8.3,25.1,10.2,23.8,70.0,11.5,23.5,17.7,28.6,11.4,10.5,4.8
Yavapai,AZ,Arizona,04025,27.1,13.8,36.5,11.1,21,75.1,14.4,14.7,25.2,31.6,11.7,9.8,6.5
Parker,TX,Texas,48367,37.1,11.5,33.7,9.5,22.5,72.6,13.3,20.3,23.6,37.8,11,10.3,10.7
Carteret,NC,North Carolina,37031,31.7,13.1,36.7,9.9,23.5,79.8,13.7,15.2,23.3,31.3,10.2,9,6.1
Rhea,TN,Tennessee,47143,39.6,16.5,41.2,12.1,30.8,76.3,25.3,14.4,34.7,40.7,18.4,13.1,12.1
Clearwater,MN,Minnesota,27029,38.7,12.1,35.4,10.3,24.3,72.8,16.2,19.6,23.4,30.3,12.3,10.9,5.0
Cocke,TN,Tennessee,47029,41.9,17.2,42.9,12.2,32.6,78.1,24.1,13.3,35.9,41.4,20.7,14.2,10.7
New York,NY,New York,36061,20.9,9.1,25.9,9.4,20.8,77.5,10.5,22.8,20.8,35.9,,,6.1
Huron,MI,Michigan,26063,38.4,13.2,39.2,11.3,24.7,79.9,19.0,16.1,27.4,33.2,11,9.2,4.5
Curry,OR,Oregon,41015,31.9,15.8,41.6,11.8,24.6,75.9,17.9,13.8,27.5,30.4,,,5.0
Spink,SD,South Dakota,46115,36.5,11.2,35.7,9.4,17.7,78.6,15.7,18.0,24.6,30.2,,,5.3
Nez Perce,ID,Idaho,16069,35.0,11.5,36.0,11.0,22.7,77.5,13.0,16.3,23.5,34.3,13.5,11.3,6.6
Brown,MN,Minnesota,27015,39.0,11.5,32.5,10.2,24.6,72.7,16.2,19.0,24.6,27.5,8.2,7.9,6.0
Edgar,IL,Illinois,17045,37.3,13.6,38.2,10.3,22.1,77.9,17.5,17.2,26.6,37.0,,,6.7
Iowa,IA,Iowa,19095,36.0,11.5,32.2,9.3,17.5,79.2,15.6,21.5,26.4,28.7,11.3,9.9,4.6
Cooper,MO,Missouri,29053,40.8,12.6,38.4,10.4,23.8,76.9,20.6,18.1,29.5,38.5,13,11.4,7.9
Fulton,PA,Pennsylvania,42057,35.6,11.6,36.3,10.4,23.3,79.1,17.2,17.8,25.0,38.2,,,5.2
Finney,KS,Kansas,20055,42.9,13.9,33.0,10.9,19.1,72.1,16.9,16.7,32.2,36.5,18.9,16,21.0
Benton,IN,Indiana,18007,40.3,14.2,39.2,11.5,25.2,77.6,22.3,15.0,33.6,36.2,16.2,12,8.6
Monroe,IN,Indiana,18105,34.0,9.1,27.6,11.0,26.9,74.0,13.6,17.8,22.8,31.8,12.7,10.1,7.5
Butler,IA,Iowa,19023,39.9,12.9,34.6,9.5,17.4,79.4,15.5,20.1,27.7,30.4,8.6,8.1,4.2
Columbia,AR,Arkansas,05027,38.5,15.1,41.8,11.2,25.4,79.3,17.4,15.8,31.1,39.9,,,7.4
Hamilton,FL,Florida,12047,38.9,16.2,,10.9,20.7,76.3,21.9,15.1,35.9,42.7,29.4,21.3,15.6
Marion,TX,Texas,48315,40.9,18.4,47.3,10.4,22.7,78.1,19.0,14.3,32.3,38.0,19.5,15.2,11.1
Converse,WY,Wyoming,56009,37.3,11.3,32.6,10.6,21.4,69.5,17.6,18.4,25.6,33.1,11.3,10.3,10.5
Taos,NM,New Mexico,35055,28.7,14.7,35.9,10.2,20,70.9,14.4,14.3,25.9,29.6,16.4,13.4,8.6
Washtenaw,MI,Michigan,26161,28.2,8.3,25.0,10.8,24.5,71.7,10.8,18.8,17.1,27.4,10.9,9.6,4.9
Livingston,MI,Michigan,26093,35.4,9.6,32.5,10.6,24.6,78.1,12.7,19.4,20.0,30.9,8.1,8.2,4.0
Nowata,OK,Oklahoma,40105,41.1,15.4,43.3,12.9,28.4,76.3,19.6,13.2,32.6,39.0,18.6,15.2,8.1
St. Clair,MO,Missouri,29185,40.4,15.2,42.0,10.9,23.8,78.1,21.7,15.6,31.2,35.0,14.7,11.4,8.3
Oktibbeha,MS,Mississippi,28105,36.0,11.1,32.0,10.5,22.4,76.0,14.2,17.1,28.0,36.8,19.9,15.5,9.7
Childress,TX,Texas,48075,39.8,13.3,34.3,9.6,23,71.3,18.0,18.8,30.5,40.4,20.9,17.5,20.1
Milwaukee,WI,Wisconsin,55079,39.0,11.5,34.3,11.7,22.4,78.4,16.6,20.9,23.3,35.8,16.9,14.1,6.6
Marshall,TN,Tennessee,47117,40.6,14.8,39.1,11.9,31.7,75.7,24.1,15.3,32.7,40.4,16.7,13.5,12.2
Bronx,NY,New York,36005,37.1,16.0,33.7,12.0,17.4,79.8,16.1,15.0,36.6,43.2,,,13.4
Jewell,KS,Kansas,20089,39.1,15.5,44.9,10.2,18.1,79.4,16.7,14.1,27.9,32.9,12,9.1,6.7
Leon,FL,Florida,12073,30.8,10.0,,11.0,23.5,75.3,12.3,17.5,21.6,39.5,17.2,14.6,10.3
Somerset,ME,Maine,23025,37.8,12.2,38.3,12.4,25.5,81.5,19.1,15.4,28.5,37.8,15.1,12.8,6.7
Adams,ND,North Dakota,38001,37.1,13.2,40.6,10.5,19.7,77.5,17.7,17.4,30.0,31.6,,,5.0
Hawkins,TN,Tennessee,47073,37.6,14.7,42.2,11.7,32,78.5,19.2,14.5,28.9,37.1,13.8,10.5,8.3
Vinton,OH,Ohio,39163,41.8,16.0,42.6,12.1,28.9,78.1,26.0,16.7,33.9,38.8,16.2,13.3,8.6
Fresno,CA,California,06019,38.6,13.1,31.0,10.8,23.1,69.9,14.1,16.3,26.1,35.9,23.4,19.5,12.0
Quitman,MS,Mississippi,28119,50.3,21.6,55.8,12.0,19.6,82.4,22.9,11.1,40.9,43.9,38.7,28.7,12.2
Lee,KY,Kentucky,21129,44.3,18.9,45.4,12.1,29.5,77.7,29.7,12.7,37.7,42.8,26.5,17.7,8.6
East Carroll,LA,Louisiana,22035,50.9,21.1,51.8,12.0,25.3,81.2,27.9,14.7,42.0,47.8,,,13.0
Wayne,WV,West Virginia,54099,45.4,17.1,45.5,12.9,30.2,80.8,22.7,13.6,33.6,44.3,13.9,11.8,6.6
Meade,KS,Kansas,20119,40.0,13.2,36.3,10.7,19.2,74.7,16.8,16.9,27.8,34.7,12.3,10.7,11.2
Taylor,TX,Texas,48441,34.9,12.2,32.2,10.2,24.7,73.0,14.4,18.8,26.6,36.9,15.4,13.6,14.5
Comanche,TX,Texas,48093,38.8,16.4,40.0,10.1,23.7,74.6,17.3,16.4,31.9,37.9,15.9,12.7,16.0
Pickens,SC,South Carolina,45077,34.8,10.9,33.3,10.5,25.1,74.7,17.0,18.1,28.0,35.9,14.2,11.6,11.6
White,GA,Georgia,13311,35.2,12.3,39.5,10.1,22.6,77.2,14.1,15.4,23.6,32.7,13.3,10.7,9.0
Harris,GA,Georgia,13145,33.2,12.8,39.5,10.1,21.1,78.1,14.7,15.9,24.1,38.1,11,10.2,9.2
Miller,AR,Arkansas,05091,43.7,15.9,42.4,11.6,26.8,78.1,22.9,14.8,35.5,40.9,,,10.1
Ochiltree,TX,Texas,48357,38.3,14.3,33.2,9.6,23.1,71.1,15.7,17.6,30.7,37.7,23.1,18.8,25.1
Macon,MO,Missouri,29121,36.8,13.0,38.8,10.4,22.4,76.9,20.2,17.2,29.0,37.4,12,9.8,8.1
Duplin,NC,North Carolina,37061,39.1,15.3,41.1,10.5,21.8,78.0,17.6,14.4,29.9,34.2,20.3,17.3,12.8
Decatur,IA,Iowa,19053,35.6,11.4,32.0,10.3,19.4,76.1,15.8,19.9,28.3,31.9,11.7,9.6,6.8
Mills,TX,Texas,48333,33.8,14.9,40.3,9.5,22.1,76.5,14.8,16.0,27.1,34.1,12,9.9,12.1
Clark,KS,Kansas,20025,38.2,12.1,37.3,10.3,18.8,77.5,13.9,16.2,26.4,33.8,10,9.2,7.8
Blaine,ID,Idaho,16013,25.9,10.4,30.5,9.8,20.1,75.0,10.0,15.4,20.1,27.2,9.2,8.3,6.9
Price,WI,Wisconsin,55099,42.1,13.5,39.7,11.0,22.6,79.0,17.5,18.4,25.0,35.5,10.1,8.9,4.2
Cibola,NM,New Mexico,35006,38.1,15.6,37.0,12.6,23.3,66.8,22.9,14.6,28.1,40.0,26.5,20.6,11.0
Presidio,TX,Texas,48377,42.6,24.3,44.8,9.9,21.3,74.7,18.2,13.0,45.5,39.2,32.2,21.8,30.6
Jersey,IL,Illinois,17083,37.5,11.7,34.1,10.1,22.3,76.0,16.3,19.4,23.5,35.4,,,7.1
Marion,IA,Iowa,19125,37.8,10.2,31.2,9.4,18.6,77.7,12.6,22.4,22.9,28.2,8.6,7.8,3.7
Alamance,NC,North Carolina,37001,37.3,12.7,34.8,10.2,22.8,77.5,16.4,16.9,26.2,35.5,15.6,14.4,10.5
Redwood,MN,Minnesota,27127,38.3,11.6,33.8,10.1,24.2,73.2,15.1,19.3,22.7,27.7,11.2,10.1,4.9
Gloucester,VA,Virginia,51073,37.1,13.2,37.1,10.3,24,80.2,15.5,17.9,22.2,31.7,,,5.3
Kingfisher,OK,Oklahoma,40073,41.2,12.7,36.2,11.8,26.4,74.5,17.1,14.7,32.1,35.8,12.7,10.7,10.7
Lawrence,SD,South Dakota,46081,33.9,9.9,33.9,9.5,18.2,78.1,14.2,18.6,21.9,28.8,,,5.4
Oldham,KY,Kentucky,21185,34.4,10.2,34.1,9.6,23.7,78.7,12.1,15.8,18.5,35.4,9.9,8.7,3.4
Fredericksburg,VA,Virginia,51630,36.2,11.5,28.9,10.8,25.5,77.1,14.9,19.0,23.5,39.8,,,7.6
Dallas,MO,Missouri,29059,40.7,14.0,41.5,11.1,24.6,77.1,22.7,16.4,31.3,37.4,17.3,13.1,8.5
Amador,CA,California,06005,27.5,12.4,34.7,10.5,21.7,72.2,13.2,17.9,21.0,32.8,11.7,10.6,5.1
Crenshaw,AL,Alabama,01041,40.3,15.8,43.5,10.7,24.5,79.9,19.0,13.4,31.6,39.1,19.2,15.5,9.9
Madison,LA,Louisiana,22065,47.3,21.3,48.6,12.2,26.5,82.7,25.4,13.6,40.3,46.2,,,9.8
Charlevoix,MI,Michigan,26029,36.6,12.8,37.7,11.2,24.9,79.9,16.9,16.5,26.2,35.5,10,8.5,4.2
Athens,OH,Ohio,39009,35.1,11.3,32.9,11.1,28.5,77.2,15.1,19.2,22.4,36.5,12.5,10.3,4.7
Caldwell,TX,Texas,48055,38.8,15.7,34.9,9.8,22.7,72.6,16.6,17.5,31.8,37.2,22.9,18.7,23.0
Beltrami,MN,Minnesota,27007,39.9,11.5,31.1,11.4,26.4,70.9,16.5,19.7,20.7,31.5,13.4,12,5.2
Johnson,NE,Nebraska,31097,40.2,11.2,34.6,8.4,14.7,71.9,14.5,20.4,25.2,31.9,12.5,10.8,8.7
Cobb,GA,Georgia,13067,29.0,9.7,33.4,9.3,18.2,75.8,9.5,17.4,16.7,35.8,13,12.3,8.9
Ringgold,IA,Iowa,19159,41.0,13.4,35.9,10.0,19.3,79.1,16.9,20.0,30.2,34.0,11.4,9.6,4.9
Wyoming,NY,New York,36121,35.8,10.8,34.5,10.5,21.2,78.8,16.3,19.1,26.3,38.7,,,4.9
Wichita,TX,Texas,48485,37.8,13.1,36.5,10.0,24.3,72.8,15.9,20.1,26.5,38.6,18.8,15.8,14.3
Wayne,MS,Mississippi,28153,45.0,16.1,47.8,10.5,20.9,80.0,19.4,12.8,34.3,40.6,22.5,17.6,10.9
Marion,AL,Alabama,01093,39.7,15.9,42.9,10.7,26.3,79.5,19.1,14.0,32.8,37.6,16.5,12.3,8.5
Daniels,MT,Montana,30019,31.5,11.0,37.4,10.7,23,74.1,15.1,19.4,24.5,30.9,9.5,9,5.4
Rice,KS,Kansas,20159,35.9,12.3,35.7,10.5,19.2,76.6,15.1,17.8,25.9,32.2,9.9,9.1,7.8
Southeast Fairbanks,AK,Alaska,02240,38.0,10.3,33.7,10.4,17.3,64.4,20.2,17.9,26.4,35.7,15.2,12.9,10.2
Campbell,SD,South Dakota,46021,33.7,12.3,38.4,8.9,16.2,80.6,13.8,16.9,26.0,27.8,,,4.2
Champaign,IL,Illinois,17019,32.5,9.3,28.0,9.9,20,73.4,13.6,18.2,22.7,34.6,,,8.8
Suffolk,VA,Virginia,51800,41.8,13.6,38.3,10.4,21.6,81.3,13.7,16.8,23.0,40.1,,,5.9
Jackson,MN,Minnesota,27063,39.8,11.0,34.5,9.4,23,74.6,13.0,19.8,21.4,28.5,8.7,8.1,4.0
Randolph,MO,Missouri,29175,41.6,12.4,35.3,10.5,24.5,75.9,20.6,18.2,30.9,39.1,14.2,12,8.9
Campbell,KY,Kentucky,21037,35.8,12.0,36.4,10.4,25.4,79.8,15.2,16.4,21.8,36.8,11.7,9.8,4.0
Mesa,CO,Colorado,08077,29.9,9.4,30.1,11.0,24.4,69.7,14.8,17.9,19.2,29.4,,,8.4
Scott,IN,Indiana,18143,40.0,14.2,37.8,12.1,26.7,76.8,23.0,15.3,34.1,37.1,17.1,13,8.3
Thomas,NE,Nebraska,31171,36.3,12.5,37.2,9.1,16.2,75.7,13.2,17.7,25.1,28.9,9,7.8,5.5
Watonwan,MN,Minnesota,27165,38.5,12.7,34.2,9.9,23.4,71.5,15.9,18.8,27.2,31.4,13.3,12,8.6
Warren,IA,Iowa,19181,42.2,11.0,29.2,9.9,19.3,77.5,16.5,22.5,27.0,32.6,8.6,8.5,5.3
Manitowoc,WI,Wisconsin,55071,43.6,11.5,34.7,10.4,22,78.8,16.6,20.6,22.4,34.9,9.3,8.3,4.7
Cherokee,GA,Georgia,13057,35.9,11.2,36.5,9.9,21.9,75.5,13.7,15.7,22.9,35.8,10,9.5,10.1
Acadia,LA,Louisiana,22001,36.8,14.3,42.6,10.9,27.8,80.6,20.6,17.4,32.5,37.3,,,8.1
Hood,TX,Texas,48221,33.5,12.7,36.8,9.4,21.4,77.8,12.0,18.2,24.1,32.6,12.8,11,8.5
Bradford,FL,Florida,12007,38.6,14.1,,10.6,23.6,76.0,20.9,14.6,30.5,41.9,21.2,16.5,13.5
Greene,NC,North Carolina,37079,41.1,15.3,40.6,10.6,21.6,77.4,19.9,15.6,29.9,40.1,25.3,21.4,14.6
Little River,AR,Arkansas,05081,38.6,15.8,42.4,10.9,25.6,79.9,19.6,14.8,33.6,38.7,,,7.5
Polk,MO,Missouri,29167,41.0,13.2,36.7,11.3,25.4,75.0,23.1,17.4,31.7,38.9,11.6,9.7,10.9
Lewis,WV,West Virginia,54041,40.5,16.0,44.0,12.4,28.5,81.5,21.7,14.5,32.8,43.2,14.2,12,5.9
Wayne,TN,Tennessee,47181,40.4,15.6,41.6,11.6,30.2,76.2,25.4,14.8,33.6,41.8,19.4,14.5,13.0
San Saba,TX,Texas,48411,38.1,14.7,38.1,9.3,22.2,74.0,16.5,17.4,30.4,37.9,19.1,14.8,16.8
Santa Barbara,CA,California,06083,30.1,10.4,27.0,9.9,22.9,70.6,9.0,19.9,20.9,31.3,16.4,14,7.3
Grady,OK,Oklahoma,40051,41.2,12.9,38.1,11.9,29.2,74.2,16.9,14.6,30.3,35.5,12.5,11.5,8.3
Oliver,ND,North Dakota,38065,39.9,12.5,38.2,10.3,19.9,77.1,15.9,19.3,26.6,32.2,,,4.1
Richland,MT,Montana,30083,36.2,9.3,31.7,10.9,23.3,70.9,15.8,21.8,23.3,32.4,9.3,9.2,6.6
Morgan,CO,Colorado,08087,30.9,9.9,28.5,10.9,22.5,66.7,14.1,18.0,21.5,32.2,,,12.5
Sherman,OR,Oregon,41055,33.0,12.9,38.9,11.7,25.8,73.4,17.2,15.5,23.7,30.1,,,6.2
Rockingham,NH,New Hampshire,33015,31.8,9.4,29.4,11.1,23.8,75.9,12.1,19.2,18.4,33.2,9,8.7,4.5
Fulton,GA,Georgia,13121,30.0,10.0,33.7,9.5,17.5,74.1,10.6,17.4,19.8,39.8,13.3,12.9,9.3
Somerset,PA,Pennsylvania,42111,36.5,12.1,37.7,10.4,23.2,79.3,18.6,16.6,27.1,35.7,,,6.3
Mora,NM,New Mexico,35033,36.4,19.0,40.8,10.1,19.1,72.6,13.0,12.0,31.2,33.9,19.2,14.8,10.1
Boone,MO,Missouri,29019,30.7,8.8,28.2,9.8,23.9,74.9,12.8,21.3,19.4,32.4,13.5,11.7,6.4
St. Clair,AL,Alabama,01115,33.4,12.6,37.9,9.9,25.9,78.4,15.3,16.4,26.1,35.1,12.4,11.3,7.4
Wahkiakum,WA,Washington,53069,39.7,13.4,39.7,11.9,25.2,72.0,12.4,14.2,21.5,31.1,11.4,9.4,4.2
Southeastern Connecticut,CT,Connecticut,09180,33.6,10.8,30.8,12.0,23.9,79.9,13.3,17.4,24.3,36.9,13.8,12.5,8.6
Meeker,MN,Minnesota,27093,40.6,11.1,33.8,9.6,22.8,72.6,14.3,20.0,21.4,28.7,10.3,10.2,4.4
Perquimans,NC,North Carolina,37143,33.9,15.1,42.8,10.0,21.7,81.1,14.4,14.2,25.0,32.4,12.8,11.4,6.8
Hoonah-Angoon,AK,Alaska,02105,32.2,14.1,38.7,11.3,18.7,70.9,19.9,16.4,26.8,35.8,17,13.3,8.2
Saratoga,NY,New York,36091,32.6,8.9,29.0,9.9,21.2,79.0,10.5,19.9,18.4,30.1,,,3.1
Burlington,NJ,New Jersey,34005,33.0,10.1,34.1,9.9,17.6,77.4,11.4,15.9,20.3,34.1,10.6,10.3,5.8
Floyd,VA,Virginia,51063,37.2,14.1,38.9,10.1,23.9,80.6,14.9,16.3,22.7,34.0,,,4.7
Grant,SD,South Dakota,46051,32.8,10.9,35.7,9.2,17.5,79.0,13.8,18.2,23.7,27.9,,,5.0
Bailey,TX,Texas,48017,37.3,14.6,33.7,9.1,21.1,71.9,13.8,17.6,31.1,36.7,23.8,19.1,23.6
Ford,IL,Illinois,17053,37.7,11.6,35.8,10.3,22.5,76.5,16.7,18.6,23.6,37.6,,,7.4
Shelby,KY,Kentucky,21211,36.4,12.3,36.5,10.4,24.8,78.3,15.5,14.6,24.8,38.4,12.9,10.6,5.2
Denver,CO,Colorado,08031,23.6,7.2,23.5,10.8,25,64.5,14.2,25.9,20.4,29.2,,,13.2
Worcester,MA,Massachusetts,25027,32.8,10.7,29.8,12.2,24.2,80.9,13.7,18.1,23.4,34.6,10.3,9.5,2.8
Fulton,NY,New York,36035,36.5,12.3,38.1,12.0,22.8,79.6,19.9,17.7,29.6,40.3,,,6.0
Montgomery,NY,New York,36057,35.9,12.5,37.1,11.8,22.5,77.9,19.1,19.0,31.6,42.3,,,7.4
Franklin,AL,Alabama,01059,39.4,15.8,41.0,10.6,26.3,78.1,19.9,14.3,34.4,38.3,19.8,15.2,12.3
Augusta,VA,Virginia,51015,37.6,13.2,38.9,9.8,23.5,79.0,15.6,16.7,23.5,35.4,,,5.8
Gibson,TN,Tennessee,47053,40.2,15.6,42.8,12.0,31.3,78.0,22.5,15.0,32.4,40.3,19.4,14.8,9.9
Foster,ND,North Dakota,38031,39.4,11.1,35.3,10.3,20.5,76.5,15.1,19.6,25.1,31.0,,,4.7
Ontario,NY,New York,36069,33.5,10.5,33.8,10.9,22.6,79.4,13.4,18.1,22.3,37.8,,,4.3
McIntosh,OK,Oklahoma,40091,41.6,17.9,46.1,13.1,27.6,77.8,21.7,11.8,36.7,36.5,21.7,16.2,8.4
Harney,OR,Oregon,41025,34.5,13.6,38.1,11.9,25.9,74.0,17.6,15.3,24.7,33.7,,,5.8
Orange,CA,California,06059,25.7,11.1,27.9,9.0,19.4,73.0,10.7,17.1,20.7,35.4,11.1,10.5,8.0
Barry,MO,Missouri,29009,38.2,13.7,39.7,10.6,23.5,77.0,20.2,15.9,31.4,36.0,14.9,11.9,9.9
Clay,MS,Mississippi,28025,42.0,18.8,49.5,11.2,19.9,81.8,20.5,11.7,36.6,41.5,29.5,22.3,12.4
Laurens,GA,Georgia,13175,41.2,15.3,45.6,11.6,21.2,78.6,18.9,12.1,32.2,40.4,21.4,16.6,13.7
Gray,KS,Kansas,20069,39.2,11.0,34.2,10.5,19.8,73.8,16.2,18.2,26.4,31.0,12.7,11.6,12.3
Gregg,TX,Texas,48183,39.4,14.4,37.5,10.6,23.6,74.7,17.3,16.8,28.2,39.4,18.4,15.7,14.6
Lincoln,NC,North Carolina,37109,33.5,12.2,35.8,10.2,24.2,77.0,16.5,17.2,24.8,33.5,12.8,12,8.5
Morgan,GA,Georgia,13211,36.0,12.4,39.5,10.0,20.1,78.4,13.3,15.3,24.1,36.4,12.5,11.1,8.0
Perry,AR,Arkansas,05105,37.7,15.5,42.1,10.9,27.4,79.0,19.7,16.1,32.2,38.8,,,7.0
Sharkey,MS,Mississippi,28125,49.6,24.1,55.5,12.0,19.2,82.8,23.8,9.8,45.5,44.4,35.3,25.1,13.1
Ottawa,MI,Michigan,26139,34.6,8.8,29.2,10.2,25.5,78.4,13.5,18.7,19.9,28.3,7.5,7.5,5.6
Ohio,IN,Indiana,18115,38.4,13.7,39.7,10.9,24.3,79.7,17.5,15.6,28.0,34.8,12.3,10,5.0
Brown,NE,Nebraska,31017,40.0,12.7,39.7,9.4,17.6,76.3,14.3,17.8,28.4,31.4,11.8,9.5,6.3
Piute,UT,Utah,49031,34.5,16.6,40.2,11.9,24.7,74.6,13.4,9.2,28.7,34.8,18.3,12.5,9.1
Beaufort,SC,South Carolina,45013,26.9,12.5,35.3,9.0,18.6,79.0,11.8,17.5,20.9,30.4,10.5,9.2,7.8
McPherson,NE,Nebraska,31117,40.0,13.7,39.3,9.7,17.5,75.8,16.8,16.4,29.5,30.9,9.4,7.8,6.9
Ramsey,ND,North Dakota,38071,35.3,11.3,33.7,10.4,19.6,77.4,14.8,22.1,24.6,31.1,,,4.2
White,IN,Indiana,18181,39.2,13.4,37.4,11.2,24.7,78.0,19.0,16.1,30.3,37.5,13.3,10.7,6.9
Noble,OH,Ohio,39121,44.6,18.9,46.4,10.4,23.6,81.1,23.1,15.1,32.8,38.1,13.9,10.3,6.1
Jackson,WI,Wisconsin,55053,44.9,12.2,35.9,10.9,23.8,75.0,18.8,20.9,26.1,35.5,13.2,11.5,5.6
Lincoln,NM,New Mexico,35027,30.3,14.5,40.3,10.7,20.7,72.8,15.8,13.0,25.4,31.2,15.8,12.7,6.5
Sharp,AR,Arkansas,05135,37.3,16.2,46.5,11.1,27.4,79.1,22.3,14.2,37.2,36.1,,,8.9
Monroe,MS,Mississippi,28095,40.8,16.6,45.3,10.4,21.7,79.7,19.7,13.5,33.4,38.8,21.9,16.5,10.1
Logan,OH,Ohio,39091,39.1,14.4,37.3,11.1,25.7,77.9,20.9,16.7,30.2,36.9,14.8,12.3,6.1
Power,ID,Idaho,16077,37.3,12.2,34.4,10.9,22.5,72.1,14.7,14.7,28.7,33.5,19.1,15.5,12.5
Pine,MN,Minnesota,27115,39.4,12.7,38.1,10.2,24,73.4,16.7,18.8,24.1,32.1,11.1,9.9,4.7
Boone,WV,West Virginia,54005,41.8,17.5,45.9,12.5,28.1,81.2,23.8,14.0,37.0,42.5,14,11.5,7.2
Fannin,GA,Georgia,13111,38.5,15.6,43.2,10.4,23.2,79.5,17.2,12.7,30.1,34.9,11.7,9.5,9.5
Cherokee,NC,North Carolina,37039,31.5,15.6,44.2,10.4,24.1,79.9,17.1,13.9,27.2,30.0,10.3,9.1,8.4
Carbon,UT,Utah,49007,34.9,12.9,33.4,12.3,26.8,72.0,13.3,11.1,24.0,34.6,15.2,12.6,10.2
Hancock,KY,Kentucky,21091,38.3,13.6,38.3,10.8,26.5,78.9,17.9,13.9,26.0,38.4,15.1,11.2,4.9
Washington,KY,Kentucky,21229,37.5,14.6,42.0,10.9,25.7,79.5,17.8,13.6,27.9,38.1,15.7,11.7,4.7
Prince George,VA,Virginia,51149,39.8,12.3,32.7,10.4,23.1,77.1,17.4,17.8,24.7,41.4,,,9.0
Musselshell,MT,Montana,30065,33.6,11.7,39.5,11.1,23.2,73.7,16.8,18.0,25.6,33.1,13.3,10.9,7.7
District of Columbia,DC,District of Columbia,11001,24.7,7.9,27.9,10.4,20.8,72.2,11.2,24.6,14.5,32.8,14.1,14.2,5.1
Henry,TN,Tennessee,47079,39.5,17.4,44.8,12.0,30.2,78.7,22.9,13.4,32.9,38.4,15.6,11.6,10.3
St. Johns,FL,Florida,12109,26.7,9.8,,8.6,18.2,79.2,8.9,17.4,17.0,30.0,6.7,6.2,6.5
Centre,PA,Pennsylvania,42027,31.5,8.7,26.2,10.3,24.7,76.9,15.1,21.0,21.7,35.2,,,5.4
Johnson,TX,Texas,48251,41.7,13.0,33.0,10.1,22.9,72.8,17.5,19.6,31.3,40.7,15.3,13.8,17.1
Covington,MS,Mississippi,28031,41.3,16.0,46.9,10.9,21.9,79.4,19.5,13.9,33.9,38.3,22.1,17.5,10.8
Dickson,TN,Tennessee,47043,35.3,13.2,36.5,11.5,30.6,77.1,19.7,16.5,27.8,38.7,11.5,10,9.0
Polk,OR,Oregon,41053,33.5,11.3,29.8,11.6,26,72.1,14.5,17.2,22.8,33.3,,,6.7
Dakota,MN,Minnesota,27037,33.3,10.2,27.6,9.7,23.6,74.4,11.5,18.2,18.4,28.1,8,8.3,4.4
Modoc,CA,California,06049,29.7,14.1,39.0,10.9,23.2,74.8,13.7,16.0,24.4,32.1,16.1,12.2,4.8
LaSalle,IL,Illinois,17099,36.7,12.6,35.7,10.1,22,77.0,16.1,19.3,24.5,35.9,,,8.5
Chaffee,CO,Colorado,08015,25.7,10.6,33.3,10.9,21.8,71.1,15.1,17.8,20.1,29.6,,,7.2
Middlesex,VA,Virginia,51119,39.1,17.0,46.0,10.4,23.2,84.7,14.7,16.3,26.4,37.4,,,4.4
Dodge,NE,Nebraska,31053,37.9,11.5,35.2,9.2,17.5,71.2,15.8,18.5,28.3,30.3,11.5,9.5,9.2
Madison,GA,Georgia,13195,39.3,13.9,41.0,10.7,23.2,75.8,18.7,14.4,30.5,38.2,16.2,13.3,13.2
Grant,LA,Louisiana,22043,39.1,14.3,40.1,10.3,28.5,76.6,23.7,18.2,34.2,42.5,,,10.8
Henry,IA,Iowa,19087,40.0,12.0,33.5,9.7,18.2,76.5,18.7,21.4,28.9,37.4,9.5,8.9,6.4
Trumbull,OH,Ohio,39155,44.2,16.1,41.2,12.0,26.4,79.2,23.0,16.9,31.9,40.0,14,12.1,7.0
Navajo,AZ,Arizona,04017,38.1,16.0,37.5,12.9,23.2,69.7,21.5,15.6,27.1,36.3,24.1,17.9,10.1
Tehama,CA,California,06103,31.9,12.2,34.7,11.0,23.9,70.3,15.5,17.2,25.4,34.9,15.8,13.7,8.0
Union,NM,New Mexico,35059,35.0,15.0,36.1,11.0,21.5,68.0,20.3,14.4,31.2,34.3,19.5,15.2,12.1
Emporia,VA,Virginia,51595,46.5,20.2,49.6,12.4,22.1,82.4,20.7,12.5,34.8,44.4,,,9.8
Swain,NC,North Carolina,37173,36.7,14.3,38.7,11.5,26,77.2,20.1,16.4,28.0,34.9,20.5,16.1,10.0
Clark,AR,Arkansas,05019,37.1,14.1,36.5,11.6,27.6,78.8,17.6,15.6,31.2,41.1,,,8.4
Spalding,GA,Georgia,13255,40.0,14.8,41.7,11.1,21.5,77.6,18.3,13.5,31.4,41.0,20,16.4,13.7
Ouachita,LA,Louisiana,22073,41.9,14.5,38.7,11.1,25.6,80.7,18.9,16.4,30.4,40.3,,,7.0
Kingman,KS,Kansas,20095,40.9,12.8,37.8,10.6,20.6,76.0,17.3,16.2,26.5,34.4,10.4,9.1,8.1
Montgomery,PA,Pennsylvania,42091,31.5,10.3,30.8,9.9,20.7,78.2,12.5,19.6,19.6,36.6,,,4.2
Roseau,MN,Minnesota,27135,33.7,11.2,33.9,9.6,23,72.0,14.7,20.1,22.3,30.0,10.2,9.3,4.5
Clay,KY,Kentucky,21051,43.9,16.3,44.4,12.2,29.1,77.6,27.0,12.9,35.2,42.3,22.7,15.4,8.5
Highlands,FL,Florida,12055,34.0,17.3,,9.8,18.6,80.8,15.6,12.4,33.0,34.8,16.1,12.2,11.4
Fremont,ID,Idaho,16043,33.7,11.1,34.2,10.7,22.5,73.7,13.6,15.9,22.9,32.3,11.8,10.1,7.6
Bucks,PA,Pennsylvania,42017,30.4,11.1,31.0,10.2,22.5,78.4,15.5,17.7,23.2,37.2,,,4.8
Dakota,NE,Nebraska,31043,45.3,13.6,33.4,9.4,16.6,73.0,17.0,16.4,34.0,34.0,20.4,16.2,15.6
Blanco,TX,Texas,48031,35.0,15.0,38.7,9.8,23,76.6,15.3,16.4,26.0,34.8,14,11.4,10.9
Sioux,ND,North Dakota,38085,49.0,19.1,38.7,15.8,25.6,73.2,36.5,19.1,42.7,45.3,,,11.2
Pamlico,NC,North Carolina,37137,36.2,15.8,43.7,9.8,21.7,81.0,15.8,13.8,26.9,32.1,13.4,11.5,7.4
Cameron,TX,Texas,48061,46.4,20.5,34.8,9.6,20.8,71.7,16.4,14.8,41.2,39.8,34.2,25.6,36.1
Cedar,IA,Iowa,19031,38.1,11.5,32.9,9.6,19.4,79.6,15.0,21.9,24.9,33.0,8.4,8,4.5
Lake and Peninsula,AK,Alaska,02164,39.0,13.3,32.0,12.5,20.8,67.3,23.9,18.6,27.9,40.3,22.6,17.7,9.4
Outagamie,WI,Wisconsin,55087,39.8,10.1,29.9,10.8,26.2,76.3,16.6,21.6,22.1,32.1,8.3,7.9,5.8
Saline,MO,Missouri,29195,37.5,12.2,34.9,10.5,23.3,76.1,17.2,18.2,25.9,39.3,15.6,12.9,8.8
Jefferson,FL,Florida,12065,38.3,15.4,,10.1,19.1,77.7,17.9,14.5,27.8,37.5,19.4,15.9,11.2
Dorchester,SC,South Carolina,45035,36.9,12.2,35.2,9.9,20.9,77.4,16.3,17.8,23.9,37.4,13.8,12.5,9.5
Rawlins,KS,Kansas,20153,40.7,15.1,42.6,10.4,18.9,79.7,15.8,14.7,28.8,34.6,13.7,10.8,6.8
Zapata,TX,Texas,48505,45.4,22.0,36.0,10.4,22.9,71.1,19.9,14.6,46.7,41.9,43.8,31.3,41.4
Hancock,ME,Maine,23009,28.5,10.5,33.6,11.5,23.9,81.1,13.3,15.6,21.0,29.7,8.5,8,4.1
Manistee,MI,Michigan,26101,37.1,12.0,39.1,10.9,23.5,79.5,14.9,16.1,24.0,31.2,10.5,9.1,5.2
Greene,OH,Ohio,39057,38.7,12.2,33.3,10.8,26,80.2,14.5,18.2,22.8,37.0,9.1,8.7,4.5
Jessamine,KY,Kentucky,21113,36.6,12.1,36.4,10.5,26.3,79.2,14.6,14.3,22.6,36.7,14.7,11.6,4.1
Dubuque,IA,Iowa,19061,40.6,11.3,28.8,10.2,19.4,76.3,17.5,22.0,28.6,33.8,9.8,9.3,6.6
McIntosh,ND,North Dakota,38051,40.1,14.5,43.1,10.9,19.8,77.7,16.5,17.5,31.8,32.0,,,4.5
Coffey,KS,Kansas,20031,39.6,14.3,37.7,11.2,20.6,76.1,20.7,16.4,31.5,34.5,9.5,8.3,9.5
Lowndes,GA,Georgia,13185,37.6,12.2,37.2,11.0,22.2,76.3,16.4,15.3,27.6,39.8,19.1,15.9,12.3
Bureau,IL,Illinois,17011,37.5,14.4,37.6,10.4,22.2,76.7,18.7,17.7,29.0,36.4,,,8.0
Shelby,TN,Tennessee,47157,42.6,16.0,41.5,12.4,25.2,79.8,19.3,15.7,30.1,41.6,24.8,20.7,10.8
Smith,KS,Kansas,20183,40.4,14.0,41.9,10.3,18.1,79.8,14.5,15.0,26.9,33.4,9.3,8.1,5.7
Randolph,IN,Indiana,18135,38.9,14.2,39.5,11.5,25.3,77.6,21.1,15.2,34.4,37.6,13.5,10.7,6.8
Ferry,WA,Washington,53019,36.2,15.4,41.1,12.9,26.5,72.9,16.8,14.0,25.1,35.2,14.2,11.7,5.7
Johnson,AR,Arkansas,05071,38.9,16.3,40.1,11.3,28.7,77.7,23.1,15.0,38.4,40.9,,,12.3
Dutchess,NY,New York,36027,34.1,10.1,33.0,10.9,18.3,80.8,11.8,17.4,21.3,35.5,,,4.4
Clinton,OH,Ohio,39027,41.2,14.2,37.6,11.6,26.7,79.0,21.5,17.2,30.4,41.2,13.5,11.4,6.3
Terrebonne,LA,Louisiana,22109,40.8,13.9,41.3,10.6,27.2,78.7,19.1,18.0,31.0,42.1,,,7.3
Ben Hill,GA,Georgia,13017,41.9,17.3,45.6,11.9,23.2,77.8,22.5,12.9,37.1,43.1,27.8,20.7,16.0
Union,IL,Illinois,17181,37.0,13.2,38.7,10.0,21.7,78.1,16.6,17.3,24.6,35.1,,,7.0
Bon Homme,SD,South Dakota,46009,35.7,11.1,34.6,8.9,16.4,76.7,16.7,20.0,25.1,29.7,,,6.1
Cannon,TN,Tennessee,47015,36.6,14.3,39.3,11.8,31.3,76.2,22.0,15.4,30.3,39.2,15.1,11.7,11.3
Wayne,IL,Illinois,17191,37.0,13.1,38.5,10.3,22.4,77.8,16.8,17.7,24.6,35.8,,,6.5
Gates,NC,North Carolina,37073,37.6,15.4,42.8,10.4,22.1,80.0,17.0,14.9,27.1,36.0,16.2,14.4,7.6
Fond du Lac,WI,Wisconsin,55039,41.6,11.0,31.6,10.9,23.7,75.1,17.2,20.9,24.1,30.8,9.8,9.2,5.4
Ramsey,MN,Minnesota,27123,32.3,10.5,29.2,9.7,26.8,69.8,15.4,17.7,23.2,29.5,12.1,11.7,6.5
Larimer,CO,Colorado,08069,20.4,6.9,23.8,10.4,26,68.0,9.0,22.1,13.2,26.6,,,6.8
Guadalupe,TX,Texas,48187,39.6,13.2,33.5,9.3,21.5,74.0,12.0,20.5,24.7,37.0,16.7,15.1,15.4
Botetourt,VA,Virginia,51023,36.2,13.7,37.2,10.3,23.8,79.3,15.2,17.0,22.6,33.8,,,4.8
Lancaster,PA,Pennsylvania,42071,35.1,10.6,31.4,10.6,23.8,77.9,15.2,18.1,22.4,37.7,,,6.5
Greensville,VA,Virginia,51081,46.6,16.9,44.2,10.7,20.1,79.5,20.1,16.4,29.0,42.7,,,8.6
Washington,MD,Maryland,24043,42.2,12.9,39.0,12.2,24.6,77.2,15.5,15.5,27.5,39.9,17,14.7,8.1
Tallapoosa,AL,Alabama,01123,41.8,16.9,45.9,10.7,23.3,81.5,17.3,13.3,31.9,40.8,17.6,14.3,8.6
Iroquois,IL,Illinois,17075,38.3,13.5,37.7,10.1,21.2,77.2,16.7,17.8,26.7,35.6,,,7.7
Ashe,NC,North Carolina,37009,33.8,13.4,38.5,9.9,23.8,78.4,16.2,15.3,26.0,32.0,12,10.1,8.4
Taylor,IA,Iowa,19173,40.0,13.3,33.7,9.7,18.6,77.9,17.7,20.2,31.1,33.4,11.5,10.1,6.4
Ottawa,OK,Oklahoma,40115,43.3,16.1,43.7,13.3,30.4,75.2,21.6,13.2,35.5,39.9,21.8,16.6,9.8
Jackson,IN,Indiana,18071,43.3,13.5,38.4,11.4,25.1,77.5,21.6,14.9,33.9,36.2,15.6,12.3,8.6
San Benito,CA,California,06069,29.0,10.9,26.7,9.8,20.1,68.6,11.1,19.6,22.6,34.6,18.5,16.8,10.3
Madison,MS,Mississippi,28089,37.3,12.0,40.2,9.8,18.9,80.5,13.3,14.3,25.1,32.8,11.9,11.2,7.9
McMinn,TN,Tennessee,47107,40.3,14.3,39.6,11.2,29.5,77.7,19.0,14.6,28.1,38.1,16.2,12,9.1
Phillips,CO,Colorado,08095,29.7,11.6,33.8,11.4,23.4,70.7,16.2,16.5,24.7,32.8,,,10.5
Neosho,KS,Kansas,20133,42.4,13.7,37.8,10.5,20.1,76.8,18.4,16.5,29.1,35.1,10.9,9.4,7.8
Pocahontas,IA,Iowa,19151,36.9,12.7,37.3,9.5,17.9,80.3,14.1,19.8,27.0,32.1,9.1,8.4,4.3
Warren,NY,New York,36113,34.7,11.0,35.2,11.2,22.5,79.8,17.0,18.3,27.0,34.2,,,5.5
Williamson,TN,Tennessee,47187,29.6,10.5,32.1,9.8,27.3,77.9,11.1,17.2,18.2,33.6,7,6.6,5.6
Warren,NJ,New Jersey,34041,29.6,9.7,33.3,9.5,16.3,77.5,11.9,17.1,22.2,36.8,11,10.3,7.0
Marion,KY,Kentucky,21155,41.2,15.2,41.2,11.6,27.6,78.4,21.5,13.6,30.1,41.9,17.3,12.9,6.3
Ritchie,WV,West Virginia,54085,41.3,19.1,46.1,12.9,27.9,81.0,26.5,13.6,38.8,43.3,16.1,12.6,7.3
Armstrong,TX,Texas,48011,34.6,13.4,36.7,9.7,23.5,75.0,15.4,17.7,25.6,35.1,11.2,10,11.1
Grady,GA,Georgia,13131,41.6,16.2,44.1,11.6,22.3,77.8,19.0,13.2,35.4,38.8,19.6,15.7,13.6
Avoyelles,LA,Louisiana,22009,45.6,17.3,46.9,11.7,29.5,80.1,24.1,16.3,37.7,40.3,,,10.0
Desha,AR,Arkansas,05041,45.1,21.5,50.6,12.7,25.4,81.8,25.2,12.3,42.4,43.0,,,11.9
Judith Basin,MT,Montana,30045,33.4,11.6,37.3,10.8,21.9,75.6,14.9,17.9,25.2,30.2,10.3,8.6,5.2
Tripp,SD,South Dakota,46123,40.2,13.6,38.4,10.5,18.9,78.3,21.1,17.5,31.0,31.6,,,6.5
Steuben,IN,Indiana,18151,33.8,12.3,37.0,10.5,22.9,79.0,13.5,15.7,23.0,35.3,10.3,8.3,4.8
Buffalo,SD,South Dakota,46017,43.7,15.7,35.5,13.6,21.1,73.5,34.4,18.6,36.6,38.8,,,12.2
Pacific,WA,Washington,53049,36.8,14.9,42.1,11.9,27.4,74.4,13.6,14.1,22.5,34.5,12.1,10,5.4
Wabasha,MN,Minnesota,27157,33.1,10.9,33.8,9.7,23.9,73.9,12.7,19.0,20.1,29.8,8.2,8.1,4.1
Winkler,TX,Texas,48495,39.5,15.2,32.9,9.7,22.1,70.1,16.7,18.2,33.3,38.2,24.7,20.4,29.2
Bartow,GA,Georgia,13015,38.0,11.7,38.6,10.5,21.5,75.1,15.4,16.1,26.5,36.6,13.5,12,12.4
Henry,MO,Missouri,29083,40.2,13.9,40.1,10.7,24.1,78.0,19.9,17.1,29.5,37.6,14.3,11.2,6.8
Beckham,OK,Oklahoma,40009,42.4,12.8,39.9,11.8,28.2,73.8,17.5,14.8,32.7,38.5,18.8,15.9,12.0
Petersburg,AK,Alaska,02195,31.0,10.4,31.0,9.9,18.5,67.5,16.1,18.8,22.1,32.5,11.4,10.4,7.9
Koochiching,MN,Minnesota,27071,37.1,13.4,39.4,10.4,24.5,74.6,16.8,19.0,25.1,30.5,10.3,9.3,4.6
Drew,AR,Arkansas,05043,40.4,15.3,41.7,11.3,26.8,79.5,19.2,15.6,34.4,40.5,,,8.8
Massac,IL,Illinois,17127,38.4,14.4,39.6,10.6,22,77.9,17.9,16.9,27.3,36.6,,,7.4
Dickey,ND,North Dakota,38021,37.4,11.5,33.4,10.5,20.7,74.3,16.3,20.9,27.1,32.9,,,5.2
Ballard,KY,Kentucky,21007,39.5,15.4,43.4,11.5,27.7,79.6,21.0,12.9,29.1,39.6,15.1,11,5.5
Bennington,VT,Vermont,50003,28.0,9.6,33.3,12.0,25,76.6,12.6,17.6,20.3,31.6,8.6,7.7,4.2
Wasco,OR,Oregon,41065,32.7,11.8,33.1,11.5,25.5,71.3,14.1,17.1,22.9,29.9,,,6.4
Catoosa,GA,Georgia,13047,36.7,11.3,38.7,10.1,23.8,77.0,14.0,16.8,24.6,35.3,12.5,10.5,9.0
Isanti,MN,Minnesota,27059,39.1,10.3,31.6,10.0,25,71.0,16.0,21.6,21.7,31.3,11,10.3,5.2
Wabaunsee,KS,Kansas,20197,41.3,12.7,37.2,10.2,18.6,77.7,16.2,17.8,26.3,33.3,9.3,8.5,6.3
Sevier,UT,Utah,49041,35.0,11.3,31.7,11.8,27.7,71.6,11.4,12.5,21.5,35.8,11.5,10.2,9.0
Lycoming,PA,Pennsylvania,42081,35.5,11.4,35.1,10.4,23.7,79.3,16.5,18.0,24.2,36.7,,,5.0
Hudspeth,TX,Texas,48229,42.2,16.5,33.2,9.6,22,65.4,22.4,18.4,42.0,41.9,39.9,30.5,44.2
Jasper,MS,Mississippi,28061,43.6,18.3,51.8,10.5,18.8,82.0,18.4,12.5,34.8,38.2,24.5,19.1,9.2
Boone,AR,Arkansas,05009,39.0,13.9,41.2,11.0,29.2,78.7,18.5,16.3,30.5,37.6,,,7.3
Morrow,OH,Ohio,39117,43.2,15.6,38.6,11.8,28.3,77.7,23.7,17.1,31.9,36.6,13.5,11.6,7.9
Tom Green,TX,Texas,48451,36.7,14.1,33.5,9.8,23.4,73.2,15.5,18.8,28.9,38.2,18.7,15.5,18.6
Yolo,CA,California,06113,26.2,9.7,26.0,10.6,23.8,69.6,11.3,18.4,23.6,30.4,13.9,11.9,7.8
Amite,MS,Mississippi,28005,44.6,20.5,53.5,10.7,20.4,81.7,22.2,11.5,39.2,39.9,25,18.4,10.2
Jones,NC,North Carolina,37103,38.4,16.5,44.8,10.8,22.8,79.8,18.7,14.5,30.1,35.4,20.5,16.6,9.8
Crisp,GA,Georgia,13081,44.3,16.3,47.1,11.3,21.1,80.3,18.0,12.9,32.1,39.8,22.5,18.3,11.8
Cecil,MD,Maryland,24015,38.0,12.8,36.9,11.5,22.7,77.0,15.6,15.4,25.2,38.2,12.2,11.6,6.1
Wasatch,UT,Utah,49051,26.2,8.6,25.9,9.9,20.5,70.7,7.0,13.1,13.9,28.2,8.3,8.1,5.9
Franklin,WA,Washington,53021,39.4,11.2,26.9,12.0,25.1,66.4,14.6,18.2,24.9,35.9,18.1,16.5,15.9
Baldwin,AL,Alabama,01003,36.8,13.1,38.7,9.7,23.5,79.9,14.0,15.7,25.4,34.8,11,9.7,6.4
Beaverhead,MT,Montana,30001,30.2,9.9,32.6,10.9,24.4,71.8,13.6,19.8,24.3,29.7,10,9,6.0
Todd,KY,Kentucky,21219,39.8,16.3,41.7,11.8,27.6,77.7,23.1,12.8,32.2,42.4,19.6,13.9,7.8
Harlan,NE,Nebraska,31083,36.0,12.7,37.2,9.0,16.6,76.5,13.6,16.8,24.7,30.0,9.4,7.5,5.3
Benzie,MI,Michigan,26019,35.0,12.7,38.7,11.1,24.3,79.7,15.7,16.9,24.6,29.9,9.8,8,3.7
Elbert,CO,Colorado,08039,25.7,9.1,28.8,11.1,23.5,70.4,13.1,19.0,17.0,30.3,,,6.0
Lucas,IA,Iowa,19117,41.6,14.4,35.5,10.3,19.1,78.6,20.3,19.3,33.0,33.9,10.8,8.9,6.4
Hand,SD,South Dakota,46059,33.8,10.8,35.8,9.2,16.9,78.7,14.3,18.2,22.9,30.0,,,5.0
Dewey,OK,Oklahoma,40043,40.7,14.4,41.5,11.9,27.5,75.5,18.7,14.1,33.3,35.4,16,12.9,9.1
Gasconade,MO,Missouri,29073,38.4,12.9,39.9,10.3,23.1,77.6,17.6,17.4,26.6,35.9,13.1,10.6,6.7
Rabun,GA,Georgia,13241,36.5,14.5,45.3,10.2,21.7,78.8,15.7,13.8,27.0,31.6,14.8,11.2,9.0
Towns,GA,Georgia,13281,36.0,15.0,45.3,9.7,21.2,80.8,12.4,12.7,26.5,31.4,10.6,8.1,6.0
Naugatuck Valley,CT,Connecticut,09140,31.5,11.0,32.6,12.4,23.3,77.5,13.3,17.4,26.7,36.4,14.7,13.5,9.6
Denali,AK,Alaska,02068,32.1,8.4,28.9,9.7,18.5,64.4,16.3,21.2,21.4,32.8,10.4,10.2,7.3
Red River,TX,Texas,48387,39.9,17.6,45.1,10.4,23.2,76.8,20.1,14.9,33.4,40.1,18.3,14.8,12.3
Wagoner,OK,Oklahoma,40145,43.6,12.2,38.3,11.9,27.8,74.5,16.0,14.8,28.4,38.8,12.8,11.9,7.9
Hamilton,NE,Nebraska,31081,41.6,11.3,34.7,9.3,17.3,73.8,13.3,18.0,24.0,33.5,8.4,8,5.5
Madera,CA,California,06039,34.9,13.5,30.1,10.9,23.7,68.5,15.1,18.5,29.0,37.1,22.9,19.2,12.5
DeWitt,TX,Texas,48123,40.7,16.4,39.7,9.6,21.8,75.1,16.6,16.6,31.2,37.9,23.3,18.1,16.3
San Juan,WA,Washington,53055,25.9,11.7,33.7,10.8,23.6,73.7,10.6,14.3,17.3,26.6,5.9,5.4,3.8
Northampton,VA,Virginia,51131,41.3,18.1,45.5,10.7,21.9,82.9,15.2,13.5,26.9,34.3,,,5.9
Stanly,NC,North Carolina,37167,34.2,12.2,37.0,10.0,23.8,77.7,16.3,16.7,24.2,34.4,14.4,12.5,9.3
Pettis,MO,Missouri,29159,38.7,12.1,38.7,10.8,24.7,76.3,19.0,18.7,28.4,37.6,13.4,11.8,8.8
Ward,TX,Texas,48475,40.8,15.3,35.0,9.8,22.8,71.2,17.2,17.7,33.3,39.8,24.1,19.6,26.3
Onondaga,NY,New York,36067,34.7,10.9,34.8,11.5,24.1,80.7,15.3,19.5,24.4,36.9,,,5.2
Winchester,VA,Virginia,51840,37.2,13.6,35.3,10.4,24.1,78.8,15.2,17.2,24.7,35.4,,,7.2
Weld,CO,Colorado,08123,31.4,8.8,25.5,11.1,23,65.2,12.7,19.2,19.4,33.6,,,10.4
Treasure,MT,Montana,30103,30.3,11.6,38.6,10.4,21.5,75.3,13.5,17.3,22.8,28.2,10.8,8.7,5.2
Martin,KY,Kentucky,21159,43.6,17.0,42.0,12.3,29.2,76.2,29.1,12.6,37.5,45.4,24.6,17.3,11.0
Carbon,MT,Montana,30009,29.4,10.6,36.9,10.5,21.7,74.4,14.2,20.5,22.9,31.6,7.7,7.3,5.1
Colonial Heights,VA,Virginia,51570,38.8,13.2,36.5,10.4,23.6,80.1,15.0,16.9,23.9,37.9,,,5.7
Griggs,ND,North Dakota,38039,36.2,12.7,39.1,10.0,19.1,77.8,14.7,18.5,27.6,30.6,,,3.8
Polk,WI,Wisconsin,55095,39.9,11.7,34.3,11.1,24.6,75.4,18.8,20.7,23.5,28.9,8.7,8.2,5.9
Park,CO,Colorado,08093,25.9,9.5,31.5,10.7,22.6,71.8,13.1,18.0,16.3,28.0,,,5.6
Jackson,WV,West Virginia,54035,37.7,16.0,43.8,12.0,26.9,81.8,20.0,14.9,30.5,43.1,16.4,13.4,5.0
Bradley,AR,Arkansas,05011,41.5,18.1,45.2,11.5,25.2,79.6,21.5,13.6,37.0,42.6,,,11.6
Harford,MD,Maryland,24025,35.1,10.8,34.9,10.5,21.7,76.0,10.8,16.5,21.5,35.9,10.7,10.5,5.4
Siskiyou,CA,California,06093,32.6,13.4,37.0,11.1,23.9,73.7,14.8,16.5,23.4,33.4,15.4,12.4,4.8
Gordon,GA,Georgia,13129,40.1,13.8,39.4,11.0,24,73.2,20.2,15.9,31.5,38.2,18.7,14.8,16.5
Butler,AL,Alabama,01013,45.0,18.2,47.7,11.2,22.8,82.1,19.5,12.0,36.2,41.8,24.2,18.9,9.0
Geary,KS,Kansas,20061,35.0,9.6,29.4,11.0,21.4,73.0,17.3,19.3,27.9,37.2,16.5,15.3,12.7
Archuleta,CO,Colorado,08007,25.1,10.9,32.9,10.5,21.3,73.4,10.7,16.0,18.2,27.8,,,5.7
Talladega,AL,Alabama,01121,42.6,16.9,46.0,11.4,24.2,80.2,18.2,13.3,33.0,43.5,20.4,16.8,8.9
Seminole,FL,Florida,12117,31.5,11.2,,9.3,19,78.1,12.3,16.8,21.0,36.1,14.2,12.8,10.9
Screven,GA,Georgia,13251,42.5,16.7,45.6,11.6,21.4,78.3,20.0,12.8,31.8,41.6,20.6,16.9,13.3
Lincoln,KS,Kansas,20105,41.2,14.4,40.4,10.6,19.4,79.5,15.7,15.1,27.0,32.5,11.2,9.7,5.9
Effingham,GA,Georgia,13103,39.3,10.2,33.8,10.3,21.8,75.4,15.1,16.2,23.5,38.0,15.9,14.3,12.0
Tazewell,VA,Virginia,51185,40.7,15.7,40.8,10.4,25.1,80.6,18.7,15.8,28.7,39.4,,,5.9
Tulsa,OK,Oklahoma,40143,36.7,12.5,34.9,11.5,28.4,73.2,16.1,13.4,28.6,35.0,15,13.8,9.2
St. Clair,IL,Illinois,17163,38.1,12.8,36.0,10.5,19.9,78.8,15.6,17.6,22.4,37.8,,,7.7
Jackson,TN,Tennessee,47087,36.4,17.0,44.2,12.0,32,77.8,23.7,13.8,34.5,39.0,16.1,11.7,11.2
Grand,CO,Colorado,08049,25.4,8.5,27.8,10.4,21.8,69.6,11.8,20.6,15.8,29.6,,,6.1
Menard,IL,Illinois,17129,35.2,11.5,34.2,10.2,22.3,77.0,15.4,18.7,22.6,35.0,,,6.7
Troup,GA,Georgia,13285,41.7,14.2,42.9,10.9,21.1,77.9,16.4,13.7,29.0,39.0,18.1,15.7,11.3
Garfield,NE,Nebraska,31071,36.3,12.2,37.8,8.8,16.1,77.1,12.0,16.6,23.9,27.9,7.9,6.8,4.2
Coryell,TX,Texas,48099,36.8,11.2,31.7,10.6,25.6,70.9,18.5,19.6,29.9,42.0,16.7,15.3,18.2
Lafayette,MS,Mississippi,28071,37.6,10.9,35.6,10.2,23.3,76.9,14.0,16.7,26.0,35.0,17.5,13.5,9.4
Wilkinson,GA,Georgia,13319,43.2,17.1,47.8,11.2,21.6,78.5,20.2,12.5,34.5,42.6,22,17,13.5
Allamakee,IA,Iowa,19005,38.0,13.2,34.9,9.7,17.6,79.1,16.6,19.2,29.0,34.8,10.8,9,5.2
Jeff Davis,TX,Texas,48243,39.0,21.1,49.0,9.6,21.1,80.1,16.4,12.2,32.7,35.6,19.1,13.4,13.9
Greeley,KS,Kansas,20071,36.5,11.6,36.5,9.9,17.9,76.1,13.6,16.5,23.5,30.6,10.8,10.3,8.7
Matanuska-Susitna,AK,Alaska,02170,32.0,9.3,31.5,11.4,24,66.5,19.7,17.7,26.3,34.2,13.9,12.6,10.0
St. Clair,MI,Michigan,26147,41.4,12.4,37.0,11.6,26.6,78.7,16.8,19.0,26.2,35.4,12.3,10.5,4.6
Kern,CA,California,06029,35.6,12.8,30.1,10.4,21.8,69.5,16.5,18.1,30.5,38.5,22.9,19.5,13.8
Caroline,MD,Maryland,24011,38.7,14.0,39.7,12.0,24.2,77.0,18.6,15.9,32.5,40.3,18.5,15.3,8.8
Aurora,SD,South Dakota,46003,33.1,10.4,33.9,9.1,17.3,77.4,15.7,19.6,24.5,28.9,,,5.9
Hughes,OK,Oklahoma,40063,47.3,16.1,43.1,12.9,27.3,74.1,21.9,14.1,37.8,38.3,22.5,17.2,11.0
Pointe Coupee,LA,Louisiana,22077,42.1,17.5,45.3,11.1,27,81.9,21.6,16.2,35.3,40.5,,,8.0
Pike,IN,Indiana,18125,41.7,13.5,38.1,11.1,24.3,78.2,20.1,15.1,30.3,38.3,11.6,9.3,6.5
Philadelphia,PA,Pennsylvania,42101,34.2,14.6,31.7,11.6,23.4,78.8,18.4,18.2,27.2,42.4,,,8.0
Seneca,OH,Ohio,39147,46.0,14.1,35.6,11.4,26.7,79.2,20.8,18.0,29.0,36.4,10.6,9.4,6.3
Clarke,IA,Iowa,19039,41.7,13.7,34.4,10.0,18.4,77.6,19.1,19.4,33.1,32.4,14.5,11.8,8.6
Fillmore,MN,Minnesota,27045,37.0,12.2,35.0,10.4,24.9,71.5,16.0,20.1,24.8,30.6,10.6,9.7,4.4
Sumter,FL,Florida,12119,32.2,16.5,,8.5,16.9,85.6,10.6,11.3,24.9,29.2,8.3,6.5,5.2
Ashland,OH,Ohio,39005,40.0,14.0,37.6,11.1,27.2,78.3,20.4,16.7,30.2,33.7,11.3,10,6.2
Tallahatchie,MS,Mississippi,28135,44.8,17.8,49.4,10.5,18.7,79.5,22.3,13.5,38.4,42.4,28.9,21.8,13.4
Columbus,NC,North Carolina,37047,38.8,16.2,42.3,11.3,24.1,79.1,20.5,14.8,30.2,38.2,21.2,17.9,10.9
Kimball,NE,Nebraska,31105,42.9,15.0,41.1,9.6,17.1,74.9,17.7,16.8,32.5,31.9,14.8,11.1,8.7
Madison,OH,Ohio,39097,42.1,13.2,36.4,11.3,26,77.0,22.2,18.5,27.9,39.0,12,10.5,8.1
Gloucester,NJ,New Jersey,34015,36.4,10.1,30.7,10.1,19.5,76.7,12.3,16.6,21.7,39.7,10.1,10,6.0
Somervell,TX,Texas,48425,33.8,12.3,35.5,9.2,22.3,75.3,12.7,18.6,22.3,33.9,12.4,10.9,10.2
Sacramento,CA,California,06067,34.1,11.4,29.7,10.9,24.8,69.8,12.9,16.8,23.0,38.0,16.4,14.6,6.6
Nassau,FL,Florida,12089,32.8,12.0,,9.1,18.6,78.0,12.6,16.6,20.4,33.1,10.4,9,7.3
Tuscola,MI,Michigan,26157,39.4,13.4,39.1,11.9,25.8,78.4,20.3,17.6,28.5,35.5,11.1,9.6,5.4
Walker,GA,Georgia,13295,41.5,13.3,39.8,11.3,25.3,74.4,19.4,14.6,32.6,39.4,13.2,11,13.8
Malheur,OR,Oregon,41045,37.8,13.4,34.2,12.0,26,69.7,18.1,16.6,28.1,35.1,,,12.6
Warren,PA,Pennsylvania,42123,34.5,12.5,38.6,10.7,23.6,79.8,18.5,16.9,27.0,39.3,,,5.9
Buffalo,WI,Wisconsin,55011,40.3,11.7,35.1,10.5,22.6,77.1,15.7,20.5,23.6,32.8,7.9,7.6,4.2
Hutchinson,TX,Texas,48233,37.5,13.7,35.7,9.9,24.1,73.5,15.4,18.6,26.8,37.1,16.8,14.1,13.8
Greenlee,AZ,Arizona,04011,32.5,12.0,26.8,10.0,20.2,68.7,13.3,18.6,25.3,37.4,15.3,14.3,12.8
Huron,OH,Ohio,39077,41.8,13.9,37.8,10.7,24.4,79.3,17.8,17.7,24.3,38.1,12.9,11.2,5.8
McCracken,KY,Kentucky,21145,41.5,15.3,42.2,11.3,26.9,81.0,19.5,12.8,28.9,40.3,17.2,12.9,4.9
Sheridan,NE,Nebraska,31161,35.1,13.1,40.6,9.1,16.2,74.3,14.9,16.5,27.8,30.3,12.3,9.7,6.9
Overton,TN,Tennessee,47133,38.0,15.1,42.6,11.5,31.2,77.6,22.9,14.6,32.8,38.0,15.1,11.5,11.2
Hamilton,TX,Texas,48193,36.8,15.8,41.9,10.1,24.2,76.2,18.0,15.8,30.6,38.0,13.9,10.4,12.2
Juab,UT,Utah,49023,34.0,9.5,28.8,11.3,25,70.2,9.6,13.9,18.4,34.9,9.4,8.8,6.3
Kinney,TX,Texas,48271,40.2,18.2,39.2,9.0,20.2,74.3,14.3,16.7,33.5,38.5,21.3,17,22.1
Cheshire,NH,New Hampshire,33005,31.1,10.4,31.4,11.3,25.8,70.3,14.2,16.1,21.0,33.5,12.5,10.5,5.5
Southampton,VA,Virginia,51175,42.6,15.6,43.6,10.3,21.9,82.2,14.3,15.9,23.8,39.0,,,5.1
Decatur,IN,Indiana,18031,41.6,11.7,37.3,11.0,25.1,77.5,17.2,16.6,28.4,34.8,13.6,11.4,6.3
Otsego,NY,New York,36077,33.3,10.3,29.7,11.2,23.1,80.2,12.3,19.5,24.3,35.3,,,3.8
Deuel,SD,South Dakota,46039,35.0,11.5,35.6,9.5,17.6,77.4,16.7,19.4,26.0,29.4,,,5.9
Crawford,OH,Ohio,39033,43.9,15.6,39.6,11.8,26.5,78.3,22.8,16.7,31.3,40.0,13,11,6.6
Wise,TX,Texas,48497,41.0,13.2,34.4,10.0,23.6,72.1,18.0,18.1,28.1,42.8,15.3,13.2,17.0
Cass,ND,North Dakota,38017,32.8,7.8,26.9,10.6,23.5,72.0,14.3,22.2,21.1,31.1,,,6.5
Pondera,MT,Montana,30073,33.9,11.4,33.9,11.5,23.9,73.2,17.2,19.8,24.9,32.6,14.2,11.8,6.8
Hickman,KY,Kentucky,21105,40.2,16.0,47.3,11.1,25.7,81.3,17.8,12.0,28.6,39.8,14.2,10.6,4.7
Rock,NE,Nebraska,31149,40.2,12.9,38.6,9.1,16.7,75.9,15.3,16.9,27.5,31.2,8.4,6.9,5.8
Boone,IA,Iowa,19015,38.6,10.7,31.9,9.8,18.9,78.0,14.6,22.1,24.3,34.1,9.2,9.1,5.0
Roane,WV,West Virginia,54087,39.8,18.1,46.6,12.9,29.4,81.3,24.9,13.3,36.7,42.8,17.9,13.4,8.4
Laurel,KY,Kentucky,21125,41.5,14.8,42.3,11.4,28.2,78.2,21.5,13.0,30.7,40.5,17.9,12.7,5.9
St. Landry,LA,Louisiana,22097,48.1,17.3,44.9,11.3,28.1,82.1,22.5,15.3,35.7,39.8,,,9.0
Keweenaw,MI,Michigan,26083,33.3,12.5,41.1,10.3,22.3,82.2,11.7,15.1,20.9,30.2,6.4,5.5,2.8
Chester,TN,Tennessee,47023,38.2,14.6,38.4,12.3,31.9,75.8,23.5,15.0,32.5,41.3,19.4,14.6,11.5
Live Oak,TX,Texas,48297,40.5,16.7,39.0,9.5,21.8,73.9,17.7,16.7,32.9,39.4,25.6,19.5,20.1
Donley,TX,Texas,48129,35.8,15.0,38.6,10.5,24.7,75.1,16.2,17.2,29.0,36.7,15.6,12.7,12.0
DeSoto,FL,Florida,12027,43.1,17.5,,10.3,21.3,76.8,19.8,15.3,34.7,39.3,25.5,18.3,19.2
Orange,TX,Texas,48361,41.7,13.4,35.6,10.2,25.7,73.8,18.1,18.4,29.2,41.3,15.7,14,13.1
Columbia,PA,Pennsylvania,42037,36.0,11.1,32.7,11.1,25.1,78.9,16.4,17.8,25.8,36.9,,,5.5
Meade,SD,South Dakota,46093,32.7,8.2,30.6,9.3,17.8,75.1,13.6,21.8,20.7,27.9,,,5.5
Sibley,MN,Minnesota,27143,40.6,11.4,32.4,9.8,23.6,71.6,16.1,20.8,24.0,30.1,9.4,9.5,5.6
Bladen,NC,North Carolina,37017,38.6,16.8,43.7,10.6,22,80.7,17.4,13.6,30.9,36.7,22,17.9,8.8
Perkins,NE,Nebraska,31135,38.7,12.5,37.9,9.5,17,74.2,15.9,17.5,27.5,31.3,9.5,8.1,7.5
Dickinson,KS,Kansas,20041,38.6,12.8,35.6,10.6,20,77.5,16.0,17.9,25.4,33.4,9.1,8.4,6.6
Ness,KS,Kansas,20135,37.1,14.0,40.1,10.6,18.7,77.1,17.7,15.6,27.6,34.3,9.7,8.6,9.3
Essex,MA,Massachusetts,25009,30.2,9.7,30.6,11.1,22.2,81.0,10.9,17.7,20.3,35.1,11,10.3,4.2
Barton,KS,Kansas,20009,40.8,13.2,40.0,10.5,19.1,77.4,15.4,17.3,25.7,33.0,12.6,11.2,8.1
Madison,IN,Indiana,18095,39.3,13.3,39.3,11.6,25.5,77.3,21.5,14.4,29.9,37.1,13.6,11.4,8.4
Perry,KY,Kentucky,21193,41.5,15.4,45.0,12.0,29.2,78.9,21.7,12.6,30.0,41.0,20.3,14.2,6.3
Floyd,TX,Texas,48153,40.5,18.9,36.5,10.1,22.7,72.9,18.7,15.7,38.2,38.8,26.1,20.3,27.3
Yankton,SD,South Dakota,46135,34.8,9.9,34.0,9.1,16.8,77.0,14.5,19.7,22.4,28.7,,,5.6
Shackelford,TX,Texas,48417,37.5,13.3,36.3,10.1,24.5,75.3,14.7,18.0,24.6,35.3,11.7,10.2,10.5
Franklin,IA,Iowa,19069,40.3,13.3,35.1,9.7,18.4,78.5,17.4,19.6,30.3,34.1,12.1,10.2,7.4
Houston,MN,Minnesota,27055,38.2,11.8,35.6,10.0,23.7,74.4,16.3,20.0,23.9,28.9,7.8,7.6,5.2
Chambers,TX,Texas,48071,39.1,11.9,31.7,9.9,24.1,72.4,14.9,20.1,24.8,39.6,13.9,12.8,14.3
Washington,UT,Utah,49053,28.2,10.3,32.2,10.8,23.2,74.4,7.7,10.1,16.5,33.1,10.9,9.5,6.6
Beaver,PA,Pennsylvania,42007,37.4,11.8,36.3,10.6,23.8,79.5,15.5,19.1,23.5,35.5,,,4.5
Clinton,KY,Kentucky,21053,39.6,16.4,44.5,12.1,28.8,79.6,21.9,12.6,30.7,40.0,20,13.2,5.9
Tipton,IN,Indiana,18159,36.2,12.5,37.0,10.6,23.3,79.2,16.0,15.2,27.2,33.6,12.3,10.4,5.5
Harlan,KY,Kentucky,21095,45.0,17.9,46.9,12.7,30.4,79.2,27.2,11.6,37.0,44.1,25.9,16.7,7.1
Montgomery,KS,Kansas,20125,44.8,14.7,39.6,11.3,18.8,77.9,20.5,15.4,29.8,37.4,13.8,11.7,9.6
Borden,TX,Texas,48033,32.9,12.2,36.8,8.5,20.1,76.6,10.7,17.9,21.3,32.7,10.2,9.7,8.5
Dunklin,MO,Missouri,29069,42.9,14.9,43.5,11.3,25.3,77.2,23.5,15.4,34.1,39.1,20.1,16.1,10.8
Erath,TX,Texas,48143,37.3,11.8,30.4,10.2,26.3,71.7,16.3,20.1,28.2,39.3,16.2,13.2,16.0
Le Sueur,MN,Minnesota,27079,39.0,11.6,33.6,10.2,25,70.8,19.2,21.0,26.0,34.5,7.7,8,7.2
St. Louis,MO,Missouri,29189,33.1,12.1,35.1,10.4,21.5,78.8,16.2,18.2,24.7,33.8,11.7,11.3,6.8
Indiana,PA,Pennsylvania,42063,37.7,10.9,33.4,11.1,24.4,79.5,15.4,18.8,22.8,36.7,,,4.4
Eaton,MI,Michigan,26045,35.1,10.6,34.6,10.7,24.1,78.6,13.4,17.3,22.2,31.9,10.5,9.9,4.8
San Miguel,CO,Colorado,08113,25.7,8.3,27.2,10.3,22,69.6,11.9,19.9,15.7,27.7,,,6.3
Delta,CO,Colorado,08029,28.5,11.6,34.9,11.1,22.3,72.1,15.7,15.7,21.7,32.3,,,8.9
Caddo,LA,Louisiana,22017,45.6,17.2,44.0,10.6,24.2,81.4,19.4,14.8,31.1,38.7,,,7.8
Osceola,IA,Iowa,19143,39.3,13.1,34.5,10.1,19,79.4,16.5,19.3,28.1,31.6,10.5,9.7,6.2
Hillsborough,FL,Florida,12057,31.4,12.0,,9.9,19.3,74.5,12.8,19.0,23.9,38.4,17.5,14.7,13.1
Putnam,MO,Missouri,29171,40.0,12.7,40.7,10.1,22.3,77.6,18.2,16.9,26.6,36.5,9.7,8.6,6.9
Webster,LA,Louisiana,22119,45.5,19.0,48.7,11.4,27.6,81.8,23.9,13.9,36.8,40.7,,,8.7
Fayette,AL,Alabama,01057,39.0,16.6,45.7,11.1,26.4,79.0,20.7,13.4,33.8,39.0,19.4,14.8,10.0
Custer,NE,Nebraska,31041,38.5,12.7,37.0,9.2,17.5,74.6,15.6,16.8,28.0,31.7,11.9,9.8,6.9
Adair,OK,Oklahoma,40001,43.5,17.6,43.6,14.3,29.4,74.8,24.8,13.1,37.7,40.5,27.4,20,11.7
Lauderdale,AL,Alabama,01077,35.2,12.7,39.4,10.1,25.2,79.3,14.7,14.9,26.0,39.6,13.2,11.1,7.5
Worcester,MD,Maryland,24047,35.3,14.3,42.1,10.7,20.4,82.2,13.3,15.1,23.9,29.4,11.9,10.9,5.1
Alexander,IL,Illinois,17003,42.8,18.4,46.1,11.3,20.5,80.0,21.0,14.0,33.0,40.3,,,8.9
Coal,OK,Oklahoma,40029,42.6,17.2,44.8,13.3,28.6,76.2,22.8,12.5,38.0,40.0,21.5,15.6,10.0
Montgomery,AR,Arkansas,05097,39.8,18.2,47.9,11.0,26.5,80.3,20.4,13.6,35.3,39.1,,,7.0
Mineral,WV,West Virginia,54057,42.8,15.1,42.6,11.6,26.1,81.1,19.5,14.8,30.4,37.0,12.5,10.8,5.8
Jefferson,CO,Colorado,08059,25.1,8.2,26.1,10.8,23.4,70.5,10.6,21.2,14.2,30.2,,,6.4
Carter,MO,Missouri,29035,40.1,14.4,38.7,11.3,25,76.5,22.7,16.0,32.3,37.1,16.9,12.9,10.0
Douglas,NV,Nevada,32005,30.0,11.5,36.5,10.3,20.4,77.9,11.6,16.8,21.1,31.1,10.2,9.4,5.0
Dickinson,IA,Iowa,19059,36.5,13.2,35.4,9.6,17.6,79.0,16.7,20.0,26.6,32.6,6.6,6.1,5.2
Bonner,ID,Idaho,16017,26.9,11.7,38.3,10.8,23,74.7,13.7,15.4,22.9,29.0,11.5,9.5,6.0
Burt,NE,Nebraska,31021,40.7,13.0,39.6,9.2,16.6,75.9,15.3,17.9,27.2,32.6,12,9.5,6.0
Baker,GA,Georgia,13007,42.2,19.9,51.2,11.2,20,80.7,17.5,11.4,34.7,39.2,25.2,17.8,10.9
Atchison,MO,Missouri,29005,39.1,13.7,41.4,10.4,23.4,78.2,19.4,16.3,29.3,36.3,13.6,11,7.6
Rio Blanco,CO,Colorado,08103,27.4,9.2,29.5,11.2,24,69.0,15.5,18.5,19.5,32.3,,,8.7
Bethel,AK,Alaska,02050,41.1,13.3,34.0,14.3,22.5,63.2,33.3,19.0,34.0,41.9,37.4,26.6,14.8
Island,WA,Washington,53029,32.9,10.2,32.9,11.1,25.6,73.1,9.7,16.8,15.6,29.0,7.5,7.6,4.1
Columbia,GA,Georgia,13073,36.3,12.0,35.2,10.2,21.8,77.3,15.2,15.7,24.4,35.3,13.2,12.3,10.8
Forest,WI,Wisconsin,55041,42.9,14.1,38.6,11.5,23.4,78.0,20.1,18.9,29.4,34.5,13.6,11.1,5.4
Colusa,CA,California,06011,32.0,12.9,30.8,10.6,22,69.1,14.7,18.9,27.8,34.1,23.4,19.4,13.8
Calhoun,GA,Georgia,13037,46.6,17.6,47.5,11.1,18.7,76.5,23.7,13.7,37.0,44.0,31.8,25.1,20.8
White,IL,Illinois,17193,38.0,14.5,39.4,10.9,23.4,76.9,20.4,16.9,29.9,36.3,,,8.7
Hancock,IL,Illinois,17067,34.8,12.6,38.0,9.8,21,78.7,14.1,17.3,22.7,33.6,,,5.4
Manassas Park,VA,Virginia,51685,38.0,13.8,31.2,9.7,21.6,76.1,15.5,17.5,27.5,39.4,,,13.7
Frio,TX,Texas,48163,40.6,16.2,33.0,9.2,21,68.3,17.9,17.9,37.5,41.6,31.1,24.5,36.7
Dade,GA,Georgia,13083,35.5,11.5,39.6,9.8,22.6,75.8,14.8,16.2,24.4,34.4,13.5,11,9.7
Niobrara,WY,Wyoming,56027,36.6,13.1,35.9,11.4,22.7,71.1,20.3,16.0,29.4,31.4,10.8,9.7,9.7
Sierra,NM,New Mexico,35051,32.1,16.7,44.7,11.1,20.8,74.3,16.7,11.7,28.1,32.5,17,12.5,6.9
Wells,IN,Indiana,18179,40.7,12.5,35.0,11.1,24,77.5,19.8,16.9,30.4,38.5,9.9,8.9,6.9
Cullman,AL,Alabama,01043,40.0,14.1,40.9,10.6,27.6,76.6,18.4,15.7,32.3,36.7,14.6,11.9,9.2
Granite,MT,Montana,30039,32.5,11.9,38.0,10.7,22.1,75.4,16.0,17.4,25.4,31.1,11.2,8.9,6.2
Craig,OK,Oklahoma,40035,43.6,17.4,43.0,13.7,29.6,75.0,23.2,13.0,38.1,38.8,20.6,15.9,10.2
Olmsted,MN,Minnesota,27109,35.3,9.8,28.6,9.7,24.8,68.8,12.4,19.9,18.7,29.9,8,8.3,5.1
Garland,AR,Arkansas,05051,37.6,15.3,41.4,10.6,28.4,80.6,16.4,15.2,30.1,36.3,,,6.3
Sargent,ND,North Dakota,38081,35.8,11.5,34.4,10.3,19.9,74.8,17.3,20.3,27.1,33.7,,,6.1
Phillips,AR,Arkansas,05107,50.7,22.2,51.4,12.8,24,82.8,23.6,11.0,43.6,48.4,,,10.0
Spokane,WA,Washington,53063,33.7,10.2,30.7,12.5,29.4,70.4,13.6,17.4,20.8,32.6,10.9,11.1,5.4
Dallas,IA,Iowa,19049,32.7,8.8,24.8,9.2,17.4,77.1,11.2,24.2,18.2,27.8,5.7,6.1,4.0
Wyandot,OH,Ohio,39175,39.8,12.9,36.4,10.6,25.9,78.7,16.9,18.9,27.1,36.9,8.5,8.3,4.8
Pittsylvania,VA,Virginia,51143,43.6,18.0,44.7,11.2,23.5,80.8,20.1,13.5,30.6,35.3,,,8.2
Oglala Lakota,SD,South Dakota,46102,43.3,18.0,37.9,14.5,20.1,74.5,37.3,18.6,33.8,40.6,,,13.9
Fulton,IL,Illinois,17057,39.4,13.5,36.8,10.5,22.4,76.2,18.5,18.2,26.8,36.8,,,8.5
Harrison,IN,Indiana,18061,36.9,12.7,36.6,11.0,23.3,77.5,18.2,17.8,28.1,39.4,10.4,8.8,5.2
Aransas,TX,Texas,48007,39.5,17.0,40.8,9.9,23,77.0,17.2,15.4,32.9,37.6,17.3,12.8,15.0
Hutchinson,SD,South Dakota,46067,33.4,10.2,34.6,9.3,17.2,77.7,15.2,18.5,23.0,28.3,,,5.6
Henry,AL,Alabama,01067,38.4,17.8,45.5,11.2,25.3,80.0,20.8,13.1,35.2,41.0,20.9,16.1,9.9
Arenac,MI,Michigan,26011,38.6,14.1,41.6,11.9,25.8,79.9,19.1,16.4,27.7,32.7,13.4,10.8,4.9
Logan,ND,North Dakota,38047,37.0,13.4,38.8,10.9,20.5,76.5,17.3,18.0,31.0,32.0,,,5.0
Tioga,NY,New York,36107,35.5,11.0,33.6,10.3,21.1,79.5,14.0,18.4,25.0,37.8,,,4.2
Osage,MO,Missouri,29151,36.4,10.5,32.8,10.0,23.1,75.6,17.8,19.5,24.4,37.1,8.5,7.9,7.8
Chautauqua,NY,New York,36013,33.8,11.8,35.6,11.0,22.4,80.4,16.1,17.4,28.3,39.5,,,6.0
Chelan,WA,Washington,53007,28.4,11.1,31.8,11.3,24,70.3,11.9,17.3,18.8,27.7,12.3,11.3,8.2
Skagway,AK,Alaska,02230,34.2,9.4,30.6,10.1,19.7,65.6,18.5,19.8,23.9,36.0,11.9,11.4,9.0
Greene,MS,Mississippi,28041,42.6,13.8,42.9,9.6,20.6,76.4,20.1,16.8,31.9,37.6,19.9,16,10.6
Ellsworth,KS,Kansas,20053,39.1,13.6,41.8,10.2,18,76.5,17.9,17.9,29.0,34.1,11.7,10.2,8.8
Jasper,GA,Georgia,13159,40.0,13.9,40.8,10.7,23.1,76.0,18.4,15.0,29.9,36.7,14.4,12.1,12.3
Coffee,TN,Tennessee,47031,39.7,15.0,38.4,12.2,32.7,75.5,24.0,14.1,31.6,39.7,17.1,13.2,12.2
Hardeman,TN,Tennessee,47069,47.5,17.1,46.5,11.7,26.9,78.9,24.0,13.5,34.6,44.1,25.3,20.2,12.0
Hoke,NC,North Carolina,37093,35.9,13.0,35.0,11.0,24,76.5,17.1,16.9,26.5,39.9,20,18.9,11.6
Santa Clara,CA,California,06085,22.2,10.7,24.8,8.5,16.9,68.3,8.9,15.9,19.7,31.7,8.7,7.7,6.3
Linn,IA,Iowa,19113,36.8,11.3,31.6,10.1,21.5,79.7,13.5,21.4,23.3,30.9,10.2,9.4,5.3
Van Zandt,TX,Texas,48467,36.2,14.3,38.3,10.8,25.7,74.3,17.4,17.2,29.0,36.7,16.7,13.3,13.6
Canyon,ID,Idaho,16027,37.2,10.5,33.0,11.5,22.4,72.0,14.4,16.7,25.5,34.8,13.8,12.1,11.5
Macon,GA,Georgia,13193,48.1,20.3,47.7,11.9,20.5,77.6,25.7,11.9,42.4,46.8,34.4,25.4,19.9
Lee,VA,Virginia,51105,40.7,16.5,44.6,10.9,26.8,80.4,20.2,15.6,30.3,38.2,,,6.3
Fulton,KY,Kentucky,21075,44.9,18.8,46.8,12.5,27.2,79.7,25.9,11.5,37.0,43.8,22.9,16.2,8.3
Broomfield,CO,Colorado,08014,24.7,7.0,23.7,10.1,22.1,69.4,8.6,20.8,12.9,30.3,,,5.7
Chemung,NY,New York,36015,34.2,11.9,34.1,11.3,22.6,78.5,15.9,17.9,28.6,34.4,,,4.7
Blaine,MT,Montana,30005,41.4,13.3,36.3,12.3,24.4,71.7,22.1,19.5,27.8,31.7,20.1,16.6,7.5
Glenn,CA,California,06021,33.6,12.6,32.6,10.8,23.3,69.1,14.9,18.3,27.0,36.2,20.1,16.8,11.2
Manatee,FL,Florida,12081,33.1,14.2,,9.4,20.5,77.9,15.1,13.9,27.0,37.8,14,11.2,10.4
Mower,MN,Minnesota,27099,40.3,12.2,33.4,10.2,24,71.5,16.4,20.4,25.5,33.6,11.6,10.6,7.2
Haskell,TX,Texas,48207,39.1,15.7,39.5,10.0,23.6,73.5,19.1,16.7,31.7,37.8,21.2,16.4,19.2
Wilcox,AL,Alabama,01131,47.8,23.1,53.8,12.4,22.8,83.0,23.6,10.2,42.6,45.4,36.1,27,12.2
Liberty,TX,Texas,48291,39.7,14.6,35.6,11.0,26.1,71.5,21.1,17.5,33.6,39.3,22,18.3,23.9
Davidson,NC,North Carolina,37057,34.3,12.3,37.1,10.0,23.6,77.8,16.0,16.7,23.3,32.5,14.2,12.5,9.5
Bledsoe,TN,Tennessee,47007,43.1,16.9,41.4,11.6,29.9,77.0,25.6,14.2,33.6,39.8,22.9,16.3,12.5
Lake,TN,Tennessee,47095,44.7,17.1,42.5,11.8,29.2,76.3,27.0,14.8,36.7,43.7,27.4,20.5,14.2
Richmond,NC,North Carolina,37153,39.2,14.8,41.9,10.7,22.9,78.7,17.6,15.3,28.0,36.4,21.3,17.6,10.0
Monroe,WI,Wisconsin,55081,38.8,11.3,32.4,10.9,23.1,75.2,16.6,21.8,23.7,31.1,14.3,11.8,4.9
Coke,TX,Texas,48081,39.0,17.8,41.3,10.4,24,75.9,20.1,15.3,34.6,38.2,16.9,12.7,16.0
Van Buren,IA,Iowa,19177,40.9,13.9,36.4,10.0,18.9,78.6,18.7,19.2,30.2,33.3,11.3,10,6.2
Mahaska,IA,Iowa,19123,42.2,11.6,31.5,9.8,19.3,77.9,15.1,20.7,26.6,34.2,11.9,10.4,4.7
Lamar,TX,Texas,48277,38.3,14.8,40.0,10.9,25.1,74.9,18.7,16.3,29.9,38.6,18.4,14.9,12.9
Morgan,MO,Missouri,29141,43.1,15.1,42.7,10.9,23.9,77.7,22.3,16.5,31.6,38.9,18.7,13.9,8.3
Colleton,SC,South Carolina,45029,44.8,16.9,45.9,10.9,21.4,80.9,20.3,14.5,32.8,38.1,20.1,16.6,10.5
Amherst,VA,Virginia,51009,35.7,15.4,40.8,10.8,24,80.4,16.6,15.9,26.3,36.2,,,5.7
Dougherty,GA,Georgia,13095,43.6,17.7,48.9,12.4,19.5,81.4,18.2,11.3,32.6,46.3,30,24.2,12.1
Windham,VT,Vermont,50025,25.4,8.6,32.4,12.0,26,73.6,12.5,17.3,18.0,27.6,8.9,8.5,4.6
Sheridan,WY,Wyoming,56033,31.4,10.1,31.9,10.1,21,70.4,14.2,16.1,20.9,29.3,6.8,6.6,7.5
Dunn,WI,Wisconsin,55033,39.3,9.9,30.0,11.0,26,74.8,14.9,22.1,22.8,33.9,9.1,8.3,5.0
Apache,AZ,Arizona,04001,38.8,20.1,36.4,15.1,24.4,69.3,26.3,15.6,32.4,41.8,33.8,24.5,11.9
Charlotte,FL,Florida,12015,33.2,15.3,,9.4,20,82.9,13.9,13.8,27.0,33.2,9.3,7.6,7.5
Winn,LA,Louisiana,22127,43.4,16.4,45.1,10.6,26.5,79.4,22.0,16.5,34.7,41.9,,,8.9
Lancaster,VA,Virginia,51103,38.8,18.5,47.3,10.1,20.4,84.6,14.2,12.6,26.7,34.3,,,4.0
Mecklenburg,NC,North Carolina,37119,34.2,10.5,29.8,9.9,21.3,75.7,13.0,19.6,18.8,38.7,14.1,14,9.1
Wayne,NY,New York,36117,37.2,10.8,35.5,10.9,22.4,79.6,14.4,19.5,24.7,37.0,,,4.1
Oceana,MI,Michigan,26127,37.3,12.7,38.5,10.8,24.4,78.8,16.6,16.9,25.9,31.4,16.2,12.8,6.1
Morgan,IL,Illinois,17137,36.9,12.6,37.4,10.4,21.8,76.6,17.3,18.1,25.0,37.2,,,8.1
Frontier,NE,Nebraska,31063,39.2,12.8,35.1,9.6,17.7,75.3,15.3,17.2,27.6,30.2,11.8,9.3,6.3
Pearl River,MS,Mississippi,28109,39.9,13.8,42.9,9.9,22.2,78.1,17.4,15.1,30.5,38.6,17.8,13.6,9.4
Fayette,OH,Ohio,39047,40.9,15.8,39.3,11.9,28.4,78.1,23.4,15.9,31.9,39.5,15.9,12.9,7.4
Roosevelt,NM,New Mexico,35041,31.9,11.2,29.4,11.0,23.5,65.7,15.6,16.6,25.5,34.0,19.1,16.1,9.5
Lewis and Clark,MT,Montana,30049,30.7,8.2,29.1,10.6,23.1,73.7,11.8,20.8,16.7,27.8,6.9,7.1,4.2
Lewis,ID,Idaho,16061,35.9,14.2,41.6,11.1,23.4,77.2,16.5,12.4,29.2,34.0,13.5,10.6,7.4
Sequoyah,OK,Oklahoma,40135,41.2,16.8,44.2,13.4,29.3,75.4,22.5,13.3,38.0,37.0,20.3,15.5,9.7
Garza,TX,Texas,48169,40.6,13.8,30.9,8.7,20.7,66.6,18.6,21.1,33.4,41.1,24.5,20.1,32.6
Telfair,GA,Georgia,13271,45.7,17.8,47.3,10.4,20,75.4,21.7,13.5,37.9,42.8,32.3,23.8,21.5
Hamilton,IA,Iowa,19079,35.4,12.1,33.0,9.4,17.3,79.7,15.1,20.3,25.8,30.7,9,8.5,4.9
Wright,IA,Iowa,19197,41.4,14.3,34.2,9.8,18.8,79.7,17.3,19.2,31.4,31.9,12,10.1,6.3
Major,OK,Oklahoma,40093,41.5,13.7,41.4,11.5,26.2,76.0,16.9,13.6,30.6,33.4,12.2,10.4,8.6
St. Charles,LA,Louisiana,22089,37.6,12.7,38.7,10.4,27.7,79.6,15.7,19.3,25.5,39.1,,,6.8
Hart,GA,Georgia,13147,35.6,14.1,44.9,10.2,21.1,78.5,15.5,14.4,28.0,33.5,15.2,12.5,10.2
Middlesex,NJ,New Jersey,34023,27.1,11.1,29.9,8.2,14.2,77.4,9.8,13.2,22.0,38.8,14.9,12.4,8.2
Mayes,OK,Oklahoma,40097,43.0,15.5,42.6,13.1,28.2,75.3,21.2,13.5,35.1,37.4,17.4,14.3,9.1
Murray,GA,Georgia,13213,38.1,12.9,37.4,10.6,23.8,74.8,18.2,16.3,31.3,35.5,16.2,12.9,14.6
Prince George's,MD,Maryland,24033,36.5,14.5,39.6,10.7,14,77.2,10.7,11.2,24.4,43.7,21.7,20.2,9.0
Adams,NE,Nebraska,31001,40.0,11.3,35.6,9.4,19.4,73.1,14.0,18.8,25.4,29.2,11.9,9.9,7.0
Metcalfe,KY,Kentucky,21169,41.8,15.5,42.3,11.5,27.6,78.9,23.1,12.8,31.5,40.3,22.7,15.6,6.8
Estill,KY,Kentucky,21065,43.0,16.5,44.0,11.8,28.6,78.0,25.3,12.5,33.4,41.3,20.7,14.4,7.8
Charleston,SC,South Carolina,45019,28.7,10.6,32.2,8.9,19.2,77.8,9.6,21.8,17.8,30.0,9.8,9.6,6.4
Clatsop,OR,Oregon,41007,30.2,11.2,34.1,11.1,25.3,75.0,12.3,17.8,18.1,29.2,,,4.2
Orange,IN,Indiana,18117,41.3,13.7,40.1,11.4,25.3,79.4,19.6,15.2,28.9,38.7,13.2,10.4,5.9
Ohio,WV,West Virginia,54069,37.1,13.7,40.0,11.2,26,81.6,15.1,15.8,25.7,39.2,12.1,10.8,4.1
Ashland,WI,Wisconsin,55003,37.6,13.3,36.5,11.7,25.3,75.9,19.8,19.0,25.2,32.8,10.9,9.7,5.2
Kershaw,SC,South Carolina,45055,36.7,14.0,37.0,10.2,20.9,79.5,17.0,17.3,29.1,38.8,15.1,13.4,9.3
Scott,IL,Illinois,17171,35.4,11.8,37.2,9.8,21.1,78.1,13.7,18.5,22.6,34.3,,,5.1
Allegany,MD,Maryland,24001,36.5,13.7,39.6,12.1,26.7,80.5,15.0,15.8,26.9,41.0,13.7,11.3,5.8
Benton,OR,Oregon,41003,24.1,8.7,25.7,11.2,25.5,70.9,10.6,20.2,15.9,25.2,,,4.6
Kauai,HI,Hawaii,15007,22.6,12.6,30.7,9.4,16.7,74.4,13.1,17.3,21.2,42.5,,,4.4
Benton,MS,Mississippi,28009,43.9,17.0,46.6,10.7,21,80.2,18.4,13.5,33.9,37.6,22.6,17.2,9.4
Briscoe,TX,Texas,48045,43.3,20.8,44.1,10.6,24.1,76.6,21.8,13.7,39.1,39.7,26.6,18.9,18.4
Jasper,SC,South Carolina,45053,37.2,16.3,43.2,10.1,19.3,81.0,17.3,14.6,29.3,35.8,19,15.9,11.3
Bristol,RI,Rhode Island,44001,25.3,9.9,30.4,11.6,21.1,84.2,12.4,17.4,19.0,31.8,8,7.2,4.0
Claiborne,LA,Louisiana,22027,44.9,21.5,49.9,11.5,24.9,82.1,27.2,14.2,41.8,46.4,,,10.5
Montgomery,TN,Tennessee,47125,42.2,11.2,32.4,11.6,30.4,75.0,18.5,17.3,26.4,44.8,15,13.2,11.7
Mackinac,MI,Michigan,26097,38.2,15.2,42.4,11.5,23.1,81.4,16.9,15.0,27.7,33.1,13.9,11.2,3.7
Stonewall,TX,Texas,48433,37.7,16.6,41.9,9.9,22.8,76.5,17.0,15.2,31.7,36.9,16.3,12.8,14.1
Petroleum,MT,Montana,30069,32.5,11.8,38.9,10.4,21.4,75.8,14.9,17.5,24.8,30.6,8.1,7.8,5.2
Todd,MN,Minnesota,27153,40.3,13.0,36.4,10.4,25.1,73.6,16.2,18.4,25.6,29.7,11.5,10.3,5.9
Lake,OR,Oregon,41037,34.0,13.7,36.8,11.6,25.4,72.5,17.7,16.4,24.7,32.1,,,6.0
Preble,OH,Ohio,39135,38.7,14.3,38.4,11.2,26.5,78.9,20.8,18.1,27.7,36.8,11.5,10.4,6.3
Montcalm,MI,Michigan,26117,39.0,11.4,34.1,11.2,26.2,77.3,19.7,17.9,25.8,36.0,14.6,12.5,6.2
Clinton,IN,Indiana,18023,39.0,12.8,36.1,10.6,24.2,77.4,18.6,16.5,30.3,37.6,14.4,11.9,8.0
Habersham,GA,Georgia,13137,36.1,12.9,35.6,10.7,24.1,75.5,16.9,14.7,30.3,35.3,16.6,13,15.6
Putnam,WV,West Virginia,54079,38.3,13.9,42.4,11.5,27.2,82.4,15.8,15.3,26.6,40.3,10.5,9.9,4.7
Thayer,NE,Nebraska,31169,40.0,14.1,38.9,9.5,17.3,75.3,15.6,17.1,28.6,29.2,10,8.2,6.5
Chatham,NC,North Carolina,37037,30.8,13.5,37.8,9.5,21.2,79.7,13.7,14.6,22.6,28.6,12.8,11.1,7.9
Johnson,IA,Iowa,19103,28.4,8.4,23.0,9.3,20,76.8,11.0,25.7,18.5,29.5,7.8,7.6,4.4
Bay,FL,Florida,12005,35.1,11.6,,10.1,21,77.2,15.8,16.3,25.2,38.9,15,13.3,10.4
Ray,MO,Missouri,29177,40.5,12.6,38.3,10.8,24.6,76.6,19.0,18.2,27.2,37.6,12.3,10.8,7.9
Saline,KS,Kansas,20169,37.4,13.2,39.2,10.5,20.3,77.6,16.6,17.9,25.6,32.4,12.4,10.9,7.7
Willacy,TX,Texas,48489,47.4,19.5,36.5,9.1,20.7,70.6,16.7,16.2,39.8,41.0,34.8,25.9,36.3
Calloway,KY,Kentucky,21035,38.6,12.4,35.1,11.1,28.6,77.9,15.2,14.1,25.7,39.3,16.6,12.2,4.4
Kaufman,TX,Texas,48257,37.9,12.2,31.9,10.4,23.6,72.6,16.9,19.3,29.5,41.3,19,17.3,17.4
Mineral,CO,Colorado,08079,27.0,10.6,33.1,10.9,22.8,73.2,13.4,16.8,19.4,29.5,,,5.4
San Francisco,CA,California,06075,17.6,9.9,25.5,8.5,18.2,70.8,8.6,22.0,16.5,32.0,10.5,8.8,4.6
Trimble,KY,Kentucky,21223,39.1,13.8,40.4,10.9,26.4,78.6,19.4,13.8,27.6,38.9,13.8,10.5,5.6
Yellow Medicine,MN,Minnesota,27173,39.3,12.0,35.2,10.1,23.7,72.9,16.2,20.0,24.1,32.5,10.2,9.8,5.3
Marshall,MN,Minnesota,27089,41.8,11.7,35.3,9.8,23.9,72.8,16.1,19.5,24.6,30.1,9.2,9.1,5.4
Yamhill,OR,Oregon,41071,34.2,10.7,31.0,11.1,25.7,71.4,13.9,18.4,21.0,33.4,,,6.3
Kittson,MN,Minnesota,27069,38.3,12.6,35.2,10.3,23.9,74.6,16.4,18.4,23.2,30.2,8.2,7.6,4.9
Henderson,NC,North Carolina,37089,33.6,12.4,37.8,9.4,23.2,78.9,13.5,15.6,22.2,32.3,10.3,9.2,7.4
Taliaferro,GA,Georgia,13265,43.3,20.2,54.0,11.1,18.2,81.2,18.8,10.9,35.6,41.6,23.6,19.2,12.3
Sauk,WI,Wisconsin,55111,39.6,11.5,33.3,11.3,25.6,75.6,18.5,22.4,23.4,34.2,8.9,8.2,5.5
Vernon,MO,Missouri,29217,40.6,13.1,38.3,11.0,24.3,76.7,21.1,16.6,30.7,37.9,17.5,13.3,9.0
LaGrange,IN,Indiana,18087,41.5,12.2,34.3,12.1,27.1,74.5,21.9,17.4,31.7,34.3,15.8,12.8,10.1
Snyder,PA,Pennsylvania,42109,35.5,11.3,34.1,10.4,23.8,78.7,15.3,18.2,25.3,34.9,,,4.1
Jefferson,ID,Idaho,16051,37.3,10.1,28.8,10.9,22.6,70.6,15.5,16.4,25.4,33.5,11.3,10,8.1
Winnebago,IL,Illinois,17201,38.1,13.6,36.4,10.9,21.4,75.3,17.8,17.2,28.5,36.5,,,11.5
Lafourche,LA,Louisiana,22057,42.8,14.5,41.8,10.7,29.6,79.1,21.2,18.3,31.9,41.5,,,7.8
Owsley,KY,Kentucky,21189,41.1,17.0,45.3,11.7,28.5,78.9,24.6,12.2,33.6,41.1,22,14.5,6.5
Pickett,TN,Tennessee,47137,39.6,18.9,46.1,12.2,31,78.9,25.1,12.5,37.1,38.1,17,11.6,10.6
Alger,MI,Michigan,26003,34.3,12.9,39.6,11.0,23.5,79.0,17.2,17.3,26.3,33.8,12.5,10.7,4.9
Lincoln,MO,Missouri,29113,41.7,10.6,36.4,10.4,24.1,74.0,18.8,19.6,26.2,38.7,13.2,11.5,8.3
Wake,NC,North Carolina,37183,25.8,9.2,29.4,8.8,20.3,77.2,9.6,18.5,15.8,31.5,8.6,9,7.0
Sioux,IA,Iowa,19167,32.6,10.2,27.5,9.2,17.1,75.8,14.8,21.7,27.6,26.6,8.2,7.7,6.7
Garvin,OK,Oklahoma,40049,42.2,14.4,40.0,12.3,27.9,73.9,19.9,13.5,34.6,38.4,17.6,14.5,10.0
Charles City,VA,Virginia,51036,41.9,19.8,48.5,11.4,21.7,83.1,17.3,14.2,28.0,39.1,,,5.8
Ross,OH,Ohio,39141,42.6,15.5,37.9,11.7,27.9,78.8,23.5,15.9,30.5,39.4,16.5,13.6,7.4
Storey,NV,Nevada,32029,31.1,12.4,39.7,10.4,19.7,75.8,13.8,16.0,23.5,33.0,9.8,8.5,6.0
Unicoi,TN,Tennessee,47171,36.6,16.3,42.8,11.8,30.5,76.6,24.3,13.4,34.5,39.3,18.3,13.2,12.4
Monroe,OH,Ohio,39111,42.7,15.8,42.7,11.5,26.8,79.2,22.7,16.7,31.7,36.8,13.8,11.3,6.5
Jackson,MI,Michigan,26075,39.3,11.7,36.1,11.7,25.6,75.8,18.5,17.3,26.0,40.8,11.9,10.9,5.5
Herkimer,NY,New York,36043,37.8,11.4,35.3,10.8,21.1,79.8,16.5,19.7,25.3,35.8,,,4.2
Merrimack,NH,New Hampshire,33013,30.7,9.7,30.4,11.5,25.2,75.4,11.7,17.5,19.8,32.0,7.5,7.3,5.2
Gogebic,MI,Michigan,26053,37.9,14.5,41.5,11.6,24.7,80.6,18.0,15.6,28.8,33.2,12.4,9.9,4.3
Big Horn,WY,Wyoming,56003,34.2,11.3,34.4,10.4,20.8,70.2,14.9,16.4,22.4,30.2,11.5,10.3,9.2
Richmond,VA,Virginia,51760,35.1,13.6,33.7,11.3,26.1,78.3,16.4,20.4,23.2,37.2,,,7.5
Walla Walla,WA,Washington,53071,31.4,10.8,29.3,12.2,25.9,70.9,11.9,17.7,18.5,29.0,11.7,11.1,8.2
Western Connecticut,CT,Connecticut,09190,25.2,8.4,26.7,10.4,18.4,77.6,9.7,16.6,20.8,33.3,12.3,11.8,8.8
Codington,SD,South Dakota,46029,39.6,10.7,31.9,9.2,19.9,78.3,16.8,21.1,26.4,30.6,,,6.1
Logan,IL,Illinois,17107,38.4,12.1,34.0,10.4,22.1,76.3,17.4,18.7,25.4,36.5,,,8.2
Marshall,KS,Kansas,20117,41.5,13.4,38.9,10.8,19.9,77.4,17.2,15.5,27.0,34.7,11.5,9.8,7.1
Tooele,UT,Utah,49045,39.3,9.3,27.9,11.1,27.9,68.2,10.5,15.6,18.7,39.6,12.8,12.6,9.3
Charlotte,VA,Virginia,51037,40.7,18.6,43.9,11.5,23.6,80.7,20.4,14.6,32.3,40.5,,,7.2
Jefferson,MO,Missouri,29099,39.5,11.1,36.5,10.4,24.7,75.9,19.8,21.7,26.6,36.7,8,8,7.8
Sussex,NJ,New Jersey,34037,29.6,9.3,32.2,9.8,18.5,75.5,11.4,18.6,20.2,35.5,11.4,11,6.1
Casey,KY,Kentucky,21045,41.6,18.0,43.7,12.4,29.7,78.7,26.1,12.1,37.0,44.8,23.4,15.4,6.7
Montgomery,NC,North Carolina,37123,37.5,14.5,41.1,10.1,22.1,78.8,16.6,15.0,27.2,34.5,16.1,14.4,10.2
Matagorda,TX,Texas,48321,40.9,17.5,38.0,10.3,23.2,73.4,18.9,15.9,34.7,40.3,24.1,19,21.4
DoÃ±a Ana,NM,New Mexico,35013,34.1,12.4,31.9,10.6,21.8,68.9,13.4,16.2,23.8,31.4,19.9,16.2,11.4
Marion,AR,Arkansas,05089,37.2,18.2,46.7,10.9,26.6,81.1,20.5,13.7,33.3,37.1,,,6.5
DeKalb,IL,Illinois,17037,33.9,9.9,29.0,10.1,21.9,74.6,13.0,20.6,21.6,34.6,,,7.6
Pulaski,VA,Virginia,51155,35.5,13.7,39.5,10.6,25.4,79.9,16.5,16.9,23.8,35.9,,,5.8
Chisago,MN,Minnesota,27025,38.5,10.1,31.3,9.6,23.5,69.6,16.5,22.4,21.7,31.1,7.8,8.3,5.2
Spartanburg,SC,South Carolina,45083,36.4,12.5,35.8,9.9,23.8,78.1,15.8,14.9,28.4,37.9,13.8,12.5,10.1
Polk,MN,Minnesota,27119,38.5,11.3,34.0,10.0,24.7,71.9,14.6,20.7,21.8,32.0,8.4,7.9,5.2
Kittitas,WA,Washington,53037,29.6,9.2,29.7,11.9,28.6,68.6,11.6,18.0,19.7,29.7,10.6,9.9,5.4
Bienville,LA,Louisiana,22013,46.0,20.4,49.8,11.5,26.8,82.7,25.3,13.3,39.7,43.3,,,9.4
Crockett,TX,Texas,48105,38.9,17.2,35.0,9.3,21.2,73.3,14.9,17.0,32.2,37.7,21.7,18.1,23.3
Livingston,KY,Kentucky,21139,41.1,15.0,43.2,10.9,26.8,80.3,18.1,12.7,26.4,38.4,13.8,10.2,4.5
Webster,KY,Kentucky,21233,38.4,15.3,41.5,11.3,27.6,78.2,22.1,13.5,30.9,42.6,20.3,14.4,6.5
Parmer,TX,Texas,48369,39.6,16.7,34.3,9.9,22.8,71.2,16.6,17.1,34.0,37.6,25.5,20.6,27.6
Rockingham,NC,North Carolina,37157,38.0,14.9,38.8,10.7,24.1,78.8,17.7,15.0,27.6,37.0,16.8,14.9,9.0
Middlesex,MA,Massachusetts,25017,22.0,7.7,26.5,10.8,23,77.4,8.1,17.9,15.6,30.6,8.9,8.8,2.6
Madison,NY,New York,36053,33.3,9.8,35.2,10.9,23.3,79.4,14.4,18.8,23.0,36.4,,,4.7
Grant,IN,Indiana,18053,41.7,14.0,37.4,11.7,27,77.9,19.7,14.4,32.6,38.9,14,11.2,6.5
Sherman,KS,Kansas,20181,39.3,13.6,35.7,10.9,19.8,76.4,16.9,16.0,28.6,33.4,14.4,12,9.8
Bryan,GA,Georgia,13029,37.7,9.8,32.9,10.0,23.1,74.6,14.0,18.0,21.7,35.0,12.1,12,10.2
Mitchell,TX,Texas,48335,40.3,14.2,34.2,9.3,21.6,69.6,19.6,19.0,33.1,40.8,24.3,19.7,26.8
Callaway,MO,Missouri,29027,41.5,12.1,35.3,10.7,25.4,75.7,20.9,18.7,27.8,38.4,12.8,11.3,9.7
Cherokee,AL,Alabama,01019,39.9,15.2,44.3,10.0,25,80.5,16.3,14.2,28.7,35.4,12.6,10.3,6.9
Stoddard,MO,Missouri,29207,45.1,14.1,39.3,11.2,24.4,77.0,24.7,16.2,33.9,40.5,14.6,11.4,9.7
Montgomery,TX,Texas,48339,35.8,12.0,31.4,9.9,22.8,73.1,16.3,18.4,26.8,38.5,13.1,12.8,16.4
Hancock,MS,Mississippi,28045,36.2,14.7,43.8,10.2,22.8,77.3,18.9,15.1,32.9,34.6,12.9,10.1,9.5
Rockcastle,KY,Kentucky,21203,40.8,16.4,43.3,12.1,28.9,78.1,25.2,12.4,35.0,41.6,19.1,13.2,7.7
Alpine,CA,California,06003,29.3,11.7,33.2,10.3,21.8,73.1,12.3,19.4,18.8,33.2,10.4,9.2,4.1
Smith,TN,Tennessee,47159,37.1,13.3,38.4,11.7,31.7,77.1,20.2,16.3,28.3,37.4,17.5,13.7,9.1
Rock,WI,Wisconsin,55105,38.1,10.8,32.5,11.3,24.3,75.5,17.2,20.2,24.8,37.2,11.3,10.8,5.8
Cheyenne,NE,Nebraska,31033,41.0,12.6,38.8,9.2,17,74.4,15.3,18.1,29.3,33.9,10.7,9,6.5
Lewis,MO,Missouri,29111,38.3,12.9,38.1,11.0,26.2,75.2,21.8,17.5,30.7,39.3,16.6,12.7,9.8
Bracken,KY,Kentucky,21023,37.9,14.6,41.1,11.4,28,79.2,19.4,13.6,28.0,39.6,15.8,11.3,5.2
Washington,FL,Florida,12133,41.2,13.7,,10.4,22.9,75.5,20.7,15.4,30.9,42.1,20.6,15.8,14.3
Schuyler,NY,New York,36097,37.6,12.3,36.1,11.3,23.3,79.8,19.0,17.5,28.1,37.9,,,5.2
Sabine,TX,Texas,48403,38.0,18.0,47.5,10.4,23.8,77.8,19.2,14.4,32.2,36.6,15.2,11.5,10.9
Henderson,TX,Texas,48213,36.9,15.4,41.0,10.5,24.6,75.3,17.6,15.9,29.5,36.4,17,13.9,13.8
Pickens,AL,Alabama,01107,43.8,17.2,46.5,11.0,22.8,80.9,19.4,13.0,34.2,41.2,22.5,18.2,10.7
Iberville,LA,Louisiana,22047,45.7,16.0,44.2,11.0,25.4,81.0,21.8,17.0,34.3,42.3,,,8.9
Runnels,TX,Texas,48399,37.7,15.2,38.4,9.7,22.6,74.2,15.6,17.1,30.3,38.2,17,13.9,17.7
Nemaha,NE,Nebraska,31127,39.7,11.3,31.9,9.5,18.8,72.7,14.9,18.2,28.6,31.3,14.3,11,7.3
Lee,FL,Florida,12071,30.6,14.0,,9.2,19.9,78.8,12.2,15.8,23.6,33.8,15.2,12,10.0
Goochland,VA,Virginia,51075,32.3,13.3,36.8,9.6,21.6,81.4,11.3,17.0,18.4,34.9,,,3.6
Bee,TX,Texas,48025,42.6,15.7,34.4,9.2,21.1,69.9,18.1,19.3,33.3,41.4,28.6,22.5,26.2
Pope,AR,Arkansas,05115,35.2,13.9,38.8,11.1,29.2,77.7,18.2,16.3,28.9,36.5,,,8.5
Conejos,CO,Colorado,08021,30.3,13.8,32.5,11.0,22.1,70.1,13.8,16.3,25.2,32.3,,,13.1
Winnebago,WI,Wisconsin,55139,38.4,9.5,30.0,11.0,25.9,75.2,15.5,22.0,20.6,31.1,10,9.3,4.9
Kenosha,WI,Wisconsin,55059,43.0,11.6,30.9,11.7,25.9,74.2,19.1,22.3,24.6,35.8,12.1,11.1,7.7
Teton,ID,Idaho,16081,30.1,9.3,27.0,10.2,21.4,71.4,11.7,17.1,19.1,30.6,9,8.8,7.8
Hot Spring,AR,Arkansas,05059,38.7,15.6,41.5,10.8,26.4,79.4,21.4,15.8,33.6,39.2,,,8.7
Poweshiek,IA,Iowa,19157,40.6,11.5,32.1,9.7,19.1,78.2,15.9,20.6,27.7,31.2,9.5,8.8,5.3
Clinton,IL,Illinois,17027,35.3,11.0,34.9,9.8,21.2,76.1,15.2,19.6,23.5,35.5,,,7.3
Humboldt,NV,Nevada,32013,34.0,12.2,32.4,11.2,21.9,70.4,19.4,19.3,29.7,38.2,14.8,13.6,12.7
Wabash,IN,Indiana,18169,36.7,13.2,38.9,10.9,23.7,78.6,18.4,15.2,29.3,32.5,11.1,8.8,5.9
Howard,TX,Texas,48227,41.9,14.1,34.2,9.4,21.9,70.4,17.4,18.9,30.2,39.1,21.5,18.1,22.7
Clinch,GA,Georgia,13065,45.1,16.5,45.4,12.1,24.2,76.8,22.6,13.0,37.3,40.9,27.9,20.8,16.6
Assumption,LA,Louisiana,22007,41.1,16.7,43.5,11.2,27.7,80.5,22.4,15.9,34.6,38.1,,,8.9
Delaware,PA,Pennsylvania,42045,30.9,10.8,33.0,10.3,21.3,79.6,12.5,18.2,20.1,40.4,,,4.2
Madison,VA,Virginia,51113,37.3,14.6,41.2,10.4,24.2,81.0,14.9,16.3,24.2,34.2,,,5.0
Peach,GA,Georgia,13225,41.6,14.3,41.9,11.2,20.8,78.2,16.1,13.9,28.8,40.2,22.8,18.6,11.7
Clay,WV,West Virginia,54015,42.7,18.6,46.2,13.1,29.6,81.0,25.0,13.4,34.8,42.4,15.8,12.2,7.6
Wallace,KS,Kansas,20199,39.9,13.9,38.2,10.1,18.8,79.0,15.4,16.2,25.3,33.9,9.4,8.4,6.6
Crawford,WI,Wisconsin,55023,38.7,13.1,37.9,11.2,23.7,76.7,18.7,19.9,26.1,35.3,10.3,8.8,4.8
Marquette,WI,Wisconsin,55077,41.3,14.4,37.8,11.4,24,77.0,20.7,18.0,30.6,33.6,9.3,8.1,5.6
Marion,WV,West Virginia,54049,39.4,15.3,39.8,11.9,27.8,79.7,18.9,15.7,29.4,40.2,13.8,11.6,5.5
Monona,IA,Iowa,19133,40.2,13.5,35.2,10.2,19.3,79.5,17.5,19.0,28.7,32.4,10.8,9.3,5.5
Washington,MN,Minnesota,27163,31.1,8.3,28.0,9.4,22.9,73.5,8.8,20.6,15.0,24.9,6.6,7.5,3.5
Santa Cruz,AZ,Arizona,04023,31.5,16.9,31.1,9.7,18.8,71.4,12.4,16.3,27.9,34.8,21,17.8,17.8
Calhoun,FL,Florida,12013,43.7,14.1,,10.3,21.1,76.7,19.8,15.1,31.4,40.1,22.9,17.2,12.5
Platte,MO,Missouri,29165,39.9,10.5,33.7,10.4,23,77.3,14.9,19.9,22.6,35.2,7.6,7.9,7.1
Johnson,GA,Georgia,13167,42.7,17.1,47.8,10.9,21,77.4,22.5,14.1,36.1,38.5,26.2,19.3,15.6
Grundy,TN,Tennessee,47061,38.0,15.8,42.1,11.6,30.8,77.2,23.2,14.2,32.3,37.6,14.7,11.1,10.6
Bollinger,MO,Missouri,29017,41.4,14.1,41.5,11.5,25.6,76.6,24.1,16.2,31.0,38.7,15.7,12.2,10.8
Sanpete,UT,Utah,49039,31.5,10.2,29.0,11.7,26.7,68.1,11.9,12.4,20.6,36.6,13.5,11.3,10.9
Douglas,NE,Nebraska,31055,35.7,10.5,30.0,9.1,18,75.0,14.3,19.7,24.7,31.8,10.4,9.4,8.9
Webster,IA,Iowa,19187,37.8,11.6,31.7,9.5,18,79.2,13.9,21.8,25.2,36.3,11.8,10.6,4.8
Clay,MN,Minnesota,27027,33.9,8.8,28.9,10.4,27.4,71.8,13.4,22.5,20.4,32.1,10,10.2,4.8
St. Helena,LA,Louisiana,22091,45.7,18.4,48.2,11.2,25.1,82.8,21.4,14.5,36.1,41.4,,,8.3
Uinta,WY,Wyoming,56041,35.6,10.4,31.1,10.6,23.4,69.1,17.8,18.9,26.0,34.9,10.7,10.2,9.9
Fayette,KY,Kentucky,21067,33.7,11.6,35.2,10.7,25.5,77.7,15.4,15.5,22.6,38.1,13.7,11.3,5.0
Morgan,KY,Kentucky,21175,39.2,14.6,42.8,11.6,27.8,76.3,23.9,13.3,31.6,43.4,20.8,14.8,9.2
Nelson,ND,North Dakota,38063,38.5,12.2,37.0,10.1,19.1,77.4,15.3,18.6,27.8,31.3,,,5.0
Weston,WY,Wyoming,56045,35.2,12.4,34.3,10.1,20.7,70.4,17.6,16.6,25.2,30.5,8.2,7.9,9.4
Miller,GA,Georgia,13201,40.9,16.9,45.6,11.3,21.7,78.3,20.4,12.4,35.8,38.0,21.9,16.1,13.5
Martin,MN,Minnesota,27091,37.6,12.3,35.5,10.1,23.9,73.8,14.6,18.8,24.0,29.4,8.6,7.9,5.4
Cleveland,AR,Arkansas,05025,40.9,17.2,45.1,11.4,28.4,80.0,23.0,14.1,37.7,42.3,,,8.7
Person,NC,North Carolina,37145,40.6,14.9,40.4,10.8,23.6,78.6,18.8,15.9,28.7,36.4,16.5,14.9,9.6
Johnston,NC,North Carolina,37101,36.8,12.1,35.3,10.1,23.7,77.5,16.2,17.0,24.6,35.3,13.9,13.4,10.2
San Joaquin,CA,California,06077,33.7,12.1,29.1,10.1,19.1,68.3,12.5,16.9,24.3,38.1,21.8,18.3,9.7
Banner,NE,Nebraska,31007,40.4,13.1,35.3,9.0,16.2,77.0,12.2,17.2,24.7,28.6,9.6,8.3,5.1
Calhoun,WV,West Virginia,54013,44.5,20.1,50.0,12.6,28.1,82.4,25.5,12.7,40.9,41.2,18.9,14.1,6.6
Barnwell,SC,South Carolina,45011,42.9,16.8,45.5,11.1,20.5,80.9,19.9,14.0,33.6,43.9,22.4,18.2,12.4
Franklin,FL,Florida,12037,36.8,14.2,,10.0,20.4,78.2,17.7,16.8,28.1,34.5,17.9,13.3,10.8
Montmorency,MI,Michigan,26119,37.8,14.8,45.7,11.3,23.6,81.6,17.5,14.4,26.7,32.6,13.3,10.2,4.2
Jefferson,KS,Kansas,20087,41.7,11.8,35.7,10.2,18.7,76.4,14.4,18.4,22.4,32.3,7.1,7.3,6.0
Haines,AK,Alaska,02100,32.6,10.1,35.5,9.9,18.5,68.7,14.7,18.2,21.1,31.0,9.8,8.7,6.0
Adams,ID,Idaho,16003,31.8,14.2,41.2,10.8,21.8,76.4,15.0,14.0,26.9,30.9,9.1,7.7,5.3
Morgan,IN,Indiana,18109,38.3,13.1,36.3,11.3,25,77.4,20.0,15.7,29.8,35.0,11.3,9.6,6.9
Cherokee,TX,Texas,48073,38.8,15.7,38.7,10.4,23.4,74.2,18.9,16.5,31.8,39.5,24.3,19.1,17.2
Bath,VA,Virginia,51017,40.6,18.0,45.9,10.6,24.7,81.0,19.1,14.3,29.9,36.5,,,6.0
Franklin,ME,Maine,23007,32.5,10.6,31.3,11.8,26.3,80.2,14.6,17.2,23.7,35.0,9.4,9.2,5.9
Ozaukee,WI,Wisconsin,55089,34.0,9.6,31.6,10.1,21.9,77.7,11.7,21.7,17.8,28.6,6.6,6.6,3.5
Stanton,NE,Nebraska,31167,38.0,12.1,35.3,9.1,17,73.4,15.7,18.5,27.0,29.1,10.4,9.2,6.4
Contra Costa,CA,California,06013,28.6,11.2,27.9,9.5,17.7,70.5,10.4,18.0,19.4,35.1,12.1,11.4,5.6
Prentiss,MS,Mississippi,28117,39.5,13.3,41.0,10.6,23.3,77.7,18.4,15.1,32.0,36.4,17.3,13.2,9.8
Warren,GA,Georgia,13301,44.1,18.6,50.8,11.4,19.2,80.2,19.3,11.5,34.6,41.2,27.5,20.6,12.3
Perry,IL,Illinois,17145,39.2,14.1,38.8,10.6,21.9,75.5,20.8,18.5,29.4,38.8,,,9.3
James City,VA,Virginia,51095,33.6,13.5,36.9,9.6,20.6,81.6,10.6,15.6,19.3,29.2,,,3.7
Cheyenne,KS,Kansas,20023,39.2,14.4,42.1,10.5,19.2,78.0,16.2,15.4,28.7,32.6,11.7,9.7,7.8
Tazewell,IL,Illinois,17179,35.5,11.5,34.8,9.9,22.3,76.9,14.8,18.8,23.2,36.1,,,6.3
Sanborn,SD,South Dakota,46111,34.9,10.8,34.2,9.2,16.9,78.5,14.5,18.7,23.3,28.0,,,4.9
Mason,KY,Kentucky,21161,39.9,14.9,42.3,11.6,26.6,79.2,21.0,13.0,29.2,42.5,17.7,12.8,6.7
Lee,GA,Georgia,13177,37.0,11.5,36.8,10.2,21.3,76.0,15.2,16.6,24.9,36.1,13.2,12.4,10.9
Grenada,MS,Mississippi,28043,45.1,17.4,47.3,10.8,21.8,79.6,21.3,13.1,37.8,41.7,22.5,17.7,12.3
York,PA,Pennsylvania,42133,34.8,10.3,35.6,10.4,23.8,78.5,15.7,18.2,22.6,38.3,,,6.2
Harrison,WV,West Virginia,54033,40.5,15.6,42.6,11.8,28.1,81.8,19.5,13.9,30.9,39.0,12,11.1,5.3
Franklin,TN,Tennessee,47051,38.4,15.1,39.7,11.8,30.8,76.3,21.4,15.1,30.4,39.5,14,10.8,10.6
Highland,OH,Ohio,39071,43.1,15.0,40.8,11.7,28.4,77.6,23.2,17.1,32.8,41.5,16.2,13.6,7.4
Kankakee,IL,Illinois,17091,39.7,12.7,34.1,10.3,20.9,76.7,16.2,18.5,24.3,39.7,,,8.9
Clarke,MS,Mississippi,28023,44.4,17.2,47.0,10.4,20.6,81.1,18.3,13.2,33.8,36.9,23.3,17.6,8.1
Butler,OH,Ohio,39017,36.1,12.9,34.5,11.4,27.2,76.5,18.6,18.3,25.8,37.5,13.2,11.6,6.1
Pushmataha,OK,Oklahoma,40127,43.3,18.6,44.2,12.9,27.3,77.3,22.6,11.8,39.1,36.9,19.9,14.7,9.6
Union,OR,Oregon,41061,34.5,11.2,32.7,12.0,26.6,71.6,15.3,17.5,21.6,31.5,,,5.2
Toombs,GA,Georgia,13279,42.1,14.2,41.4,11.0,22.6,77.9,16.4,14.2,29.4,39.5,22.2,17.5,13.3
Delaware,NY,New York,36025,35.7,12.7,34.2,10.7,21.6,80.7,15.1,17.0,26.9,40.1,,,4.1
Jefferson,IL,Illinois,17081,38.6,12.8,36.7,10.4,22,76.8,17.6,18.3,25.3,37.2,,,8.0
Scott,MO,Missouri,29201,43.4,14.5,39.8,11.1,23.9,77.5,21.4,16.4,32.3,40.3,15.7,13,7.8
Holt,NE,Nebraska,31089,39.0,13.5,37.1,9.1,16.3,75.3,15.6,17.6,28.7,32.2,10.2,8.2,6.1
Saline,IL,Illinois,17165,39.6,13.8,38.0,10.9,23.4,77.5,19.5,17.6,27.5,37.9,,,8.1
Mitchell,GA,Georgia,13205,46.4,17.7,47.4,11.8,21.3,78.7,20.8,12.8,35.7,43.4,26,20.3,14.4
Gonzales,TX,Texas,48177,39.1,16.2,37.2,9.9,22.5,73.2,16.6,16.7,33.4,37.8,21.9,17.7,22.3
Preston,WV,West Virginia,54077,41.3,16.1,41.6,12.6,27.6,80.4,22.8,15.8,34.0,38.7,14.8,12.4,7.2
Hertford,NC,North Carolina,37091,42.5,18.1,45.1,11.2,20.4,80.8,19.5,13.3,32.0,41.3,27.4,22.4,11.0
Lea,NM,New Mexico,35025,35.1,12.5,31.1,11.2,21.5,63.9,17.9,16.1,29.6,32.5,24.7,20.4,16.1
Passaic,NJ,New Jersey,34031,31.5,11.9,31.1,9.6,17.8,75.3,14.4,16.0,31.2,37.7,16.9,15.9,15.7
Le Flore,OK,Oklahoma,40079,42.5,15.8,42.6,13.2,28.4,73.5,22.9,12.7,39.3,38.3,19.7,15.6,11.3
Talbot,MD,Maryland,24041,31.4,13.1,39.2,10.9,19.2,80.3,11.6,14.9,21.0,31.9,10.5,9.8,4.9
Lexington,SC,South Carolina,45063,39.4,11.8,34.6,9.5,19.9,78.1,14.6,18.6,24.6,34.4,13,11.8,9.1
Perry,OH,Ohio,39127,43.1,14.5,39.4,11.4,26.5,78.5,22.9,18.2,31.4,41.0,15.2,12.4,6.6
Stutsman,ND,North Dakota,38093,39.4,11.0,33.0,10.6,21.1,73.7,15.7,20.2,26.8,29.8,,,4.8
Lowndes,MS,Mississippi,28087,43.6,15.5,44.5,10.2,19.6,79.6,17.4,14.0,33.2,39.7,21.6,17.6,9.7
Burnet,TX,Texas,48053,41.4,14.4,38.6,9.7,23.2,75.6,15.4,16.4,28.6,37.0,14.7,11.8,12.8
Carter,KY,Kentucky,21043,42.8,16.0,43.4,11.6,28.3,80.1,21.1,12.8,30.2,39.7,19.1,12.4,5.0
Howard,MD,Maryland,24027,27.2,10.0,30.5,9.7,18.1,76.1,8.1,13.8,18.5,36.9,9.1,9,4.7
Payette,ID,Idaho,16075,37.5,12.9,36.5,11.3,23.7,73.7,16.6,14.7,30.0,30.1,14.6,11.6,10.9
Jefferson,OH,Ohio,39081,39.7,14.2,38.9,11.3,25.8,81.5,19.3,16.4,27.8,41.9,14.9,12.3,5.7
La Salle,TX,Texas,48283,42.0,16.5,30.5,9.4,21.6,67.0,17.4,17.9,40.3,40.6,35.6,26.2,41.1
Westchester,NY,New York,36119,26.7,9.8,28.7,9.3,16.5,78.9,9.4,16.2,21.0,35.2,,,5.7
Sanders,MT,Montana,30089,35.3,13.3,41.4,11.0,22,75.4,16.8,17.1,25.9,32.1,11.7,9.3,5.3
Fallon,MT,Montana,30025,33.4,9.2,32.2,10.8,23.1,71.8,15.3,21.5,21.0,32.8,9.4,8.9,6.2
Okanogan,WA,Washington,53047,38.3,13.8,36.7,12.2,27.6,68.7,16.3,16.5,25.6,34.2,14.7,12.2,8.6
Humphreys,TN,Tennessee,47085,38.2,16.1,40.1,12.2,32.1,76.8,24.3,14.6,33.1,37.1,17.8,13.5,11.3
Jim Wells,TX,Texas,48249,42.1,18.2,35.6,9.4,21.5,72.8,16.0,16.4,36.7,40.8,29.5,22.1,29.6
Greenup,KY,Kentucky,21089,43.7,15.1,40.5,11.5,27.2,79.9,19.0,13.9,28.6,38.6,13,10.3,4.6
Riley,KS,Kansas,20161,30.7,7.7,22.7,11.0,21.6,70.2,14.5,20.8,24.4,36.3,16.8,13.5,10.9
Washington,RI,Rhode Island,44009,24.0,9.8,30.6,11.5,19.7,83.5,9.9,19.2,16.4,30.4,8.6,8.1,2.6
Red River,LA,Louisiana,22081,46.3,18.3,45.1,11.4,27.1,81.2,23.2,15.0,37.0,44.0,,,8.9
Worth,GA,Georgia,13321,39.1,15.3,44.7,10.9,21.4,78.2,18.1,13.6,31.8,36.8,21.2,16.7,11.9
Washington,NE,Nebraska,31177,38.5,10.4,34.1,8.9,16.5,74.8,12.0,19.3,21.6,27.1,7.8,6.8,4.6
Mono,CA,California,06051,29.2,10.3,29.0,10.2,22.6,69.9,12.6,20.2,19.8,32.5,10.1,9.9,6.7
Carroll,IN,Indiana,18015,38.7,12.9,37.4,11.0,23.7,78.9,18.8,15.6,28.4,35.7,12.8,10.6,6.1
Cache,UT,Utah,49005,32.6,7.9,24.3,11.5,27.1,67.5,9.7,12.4,18.8,32.3,11.3,10.3,10.5
Yukon-Koyukuk,AK,Alaska,02290,39.4,15.6,38.7,13.0,21.6,67.8,28.2,17.5,30.9,39.6,28.5,20.6,10.9
DeSoto,MS,Mississippi,28033,40.0,12.2,40.8,9.9,20.2,78.9,14.9,15.7,28.3,37.7,16,14.1,9.6
Fayette,IL,Illinois,17051,37.0,12.2,37.3,9.9,21.1,76.4,16.1,19.1,24.1,37.3,,,7.4
Ida,IA,Iowa,19093,37.1,12.3,33.3,9.5,17.7,78.9,15.4,20.6,25.9,31.3,9.8,8.7,5.1
Socorro,NM,New Mexico,35053,33.7,15.7,36.6,11.5,22.2,69.1,20.2,14.7,31.3,31.8,26.2,19.2,12.5
Grays Harbor,WA,Washington,53027,36.9,12.9,39.1,12.1,27.2,71.1,15.0,16.7,24.8,39.1,12.2,11,5.7
Carlton,MN,Minnesota,27017,41.3,10.9,34.8,10.1,26.6,73.8,15.2,21.5,19.4,35.1,9.7,9.3,4.6
Luzerne,PA,Pennsylvania,42079,38.2,12.0,34.4,11.1,23.7,78.9,17.5,17.3,27.0,38.8,,,7.3
Rutherford,TN,Tennessee,47149,33.6,11.8,31.8,11.8,29.8,75.4,18.4,16.5,27.4,38.3,16,13.8,11.1
Baldwin,GA,Georgia,13009,37.6,14.3,40.3,11.2,22.2,77.1,16.3,14.3,29.9,41.2,18.5,15.5,12.7
Woodford,KY,Kentucky,21239,35.6,12.9,37.3,10.2,24.5,80.8,12.5,13.7,22.5,35.1,11.1,8.8,3.8
Lawrence,IL,Illinois,17101,37.7,13.3,36.6,10.5,22.1,74.6,20.8,18.5,29.1,38.8,,,10.6
Atlantic,NJ,New Jersey,34001,33.0,12.1,36.3,9.9,17.3,78.5,13.0,15.7,26.7,37.8,16.4,13.9,8.1
Houghton,MI,Michigan,26061,31.1,9.4,30.8,10.7,24.5,76.4,13.0,19.8,20.1,28.8,12,9.9,4.1
Anderson,KY,Kentucky,21005,38.4,13.5,37.1,11.2,27.3,78.1,20.0,14.8,27.3,38.3,13.1,10.2,6.1
DeKalb,TN,Tennessee,47041,42.2,16.4,41.3,12.3,32.6,76.2,25.5,14.2,35.0,38.5,18.9,13.7,14.2
Harrisonburg,VA,Virginia,51660,34.8,10.0,27.6,11.0,27.5,75.5,14.1,18.6,23.0,37.7,,,9.2
Van Wert,OH,Ohio,39161,42.0,13.3,38.5,10.9,26.1,78.6,17.9,17.5,26.0,35.6,11.7,10.3,5.1
Stone,MO,Missouri,29209,39.8,15.8,43.7,10.4,23.5,80.5,19.1,14.9,28.9,36.2,12.4,9.5,6.3
Scott,KY,Kentucky,21209,36.5,10.9,34.8,10.6,26.3,77.3,15.8,15.7,23.1,40.6,10,8.8,4.7
Sumner,KS,Kansas,20191,39.7,12.9,37.6,10.6,19.5,76.2,18.0,15.5,28.6,37.1,11.8,10.5,9.2
Bartholomew,IN,Indiana,18005,34.2,11.8,33.8,10.6,22.8,78.1,15.8,15.3,26.0,35.8,11.1,9.4,6.4
Stephens,GA,Georgia,13257,37.5,14.1,40.6,11.0,23.5,76.1,17.2,14.2,29.8,34.1,14.6,11.8,12.5
Orleans,LA,Louisiana,22071,38.1,14.9,38.8,10.9,25.4,81.0,17.1,18.8,27.0,38.8,,,7.0
Washington,MS,Mississippi,28151,44.5,19.0,52.0,11.1,17.8,82.5,18.7,11.7,35.4,41.8,39.1,28.9,10.3
Chippewa,MI,Michigan,26033,38.2,11.9,35.8,12.0,26.5,77.3,18.5,18.9,25.2,33.9,13.7,12.1,5.9
Washington,TN,Tennessee,47179,36.3,13.7,37.4,12.1,31.7,75.7,20.3,15.7,28.9,37.0,12.1,9.9,10.0
Baylor,TX,Texas,48023,35.4,13.8,39.6,9.6,23.1,75.9,14.4,17.5,26.1,36.2,16.1,13,10.3
Ogemaw,MI,Michigan,26129,38.2,14.0,43.0,11.6,25.7,80.3,18.6,16.0,28.7,37.0,12.8,10.2,4.6
Crook,WY,Wyoming,56011,31.5,11.5,34.0,10.2,20.5,70.3,16.4,17.3,23.8,30.0,8.3,8.1,8.1
Madison,TX,Texas,48313,39.3,13.5,35.0,9.8,22.2,71.8,17.6,19.2,30.3,39.8,23.1,19.1,18.2
Montgomery,MS,Mississippi,28097,45.4,20.8,52.0,11.3,21.2,81.3,21.7,11.2,40.8,38.9,25.1,18.3,11.7
Jennings,IN,Indiana,18079,41.9,12.9,36.9,11.1,25,77.1,20.8,16.0,31.0,37.7,12.4,10.5,6.5
Tioga,PA,Pennsylvania,42117,38.5,12.8,36.1,11.1,24.6,79.5,18.6,17.7,28.1,39.5,,,5.1
Howell,MO,Missouri,29091,40.4,14.8,39.5,11.4,25.8,76.9,24.7,15.9,33.5,38.9,19.2,13.9,9.2
Lawrence,MO,Missouri,29109,41.8,12.8,37.6,10.7,24.9,76.9,19.9,17.6,28.6,38.7,17.3,13.7,8.8
Buckingham,VA,Virginia,51029,41.6,16.7,43.9,10.9,23.3,79.9,20.7,16.1,29.9,40.6,,,8.2
Panola,MS,Mississippi,28107,46.0,18.3,47.1,11.2,20.8,80.5,20.7,12.3,38.2,38.7,23.8,18.3,11.7
Rock,MN,Minnesota,27133,37.8,11.4,32.1,10.1,24.3,72.2,16.3,20.4,23.8,29.6,9.2,8.9,5.4
Marion,TN,Tennessee,47115,40.7,15.1,42.5,11.7,31,79.1,19.5,14.8,30.2,38.0,16.5,12.1,8.8
Culpeper,VA,Virginia,51047,38.4,13.6,36.8,10.4,23.2,78.4,16.8,17.4,24.9,37.9,,,7.7
Fannin,TX,Texas,48147,37.9,13.6,37.6,9.9,23.6,74.0,17.0,18.3,28.0,38.7,17.9,14.6,13.6
Columbia,WI,Wisconsin,55021,39.0,10.7,33.1,10.7,24.7,76.1,15.9,21.8,23.3,32.0,9.1,8.7,4.7
Ionia,MI,Michigan,26067,38.8,10.7,33.5,11.1,25.3,76.7,17.4,19.1,24.2,35.5,12.4,11.6,5.7
Delaware,OK,Oklahoma,40041,42.7,17.3,42.8,13.1,27.6,77.3,20.9,12.0,35.0,36.0,16.8,13.6,8.4
Rockingham,VA,Virginia,51165,34.1,12.2,37.3,10.1,24.5,77.7,14.5,16.9,23.5,31.6,,,6.7
Faulk,SD,South Dakota,46049,36.8,12.6,36.5,9.5,17.6,79.3,18.1,16.7,27.5,30.4,,,5.3
Allegany,NY,New York,36003,32.7,10.7,34.1,10.9,22.9,79.5,14.8,18.9,25.3,37.0,,,4.3
Suffolk,MA,Massachusetts,25025,27.0,9.3,25.8,11.8,24.1,75.4,12.1,20.0,24.0,34.3,16.3,14.9,4.8
East Baton Rouge,LA,Louisiana,22033,36.4,12.8,35.7,10.4,26.1,80.9,15.2,19.4,27.0,41.9,,,6.8
Macon,IL,Illinois,17115,36.5,12.9,37.6,10.4,21.3,77.4,17.2,17.1,26.6,38.2,,,7.7
Cass,NE,Nebraska,31025,38.6,10.5,36.3,9.1,17.3,74.8,13.0,20.0,23.9,28.9,8.5,7.6,5.9
Emmons,ND,North Dakota,38029,36.4,12.7,39.0,10.2,19.1,78.0,14.5,18.4,26.7,30.4,,,3.9
Scotland,NC,North Carolina,37165,40.8,16.9,43.7,11.4,22.8,79.3,20.5,14.3,31.3,40.2,25.8,20.6,10.7
Moniteau,MO,Missouri,29135,40.0,12.4,36.2,10.7,24.5,75.1,21.3,18.4,29.5,37.7,13.3,11.5,9.5
Fauquier,VA,Virginia,51061,33.7,11.7,33.5,9.8,22.1,78.5,12.7,17.7,18.1,31.7,,,5.7
Washington,OR,Oregon,41067,29.9,9.3,26.4,10.1,22.9,68.4,9.7,19.3,16.9,29.2,,,5.9
Putnam,IL,Illinois,17155,34.4,12.0,36.9,9.5,20.3,77.6,14.2,18.1,21.7,33.5,,,6.7
Orangeburg,SC,South Carolina,45075,46.1,18.4,46.6,11.3,19.3,83.3,18.3,13.2,32.6,39.5,28.8,21.6,10.4
Waldo,ME,Maine,23027,34.0,10.5,34.7,11.8,24,80.0,14.3,15.7,20.8,33.2,9.6,8.6,4.7
Guilford,NC,North Carolina,37081,32.7,11.8,33.4,10.5,22.4,77.6,13.9,15.7,23.7,35.3,15.2,14.2,9.6
Dallas,TX,Texas,48113,34.7,12.9,32.5,8.9,19.9,72.3,13.3,17.5,27.8,35.6,18.4,15.9,20.7
Hardin,TN,Tennessee,47071,37.3,15.7,44.5,11.3,29.8,78.8,20.2,13.9,30.3,38.0,15.3,11.1,7.8
Leslie,KY,Kentucky,21131,44.6,17.5,46.7,12.0,29.4,79.6,23.5,12.3,34.2,39.9,22.4,14.6,6.1
Jefferson,KY,Kentucky,21111,37.0,13.5,37.0,10.8,25,79.0,16.4,14.8,24.8,38.2,14,11.1,5.1
Hall,GA,Georgia,13139,34.9,13.1,35.6,10.2,22.1,73.6,17.0,16.1,29.3,40.0,14.6,12.3,16.3
Stevens,KS,Kansas,20189,39.9,14.3,35.4,10.5,18.7,76.1,16.9,16.6,32.2,37.0,17.9,15,15.2
St. Francis,AR,Arkansas,05123,44.5,18.8,49.2,12.0,24.6,79.4,25.6,12.9,40.8,46.3,,,13.7
Doniphan,KS,Kansas,20043,37.7,11.7,37.5,11.0,20.8,76.3,16.7,16.6,25.3,34.5,11.9,10.4,8.1
Scott,TN,Tennessee,47151,41.4,15.9,42.1,11.9,33.6,77.4,25.9,14.4,34.4,41.7,23.3,15.9,10.6
Perry,TN,Tennessee,47135,38.7,16.0,43.9,11.8,31,77.4,22.4,14.6,32.6,38.5,17.2,12.8,10.4
Fountain,IN,Indiana,18045,39.1,12.9,38.4,11.1,24.2,78.2,18.3,16.2,28.7,36.3,12,10.1,6.2
Coleman,TX,Texas,48083,38.3,16.6,42.4,10.0,23.2,76.7,17.2,15.8,29.9,36.8,15.9,12.5,12.2
Chaves,NM,New Mexico,35005,41.4,13.1,35.3,10.9,22.1,67.0,17.3,14.7,29.5,35.5,24.1,19.5,12.8
Clay,AL,Alabama,01027,39.5,16.6,45.1,11.0,25.9,79.5,20.6,13.6,33.9,39.3,18.9,14.8,9.7
McDowell,NC,North Carolina,37111,33.5,13.9,36.0,11.0,26.4,75.7,22.1,15.5,29.5,35.2,15.4,13.2,13.4
Crittenden,AR,Arkansas,05035,41.3,17.4,45.4,12.4,26,80.6,21.6,13.2,35.8,42.1,,,10.5
Warren,NC,North Carolina,37185,41.1,19.1,47.7,11.0,20.5,82.1,19.1,12.2,31.7,38.5,25.4,20.5,10.3
Boone,KY,Kentucky,21015,38.6,11.7,34.5,10.3,25.5,77.9,16.7,16.9,21.9,38.3,10.1,8.6,5.3
Jefferson,NY,New York,36045,36.3,10.0,31.2,11.2,22.9,78.5,17.1,18.9,29.0,42.4,,,7.6
Franklin,VT,Vermont,50011,31.3,8.6,33.0,12.1,24.4,76.1,14.4,19.3,19.7,32.8,11.6,10.6,4.9
St. Lawrence,NY,New York,36089,35.7,11.4,34.6,11.2,22.9,78.5,17.8,19.3,28.5,36.3,,,5.1
Wythe,VA,Virginia,51197,38.4,13.9,41.6,10.6,26,80.7,14.6,17.2,23.5,33.0,,,4.6
Washington,WI,Wisconsin,55131,37.7,10.0,31.6,10.8,21.8,75.8,13.4,22.8,20.7,32.5,6.9,7.3,4.0
Clark,ID,Idaho,16033,35.3,13.3,33.8,10.8,21.4,72.6,14.3,14.1,29.7,34.0,23.1,17.8,16.5
Humphreys,MS,Mississippi,28053,50.6,23.7,55.1,12.3,20.2,82.1,24.8,9.6,45.6,43.6,41.7,30.5,14.3
Halifax,VA,Virginia,51083,42.8,19.1,46.4,11.2,22.8,83.0,18.6,13.6,29.5,37.7,,,6.2
Wheeler,TX,Texas,48483,39.4,16.1,40.2,10.1,24,75.1,18.5,16.0,32.1,38.0,19.6,14.7,16.2
Brown,OH,Ohio,39015,42.9,14.3,37.2,11.6,26,78.6,22.5,17.9,32.3,40.3,14.8,12.3,6.4
Loudon,TN,Tennessee,47105,35.8,15.8,41.3,11.0,29.1,79.4,17.6,14.0,29.4,35.9,11.5,9.1,9.2
St. Louis,MO,Missouri,29510,36.8,12.4,35.1,11.6,24.1,78.5,18.9,18.3,25.7,37.1,18.4,15.7,9.6
Motley,TX,Texas,48345,35.5,15.6,42.1,9.3,21.5,77.2,14.8,15.8,28.1,35.0,15.1,12.3,11.4
Cass,MI,Michigan,26027,35.2,12.5,39.2,11.4,24.3,78.9,18.2,16.9,25.7,34.4,10.9,9.7,4.7
Madison,NE,Nebraska,31119,40.0,11.7,34.6,9.6,17.5,72.4,14.5,20.2,27.3,32.2,12.9,10.7,9.4
Douglas,WI,Wisconsin,55031,40.5,10.7,32.1,10.8,24.9,75.7,14.3,22.1,20.0,32.9,10,9.3,4.0
Nuckolls,NE,Nebraska,31129,37.6,12.5,39.9,8.9,16.1,76.4,13.9,17.1,28.2,28.1,11.5,8.7,5.7
Taylor,WI,Wisconsin,55119,41.0,12.5,36.3,11.0,22.5,76.8,19.4,20.8,26.6,33.2,12.8,10.1,4.9
Transylvania,NC,North Carolina,37175,31.8,12.6,39.4,9.2,22.2,80.8,11.8,15.0,21.0,29.3,8.8,7.6,5.0
Limestone,AL,Alabama,01083,36.4,12.8,37.9,10.1,23.6,79.1,15.6,15.3,25.3,39.4,13.9,12.7,8.4
Union,IN,Indiana,18161,40.4,13.0,38.1,11.5,24.9,77.7,19.7,15.5,29.3,35.5,11.3,9.4,7.2
Iron,WI,Wisconsin,55051,37.7,13.9,41.9,10.4,22.1,79.5,15.5,17.4,23.9,28.3,8.3,7,3.2
Grant,WV,West Virginia,54023,40.9,17.6,43.9,12.2,27.9,80.8,22.5,14.4,35.7,45.4,13.6,11.4,6.5
Forest,PA,Pennsylvania,42053,39.7,13.6,37.9,10.1,20.6,77.6,21.8,18.1,30.1,41.0,,,9.5
Caddo,OK,Oklahoma,40015,40.7,15.2,40.1,12.4,27.5,72.5,22.6,14.9,36.3,40.8,22.3,17.6,13.5
Palm Beach,FL,Florida,12099,29.6,13.2,,9.3,17.4,79.4,12.1,14.6,26.2,35.5,14.3,12.1,11.0
Uvalde,TX,Texas,48463,40.4,16.6,33.8,9.5,21.9,72.8,14.5,16.5,34.6,38.3,25,19.2,25.7
Lincoln,WI,Wisconsin,55069,41.0,12.4,36.5,11.1,24.6,78.4,17.0,21.5,25.8,33.0,10.8,9.4,4.0
Polk,GA,Georgia,13233,41.7,13.2,39.7,10.7,22.9,74.2,18.4,15.0,31.0,37.6,19.1,15,15.0
Cass,IL,Illinois,17017,38.4,13.1,35.6,10.0,20.9,76.1,17.0,17.9,27.1,36.4,,,10.6
Mineral,NV,Nevada,32021,34.4,15.7,41.8,11.8,21.6,75.2,19.2,15.5,30.2,38.9,19.9,15,8.6
Traverse,MN,Minnesota,27155,37.8,12.6,37.9,9.9,23.4,75.0,14.8,18.6,25.3,30.6,9.4,8.8,4.2
McCone,MT,Montana,30055,33.0,10.0,35.4,10.1,21.9,72.8,13.3,20.2,21.6,30.5,6.6,6.5,5.1
Brule,SD,South Dakota,46015,36.3,11.6,34.6,10.0,17.9,77.3,18.7,17.6,26.5,29.5,,,7.0
Harrison,MO,Missouri,29081,42.1,14.1,42.5,10.6,23.4,77.8,20.7,15.9,31.8,41.0,15.5,12.1,7.8
Faulkner,AR,Arkansas,05045,36.3,11.8,33.6,10.5,27.5,78.6,14.7,16.8,24.6,37.0,,,6.8
Todd,SD,South Dakota,46121,43.6,16.4,35.7,14.8,20.2,76.4,33.3,18.5,35.5,40.3,,,10.8
Crow Wing,MN,Minnesota,27035,37.8,11.7,35.7,10.0,22.9,74.0,14.9,20.6,21.5,28.7,8.2,7.9,4.8
Hockley,TX,Texas,48219,41.1,15.4,35.2,10.0,23.4,73.0,15.9,17.6,32.3,40.8,23.8,18.8,20.6
Titus,TX,Texas,48449,39.9,15.8,37.0,10.2,23.6,73.2,17.4,16.5,33.2,40.9,24,18.6,21.5
Jefferson,MS,Mississippi,28063,51.7,22.1,54.5,11.6,18,84.1,20.9,10.5,39.6,42.5,38.3,28.1,10.8
Copper River,AK,Alaska,02066,33.1,11.3,32.9,10.7,19.4,68.0,17.6,18.4,24.3,35.4,13.3,11.5,7.9
Monroe,NY,New York,36055,35.6,10.2,33.2,10.6,21.7,77.4,11.0,18.0,19.8,34.5,,,4.1
Crawford,AR,Arkansas,05033,39.7,14.7,40.3,10.8,26.9,78.2,18.8,15.7,31.6,37.1,,,8.5
Gulf,FL,Florida,12045,38.4,13.5,,10.0,20.3,77.4,16.8,17.7,29.0,36.4,14.5,12.4,10.0
Multnomah,OR,Oregon,41051,29.2,8.7,25.1,10.9,27,68.6,13.7,20.0,17.9,28.7,,,5.2
Sutter,CA,California,06101,31.6,12.9,31.4,10.5,22,69.0,15.9,16.9,27.5,35.9,18.3,15.4,11.0
Yancey,NC,North Carolina,37199,32.8,13.9,39.3,9.8,23.5,78.9,15.8,15.8,26.1,30.9,11.9,10.5,6.6
Grand,UT,Utah,49019,31.1,12.3,33.5,11.3,25.6,72.1,11.4,12.4,21.3,35.9,14.4,12,7.6
Becker,MN,Minnesota,27005,39.0,11.7,35.6,9.6,24,74.2,14.2,19.1,21.7,27.9,12,10.5,4.2
Mohave,AZ,Arizona,04015,36.2,15.7,39.0,10.8,22.2,73.8,16.8,14.7,31.1,39.0,15,12.1,8.8
Yuba,CA,California,06115,32.5,11.2,29.6,11.1,23.9,68.8,15.7,19.6,25.1,35.5,18.3,16.1,8.8
Fairfax,VA,Virginia,51600,32.1,11.8,29.9,9.0,19.8,78.8,11.2,17.1,19.7,34.4,,,6.5
Charles,MD,Maryland,24017,43.4,13.2,40.6,12.0,17.7,79.1,13.8,14.5,24.6,40.6,15.7,16.4,6.6
Adams,IA,Iowa,19003,38.3,13.2,37.0,9.8,18.3,79.8,16.0,19.8,26.8,32.3,10.9,9.5,4.4
Barbour,AL,Alabama,01005,43.3,18.9,48.9,11.2,22.8,81.1,20.9,12.2,36.3,43.0,26.4,20.5,11.3
Tillman,OK,Oklahoma,40141,42.5,17.0,43.4,12.0,26.6,75.8,18.4,12.4,36.2,38.7,20.2,15.9,13.0
McKinley,NM,New Mexico,35031,37.3,17.2,34.8,15.2,24.8,64.8,30.6,14.4,31.6,39.6,40.8,28.2,10.5
Ohio,KY,Kentucky,21183,40.6,14.6,40.9,11.5,27.6,78.4,21.5,13.0,30.7,39.8,15.6,11.5,6.5
Kiowa,KS,Kansas,20097,34.1,11.1,36.3,10.0,18.4,77.2,13.2,16.1,22.2,29.8,8.2,7.8,7.2
Bay,MI,Michigan,26017,37.3,11.3,38.5,10.8,24.1,79.4,14.3,17.9,21.6,32.1,12.7,11.1,4.3
El Paso,CO,Colorado,08041,27.7,8.3,25.2,11.0,24.4,69.6,13.0,16.6,18.3,34.6,,,8.6
Nueces,TX,Texas,48355,43.6,16.5,34.8,9.6,24.6,71.5,16.2,20.0,34.7,39.5,22.7,19.1,26.2
Brewster,TX,Texas,48043,35.8,15.0,37.0,8.8,20.4,76.4,11.4,16.2,25.1,34.3,17.1,14.3,12.9
Waller,TX,Texas,48473,39.4,11.9,30.3,10.0,22,73.7,14.2,19.0,26.8,38.2,19.6,17,16.3
Henry,IL,Illinois,17073,34.3,11.1,35.3,9.7,20.7,77.3,13.9,18.7,21.4,34.1,,,7.1
Camden,NJ,New Jersey,34007,32.7,11.3,34.6,10.0,17.7,77.2,12.8,16.9,25.1,39.9,16.5,15,8.6
Madison,FL,Florida,12079,36.3,17.1,,11.1,21.1,78.1,22.0,13.3,38.2,42.6,25.5,19.9,16.1
Woods,OK,Oklahoma,40151,38.4,11.3,34.5,11.3,27.1,72.9,15.4,15.6,27.9,36.6,12.4,10.3,8.8
Cass,IA,Iowa,19029,44.5,13.7,37.3,10.4,20,78.8,18.4,19.1,30.5,32.5,11.5,10,6.2
Los Angeles,CA,California,06037,26.2,12.3,28.2,9.1,20.2,71.8,10.7,17.6,23.1,35.5,17.2,15.7,9.1
Wells,ND,North Dakota,38103,37.1,12.4,39.8,10.1,18.9,77.6,13.8,18.0,26.8,30.1,,,3.8
Randolph,GA,Georgia,13243,47.3,23.6,55.5,12.5,20.5,81.9,23.7,9.2,44.3,42.2,31.9,22.7,15.4
Lower Connecticut River Valley,CT,Connecticut,09130,30.3,9.4,31.3,11.3,22.9,79.3,11.1,17.7,21.0,31.9,9.2,8.9,6.0
Hall,NE,Nebraska,31079,37.7,12.2,34.0,9.3,16.8,72.6,15.0,18.6,31.5,33.9,17.7,14.3,12.3
New Kent,VA,Virginia,51127,38.1,11.8,34.9,9.7,22.5,79.4,12.6,19.2,19.5,35.9,,,4.4
Gove,KS,Kansas,20063,39.5,12.6,39.2,10.4,19.1,77.0,15.7,15.9,24.7,31.2,8.9,8.1,7.2
Wheeler,GA,Georgia,13309,47.1,16.3,43.5,10.8,20.7,74.9,24.4,14.6,34.6,42.4,27.5,20.8,19.8
Perry,MO,Missouri,29157,37.5,12.9,37.5,10.4,23.1,76.6,20.3,19.1,29.8,38.4,10.9,9.7,8.1
Marion,IL,Illinois,17121,38.2,13.3,38.3,10.8,23.1,77.0,18.8,17.6,26.9,36.9,,,7.7
Clermont,OH,Ohio,39025,40.3,12.8,36.0,10.5,24.7,78.4,18.7,20.1,26.7,37.5,10.8,9.9,5.2
Putnam,IN,Indiana,18133,38.8,11.7,35.0,10.9,25.1,78.0,17.8,17.3,26.5,39.1,13.3,11.1,6.1
Logan,NE,Nebraska,31113,37.1,10.0,35.0,8.6,15.8,74.7,12.2,18.6,21.5,29.5,8.7,7.7,6.1
Franklin,NY,New York,36033,36.7,12.0,38.2,11.5,24.5,78.6,18.4,19.7,29.3,36.5,,,5.5
Knott,KY,Kentucky,21119,42.5,17.8,45.7,12.7,30.2,79.1,25.3,11.7,36.0,41.5,23.8,15.1,6.8
Hancock,OH,Ohio,39063,36.9,12.8,34.4,10.3,25.9,77.9,16.3,18.4,24.2,37.4,10.7,9.9,5.3
Throckmorton,TX,Texas,48447,37.3,15.8,42.7,9.8,23.1,77.7,14.9,15.7,28.2,35.6,15.7,12.1,9.2
Union,LA,Louisiana,22111,43.5,17.2,45.8,10.9,27.3,81.5,20.9,16.4,33.4,39.4,,,8.3
Douglas,WA,Washington,53017,37.5,11.5,31.7,11.2,24.5,68.5,13.1,17.8,22.1,29.0,14.6,13,8.6
Mecosta,MI,Michigan,26107,32.4,12.1,35.9,11.8,26.9,77.3,18.5,17.3,25.9,34.5,12.7,10.5,5.7
Berrien,GA,Georgia,13019,38.8,14.6,43.1,11.2,23.8,77.0,20.3,14.2,32.3,36.1,21.9,16.5,12.4
Grant,KY,Kentucky,21081,37.9,12.6,39.2,11.4,27.4,75.7,21.0,14.4,29.0,41.3,15.7,12.4,6.9
Brookings,SD,South Dakota,46011,34.2,7.1,26.9,9.3,20.5,75.6,10.8,24.5,19.3,30.0,,,5.0
Simpson,MS,Mississippi,28127,41.6,16.0,45.8,10.7,21.6,79.0,19.9,14.0,33.6,35.1,20.8,16.1,11.0
Bingham,ID,Idaho,16011,41.0,10.8,32.8,11.2,23.8,71.2,14.2,15.6,25.9,33.3,15,12.7,10.2
Magoffin,KY,Kentucky,21153,45.3,18.6,46.3,12.3,29.3,79.1,27.7,11.4,38.3,42.9,28,17.7,7.9
Lake,SD,South Dakota,46079,34.7,10.2,34.9,8.9,16.5,78.9,13.3,19.4,20.9,30.5,,,4.0
Oxford,ME,Maine,23017,37.4,12.4,37.0,12.6,25.6,79.8,20.0,15.4,29.2,33.2,12.5,10.9,7.0
Cheatham,TN,Tennessee,47021,38.3,12.9,36.7,10.8,29.6,76.5,18.5,16.1,26.7,37.8,12,10.1,8.2
Marshall,SD,South Dakota,46091,32.8,10.4,34.3,9.0,16.2,78.4,13.7,18.9,22.7,29.2,,,5.4
Morgan,UT,Utah,49029,32.0,9.0,26.3,10.8,25.1,69.9,9.1,14.1,17.6,35.6,6.8,7.6,5.8
Boyd,NE,Nebraska,31015,39.5,14.1,41.3,8.9,15.6,77.0,14.9,15.6,28.1,27.9,11.2,8.3,5.3
Licking,OH,Ohio,39089,36.1,12.8,34.7,11.1,25.7,78.6,19.4,18.3,25.4,37.5,10.2,9.8,6.4
Daviess,MO,Missouri,29061,37.1,13.9,39.4,11.1,25.1,76.3,23.1,16.1,32.0,37.6,14.3,11.4,9.4
Grant,OR,Oregon,41023,30.2,13.6,40.3,11.7,25.3,75.1,14.9,15.5,23.4,31.0,,,4.3
Elliott,KY,Kentucky,21063,42.5,16.7,45.4,11.4,27.4,77.9,22.9,13.1,32.3,40.6,21.1,14.5,7.5
Anson,NC,North Carolina,37007,42.7,16.4,43.6,10.9,21.6,79.7,19.4,14.2,30.3,39.7,23.1,19.8,10.8
Tangipahoa,LA,Louisiana,22105,42.0,14.0,40.4,10.9,28.7,80.3,18.9,17.3,28.6,38.6,,,8.0
Jasper,TX,Texas,48241,40.4,16.6,44.3,10.9,25.2,75.5,20.4,15.5,32.5,40.5,23,17.6,14.1
Osage,OK,Oklahoma,40113,40.3,15.5,43.3,12.3,26.6,76.2,18.3,14.2,32.9,36.5,17.5,14.1,8.4
Garfield,MT,Montana,30033,32.0,10.8,35.0,11.3,23.7,73.3,16.6,19.2,24.8,30.9,9.4,8.4,6.5
Berkeley,WV,West Virginia,54003,40.9,13.6,39.7,11.3,25.7,80.0,16.9,16.0,26.5,36.2,12.4,12.4,4.9
Turner,GA,Georgia,13287,43.2,17.8,46.8,11.9,23,78.7,21.3,12.6,36.6,41.8,26.4,20.5,14.8
Grimes,TX,Texas,48185,41.4,15.6,39.8,10.0,22.7,74.0,17.8,17.1,30.4,39.3,21.7,17.1,16.7
Morris,KS,Kansas,20127,40.0,13.6,37.6,10.4,18.3,77.9,17.3,15.0,27.3,32.8,10.2,8.7,7.5
Knox,TX,Texas,48275,39.4,16.6,40.0,9.9,22.9,75.3,16.6,16.3,32.1,38.3,22,17.1,15.9
Knox,ME,Maine,23013,27.8,10.4,33.7,11.2,23.5,81.9,12.5,15.4,19.5,29.1,7.7,7.7,4.1
Starke,IN,Indiana,18149,40.0,13.3,39.5,11.2,24.7,78.3,19.0,15.3,29.6,39.2,13.4,10.9,6.0
Appanoose,IA,Iowa,19007,43.2,14.5,37.2,9.9,18.7,79.7,18.8,18.9,31.9,31.9,11.5,9.8,5.2
Minidoka,ID,Idaho,16067,34.3,12.4,33.7,10.8,23,71.3,15.6,14.9,29.3,33.0,17.5,14.3,13.5
Florence,SC,South Carolina,45041,38.9,14.5,43.2,10.4,20.2,80.3,16.5,15.6,30.7,37.4,16.9,14.6,10.2
Bottineau,ND,North Dakota,38009,39.1,12.2,36.9,10.5,19.6,76.1,18.1,19.9,28.9,33.1,,,5.7
Archer,TX,Texas,48009,36.4,13.5,38.0,9.9,24.1,75.3,15.0,17.5,26.1,35.5,11.7,9.8,10.6
Mercer,IL,Illinois,17131,36.9,12.5,37.0,9.9,21.5,77.7,15.6,18.4,23.9,34.7,,,6.3
Elkhart,IN,Indiana,18039,42.0,13.1,34.3,10.8,23.4,76.1,18.8,16.3,31.1,36.1,15.7,12.9,9.2
Worth,IA,Iowa,19195,40.0,12.4,33.7,9.7,18.2,79.0,14.7,20.9,26.3,32.3,9.2,8.6,4.6
Sarpy,NE,Nebraska,31153,38.5,10.3,28.7,8.6,16.7,73.8,12.8,20.3,23.9,33.5,8.2,7.7,6.3
Greenwood,KS,Kansas,20073,40.2,15.6,42.6,11.0,19.7,79.0,18.1,14.4,30.1,35.0,11.9,10.1,7.0
Sussex,VA,Virginia,51183,44.1,16.5,43.4,10.7,20.5,80.4,17.9,16.4,28.4,43.7,,,8.7
Summit,OH,Ohio,39153,39.0,13.0,34.9,11.0,24.8,78.5,16.0,16.9,23.8,37.6,12.5,11.1,5.8
Choctaw,OK,Oklahoma,40023,45.3,17.1,46.8,13.1,27.7,76.5,21.2,12.3,36.6,37.0,20.9,16.2,9.6
Comanche,KS,Kansas,20033,37.9,12.9,38.9,10.1,18.3,78.0,14.7,16.3,25.0,33.1,8.4,7.7,6.4
Lenawee,MI,Michigan,26091,42.1,11.5,37.1,11.6,24.1,77.8,16.3,16.8,26.4,36.4,10.6,9.8,5.2
Camden,NC,North Carolina,37029,35.1,11.2,35.0,9.8,23.8,76.4,15.8,18.1,22.8,33.5,11.3,11.1,8.3
Rio Grande,CO,Colorado,08105,26.0,10.9,29.4,10.5,20.7,70.7,11.9,17.5,20.2,30.1,,,11.4
Manassas,VA,Virginia,51683,35.5,12.4,31.5,9.4,21.3,77.3,12.2,18.6,23.4,37.2,,,9.8
Franklin,LA,Louisiana,22041,44.8,17.7,43.8,11.4,27.8,81.0,23.7,15.3,36.7,40.4,,,9.1
San Patricio,TX,Texas,48409,43.1,15.7,35.0,9.5,22.7,72.6,15.6,17.4,31.9,41.1,22.9,18.4,24.6
Sweet Grass,MT,Montana,30097,32.0,10.4,36.7,10.1,21.7,74.3,12.7,19.6,21.3,29.8,8.8,8.1,4.4
Charlton,GA,Georgia,13049,42.1,14.7,43.3,10.3,20.4,75.2,21.0,15.1,32.2,42.2,23.6,18.7,15.7
Cavalier,ND,North Dakota,38019,35.9,11.9,39.8,10.0,19.2,76.8,13.2,19.0,24.2,30.2,,,4.1
Pratt,KS,Kansas,20151,37.4,12.6,37.0,10.4,19.3,76.2,16.5,16.4,26.3,32.0,12.1,10.3,7.7
Miami,IN,Indiana,18103,41.8,13.2,37.7,11.1,23.8,76.8,20.8,15.9,29.6,36.9,14.8,11.9,7.9
Polk,NE,Nebraska,31143,39.9,12.3,36.2,9.2,17.2,73.2,16.4,18.6,27.7,29.9,9.8,8.2,7.8
Cole,MO,Missouri,29051,36.4,10.6,37.7,10.1,22.1,78.2,15.2,17.9,23.6,35.7,11.4,10.1,7.2
Clinton,MI,Michigan,26037,36.2,9.6,33.6,10.6,24.2,79.0,12.7,19.3,19.5,29.4,9.9,9.5,3.6
DuPage,IL,Illinois,17043,29.5,10.9,27.8,8.5,16.3,78.9,9.4,18.9,18.5,34.5,,,6.3
White Pine,NV,Nevada,32033,33.3,12.2,35.2,10.9,21,70.8,19.4,19.0,28.9,37.2,15.4,13.2,9.9
Moody,SD,South Dakota,46101,32.8,11.0,33.6,9.3,16.8,77.5,16.3,18.6,24.3,31.0,,,5.1
Johnson,WY,Wyoming,56019,31.5,12.3,37.6,10.0,20.4,72.4,13.6,16.3,23.5,29.9,11.2,9.7,6.0
Cook,GA,Georgia,13075,40.6,15.2,42.4,11.4,22.2,77.5,19.0,13.8,33.1,39.7,21,16.7,14.7
Lynn,TX,Texas,48305,40.3,17.0,37.1,10.2,23.7,72.4,19.1,16.4,35.1,38.7,25.7,19.4,23.1
McClain,OK,Oklahoma,40087,38.3,12.5,35.6,12.0,27.1,74.4,15.7,15.2,31.0,37.7,10.8,10.1,7.8
Seminole,GA,Georgia,13253,41.7,17.5,46.6,11.1,21,80.1,17.9,12.3,31.6,38.7,19.9,15.8,10.9
Livingston,LA,Louisiana,22063,37.5,11.9,34.7,10.0,29.1,78.5,18.3,19.7,28.6,38.2,,,6.9
Eureka,NV,Nevada,32011,35.1,13.3,38.6,10.9,22,73.5,18.6,18.1,27.3,36.6,16.1,13.6,8.4
Montour,PA,Pennsylvania,42093,35.3,12.0,33.1,10.7,23.8,78.8,16.8,18.2,25.5,36.6,,,5.8
Dawson,GA,Georgia,13085,35.0,11.1,37.7,9.5,20.9,75.9,12.6,16.9,22.5,30.8,9.8,8.6,9.5
Hamlin,SD,South Dakota,46057,33.8,8.8,29.8,8.9,17.3,75.3,15.4,21.0,22.1,31.0,,,6.2
Smyth,VA,Virginia,51173,40.5,15.9,41.8,11.2,26.5,78.1,22.2,15.3,32.2,38.0,,,8.5
Deuel,NE,Nebraska,31049,39.2,14.2,41.6,9.0,16.1,76.7,14.6,16.4,27.5,30.5,10.5,8.4,6.0
Hayes,NE,Nebraska,31085,39.8,15.5,40.5,9.5,16.9,75.5,17.1,15.8,31.8,30.5,11.7,8.9,6.9
Orange,NC,North Carolina,37135,24.5,8.8,29.1,8.9,22.4,77.1,8.6,17.3,15.4,29.0,9.3,9.1,5.6
Camp,TX,Texas,48063,39.4,16.3,40.0,10.5,23.5,75.6,17.1,15.8,31.2,38.9,23.8,18.1,15.3
Taylor,KY,Kentucky,21217,37.4,13.6,38.0,11.2,26.8,77.9,19.5,13.6,28.2,40.1,15,11.4,5.4
Bradford,PA,Pennsylvania,42015,34.7,12.2,38.4,10.7,23.8,79.9,16.1,17.1,24.2,37.1,,,4.8
Greene,PA,Pennsylvania,42059,35.6,12.0,34.9,10.9,24.5,78.8,18.7,18.5,26.0,38.9,,,5.4
Sheridan,ND,North Dakota,38083,35.4,13.3,38.4,10.1,18.7,79.4,15.4,16.4,29.0,30.0,,,4.1
Cotton,OK,Oklahoma,40033,42.3,16.1,42.3,12.7,28.6,75.9,20.3,12.9,35.4,38.2,16,13.1,10.1
Upshur,WV,West Virginia,54097,40.7,16.8,44.7,12.4,28.2,80.2,23.9,13.7,36.3,39.4,16,12.7,7.5
Denton,TX,Texas,48121,31.3,10.3,29.6,8.8,20.8,73.7,10.9,18.6,20.3,35.8,11.8,11.2,10.3
Real,TX,Texas,48385,41.1,20.4,46.6,10.5,23.8,78.0,19.0,13.5,35.6,37.2,22.3,15.6,14.2
Barnstable,MA,Massachusetts,25001,25.7,10.7,35.0,11.0,21.4,83.8,9.5,16.6,19.9,29.5,8.8,7.7,1.7
Floyd,IA,Iowa,19067,42.6,12.8,33.4,9.8,18.2,78.1,16.5,19.7,28.4,31.0,11.3,9.9,5.2
Pike,AR,Arkansas,05109,36.9,15.3,42.0,10.9,27.4,79.4,19.6,15.4,33.2,39.3,,,8.3
Yalobusha,MS,Mississippi,28161,42.9,18.1,49.4,10.7,21,80.5,20.7,12.9,36.4,36.8,22.5,17.1,10.7
Hale,AL,Alabama,01065,44.5,19.3,49.6,11.5,22.2,82.3,18.3,11.4,34.2,43.9,25.6,20.1,10.0
Houston,AL,Alabama,01069,37.2,15.3,43.4,11.0,24.5,80.2,17.8,13.3,30.2,39.0,18,15.3,8.7
Kent,MI,Michigan,26081,33.4,10.2,30.3,11.2,23.2,76.3,15.1,20.2,22.6,32.5,12.5,11.4,5.9
Lafayette,AR,Arkansas,05073,42.7,21.2,51.6,12.0,25.2,81.0,24.6,12.4,42.1,41.8,,,10.0
Kewaunee,WI,Wisconsin,55061,39.3,10.9,33.2,10.5,23.1,76.5,16.0,21.3,22.7,34.7,9.1,8.4,4.7
Comal,TX,Texas,48091,39.3,12.0,33.4,9.4,23.5,75.3,12.9,19.7,23.5,34.8,12.8,11.5,12.9
Wheeler,NE,Nebraska,31183,38.4,14.0,41.3,9.1,16.4,76.4,15.3,16.0,28.5,29.8,9.6,7.8,5.4
Norton,VA,Virginia,51720,41.6,15.2,38.9,11.3,27.2,78.7,20.5,16.7,29.1,37.5,,,8.0
Eagle,CO,Colorado,08037,23.2,7.8,25.0,10.4,21.8,67.3,11.8,21.3,15.8,28.7,,,9.9
Nevada,AR,Arkansas,05099,41.4,18.8,47.4,11.6,25.7,81.1,21.7,13.3,37.2,42.7,,,8.5
Marion,MO,Missouri,29127,35.6,12.2,35.5,10.5,24.5,76.7,20.2,17.6,27.8,39.5,13.2,11.3,8.2
Gaston,NC,North Carolina,37071,36.7,12.5,36.6,10.5,24.4,76.7,16.7,17.8,23.8,37.5,13.2,12.7,9.2
Marengo,AL,Alabama,01091,46.2,19.1,49.6,11.3,23.3,81.9,19.9,12.0,35.3,42.8,24.6,19.7,10.0
Mitchell,IA,Iowa,19131,44.1,12.1,33.2,9.7,19.5,78.3,18.3,20.8,29.0,32.3,9.9,8.5,5.4
Lawrence,IN,Indiana,18093,39.7,13.8,39.3,11.6,25.1,76.7,19.7,15.3,31.5,38.0,12.4,10.3,7.1
La Plata,CO,Colorado,08067,24.9,8.2,27.2,10.9,22.6,70.7,11.3,20.2,14.9,27.5,,,6.0
Washington,AL,Alabama,01129,41.4,17.4,47.5,11.0,24.5,79.7,20.3,13.0,33.8,42.9,21.2,16.6,9.7
Foard,TX,Texas,48155,39.4,18.6,45.8,10.6,24.1,76.6,19.9,14.5,35.1,38.2,20.6,15.5,15.4
Ransom,ND,North Dakota,38073,37.9,11.2,37.0,10.1,19.1,75.5,15.4,20.3,25.5,30.9,,,4.9
Otsego,MI,Michigan,26137,34.4,12.5,36.5,11.7,25.8,77.3,20.7,17.3,28.2,34.4,10.2,9,6.6
Wayne,MO,Missouri,29223,41.9,15.5,44.6,10.7,24,78.8,21.9,15.1,33.4,39.8,17.8,13.4,7.2
Shelby,TX,Texas,48419,40.8,16.7,41.4,11.0,24.6,74.3,20.7,15.5,34.6,39.5,25.6,19.6,17.9
Franklin,ID,Idaho,16041,32.8,10.0,31.8,10.9,23.2,69.8,16.5,15.9,24.2,33.2,12.4,10.8,9.5
Stone,AR,Arkansas,05137,36.9,18.1,48.7,11.2,28.3,80.6,21.8,13.0,36.5,39.7,,,7.7
Wabash,IL,Illinois,17185,37.2,13.5,37.0,10.3,22.3,77.6,17.5,17.4,26.2,35.7,,,7.2
Pueblo,CO,Colorado,08101,31.2,11.7,31.6,11.1,22.2,71.9,14.0,17.4,23.4,36.7,,,12.2
Vernon,WI,Wisconsin,55123,40.1,11.9,36.4,11.2,24.4,75.5,17.3,19.3,24.5,30.6,9.8,8.8,5.3
Conecuh,AL,Alabama,01035,44.4,20.4,49.9,11.0,22.6,83.0,18.8,11.4,36.0,41.8,23.5,17.9,8.6
Fayette,GA,Georgia,13113,31.2,12.2,38.0,9.5,18.3,78.1,10.2,13.6,20.9,33.3,9.3,9,7.7
Prince William,VA,Virginia,51153,33.6,12.0,31.2,9.4,21,78.3,12.1,17.5,20.7,38.4,,,7.7
Pipestone,MN,Minnesota,27117,39.0,12.1,35.4,10.1,23.7,73.1,16.5,19.1,25.3,29.5,8,8,5.0
Wilson,TN,Tennessee,47189,37.2,12.2,36.1,10.6,26.9,76.9,17.7,15.5,24.2,38.2,11.7,10.3,8.8
Lawrence,AR,Arkansas,05075,41.0,15.6,40.8,11.6,30.6,77.8,23.0,15.9,36.7,39.0,,,8.9
Clay,SD,South Dakota,46027,34.9,7.4,23.0,10.5,22.8,74.4,14.3,23.4,21.3,31.4,,,5.9
Missoula,MT,Montana,30063,28.2,7.3,25.5,10.8,26.6,71.2,13.0,26.0,17.3,27.1,9.1,8.6,6.2
Calhoun,AR,Arkansas,05013,38.4,16.0,43.7,10.9,25.2,79.2,20.5,15.0,33.5,39.1,,,9.5
Putnam,FL,Florida,12107,39.2,16.5,,10.7,23.4,78.2,20.8,13.7,33.7,40.2,24.1,16.8,13.6
Huntington,IN,Indiana,18069,38.7,12.8,36.1,10.9,25.5,78.1,17.5,16.2,27.1,34.2,12.5,10.5,5.4
Chester,PA,Pennsylvania,42029,29.6,9.2,28.7,9.7,20.7,77.3,10.6,18.9,18.2,31.7,,,4.6
Brown,IL,Illinois,17009,40.3,11.8,35.2,9.8,20.1,73.5,19.4,20.2,26.5,39.8,,,12.6
Las Animas,CO,Colorado,08071,30.9,13.7,34.0,11.0,22.6,71.6,15.6,16.2,26.5,33.9,,,12.0
Lincoln,ID,Idaho,16063,36.4,11.7,33.2,11.0,22.5,70.6,15.7,15.7,28.7,32.8,19.2,15.6,14.1
Rapides,LA,Louisiana,22079,41.8,15.6,41.7,10.8,27.6,82.5,19.4,17.3,30.2,40.7,,,7.8
Des Moines,IA,Iowa,19057,36.5,12.8,35.5,10.1,19.2,78.9,16.5,19.1,29.2,31.4,12.4,11.1,5.1
Bonneville,ID,Idaho,16019,35.0,9.9,32.0,10.9,23.2,72.7,12.8,13.2,23.0,36.4,12.5,11.2,8.1
Cloud,KS,Kansas,20029,40.9,13.5,36.3,10.7,20.9,77.7,16.6,16.5,28.5,34.6,12.4,10.6,6.7
Scott,KS,Kansas,20171,40.2,13.4,37.9,10.8,19.6,76.2,18.8,16.7,28.9,33.9,12.4,10.8,10.9
Searcy,AR,Arkansas,05129,40.9,19.0,47.6,11.5,28.3,80.0,24.2,13.6,38.8,40.2,,,8.9
Broome,NY,New York,36007,31.4,10.3,34.7,10.9,22.8,78.5,13.9,16.7,24.3,34.4,,,4.6
Kane,IL,Illinois,17089,37.5,11.3,32.1,9.1,19.2,75.2,12.0,18.1,21.6,34.7,,,10.5
Grant,WI,Wisconsin,55043,38.6,11.0,31.4,10.9,23.9,73.6,17.2,21.2,24.9,34.3,10.4,9,5.3
San Augustine,TX,Texas,48405,42.3,20.1,47.0,11.1,23.7,78.1,22.2,13.2,37.2,39.5,26,18.4,14.4
Colquitt,GA,Georgia,13071,40.1,15.3,42.2,11.1,22.8,75.4,21.2,14.1,36.4,38.7,23.7,18.5,18.8
Jefferson,WA,Washington,53031,25.8,12.2,39.9,11.2,23.5,74.6,9.8,12.9,16.8,26.5,6.4,5.5,3.2
Breathitt,KY,Kentucky,21025,43.4,15.9,44.1,12.1,29.7,79.3,24.0,12.7,32.5,41.6,20.1,13.8,6.2
Whiteside,IL,Illinois,17195,34.9,12.3,36.4,9.8,20.6,77.2,14.8,17.9,24.4,34.1,,,7.9
Calaveras,CA,California,06009,29.6,13.4,37.5,10.6,22.9,73.1,14.0,16.3,22.4,33.3,12.2,10.7,4.4
Craven,NC,North Carolina,37049,35.4,13.7,37.1,10.5,23.2,77.0,16.1,16.0,25.2,33.3,13.9,12.9,9.6
Brooks,GA,Georgia,13027,42.3,18.5,47.0,11.4,22.2,78.4,21.0,11.6,36.8,41.7,20.5,15.8,15.4
Ashtabula,OH,Ohio,39007,42.9,15.1,40.6,11.8,26,78.4,20.7,17.1,28.3,37.2,17.2,13.6,6.9
Grayson,VA,Virginia,51077,42.2,17.5,42.2,11.0,25.8,80.3,21.8,14.9,31.2,37.7,,,8.2
Martinsville,VA,Virginia,51690,44.3,18.1,46.4,12.0,23.9,81.4,20.3,13.8,32.0,42.8,,,8.9
Jefferson,OR,Oregon,41031,34.8,12.4,33.6,11.5,24.3,71.3,16.3,18.4,22.0,33.6,,,6.8
Howard,IN,Indiana,18067,41.4,13.1,38.3,11.4,24,78.8,18.8,14.6,29.2,36.5,14,11.5,6.4
Tompkins,NY,New York,36109,29.6,7.7,23.6,10.6,24.5,77.3,11.0,21.2,19.9,34.7,,,4.5
Dale,AL,Alabama,01045,44.3,15.6,42.1,10.7,25,80.3,18.1,14.4,30.7,38.9,17.4,14.8,8.4
Gallatin,MT,Montana,30031,22.6,6.2,22.8,10.2,23.3,65.6,11.8,25.6,15.3,28.4,8.4,8.9,7.7
Hudson,NJ,New Jersey,34017,30.9,9.8,26.3,9.0,15.4,72.6,11.1,18.4,25.4,39.3,15.2,13.6,11.0
Steele,MN,Minnesota,27147,37.0,11.0,33.1,9.7,24.4,72.5,12.9,20.5,20.7,28.3,10.8,10.2,5.2
Madison,AL,Alabama,01089,35.3,12.1,37.3,9.9,23,80.4,13.2,15.4,21.9,37.5,12.9,12.1,7.4
Kane,UT,Utah,49025,36.3,12.6,34.3,11.2,24.2,74.5,9.8,11.2,20.4,33.6,10.3,8.8,5.7
Iron,UT,Utah,49021,31.8,9.4,29.7,11.1,25.5,70.6,9.0,12.5,17.1,31.9,14.3,12.1,7.3
Jones,IA,Iowa,19105,39.2,12.1,34.7,9.3,17.4,78.7,16.4,21.0,25.3,34.1,9.7,9.2,4.7
Caldwell,LA,Louisiana,22021,38.8,16.2,42.8,10.7,27.6,79.4,23.0,16.8,34.0,40.4,,,8.6
Anderson,TX,Texas,48001,39.9,14.3,38.5,9.6,21.7,73.1,18.6,19.0,28.3,41.8,21.6,18.6,16.7
Kerr,TX,Texas,48265,33.9,16.2,39.2,9.7,22.9,77.2,14.9,15.6,31.0,36.1,13.9,11.5,13.8
Essex,VA,Virginia,51057,39.1,19.2,46.3,11.7,24,82.5,19.5,13.8,30.9,40.6,,,7.2
Okmulgee,OK,Oklahoma,40111,43.9,16.2,40.6,13.1,28.8,75.3,20.9,13.1,34.5,38.2,18.4,14.9,9.2
Spencer,IN,Indiana,18147,35.6,12.4,36.8,10.7,23.2,79.0,16.9,15.8,26.6,34.1,8.1,7.2,5.5
Pierce,WA,Washington,53053,35.9,9.8,30.2,12.3,26.1,67.4,12.8,17.7,18.4,37.0,12.7,12.5,6.2
Hill,MT,Montana,30041,34.4,10.5,32.2,11.9,25,70.8,19.4,22.6,25.7,35.1,15.6,13.5,7.5
Maury,TN,Tennessee,47119,40.9,12.5,36.8,11.0,27.9,75.7,19.2,15.9,26.7,39.2,12.9,11.2,10.0
Hanson,SD,South Dakota,46061,33.9,9.9,32.6,9.7,18.4,76.5,16.0,20.8,21.6,30.6,,,5.0
Marinette,WI,Wisconsin,55075,41.9,13.6,36.4,11.3,23.6,76.3,20.8,19.1,28.5,31.9,9,8,5.8
Moffat,CO,Colorado,08081,29.7,10.3,30.9,11.5,24.5,68.5,18.2,18.1,23.5,33.0,,,10.3
Elko,NV,Nevada,32007,35.8,10.1,30.5,10.7,21.8,69.7,17.3,21.4,24.5,37.7,14.2,13,10.5
Valley,MT,Montana,30105,35.6,11.2,34.9,11.0,23.1,74.0,14.6,19.9,24.8,31.6,11.3,9.9,5.5
Lafayette,WI,Wisconsin,55065,39.0,11.3,34.2,10.7,23.5,76.6,16.0,20.7,24.4,33.4,10.2,8.6,5.0
Graham,NC,North Carolina,37075,33.7,13.8,38.5,10.5,25,77.7,17.9,16.4,26.3,32.6,11.3,10.1,8.4
Llano,TX,Texas,48299,36.9,16.2,42.4,9.6,22.2,79.2,14.7,14.1,26.9,33.7,11.5,9.2,9.5
McHenry,ND,North Dakota,38049,37.4,11.6,37.7,10.2,19.2,76.4,16.3,19.7,26.0,31.9,,,4.5
Trousdale,TN,Tennessee,47169,38.4,12.1,34.4,11.0,29.9,72.9,22.1,18.8,28.2,39.7,15.8,13.7,11.8
Collingsworth,TX,Texas,48087,39.7,16.5,39.9,10.3,23.8,74.1,18.2,16.3,32.0,38.8,22.2,17.6,19.3
Stearns,MN,Minnesota,27145,37.0,10.4,31.0,10.5,27.1,72.6,14.7,22.2,20.8,30.2,11.1,10.3,5.6
Lake,IN,Indiana,18089,38.3,13.7,37.3,10.5,20.5,81.2,17.0,15.1,30.5,42.7,18,14.6,7.3
Story,IA,Iowa,19169,30.8,7.6,23.1,9.4,19.7,74.2,10.2,23.9,19.7,27.1,9.4,8.2,4.3
Fremont,IA,Iowa,19071,35.9,12.0,34.6,9.6,17.7,80.1,14.2,20.0,23.7,30.7,8.7,8,4.0
Idaho,ID,Idaho,16049,32.1,13.6,38.6,11.0,21.2,75.0,16.1,14.3,30.1,28.5,9.9,8.1,7.4
Crawford,IN,Indiana,18025,41.4,15.0,42.7,11.6,25.5,78.8,21.6,14.1,32.4,37.3,15.5,11.7,7.6
Jerome,ID,Idaho,16053,39.9,12.1,33.1,10.9,22.5,70.8,15.7,16.0,29.1,34.2,18.8,15.2,14.1
Ouray,CO,Colorado,08091,25.1,10.2,33.3,10.6,21.8,73.6,11.6,16.5,16.2,28.1,,,4.9
Johnson,MO,Missouri,29101,38.0,9.5,29.9,10.9,24.9,74.7,16.7,19.6,23.3,37.9,14.5,12.2,8.8
Wayne,UT,Utah,49055,33.0,12.3,35.4,11.3,24.5,73.3,10.8,12.0,21.1,32.8,9.8,8.4,7.3
Whatcom,WA,Washington,53073,27.4,9.8,30.5,12.1,28.7,67.8,10.8,19.2,16.3,29.1,9.2,9,4.9
Norton,KS,Kansas,20137,39.9,12.3,35.1,10.2,18.8,75.2,17.3,18.1,26.1,35.2,12.8,11.2,8.8
Adams,MS,Mississippi,28001,43.6,20.0,50.3,10.6,19.3,81.6,19.0,12.2,35.7,39.2,29.3,22.2,11.4
Sumter,AL,Alabama,01119,42.4,18.7,47.9,12.1,23.2,82.1,17.9,11.2,35.9,46.0,30.5,23.4,11.4
Union,NJ,New Jersey,34039,28.3,10.5,28.9,9.0,14.9,78.0,11.5,15.4,24.8,39.3,16.1,15.2,10.3
Hooker,NE,Nebraska,31091,38.1,12.3,37.9,9.2,16.5,76.3,13.6,16.3,25.3,30.1,9.4,7.4,6.0
Jackson,SD,South Dakota,46071,39.0,15.5,40.2,12.3,19.3,75.6,26.1,17.1,32.1,34.8,,,9.9
Reagan,TX,Texas,48383,39.6,14.6,31.0,8.8,20.5,71.3,14.4,19.1,30.9,39.7,20.2,17.8,24.7
Pitt,NC,North Carolina,37147,35.4,11.4,34.5,10.4,22.6,78.3,12.3,17.0,22.9,34.8,20.8,18.4,7.6
Franklin,MO,Missouri,29071,39.1,11.7,36.4,10.4,23.1,76.9,17.5,19.1,26.4,33.6,11.4,10,7.2
Orleans,VT,Vermont,50019,33.0,10.1,34.1,12.1,25,76.8,15.6,17.9,23.7,34.4,9.6,8.5,5.5
Calcasieu,LA,Louisiana,22019,43.0,15.2,40.6,10.6,28.9,80.6,18.7,17.3,30.0,38.7,,,7.0
Lassen,CA,California,06035,32.7,11.2,30.8,10.7,23.3,68.0,16.7,20.8,24.1,39.3,18.8,16.8,9.3
Moore,TX,Texas,48341,38.8,16.2,32.9,10.1,23.1,70.0,19.3,17.4,36.2,39.0,25.2,20.5,30.3
Emmet,MI,Michigan,26047,31.2,11.0,34.9,10.7,23.3,80.0,13.0,17.5,21.1,28.4,9.2,8.4,3.2
Hampshire,MA,Massachusetts,25015,25.2,8.8,24.6,12.0,27.3,78.5,10.8,19.5,19.9,31.5,9.7,9,2.3
Wilkes,GA,Georgia,13317,43.4,17.1,48.3,10.7,19.6,79.5,18.4,12.3,34.1,39.1,20.5,16.2,12.6
Audrain,MO,Missouri,29007,40.2,13.6,39.8,11.6,25.6,75.0,25.6,16.9,33.8,40.6,18.7,14.7,11.1
Appomattox,VA,Virginia,51011,42.3,15.3,40.5,11.3,25.6,79.8,18.8,16.1,28.4,37.3,,,7.0
Custer,CO,Colorado,08027,27.4,12.5,36.5,10.8,21.8,75.3,13.2,15.2,20.3,29.2,,,4.7
Jackson,LA,Louisiana,22049,40.3,17.3,44.1,11.0,27.1,80.4,22.7,15.7,35.7,40.2,,,9.1
Alfalfa,OK,Oklahoma,40003,38.7,13.3,41.0,10.8,24.6,74.1,17.0,15.5,28.3,34.6,13.4,11.8,9.3
Etowah,AL,Alabama,01055,41.4,15.4,42.0,10.9,26.4,79.6,18.4,14.0,31.5,45.0,17.1,14.3,8.8
Clallam,WA,Washington,53009,33.5,11.9,38.6,12.0,26.5,73.7,11.1,14.6,19.9,28.2,9.9,8.5,4.1
Chatham,GA,Georgia,13051,35.5,12.5,36.9,10.4,19.9,79.3,13.0,15.2,23.0,41.7,17.6,15.3,10.6
Holmes,MS,Mississippi,28051,52.2,21.7,54.6,12.1,18.7,82.2,23.3,10.8,42.8,43.0,35.2,26.7,14.4
Harmon,OK,Oklahoma,40057,43.3,17.1,44.3,11.5,25,77.4,15.7,12.1,35.3,36.9,20.2,16.1,11.4
Bristol Bay,AK,Alaska,02060,32.1,10.9,33.1,11.3,20,66.5,17.4,20.4,21.6,37.0,13.7,12.2,7.7
Bacon,GA,Georgia,13005,41.2,14.5,42.0,11.6,24.4,76.2,21.3,14.4,32.8,39.6,20,15.8,14.6
Cass,MO,Missouri,29037,35.3,10.9,34.2,10.0,23.4,75.7,16.1,18.6,24.6,38.5,9.6,9.2,6.3
Clarke,AL,Alabama,01025,44.0,18.5,47.7,11.5,23.7,81.5,19.9,12.4,35.2,42.4,24.1,19.6,10.5
Pittsburg,OK,Oklahoma,40121,41.0,15.0,42.3,12.9,28.9,75.9,20.2,13.8,34.6,42.1,17.1,14,10.0
Mercer,NJ,New Jersey,34021,30.6,10.0,31.2,9.4,16.9,78.5,10.3,15.5,23.1,36.2,13.4,12.7,8.3
Mingo,WV,West Virginia,54059,41.8,19.3,49.1,13.0,31.8,81.2,26.4,13.0,40.0,47.6,23.7,16.7,7.1
Cedar,NE,Nebraska,31027,39.9,11.8,34.6,8.7,16.4,72.9,14.8,19.6,26.6,28.4,9.6,8.2,5.7
Floyd,GA,Georgia,13115,39.7,13.6,39.7,10.9,24,76.2,17.8,14.8,30.5,34.5,17,14.2,14.0
Kearny,KS,Kansas,20093,42.7,14.5,36.5,10.6,19.3,75.5,18.1,15.9,32.3,34.8,18.2,14.8,15.4
Waushara,WI,Wisconsin,55137,41.5,13.5,38.3,10.7,23.3,76.7,20.2,19.4,28.0,31.3,10.3,9,6.4
Suwannee,FL,Florida,12121,44.6,14.3,,10.5,21.4,76.2,19.6,16.1,29.4,42.3,18.8,14.8,11.9
Pike,AL,Alabama,01109,37.7,13.1,37.4,10.7,24.2,79.3,14.3,14.6,29.0,38.7,20.2,15.8,8.5
Gilliam,OR,Oregon,41021,31.2,13.2,38.8,11.3,24.7,75.7,13.0,15.2,21.5,29.2,,,4.3
Elmore,ID,Idaho,16039,35.6,10.4,31.6,10.8,22.6,72.3,15.0,16.0,26.3,36.9,15.8,13.4,10.9
Renville,ND,North Dakota,38075,37.4,11.0,36.2,10.3,20.7,75.0,16.1,21.2,25.4,33.0,,,5.1
Calhoun,SC,South Carolina,45017,38.2,16.6,47.2,10.6,20.2,80.8,18.4,14.4,30.3,37.0,17.8,14.8,10.8
Keya Paha,NE,Nebraska,31103,38.3,14.4,43.4,8.8,15.6,78.3,12.9,15.2,26.9,27.7,9.3,7.2,4.2
Northeastern Connecticut,CT,Connecticut,09150,32.6,10.3,33.3,12.4,24.5,77.8,14.6,16.9,24.2,37.6,12.1,11.1,7.1
Northampton,PA,Pennsylvania,42095,33.0,10.9,32.0,10.2,21.7,77.7,14.6,19.6,23.4,35.8,,,6.2
Barron,WI,Wisconsin,55005,39.5,12.5,36.3,11.2,23.8,76.8,17.6,19.9,25.7,32.3,11.2,9.4,5.0
Powhatan,VA,Virginia,51145,36.8,12.1,36.8,9.8,22.8,80.4,12.6,19.0,19.7,30.8,,,3.8
Union,AR,Arkansas,05139,41.1,16.3,42.7,10.8,23.8,80.2,17.4,14.7,32.7,39.1,,,7.0
Kalamazoo,MI,Michigan,26077,34.1,9.5,29.7,11.9,26.9,75.4,14.6,17.8,23.2,28.4,12.2,11.5,5.2
Washington,PA,Pennsylvania,42125,38.0,11.2,35.1,11.1,23.7,80.0,16.6,18.8,24.1,36.7,,,5.3
Otter Tail,MN,Minnesota,27111,37.6,13.9,35.1,10.6,24,73.8,18.3,18.4,29.1,31.6,7.2,7,5.5
Juneau,WI,Wisconsin,55057,39.4,13.0,36.4,11.2,25.2,76.0,18.9,19.9,25.1,32.7,11.7,10.3,5.7
Van Buren,MI,Michigan,26159,39.6,12.9,37.0,12.2,26.5,77.8,20.3,16.8,29.0,33.9,14.9,12.8,7.3
Coles,IL,Illinois,17029,37.1,11.7,32.6,10.7,23.8,75.8,16.4,18.8,25.3,37.2,,,7.7
Wayne,IN,Indiana,18177,39.1,14.2,41.6,11.9,24.7,77.7,22.2,15.2,32.9,39.5,15,11.7,8.2
Izard,AR,Arkansas,05065,35.9,15.4,44.8,10.6,26.1,79.2,19.8,14.6,32.4,35.4,,,7.8
Turner,SD,South Dakota,46125,34.1,10.1,34.2,9.3,17.6,77.7,15.6,19.3,22.5,27.5,,,6.1
Starr,TX,Texas,48427,46.8,20.5,35.3,10.1,23.2,71.2,17.7,15.7,43.3,42.2,39.1,28,36.8
Dearborn,IN,Indiana,18029,35.5,11.5,35.4,10.2,23.3,79.1,15.0,17.0,24.0,34.8,11.8,9.9,4.6
Orange,NY,New York,36071,37.0,10.3,32.2,10.4,19.6,79.8,11.6,19.9,23.3,37.7,,,5.6
Paulding,GA,Georgia,13223,39.1,10.9,35.6,11.1,22.3,74.4,15.4,17.0,25.2,41.8,13.6,12.9,12.7
Phillips,MT,Montana,30071,39.2,10.7,36.9,11.2,23.3,73.7,15.5,19.5,24.2,34.2,11.3,9.5,6.2
Lynchburg,VA,Virginia,51680,36.1,10.9,32.3,10.7,26.3,77.3,12.0,18.9,22.4,36.5,,,5.6
Doddridge,WV,West Virginia,54017,43.3,15.8,42.2,11.7,26.9,79.8,22.0,15.9,32.6,43.5,14.6,12.1,6.6
Saunders,NE,Nebraska,31155,36.2,10.7,34.8,9.2,17.3,74.8,13.3,21.6,22.7,28.4,8,7.2,5.2
Lawrence,KY,Kentucky,21127,40.3,16.0,44.1,11.7,28.3,79.1,22.4,12.5,32.2,41.7,20.3,13.5,5.5
Union,KY,Kentucky,21225,39.5,15.0,42.5,11.5,27.4,78.3,23.1,13.1,31.2,40.4,16.6,12.3,6.6
Baraga,MI,Michigan,26013,37.9,13.1,39.6,11.4,23.6,78.7,18.6,17.5,26.6,36.2,15.4,13,4.9
Bowman,ND,North Dakota,38011,36.9,12.2,37.4,10.8,21.3,75.2,16.6,19.9,28.8,33.7,,,5.3
Cottonwood,MN,Minnesota,27033,38.0,12.8,35.9,10.2,23.8,73.7,16.5,18.0,25.6,31.2,10.8,9.8,6.0
Campbell,WY,Wyoming,56005,35.5,9.3,29.1,10.5,22.3,66.6,19.1,19.9,24.6,34.3,11.3,11,11.5
Monroe,AL,Alabama,01099,42.5,19.0,48.2,11.3,23.6,82.2,19.5,12.2,34.5,44.0,23.8,18.9,9.1
Claiborne,TN,Tennessee,47025,40.6,14.8,40.5,12.0,32.1,76.7,23.0,14.8,31.0,38.6,20.2,14.2,11.1
Victoria,TX,Texas,48469,38.7,15.1,35.4,10.0,23.3,73.1,16.2,17.0,31.3,38.5,22.6,18.1,21.8
Tyler,TX,Texas,48457,39.4,15.4,40.7,10.1,23.9,75.3,18.0,16.8,30.4,37.6,22.4,16.9,12.3
Jackson,GA,Georgia,13157,41.9,11.7,36.4,10.2,22.9,74.6,16.9,15.8,27.1,37.6,13.3,11.6,13.2
Champaign,OH,Ohio,39021,40.0,13.8,37.3,11.3,26.4,78.2,19.2,18.0,27.2,41.4,12.1,10.7,5.9
Pike,KY,Kentucky,21195,41.2,15.6,45.1,11.9,29.2,78.9,23.6,12.3,33.2,44.5,19.6,12.9,7.2
Dixie,FL,Florida,12029,43.0,15.7,,10.6,22.8,76.9,22.1,14.9,36.0,40.2,21.2,14.8,14.0
Palo Pinto,TX,Texas,48363,36.5,14.4,39.4,10.0,24.1,74.6,17.5,16.6,29.2,38.6,18.4,14.4,14.2
Jefferson,OK,Oklahoma,40067,45.2,16.6,44.3,12.4,28.2,76.0,20.0,12.9,36.9,36.9,18.8,14.5,9.8
Carson City,NV,Nevada,32510,32.3,12.1,34.8,11.1,21.6,72.6,16.9,18.0,25.7,34.8,13.7,12.7,11.3
Pendleton,KY,Kentucky,21191,40.4,14.7,40.8,11.3,27.4,78.3,20.9,14.3,29.1,41.9,15.2,11.1,5.5
Stanislaus,CA,California,06099,34.5,11.3,30.6,10.6,22.2,68.4,12.6,19.2,25.6,35.1,20.7,17.9,10.5
Giles,TN,Tennessee,47055,37.9,15.4,40.5,11.5,29.5,78.1,21.7,14.4,32.0,39.9,17.5,13.1,9.4
Avery,NC,North Carolina,37011,32.6,12.5,36.9,9.8,24.2,77.7,15.8,17.2,23.7,32.1,13.1,11.2,8.0
Franklin,KS,Kansas,20059,34.3,11.3,35.6,10.5,20.3,76.1,15.2,16.4,23.1,32.1,11.2,10.1,7.0
Carson,TX,Texas,48065,34.2,12.4,35.6,9.5,23.2,74.8,14.9,18.6,23.8,36.3,10.4,9.4,10.5
Carroll,IA,Iowa,19027,41.4,12.1,33.2,9.8,19.4,78.9,16.6,21.1,26.2,30.7,9.2,8.2,5.3
Gladwin,MI,Michigan,26051,38.0,13.8,42.6,11.5,24.4,80.3,17.8,15.4,26.7,32.6,13.2,10.2,4.1
Boone,IN,Indiana,18011,35.8,10.3,29.4,10.2,22.9,77.2,16.1,16.8,23.3,33.0,7.5,7.2,5.9
Oconto,WI,Wisconsin,55083,40.8,13.1,35.9,11.0,23,76.5,19.5,20.5,26.6,32.0,10.1,8.9,5.2
Scott,MS,Mississippi,28123,45.9,18.3,49.1,11.2,22.4,79.4,21.0,13.3,38.4,39.1,29.4,22.8,12.1
Jefferson,TN,Tennessee,47089,38.9,14.1,38.1,11.2,30.2,77.9,18.9,15.1,28.3,35.8,12.4,10.3,8.3
Marion,KS,Kansas,20115,37.9,12.5,38.8,10.3,18.9,77.4,13.6,15.8,24.2,29.9,9.9,8.6,6.6
Powell,MT,Montana,30077,33.0,10.5,34.7,10.5,22.4,69.9,19.2,23.6,26.2,34.4,11.6,10.3,9.0
Franklin,MA,Massachusetts,25011,25.9,9.7,30.0,10.8,23.6,79.7,10.3,16.1,17.9,32.7,11.1,9.7,2.0
Cooke,TX,Texas,48097,37.1,13.6,37.8,9.9,23.6,74.4,15.9,17.9,27.8,37.7,15.1,12.4,12.1
Comanche,OK,Oklahoma,40031,42.9,12.5,39.5,12.2,26.6,76.5,17.6,13.5,30.9,43.3,18.6,16.4,11.2
Saluda,SC,South Carolina,45081,39.0,15.7,43.4,10.0,20.2,80.7,17.5,15.0,30.6,39.9,18.9,15.1,11.9
Aiken,SC,South Carolina,45003,36.8,13.0,41.1,10.4,21.8,79.8,17.2,15.9,29.5,37.1,14.9,13.1,11.0
Lincoln,MN,Minnesota,27081,37.6,12.4,37.6,10.0,24,73.5,16.0,19.2,24.9,29.1,8.8,8,5.1
Holmes,FL,Florida,12059,36.1,13.9,,10.3,22.9,76.3,21.6,15.9,30.8,43.8,17.7,13.7,12.0
Cuming,NE,Nebraska,31039,38.8,12.4,34.0,9.2,16.4,74.6,15.2,17.7,28.4,29.3,11.6,9.4,7.3
Webster,GA,Georgia,13307,42.9,19.2,50.2,11.3,20.5,80.5,19.3,11.5,35.5,40.3,24.1,18.4,12.9
Nome,AK,Alaska,02180,37.1,12.8,31.5,13.9,22.8,62.8,33.3,18.9,30.4,44.3,35.7,25.5,15.9
Monroe,AR,Arkansas,05095,43.0,20.7,50.8,11.9,24.9,81.9,23.4,12.2,41.3,40.9,,,9.3
Pope,IL,Illinois,17151,37.2,15.1,43.0,9.9,20.1,80.0,16.7,15.5,26.8,34.6,,,5.8
Stewart,TN,Tennessee,47161,37.0,14.7,40.3,11.2,29.6,76.8,21.5,15.3,30.0,38.4,15.8,12.3,9.5
Lane,OR,Oregon,41039,31.0,10.3,32.4,12.3,28.5,71.1,14.9,17.4,18.8,30.1,,,6.0
Pulaski,IN,Indiana,18131,41.0,13.8,40.3,11.2,24.5,78.8,20.1,15.1,30.3,35.6,14.1,10.9,6.7
Sheridan,KS,Kansas,20179,37.0,12.1,37.7,9.8,18.1,78.2,12.8,16.5,22.4,30.8,7.5,7.3,5.5
Carroll,IL,Illinois,17015,35.6,13.0,36.9,9.4,19.9,77.5,14.8,18.1,25.1,34.0,,,6.3
York,ME,Maine,23031,29.8,10.2,33.1,11.8,24,79.8,12.9,18.2,22.1,30.7,6.4,6.9,4.5
Lancaster,SC,South Carolina,45057,35.9,12.7,39.3,9.8,20.4,79.6,15.6,15.2,25.4,37.7,14.3,12.2,9.1
Henry,OH,Ohio,39069,42.7,13.9,37.1,10.8,25.8,79.1,19.4,18.2,29.3,38.3,11.7,10.5,6.4
Union,SC,South Carolina,45087,42.9,16.9,44.1,11.4,23.2,79.8,22.4,13.9,34.5,39.4,21.2,16.7,12.8
Wyoming,PA,Pennsylvania,42131,35.7,12.4,35.8,11.0,24.5,78.4,19.2,18.2,26.6,37.8,,,5.3
Richland,WI,Wisconsin,55103,41.1,12.4,36.7,10.8,22,77.4,17.2,18.7,23.9,32.7,9.7,8.5,4.6
Weakley,TN,Tennessee,47183,38.0,12.9,37.1,11.8,31.1,76.3,18.5,14.9,28.9,38.6,17.6,13.1,11.4
Alameda,CA,California,06001,19.6,9.9,27.2,8.9,19.8,70.9,10.1,18.1,19.1,34.9,13.6,11.7,5.8
Montgomery,MD,Maryland,24031,24.2,10.6,30.1,9.4,18.3,75.7,8.2,12.9,16.7,33.1,11.8,11.7,7.3
Roberts,TX,Texas,48393,36.0,13.5,36.4,9.5,23.2,75.2,15.2,17.8,26.2,35.7,13.2,10.7,10.9
Shelby,OH,Ohio,39149,37.7,13.6,36.7,11.3,26.4,77.7,19.6,18.7,26.7,38.3,11.5,10.5,5.5
Cherokee,KS,Kansas,20021,42.3,14.2,42.2,11.0,21.1,78.2,18.5,15.6,29.5,35.9,13.2,11.2,8.0
Butts,GA,Georgia,13035,40.2,13.0,40.4,10.5,21.4,75.2,18.6,16.3,29.4,39.1,18.7,16,13.5
McLennan,TX,Texas,48309,37.3,13.6,33.2,10.3,24.6,72.2,16.9,17.3,27.8,38.9,18.9,15.8,16.6
Randolph,AR,Arkansas,05121,37.2,15.7,43.9,11.4,29.3,78.6,22.8,16.1,36.1,37.0,,,8.5
Hancock,IA,Iowa,19081,35.7,11.8,33.7,9.7,18.1,78.5,15.7,20.0,26.4,32.2,9.8,8.5,6.1
Ashley,AR,Arkansas,05003,41.9,18.6,46.3,11.4,25.3,80.4,20.0,13.3,38.4,42.1,,,8.4
Schuyler,IL,Illinois,17169,39.7,13.8,39.4,9.9,20.7,77.5,17.7,17.8,26.4,36.2,,,7.2
Bell,TX,Texas,48027,38.4,13.1,31.3,10.2,25.9,75.7,15.3,17.1,27.6,42.4,19,17.2,14.9
Kings,NY,New York,36047,26.9,11.6,29.3,10.2,16.6,78.0,11.8,16.1,26.1,39.8,,,5.9
Bolivar,MS,Mississippi,28011,45.2,17.6,50.6,10.8,18.4,82.6,16.3,12.2,33.1,37.1,32.4,23.7,8.9
Macomb,MI,Michigan,26099,36.9,11.6,36.1,11.7,25.1,78.1,18.9,17.9,27.6,38.2,11.9,11.3,6.1
Lauderdale,TN,Tennessee,47097,44.5,17.1,43.5,12.4,28.6,77.4,25.5,13.3,35.6,45.7,24.8,19.4,14.1
Riverside,CA,California,06065,33.7,11.3,28.6,10.0,19.5,70.5,11.3,18.6,24.2,38.0,17.5,15.8,7.2
Creek,OK,Oklahoma,40037,39.4,14.1,40.8,12.0,27.4,74.7,18.1,13.4,29.5,39.2,16.5,13.6,7.5
Irion,TX,Texas,48235,35.9,14.4,38.2,9.7,23,74.9,14.6,18.1,25.8,36.5,12.2,10.9,13.6
Jackson,OH,Ohio,39079,44.3,15.0,39.4,12.0,27.6,78.8,22.5,17.1,32.5,40.9,15.1,13,6.5
Jackson,CO,Colorado,08057,28.9,12.9,34.7,11.6,23.4,72.0,16.6,16.1,23.5,31.1,,,8.9
Columbia,OR,Oregon,41009,37.2,11.2,32.2,11.9,27.1,71.8,17.2,18.1,21.8,33.1,,,5.4
Dewey,SD,South Dakota,46041,40.9,15.2,34.6,13.0,19.9,74.9,27.3,19.7,31.1,36.3,,,9.7
Hardin,TX,Texas,48199,37.7,13.1,37.5,10.2,24.6,74.9,17.4,18.1,26.3,39.5,13.9,12.2,11.0
Pennington,SD,South Dakota,46103,34.6,9.9,31.7,9.2,20.1,77.5,16.0,18.5,22.6,31.7,,,5.8
Alleghany,NC,North Carolina,37005,36.2,15.7,44.0,10.2,24.3,79.8,18.0,14.2,29.7,32.6,16.2,12.6,9.0
Moore,TN,Tennessee,47127,36.7,14.7,41.0,11.1,29.1,78.4,17.9,14.2,28.7,37.4,18,12.7,8.2
Stevens,WA,Washington,53065,32.5,12.6,36.1,11.7,25.4,72.4,14.3,16.5,20.5,30.7,10.9,9.4,4.8
Warren,IN,Indiana,18171,36.3,12.8,39.3,10.8,23.7,78.8,19.5,15.8,27.8,38.7,11.2,9.4,6.1
Summers,WV,West Virginia,54089,42.9,18.7,46.0,12.7,27.5,82.8,22.6,12.7,35.2,41.5,20.1,14.8,6.2
Houston,TX,Texas,48225,40.2,17.5,43.2,10.2,22.4,76.6,19.5,15.0,32.9,40.3,22.7,17.7,14.5
Sully,SD,South Dakota,46119,36.6,11.0,36.1,9.0,16.5,79.0,14.9,18.1,23.8,28.1,,,4.9
Ascension,LA,Louisiana,22005,37.4,12.1,35.1,9.9,25.8,78.7,16.8,21.2,25.1,39.9,,,6.1
Reynolds,MO,Missouri,29179,40.5,15.2,42.4,11.3,24.9,76.9,24.6,16.4,32.7,39.1,17.8,13.4,9.8
Grant,NM,New Mexico,35017,33.7,15.6,37.3,10.5,20.4,71.7,16.7,12.7,29.1,31.2,18,13.9,9.1
Caldwell,KY,Kentucky,21033,38.0,14.8,42.2,11.0,26.2,79.9,19.7,12.7,28.4,39.4,15.4,11.6,5.7
Clayton,GA,Georgia,13063,45.6,14.9,40.5,11.5,18.2,77.1,18.0,12.4,33.9,45.3,35.3,29,16.7
Wood,TX,Texas,48499,35.2,15.1,41.4,9.8,22.6,76.6,15.8,15.7,27.3,34.5,15.1,12,11.7
Ketchikan Gateway,AK,Alaska,02130,34.5,9.9,30.6,10.4,20.1,67.5,15.0,20.1,21.2,38.0,11.1,10.4,6.8
Grundy,MO,Missouri,29079,39.0,14.1,39.3,10.9,24.2,77.2,20.8,17.1,30.6,37.0,13.4,10.8,7.4
Spotsylvania,VA,Virginia,51177,38.6,13.1,34.8,10.2,22.9,78.9,14.2,17.9,21.1,40.7,,,6.2
Hopkins,KY,Kentucky,21107,41.1,16.1,43.3,11.7,27.8,79.3,22.2,13.3,31.6,43.8,15.7,11.5,5.4
Jay,IN,Indiana,18075,42.1,14.8,39.0,11.6,26.2,77.8,22.7,15.3,35.3,38.6,16.6,12.3,7.9
Kandiyohi,MN,Minnesota,27067,36.4,11.8,34.2,10.2,23.9,71.7,14.1,20.3,22.9,31.2,10.7,10.4,5.6
Meigs,OH,Ohio,39105,49.0,16.7,43.0,11.9,29.3,79.2,24.7,16.7,33.0,40.3,15.3,12.3,6.8
St. Lucie,FL,Florida,12111,34.1,14.8,,10.1,20.5,79.2,14.6,16.3,28.4,36.6,17.7,13.9,12.3
Cameron,PA,Pennsylvania,42023,37.9,15.4,42.2,11.0,24,81.3,20.8,15.3,30.7,38.9,,,5.3
Sullivan,MO,Missouri,29211,39.7,15.1,40.2,10.6,23.4,76.6,21.9,16.2,33.1,39.4,17.3,13.7,12.0
Washington,KS,Kansas,20201,39.5,12.9,40.0,10.2,19.5,77.9,16.2,16.0,25.8,33.8,9.3,8.4,6.6
Allen,KY,Kentucky,21003,42.4,14.7,41.2,11.3,28,78.2,20.8,13.6,30.4,38.9,15.7,11.8,5.9
Lehigh,PA,Pennsylvania,42077,34.0,11.6,33.9,10.6,22.5,78.1,16.0,16.9,25.9,35.9,,,8.9
Halifax,NC,North Carolina,37083,41.2,18.6,48.4,11.4,21.3,81.0,19.9,12.5,32.4,38.2,29.6,23.7,10.9
Adams,WA,Washington,53001,37.8,12.6,31.4,11.7,23.1,65.1,14.2,15.3,27.0,29.5,18.2,15.8,17.1
Adams,PA,Pennsylvania,42001,36.5,10.9,34.9,10.3,23.8,79.4,15.7,17.3,24.2,37.8,,,5.7
Benton,MO,Missouri,29015,38.2,16.0,45.3,10.7,23.6,80.0,21.0,14.6,32.1,36.0,13.5,10,7.6
Broadwater,MT,Montana,30007,32.5,11.5,34.9,10.9,23.3,72.4,17.4,19.5,24.7,30.2,10.4,9.6,6.9
Schuylkill,PA,Pennsylvania,42107,39.0,12.5,35.3,10.9,25.2,78.4,19.9,18.1,27.4,40.8,,,6.9
Santa Cruz,CA,California,06087,28.2,10.0,29.4,10.2,23.5,70.2,10.4,20.5,20.6,32.4,11.8,11,6.8
Sawyer,WI,Wisconsin,55113,40.9,13.1,39.5,11.1,22.6,78.4,17.4,18.1,24.3,33.8,10.8,8.9,4.7
Linn,MO,Missouri,29115,41.3,14.1,39.4,11.0,25.2,76.6,23.0,16.4,32.6,38.5,15.4,12.2,9.6
Marion,FL,Florida,12083,38.4,15.6,,9.9,20,79.3,16.7,14.1,32.3,38.9,18.3,13.9,11.6
Glynn,GA,Georgia,13127,35.4,13.9,43.6,10.2,20.4,79.0,13.1,14.3,26.0,38.5,15.3,12.6,9.1
Fairbanks North Star,AK,Alaska,02090,31.8,7.2,26.5,10.0,20.8,64.5,14.0,21.8,20.3,37.0,10.6,11,8.4
Caribou,ID,Idaho,16029,33.0,10.4,32.3,10.5,22.7,72.4,13.0,16.0,23.8,32.8,11.9,10.8,6.3
Calhoun,AL,Alabama,01015,37.7,14.5,41.3,10.2,24.6,79.5,17.0,14.4,29.2,41.6,16.5,13.5,8.6
Pawnee,NE,Nebraska,31133,38.5,14.4,41.7,9.7,17.1,77.0,15.6,15.3,32.0,30.9,13.5,9.8,6.4
Leon,TX,Texas,48289,37.1,16.6,43.1,10.3,23.6,75.4,20.0,15.6,32.4,36.9,19.2,14.3,14.5
LaSalle,LA,Louisiana,22059,39.6,13.1,38.1,10.1,28.3,77.6,21.1,19.2,30.3,39.6,,,8.8
Adams,CO,Colorado,08001,34.2,9.6,24.8,11.3,23.3,64.2,15.0,18.1,23.1,34.2,,,15.5
Sandusky,OH,Ohio,39143,42.1,14.8,37.9,10.9,25.7,77.7,20.1,18.2,29.8,40.0,12.6,11.4,6.4
Carroll,VA,Virginia,51035,38.7,15.1,41.0,10.8,25.8,79.6,20.0,15.2,28.8,38.1,,,7.5
Hillsborough,NH,New Hampshire,33011,30.1,9.0,29.0,11.4,23,75.4,10.3,17.2,18.3,33.8,10,9.2,5.1
Poquoson,VA,Virginia,51735,33.7,11.2,32.8,9.4,23.1,79.0,11.2,18.8,18.5,32.6,,,4.0
Jefferson,IN,Indiana,18077,38.0,12.8,36.8,11.7,24.9,78.1,18.9,15.1,29.1,34.2,14.2,11.6,7.8
Kent,DE,Delaware,10001,38.9,12.8,36.1,11.9,20,78.5,14.6,14.7,25.9,39.9,19,15.9,6.8
Radford,VA,Virginia,51750,33.1,8.3,25.2,11.6,30.5,74.8,12.9,19.5,21.5,35.8,,,6.6
Richmond,GA,Georgia,13245,43.7,15.2,42.8,11.6,20.6,78.7,17.7,14.0,30.1,42.6,20.9,17.6,14.0
Wapello,IA,Iowa,19179,41.6,13.9,33.9,10.2,18.3,77.6,20.0,18.8,32.2,37.1,14,11.8,8.3
Lawrence,AL,Alabama,01079,41.1,16.1,43.4,11.2,26.4,79.0,20.1,14.8,32.0,39.0,19.1,14.8,9.4
Livingston,IL,Illinois,17105,37.7,12.2,35.9,10.2,21.8,76.6,17.0,18.5,25.2,36.0,,,8.1
Harrison,KY,Kentucky,21097,39.9,13.8,40.8,10.9,26.7,78.8,19.4,13.6,28.2,39.7,17.3,12.5,4.9
Colfax,NM,New Mexico,35007,35.0,15.0,39.3,10.5,20.6,71.0,15.1,13.3,27.4,32.7,17,13.8,8.3
Dooly,GA,Georgia,13093,43.6,17.2,48.2,10.6,18.3,79.5,18.1,12.7,33.0,41.5,24.9,19.7,13.5
Giles,VA,Virginia,51071,36.6,13.9,38.2,10.4,25.5,79.6,17.0,17.0,25.4,35.0,,,5.5
Uintah,UT,Utah,49047,34.6,10.7,32.0,11.9,23.8,67.3,13.1,13.4,22.5,37.3,15.7,13.6,9.8
Sublette,WY,Wyoming,56035,30.1,10.8,31.2,9.9,20.4,72.1,13.6,17.8,21.1,31.6,8.2,8.2,6.2
Cochise,AZ,Arizona,04003,32.6,13.9,36.9,10.3,21.6,71.9,14.8,15.8,26.1,33.9,14.9,12.5,9.9
De Witt,IL,Illinois,17039,36.6,12.0,36.0,10.1,22,76.7,16.1,18.9,23.0,36.4,,,6.8
Sedgwick,CO,Colorado,08115,29.5,13.9,37.0,11.7,23.1,72.8,16.0,15.4,25.3,31.3,,,7.4
Bossier,LA,Louisiana,22015,44.6,13.2,36.1,10.4,27,79.1,18.1,17.7,28.8,42.3,,,7.7
Corson,SD,South Dakota,46031,45.7,16.1,36.7,12.4,19.2,76.8,26.9,17.2,34.0,35.5,,,8.2
Gunnison,CO,Colorado,08051,22.8,6.4,23.4,10.4,23.1,66.9,8.9,22.5,12.9,27.4,,,5.6
Garden,NE,Nebraska,31069,41.2,15.3,41.3,9.6,17,75.9,17.3,15.3,33.0,31.1,13.7,10.2,7.8
Eau Claire,WI,Wisconsin,55035,34.1,8.9,28.4,11.0,26.2,74.5,14.4,22.0,22.3,35.9,9,8.2,5.0
Rappahannock,VA,Virginia,51157,35.6,15.1,38.2,10.2,24.4,80.9,16.5,15.3,24.1,35.0,,,5.6
Mariposa,CA,California,06043,31.8,14.2,38.1,11.1,23.5,74.8,15.9,16.1,24.9,33.1,10.4,9.4,5.0
Ralls,MO,Missouri,29173,40.5,13.9,40.4,10.5,22.7,77.8,21.3,17.6,29.5,36.6,9.6,8.5,7.2
Bond,IL,Illinois,17005,36.6,12.6,35.5,10.8,23.4,74.4,20.4,18.5,27.7,37.9,,,11.4
King William,VA,Virginia,51101,39.2,14.0,36.1,10.7,24.3,79.0,17.2,18.2,23.5,37.8,,,6.3
Alleghany,VA,Virginia,51005,40.7,15.7,42.3,10.5,25.2,80.9,17.8,15.6,26.8,34.6,,,5.9
Pope,MN,Minnesota,27121,37.9,12.1,35.8,10.3,24.2,74.0,16.3,18.9,22.8,30.5,7.4,7.4,4.8
Lamar,MS,Mississippi,28073,39.6,12.5,38.5,9.8,22.1,78.6,16.7,15.8,27.7,38.2,15.2,12.8,8.7
Roger Mills,OK,Oklahoma,40129,40.4,15.2,43.5,11.9,27,77.0,16.9,13.3,32.8,35.4,13.5,10.9,6.9
Robeson,NC,North Carolina,37155,41.5,17.4,45.0,12.3,22.3,78.3,24.2,13.3,33.9,39.2,32.6,25.3,13.1
St. Joseph,MI,Michigan,26149,37.2,12.5,36.7,12.3,27,76.1,20.1,17.1,30.2,35.2,15.8,13,7.3
Page,IA,Iowa,19145,43.6,13.1,37.2,9.6,17.6,78.2,18.6,19.6,29.8,31.3,12.4,10.5,6.0
Delaware,OH,Ohio,39041,32.8,10.2,31.7,9.3,20.8,78.1,12.2,18.4,18.1,32.2,5.9,6.1,3.8
West Baton Rouge,LA,Louisiana,22121,40.7,14.2,38.8,10.7,25.9,80.3,19.6,18.1,30.5,41.4,,,8.1
Allen,KS,Kansas,20001,40.5,13.4,39.3,11.3,21.4,76.8,19.1,15.9,30.1,36.8,12.9,10.7,7.9
Butler,NE,Nebraska,31023,38.9,10.7,35.5,8.7,16.1,74.0,13.1,19.5,25.0,29.9,9.7,8.5,5.8
Marshall,OK,Oklahoma,40095,42.7,16.2,44.7,12.3,28.2,76.3,19.3,12.5,35.8,37.9,20.6,15.6,12.0
Liberty,GA,Georgia,13179,44.1,11.6,34.4,11.2,20.8,75.0,15.7,16.8,26.7,38.8,19.6,17.6,14.7
Clay,IA,Iowa,19041,40.0,11.7,34.3,9.6,17.5,77.4,16.3,21.2,26.7,30.1,8.6,8.1,5.5
Murray,OK,Oklahoma,40099,44.3,14.9,42.7,12.0,26.1,75.8,18.5,14.1,33.3,36.1,17.5,14.1,8.8
Walton,FL,Florida,12131,31.5,11.8,,9.7,20.4,76.8,15.7,17.1,22.3,35.2,10.4,9,9.2
Schoharie,NY,New York,36095,36.7,11.7,34.9,11.5,22,80.2,17.8,18.2,27.0,38.3,,,5.4
Tate,MS,Mississippi,28137,39.9,14.3,43.2,10.2,21,78.8,18.0,15.1,30.6,37.4,21.4,16.7,10.4
Muscogee,GA,Georgia,13215,41.6,15.4,40.4,10.8,21.5,79.0,17.0,13.9,31.2,43.9,22.9,19.1,13.3
Pembina,ND,North Dakota,38067,34.3,12.5,37.7,10.3,19.2,76.5,16.9,18.9,28.1,32.7,,,4.8
Essex,VT,Vermont,50009,33.0,11.5,37.8,12.4,24.8,77.2,14.6,15.0,22.3,30.6,11.5,9.9,5.2
Monroe,KY,Kentucky,21171,39.2,14.9,43.2,11.2,27,79.1,20.5,12.6,30.4,39.6,20.4,14.1,6.3
Hidalgo,TX,Texas,48215,46.8,18.5,32.9,9.8,22.7,69.8,16.5,16.1,39.0,40.4,38.5,28.8,40.1
Hardin,IL,Illinois,17069,37.9,14.7,40.1,10.3,21.6,78.0,19.2,16.4,27.9,36.5,,,8.0
Sutton,TX,Texas,48435,41.4,19.1,37.8,9.5,21.4,73.9,16.9,15.4,36.9,38.3,27.5,20.8,25.6
Owen,IN,Indiana,18119,40.4,14.5,39.1,11.2,24.6,78.3,21.5,14.6,31.9,36.6,14.6,11.6,6.4
Freeborn,MN,Minnesota,27047,40.3,13.4,36.7,10.2,24.1,72.3,17.2,18.1,29.2,32.7,12.6,11,6.2
Freestone,TX,Texas,48161,39.3,15.8,39.9,10.1,22.9,75.0,18.6,16.5,30.8,38.9,18.6,14.9,15.4
Gillespie,TX,Texas,48171,33.0,14.6,39.5,9.5,22.1,77.2,13.7,15.6,27.3,33.2,10.7,9,11.2
Nicholas,WV,West Virginia,54067,40.0,17.5,45.0,12.1,27.7,82.7,21.2,13.7,35.1,41.2,11.3,10,4.7
Hardee,FL,Florida,12049,39.3,15.5,,10.3,21.5,74.1,19.9,15.9,36.7,37.9,29.2,21,23.5
Natrona,WY,Wyoming,56025,37.9,10.7,29.8,10.8,26.3,69.0,17.7,19.2,27.9,34.5,11.1,10.4,9.7
Monroe,IA,Iowa,19135,37.2,11.3,32.9,9.6,18.8,78.4,16.0,21.4,26.2,33.5,8.9,8,5.4
Okaloosa,FL,Florida,12091,33.4,10.9,,9.6,21.7,75.5,14.7,19.2,21.1,36.7,12.6,11.2,10.9
Burnett,WI,Wisconsin,55013,42.2,14.3,41.5,11.0,22.5,79.6,17.8,17.3,25.1,30.8,11.1,9.1,4.6
Newton,MO,Missouri,29145,36.8,12.1,38.3,10.4,23,77.2,17.3,17.8,26.2,36.9,16.2,13.2,7.6
Maui,HI,Hawaii,15009,24.0,12.3,26.7,10.1,15,71.6,13.0,17.7,21.5,41.3,,,4.6
Kent,RI,Rhode Island,44003,33.0,10.7,35.1,11.8,22.9,85.0,13.1,17.5,21.5,34.6,9.4,8.5,4.5
Wayne,OH,Ohio,39169,39.4,12.3,36.8,11.0,25.5,77.3,17.3,17.3,24.3,32.7,11.1,10,5.8
Walton,GA,Georgia,13297,35.8,13.0,40.1,10.8,22,76.2,17.3,15.4,27.7,36.3,15.6,13,12.4
Horry,SC,South Carolina,45051,34.6,13.9,40.1,9.5,21.1,80.6,16.3,15.7,25.0,34.6,11.5,10.1,8.9
Harris,TX,Texas,48201,35.2,14.3,32.1,9.1,20.2,71.7,15.6,16.2,28.7,41.0,22.7,19.5,23.8
Davis,IA,Iowa,19051,40.1,12.2,33.7,10.2,19.4,77.1,18.2,21.0,28.9,31.8,11.8,10.3,6.4
La Paz,AZ,Arizona,04012,33.7,19.7,44.8,11.0,20.6,76.7,16.7,12.0,34.3,34.8,19,13.3,9.2
Clay,IL,Illinois,17025,38.4,13.5,37.3,10.7,23.1,76.6,18.6,17.5,27.0,35.4,,,8.4
Portage,OH,Ohio,39133,37.3,11.8,34.4,10.8,26.1,77.2,15.8,16.8,23.4,38.3,11.1,10.2,5.4
Iowa,WI,Wisconsin,55049,39.7,10.5,33.0,10.5,22.8,76.0,13.4,21.0,20.2,31.3,8.8,8.6,4.0
Baker,FL,Florida,12003,37.8,11.8,,10.1,21.6,74.3,19.1,17.3,30.5,39.5,17.4,14.3,12.9
Mineral,MT,Montana,30061,35.3,11.7,39.4,10.9,22.9,74.7,16.5,18.3,23.7,32.5,8.2,7.4,6.2
Barnes,ND,North Dakota,38003,36.5,10.7,35.1,10.3,20.9,76.4,13.3,19.7,22.6,30.3,,,4.2
Box Elder,UT,Utah,49003,31.8,9.5,30.2,11.4,25.2,70.8,10.1,12.5,19.4,37.6,11.4,10.6,9.2
Dauphin,PA,Pennsylvania,42043,34.1,12.2,34.1,11.0,23.5,79.3,17.1,17.0,25.9,42.0,,,6.5
Clarion,PA,Pennsylvania,42031,34.5,11.3,34.4,11.0,24.9,77.7,18.0,18.4,25.8,36.6,,,6.1
San Juan,NM,New Mexico,35045,38.1,13.8,33.2,13.4,23.8,66.2,24.5,13.8,28.1,37.5,26.3,20.5,9.4
Saline,NE,Nebraska,31151,40.8,13.3,35.1,9.4,17.3,71.7,15.5,17.5,30.6,35.6,12.8,10.8,11.8
Twin Falls,ID,Idaho,16083,36.2,10.2,32.3,10.8,24.3,74.1,12.9,15.0,24.4,33.4,12.2,10.6,9.1
Hempstead,AR,Arkansas,05057,40.8,17.5,44.0,11.6,25.4,80.9,19.8,13.8,34.3,39.8,,,9.5
Bremer,IA,Iowa,19017,38.4,10.8,30.3,9.4,19,77.9,15.0,21.9,24.3,33.1,6.9,7,4.6
Catawba,NC,North Carolina,37035,33.8,12.0,35.4,9.8,23.4,77.4,15.7,16.9,23.6,31.0,13.9,12.6,10.2
Monterey,CA,California,06053,32.3,11.9,29.0,10.5,20.9,69.1,13.6,17.0,25.8,33.9,19.6,17.1,12.1
St. John the Baptist,LA,Louisiana,22095,43.9,17.0,44.4,11.3,24.5,81.5,19.9,15.3,33.0,44.1,,,8.1
Greene,IN,Indiana,18055,40.4,14.0,39.2,11.5,25.1,78.2,21.7,15.5,31.4,34.5,13.5,10.8,7.4
Crockett,TN,Tennessee,47033,39.1,16.1,41.2,12.0,30.3,77.8,21.4,14.8,33.1,41.1,19.3,14.8,12.0
Effingham,IL,Illinois,17049,35.2,10.7,34.9,9.6,21.2,76.7,13.3,19.6,20.7,34.2,,,5.5
Val Verde,TX,Texas,48465,40.8,16.8,33.0,9.2,20.8,70.7,14.9,17.3,35.2,38.5,29.3,23.2,29.4
Sitka,AK,Alaska,02220,32.5,9.7,30.8,10.5,20.1,68.1,15.8,18.1,21.8,31.1,11.8,11,7.8
Oneida,NY,New York,36065,38.1,11.1,33.7,11.0,21.8,80.2,15.1,19.7,28.1,38.3,,,5.4
McIntosh,GA,Georgia,13191,42.2,19.1,49.8,11.0,20.4,80.9,18.6,11.6,33.4,37.1,19.9,14.7,10.8
Louisa,IA,Iowa,19115,45.0,14.4,33.2,10.4,19.5,79.3,19.2,23.0,34.7,36.6,14.3,11.7,7.3
Allen,IN,Indiana,18003,38.1,12.6,34.4,10.8,23.8,77.1,18.3,16.2,27.4,35.3,13,11.2,8.0
Tattnall,GA,Georgia,13267,46.0,14.3,41.9,10.6,21,75.4,20.1,14.9,32.9,42.1,24.1,19.6,17.1
Winston,AL,Alabama,01133,36.8,15.5,43.3,10.1,25.9,79.9,17.6,14.7,31.3,36.5,13.9,10.6,7.9
Raleigh,WV,West Virginia,54081,39.8,17.1,45.2,13.2,27.8,82.1,21.1,13.5,34.7,43.1,18.7,14.6,6.5
Tulare,CA,California,06107,37.6,13.1,30.4,10.6,22.2,67.1,15.0,18.9,30.5,34.9,28,21.9,15.8
Boulder,CO,Colorado,08013,18.0,6.7,24.1,10.2,21.7,68.1,9.8,20.7,12.5,24.1,,,6.1
Mellette,SD,South Dakota,46095,42.3,16.4,40.7,12.3,19.1,75.1,27.0,16.5,32.1,37.3,,,8.9
Covington,VA,Virginia,51580,38.5,14.7,40.5,11.1,25.9,79.7,17.7,16.5,25.8,36.3,,,6.5
Chenango,NY,New York,36017,37.5,12.6,36.9,11.0,22.2,78.6,18.3,19.0,28.6,38.9,,,5.0
Carver,MN,Minnesota,27019,33.7,8.3,27.4,9.3,21.4,72.3,11.3,20.6,17.4,26.2,6.1,7,4.0
Duchesne,UT,Utah,49013,33.1,10.8,30.5,11.9,25.8,68.8,12.0,12.6,22.5,31.8,12.6,11,9.0
Edwards,TX,Texas,48137,41.8,22.8,44.5,10.3,22.7,76.8,18.9,13.2,39.5,38.2,27.5,18.9,21.5
Fleming,KY,Kentucky,21069,41.1,15.8,40.9,11.7,28.1,78.2,23.4,12.7,32.5,42.1,17.8,12.1,7.1
Bourbon,KS,Kansas,20011,41.9,13.6,38.1,11.4,21.1,76.5,20.1,16.1,30.9,39.3,12.9,11.5,8.9
Greenbrier,WV,West Virginia,54025,42.8,17.4,43.1,12.4,26.3,82.9,20.3,13.6,32.1,37.8,13.5,11.3,5.5
Natchitoches,LA,Louisiana,22069,42.6,15.3,40.9,11.3,27.1,81.8,19.5,16.4,33.0,39.0,,,7.8
Pottawatomie,KS,Kansas,20149,31.2,10.1,33.2,10.0,19.2,75.6,12.7,18.0,21.5,34.8,8.2,8.3,5.6
Loudoun,VA,Virginia,51107,29.4,10.2,26.4,8.7,19.4,76.8,9.3,17.4,16.3,30.5,,,5.0
Gallatin,IL,Illinois,17059,38.5,14.8,39.9,10.6,22.4,77.8,19.5,16.7,29.3,36.3,,,7.5
Ellis,KS,Kansas,20051,38.8,9.5,28.9,10.7,19.8,75.2,12.2,20.3,20.1,33.9,10.5,9.7,6.8
Hubbard,MN,Minnesota,27057,39.6,12.4,36.9,10.0,24,74.9,15.1,17.6,22.8,28.3,8.6,8.3,4.1
New Madrid,MO,Missouri,29143,41.6,15.0,43.8,11.5,23.2,78.1,24.2,16.3,33.6,41.2,20.1,15.6,9.6
St. Joseph,IN,Indiana,18141,37.1,12.5,34.4,11.3,25.4,78.7,16.1,15.6,28.5,37.4,13.4,11.5,6.8
Bosque,TX,Texas,48035,36.7,16.4,41.0,10.4,23.9,75.8,18.0,15.8,31.3,36.6,14.3,11.7,14.4
Pontotoc,MS,Mississippi,28115,43.2,13.1,41.3,10.0,21.8,78.4,17.2,15.3,29.1,35.0,18.4,14.9,9.9
Mifflin,PA,Pennsylvania,42087,38.3,13.0,37.1,11.2,24.8,79.5,20.8,16.8,29.2,39.8,,,6.3
Jefferson,TX,Texas,48245,38.0,16.9,39.0,10.4,21.5,74.5,18.5,18.0,34.8,40.6,23.6,18.8,17.9
Linn,KS,Kansas,20107,38.9,14.2,39.6,10.8,19.6,77.8,17.4,15.8,28.1,33.2,12.3,10.4,6.6
Crittenden,KY,Kentucky,21055,40.9,15.4,43.0,11.2,27.4,79.6,19.6,12.7,29.4,40.2,15.6,11.1,5.1
Blair,PA,Pennsylvania,42013,36.0,12.7,33.5,11.2,25.7,78.7,19.2,17.3,26.8,40.8,,,5.9
Lamb,TX,Texas,48279,41.1,17.5,38.1,10.1,23.1,73.2,17.5,16.4,35.6,38.3,27.6,20.4,24.8
Muskegon,MI,Michigan,26121,42.8,13.2,36.2,11.9,27.1,77.5,20.1,17.3,27.2,38.3,13.9,12.7,6.2
Jefferson,PA,Pennsylvania,42065,35.7,12.6,36.3,11.0,24.6,78.5,20.2,17.8,27.7,37.4,,,6.0
Calhoun,TX,Texas,48057,36.2,15.2,35.6,8.9,20.4,74.5,13.3,16.8,28.5,37.0,18.4,15.6,17.3
Peoria,IL,Illinois,17143,35.0,12.0,34.6,10.3,21.9,77.8,15.5,17.4,25.1,36.9,,,8.5
Madison,AR,Arkansas,05087,36.0,15.4,42.0,10.9,27,77.3,22.3,15.2,35.8,37.6,,,10.1
Franklin,VA,Virginia,51620,46.5,18.3,45.3,11.8,22.2,82.5,17.8,13.5,29.5,41.3,,,7.2
Humboldt,CA,California,06023,32.1,10.7,32.0,11.6,26.2,69.3,15.8,18.9,21.6,34.9,13.5,11.9,6.0
West Feliciana,LA,Louisiana,22125,41.8,14.9,43.8,9.3,22.3,80.1,18.8,19.5,27.3,41.6,,,7.5
Rice,MN,Minnesota,27131,33.9,9.9,29.3,9.7,23.5,69.1,13.8,20.4,20.9,31.0,9.8,9.9,5.6
Beadle,SD,South Dakota,46005,34.8,12.2,33.4,9.7,17.4,76.1,19.0,16.6,30.5,31.3,,,8.5
Hamblen,TN,Tennessee,47063,38.5,14.4,39.5,11.3,31.2,76.5,19.9,14.8,30.5,39.5,18.3,13.9,11.0
Klickitat,WA,Washington,53039,32.9,12.7,34.6,11.9,24.7,69.3,14.0,15.3,22.9,32.1,11.7,10.3,7.1
Pinal,AZ,Arizona,04021,38.4,14.0,33.3,11.0,22.2,73.9,14.8,17.1,26.4,39.7,14.6,14,10.0
Citrus,FL,Florida,12017,33.8,15.2,,9.6,20.3,80.9,13.5,13.5,26.9,36.4,14.2,10.1,7.1
Chester,SC,South Carolina,45023,42.0,15.1,40.8,10.9,21.7,80.6,19.2,14.5,29.5,38.1,19.7,16.1,10.7
Chesterfield,VA,Virginia,51041,37.8,12.4,36.3,10.0,21.6,80.5,11.6,16.7,20.2,33.8,,,5.2
Heard,GA,Georgia,13149,41.3,13.5,40.6,11.0,24.1,75.2,19.1,15.6,29.2,36.8,16.8,13.2,12.3
Jackson,KS,Kansas,20085,43.3,13.1,38.9,10.8,19.4,77.9,16.4,17.1,25.2,36.0,10.8,9.5,6.7
Letcher,KY,Kentucky,21133,40.6,16.0,47.1,11.6,29.9,80.4,20.1,11.5,29.2,42.1,21,13.8,5.4
Mitchell,NC,North Carolina,37121,34.2,12.9,37.8,9.9,24,78.3,15.5,16.3,24.4,31.2,13.3,11.3,7.8
Pecos,TX,Texas,48371,42.3,16.5,35.2,8.9,20.3,71.7,16.2,17.8,34.5,40.3,26.5,21.3,26.6
Warren,VA,Virginia,51187,38.4,13.2,35.7,10.5,25.4,77.4,18.1,18.2,24.4,38.3,,,6.7
Sandoval,NM,New Mexico,35043,30.9,11.9,31.0,11.3,22.7,68.2,15.6,16.2,23.2,36.3,14.8,13.5,9.8
Whitley,KY,Kentucky,21235,40.8,13.8,40.1,11.9,29.1,78.1,21.3,13.2,28.6,42.1,17,11.6,6.6
Crosby,TX,Texas,48107,40.7,17.6,38.6,10.0,22.5,73.6,18.7,15.6,36.2,39.2,26.8,19.9,23.7
Furnas,NE,Nebraska,31065,40.6,13.5,37.6,9.5,16.9,75.5,17.0,16.6,28.3,29.9,12.4,9.1,7.7
Douglas,KS,Kansas,20045,34.8,9.1,25.5,10.8,23.8,74.7,14.5,20.0,20.0,33.6,9.4,8.7,7.8
Stephenson,IL,Illinois,17177,41.5,13.9,39.8,10.5,21.6,78.3,17.0,16.3,26.0,35.5,,,7.3
Taylor,GA,Georgia,13269,42.6,18.5,48.9,12.1,22.4,78.8,22.4,11.9,37.2,39.8,28.1,20.4,16.2
Vermilion,LA,Louisiana,22113,39.2,14.5,41.0,10.4,28.6,79.5,19.9,18.2,31.2,38.0,,,7.6
Buchanan,VA,Virginia,51027,44.3,17.8,44.8,11.6,28.7,80.0,25.2,14.5,34.3,38.2,,,9.0
Williamson,TX,Texas,48491,30.1,10.4,29.9,9.0,21,72.8,11.0,19.1,19.4,33.1,11,10.4,11.7
Stanton,KS,Kansas,20187,42.4,14.7,38.4,10.6,18.7,76.0,16.7,15.5,32.3,35.3,18.6,15.2,15.1
Hamilton,OH,Ohio,39061,38.2,14.2,36.3,12.0,26.3,78.7,17.9,21.2,27.1,38.8,14.7,13.8,6.4
Roberts,SD,South Dakota,46109,42.4,14.6,38.4,10.8,18.3,78.9,20.9,18.0,30.9,34.7,,,5.7
Calvert,MD,Maryland,24009,34.4,11.0,35.1,10.6,20.8,77.4,11.0,16.4,19.4,36.5,9.4,9.7,4.4
Cross,AR,Arkansas,05037,38.5,16.8,44.1,11.4,26.6,79.5,21.3,14.3,34.4,41.3,,,8.5
Cortland,NY,New York,36023,31.7,9.9,29.0,11.2,24.6,78.3,14.7,20.8,24.7,36.8,,,4.6
Waseca,MN,Minnesota,27161,40.9,10.4,31.3,10.1,25.2,72.4,15.3,20.3,22.2,28.7,10.9,10.4,5.2
West Carroll,LA,Louisiana,22123,40.8,16.5,44.7,11.0,28.7,79.9,23.8,15.7,35.6,38.0,,,9.5
Carter,TN,Tennessee,47019,41.5,16.6,42.1,11.9,31,77.4,22.9,13.9,32.8,42.9,16.6,12.4,10.4
Franklin,NC,North Carolina,37069,38.3,13.3,36.7,10.2,22.5,78.1,16.2,16.7,24.9,36.7,16.3,15.4,9.0
Bibb,GA,Georgia,13021,48.1,15.7,41.8,11.6,21.2,80.1,17.5,12.5,32.8,42.5,28.2,23.4,12.6
Cowlitz,WA,Washington,53015,39.3,11.7,33.6,12.8,29.9,67.5,14.7,15.6,22.4,35.6,12.3,11.5,6.4
Tunica,MS,Mississippi,28143,50.2,19.8,50.7,12.3,20.5,81.3,24.0,11.5,42.3,46.1,35.4,27.3,14.5
McCormick,SC,South Carolina,45065,36.5,18.2,48.7,9.6,17.8,84.4,15.3,12.8,28.5,35.4,17,14.1,8.0
Rusk,TX,Texas,48401,39.5,13.8,37.4,9.9,22.5,74.2,17.1,18.0,27.5,39.6,18.4,15.7,15.1
Kingsbury,SD,South Dakota,46077,33.8,10.8,35.5,9.0,16.8,78.0,14.9,18.7,24.9,27.4,,,4.8
Washington,MO,Missouri,29221,39.4,13.3,39.6,11.1,24.9,75.4,23.3,16.9,30.3,41.4,16.4,13.2,10.4
Hitchcock,NE,Nebraska,31087,42.9,13.5,38.0,9.5,17.1,75.3,16.6,17.5,29.9,30.9,10.5,7.7,6.7
Clackamas,OR,Oregon,41005,29.0,9.5,30.0,10.5,24.5,73.9,10.2,18.2,16.7,31.7,,,3.9
Osage,KS,Kansas,20139,40.1,13.1,39.0,10.5,19.5,77.4,18.0,16.3,27.6,31.1,9.5,8.2,7.1
Latimer,OK,Oklahoma,40077,45.2,17.2,42.9,13.3,28.8,75.7,22.7,12.7,37.8,37.2,20.8,15.6,10.3
Somerset,MD,Maryland,24039,42.1,14.6,40.4,12.5,21.4,76.9,18.5,14.4,31.4,44.0,24.3,20,9.6
Rush,IN,Indiana,18139,41.3,13.1,38.2,11.0,25,78.6,18.2,15.2,28.4,38.0,12,9.7,5.9
Greene,IA,Iowa,19073,41.0,13.0,34.9,9.7,18,79.3,15.9,19.1,28.9,30.9,9.4,8.9,4.7
Belmont,OH,Ohio,39013,42.6,15.1,38.2,11.4,26.9,78.9,21.8,17.5,32.3,39.0,14.4,11.8,6.3
Wharton,TX,Texas,48481,40.7,15.7,37.3,10.1,22.4,74.0,16.5,16.9,31.3,39.2,24.2,19.3,19.7
Jasper,IL,Illinois,17079,35.0,11.8,35.9,9.9,21.5,77.8,14.3,19.0,21.7,34.4,,,5.1
Hart,KY,Kentucky,21099,38.7,16.4,43.0,12.1,28.8,78.4,24.3,12.4,33.3,43.8,20.8,14.1,7.1
Burleson,TX,Texas,48051,38.5,15.7,38.6,10.1,23.1,74.8,17.5,16.6,30.0,36.9,14.1,12.3,15.5
Will,IL,Illinois,17197,36.7,10.9,32.1,9.3,19.1,76.1,12.2,19.4,20.9,37.3,,,9.0
Calhoun,MI,Michigan,26025,39.0,12.5,38.2,11.8,25.7,77.5,17.7,17.4,27.2,34.6,13.5,11.7,5.8
Lincoln,TN,Tennessee,47103,40.5,14.8,41.0,11.4,29.8,78.3,19.6,14.4,29.0,38.5,14.1,11.2,8.6
Lyon,KY,Kentucky,21143,38.8,15.2,43.1,10.1,24.1,79.4,18.5,14.0,27.5,40.5,16.4,12.1,4.6
Lake,CO,Colorado,08065,26.5,7.9,23.9,9.8,21.3,68.2,9.4,21.0,15.1,29.5,,,7.7
Lincoln,MS,Mississippi,28085,43.1,16.0,44.9,10.5,21.4,79.5,20.4,13.5,34.0,37.3,19.8,15.6,9.6
Holt,MO,Missouri,29087,39.1,14.2,40.5,10.9,24.1,77.8,21.4,16.3,32.1,37.4,12.9,10.4,8.2
Hall,TX,Texas,48191,40.1,18.1,42.0,9.9,22.4,76.7,16.4,15.3,32.6,38.7,21.6,16.6,15.6
Pottawattamie,IA,Iowa,19155,42.5,12.8,33.0,10.2,20.2,77.5,18.1,21.8,27.4,34.5,8.9,8.4,5.9
Trempealeau,WI,Wisconsin,55121,39.3,11.2,32.7,10.5,22.9,75.4,17.2,20.5,22.6,34.3,9.6,8.7,6.0
Knox,OH,Ohio,39083,34.3,11.8,34.7,10.7,26.4,77.9,16.0,16.7,25.7,32.8,12.7,10.6,5.9
Vanderburgh,IN,Indiana,18163,38.8,11.9,35.4,11.2,24.6,79.3,16.0,16.8,28.1,39.3,14.4,12.3,6.0
Rosebud,MT,Montana,30087,39.2,12.5,37.8,12.6,25.1,70.5,22.3,19.6,29.3,35.5,19.4,15.4,9.9
Bryan,OK,Oklahoma,40013,40.8,14.1,40.1,12.7,29.1,74.6,18.9,14.5,31.0,39.3,18.8,15.3,9.1
Gwinnett,GA,Georgia,13135,33.7,12.5,32.5,9.5,18.9,75.2,11.9,15.2,23.1,37.0,15,13.9,13.1
Wayne,IA,Iowa,19185,38.7,13.8,35.7,10.5,19.9,76.9,20.9,19.6,32.9,31.6,11.6,9.6,7.2
Defiance,OH,Ohio,39039,41.9,13.9,37.1,11.1,25.8,77.9,18.2,18.2,27.2,37.5,12.5,10.6,6.2
Brown,SD,South Dakota,46013,35.3,9.1,32.1,8.9,18.2,77.9,14.0,21.2,23.4,29.6,,,4.7
Carroll,KY,Kentucky,21041,40.5,15.0,41.1,11.5,28,77.8,22.0,13.8,30.8,44.3,17.9,12.9,6.4
San Diego,CA,California,06073,25.3,9.9,25.5,9.3,21,72.0,10.0,21.2,18.5,34.1,14.6,13.5,6.3
Clark,IL,Illinois,17023,35.4,11.6,35.4,9.8,21.2,77.1,14.8,18.8,22.4,34.8,,,5.9
Hampton,VA,Virginia,51650,41.6,14.4,39.8,10.9,21,81.5,14.5,16.7,23.0,43.1,,,6.3
Banks,GA,Georgia,13011,37.0,12.9,38.5,11.1,24.3,73.7,21.5,15.5,30.8,36.7,17.6,13.9,17.3
Susquehanna,PA,Pennsylvania,42115,32.9,11.4,38.0,10.0,22.3,79.9,14.3,16.9,20.8,36.3,,,4.3
Thomas,KS,Kansas,20193,33.0,10.9,33.1,10.4,19.7,76.4,13.4,18.2,23.9,34.6,8.5,8.1,6.8
Washington,CO,Colorado,08121,26.6,10.2,33.1,10.9,22.8,70.7,13.7,18.4,19.4,30.0,,,6.9
Mercer,PA,Pennsylvania,42085,34.8,11.6,35.5,11.2,24.1,80.3,16.8,16.8,23.2,38.4,,,5.2
Franklin,AR,Arkansas,05047,40.2,15.8,44.8,11.1,27.8,77.8,23.4,15.0,37.1,40.6,,,9.4
Wolfe,KY,Kentucky,21237,45.1,20.2,48.7,13.1,31,79.1,30.4,10.8,40.2,44.2,33.8,20.3,8.6
San Juan,UT,Utah,49037,37.0,15.1,35.4,13.3,24.8,70.7,14.4,11.9,23.8,38.0,26.4,18.9,8.9
Logan,WV,West Virginia,54045,41.2,18.5,47.8,13.1,32,82.0,24.7,13.0,39.2,44.5,18.7,14.6,6.6
Boundary,ID,Idaho,16021,31.0,12.6,38.2,11.0,22.1,75.5,14.7,14.0,25.7,31.0,13.3,10.5,6.2
Sullivan,NH,New Hampshire,33019,32.4,11.5,32.4,11.9,24.5,75.1,14.9,15.7,23.0,33.0,11.9,10.4,5.4
Ector,TX,Texas,48135,40.1,13.4,30.4,9.6,22.3,69.4,15.9,19.0,32.3,37.8,24.4,20.7,28.4
Wheeler,OR,Oregon,41069,34.1,15.6,43.0,11.8,24.9,76.8,17.0,13.5,26.0,30.6,,,4.8
Bath,KY,Kentucky,21011,38.4,13.6,41.3,11.1,26.8,78.8,19.2,12.9,27.0,40.1,18.7,13.3,5.9
Trinity,TX,Texas,48455,38.6,16.9,45.1,10.1,23,77.7,17.3,15.2,30.3,37.2,18.1,14,11.1
Jefferson Davis,MS,Mississippi,28065,43.3,20.2,52.6,10.9,19,83.1,19.3,11.4,37.6,39.5,26.9,20.4,9.2
Hill,TX,Texas,48217,36.8,15.7,38.9,10.4,24.6,74.4,17.9,16.9,30.4,40.7,18.1,14.7,14.6
Mountrail,ND,North Dakota,38061,40.2,11.8,34.2,11.4,20.4,72.8,18.0,21.8,26.3,35.5,,,6.4
Routt,CO,Colorado,08107,25.2,8.1,25.8,10.5,22.1,68.4,12.2,20.2,15.2,26.6,,,6.1
Fremont,CO,Colorado,08043,29.3,11.2,32.0,10.7,21.6,69.7,15.8,18.7,21.3,33.9,,,9.5
Warren,MS,Mississippi,28149,41.8,15.7,47.6,10.5,19.8,80.1,17.2,13.3,31.4,37.1,19.5,16,10.1
Washakie,WY,Wyoming,56043,38.8,12.3,34.3,10.7,20.6,70.4,17.3,15.7,26.2,31.4,10.4,9.4,10.5
Bastrop,TX,Texas,48021,40.1,13.9,34.4,9.5,22.8,74.4,14.8,18.1,26.7,33.8,17.4,14.9,16.6
Montgomery,OH,Ohio,39113,41.0,14.2,37.5,11.1,27,79.7,19.0,17.0,30.3,39.5,13.5,12.6,6.9
San Luis Obispo,CA,California,06079,26.6,9.6,29.9,10.2,23.2,71.7,9.8,19.4,17.6,30.7,11.8,10.5,5.7
Bibb,AL,Alabama,01007,41.4,15.1,42.3,10.7,25.9,78.0,21.1,14.5,32.9,40.6,21.2,17.2,12.2
Platte,NE,Nebraska,31141,36.0,11.3,32.5,9.1,16.2,73.7,15.3,19.9,28.4,28.3,12.3,9.9,11.3
Morrison,MN,Minnesota,27097,39.9,11.4,34.9,10.0,24.6,72.7,15.8,19.2,23.2,32.0,9.8,9.1,4.6
Grant,WA,Washington,53025,41.4,11.8,32.9,12.2,24.8,67.1,13.5,15.2,27.0,32.4,15.2,13.5,13.2
Haakon,SD,South Dakota,46055,34.9,11.8,37.8,9.4,17.4,79.7,15.4,16.5,25.7,27.3,,,5.1
Clare,MI,Michigan,26035,42.7,14.3,42.7,11.8,26.2,79.8,19.3,15.3,28.6,33.3,13.5,10.5,5.2
Butler,MO,Missouri,29023,41.1,13.6,40.0,11.1,24.7,76.4,22.5,16.7,32.2,38.6,19.3,14.8,9.9
Madison,IA,Iowa,19121,38.8,10.4,30.6,9.2,17.6,77.7,13.1,22.3,22.6,30.8,7.9,8.1,3.6
Spencer,KY,Kentucky,21215,37.9,12.8,37.6,11.0,26.6,77.2,18.8,14.4,25.5,39.8,13.9,11.3,5.7
Putnam,GA,Georgia,13237,41.7,16.3,45.5,10.7,20.4,79.8,16.6,13.1,31.2,36.7,14.7,12,9.9
Cabell,WV,West Virginia,54011,40.3,15.2,39.6,13.0,30.1,79.3,20.2,15.2,32.3,40.9,14.5,12,6.7
Garfield,OK,Oklahoma,40047,41.8,12.7,39.9,11.9,27.5,73.9,17.0,13.8,31.7,36.2,15.3,13,10.6
Echols,GA,Georgia,13101,41.9,13.2,39.2,10.3,22.1,73.9,17.8,16.1,29.6,37.9,19.5,16.1,17.8
Washita,OK,Oklahoma,40149,40.7,14.0,40.9,12.0,27,74.8,18.8,13.6,33.8,36.4,12.1,10.8,10.0
Decatur,GA,Georgia,13087,39.8,16.2,43.0,11.3,21.1,79.1,18.7,13.4,32.6,41.2,25.1,20.1,13.3
Tuolumne,CA,California,06109,30.4,11.9,34.8,10.5,22.4,74.2,12.3,18.5,20.8,34.1,11.9,11,4.1
Kenai Peninsula,AK,Alaska,02122,32.5,9.7,33.6,10.0,22,67.8,15.9,17.3,21.3,29.4,11.1,10,7.7
McLean,IL,Illinois,17113,34.0,10.0,29.7,10.1,21.7,74.8,13.5,20.5,21.8,34.2,,,7.2
Greeley,NE,Nebraska,31077,37.1,12.2,37.7,9.1,16.8,74.9,14.9,17.7,26.8,31.5,12.3,9.8,6.3
Graham,KS,Kansas,20065,38.5,14.8,44.6,10.3,17.7,80.0,14.3,14.1,27.9,31.4,11.5,9.2,5.4
Poinsett,AR,Arkansas,05111,40.6,16.6,43.4,12.1,30,77.3,25.9,14.5,37.7,40.8,,,11.3
Montague,TX,Texas,48337,37.2,13.9,38.7,9.9,24.1,75.5,16.1,17.3,27.9,37.4,14.3,12.4,11.5
Skamania,WA,Washington,53059,36.5,11.9,35.2,11.7,26.4,72.0,13.0,16.6,18.6,32.0,9.5,9.2,4.4
Sampson,NC,North Carolina,37163,38.3,15.7,41.6,10.6,22.5,77.7,19.0,14.8,31.7,34.5,20.2,17.2,13.1
Jackson,AL,Alabama,01071,38.9,15.6,42.2,10.9,27.2,78.7,20.2,14.3,33.1,41.0,17.7,13.5,9.2
Eddy,NM,New Mexico,35015,39.1,12.6,31.9,10.9,24.3,65.2,17.3,17.2,29.2,39.3,18.5,16.8,12.8
Franklin,OH,Ohio,39049,36.1,11.8,30.9,10.4,24.4,76.5,14.9,18.9,23.2,36.6,13.2,12.6,6.2
Isle of Wight,VA,Virginia,51093,39.3,14.7,38.6,10.4,22,81.0,14.5,16.8,24.2,36.2,,,5.1
Marshall,IL,Illinois,17123,36.5,13.3,37.5,10.3,22.1,77.0,17.6,17.6,26.6,35.7,,,8.1
Sequatchie,TN,Tennessee,47153,39.1,16.5,44.3,12.1,31.6,76.8,24.9,14.2,35.5,37.5,17,12.1,11.4
Pemiscot,MO,Missouri,29155,43.5,16.5,43.1,12.0,24.7,79.0,24.8,15.1,35.5,42.6,25.1,18.8,10.6
Eddy,ND,North Dakota,38027,39.3,12.8,38.2,11.0,20.5,76.4,16.3,19.2,28.1,30.4,,,5.2
Claiborne,MS,Mississippi,28021,49.2,19.6,51.5,11.9,18.7,83.2,18.4,11.0,37.4,44.4,35.9,27.5,9.9
Lamar,GA,Georgia,13171,40.9,13.3,39.6,11.1,22.9,76.7,17.0,15.1,28.3,38.8,15.8,13.7,11.7
Meade,KY,Kentucky,21163,38.2,12.6,37.3,10.9,27.1,78.2,19.0,14.7,25.8,39.7,13.7,10.9,5.9
Lincoln,MT,Montana,30053,30.7,12.5,38.9,11.1,22.1,75.1,19.1,17.2,27.2,34.2,12.2,10.2,7.7
Hardy,WV,West Virginia,54031,43.0,18.1,45.0,12.2,26.9,81.8,23.3,13.6,34.9,42.0,14.9,12.2,7.0
Carroll,OH,Ohio,39019,40.8,16.1,39.3,11.2,27.3,78.1,23.4,16.5,31.4,40.4,12.6,10.9,6.2
Franklin,IN,Indiana,18047,37.9,11.8,36.4,10.6,24.1,79.0,15.7,16.3,26.6,33.8,12,10.1,5.1
Macon,NC,North Carolina,37113,31.0,14.1,41.2,9.5,22.5,79.4,14.4,14.4,24.8,30.4,13.6,11.3,7.4
Garrard,KY,Kentucky,21079,40.2,15.6,41.9,11.6,28.2,79.2,20.8,12.9,29.9,40.8,19.4,13.7,5.8
Umatilla,OR,Oregon,41059,37.3,11.7,33.2,11.4,25.8,71.4,16.4,19.2,24.8,33.0,,,9.7
Monroe,GA,Georgia,13207,37.6,13.1,41.3,10.4,21.4,76.8,16.0,15.0,26.5,35.8,16.3,13.6,10.5
Randolph,IL,Illinois,17157,37.3,12.8,37.5,10.0,21,76.7,17.6,18.3,25.9,37.0,,,8.3
Wise,VA,Virginia,51195,41.5,15.3,38.6,11.0,27,78.9,20.6,16.9,29.3,35.6,,,7.1
Pocahontas,WV,West Virginia,54075,44.1,19.5,48.6,11.9,26.9,81.9,24.8,14.0,39.7,40.6,16.8,12.5,6.9
Orange,VT,Vermont,50017,26.8,8.6,31.4,11.9,24,75.6,11.2,17.4,17.9,27.3,7.9,7.5,3.5
Scotland,MO,Missouri,29199,38.6,13.2,37.5,10.9,24.4,75.6,21.7,17.4,31.6,37.0,13.4,11,8.7
Hidalgo,NM,New Mexico,35023,34.1,15.6,36.0,10.6,20.6,69.0,16.3,13.8,30.2,35.7,21.9,17.3,11.6
Waynesboro,VA,Virginia,51820,37.7,13.3,37.5,10.5,24.5,79.3,16.7,16.7,23.8,36.6,,,7.1
Box Butte,NE,Nebraska,31013,40.1,12.2,37.8,9.3,17.5,74.5,14.5,18.3,26.0,30.1,14.5,11.5,7.4
Gray,TX,Texas,48179,40.4,15.1,37.7,10.0,23.7,72.7,19.6,17.6,32.4,38.9,18.3,15.4,19.4
Medina,OH,Ohio,39103,36.7,13.3,33.2,10.5,24.8,79.0,17.0,19.8,25.1,35.1,9.4,9.3,4.3
Roscommon,MI,Michigan,26143,35.3,15.3,43.0,11.3,23.8,81.8,16.8,14.5,27.4,31.5,13.1,9.7,3.7
Rockland,NY,New York,36087,31.4,11.6,30.9,10.4,18.6,78.4,13.1,15.9,25.7,42.6,,,6.9
Coweta,GA,Georgia,13077,44.4,11.1,35.3,9.9,21.6,77.0,13.5,16.3,22.2,36.4,10.9,10.5,10.0
Lyon,NV,Nevada,32019,36.0,12.2,35.4,11.2,21.6,72.9,17.8,17.9,26.2,36.6,12.8,11.6,9.6
St. Tammany,LA,Louisiana,22103,35.4,13.4,37.3,9.8,30,81.9,16.0,18.0,28.0,38.8,,,5.6
Paulding,OH,Ohio,39125,39.5,14.7,37.7,11.5,26.3,78.2,21.7,18.2,30.8,38.5,12.5,10.7,6.9
Dorchester,MD,Maryland,24019,41.4,15.4,40.6,12.1,22.7,81.2,16.8,12.1,30.0,38.7,17.4,14.9,7.9
Kent,MD,Maryland,24029,37.7,12.8,39.6,10.8,21.2,80.7,11.3,15.3,23.5,32.9,11.6,9.9,4.1
Owyhee,ID,Idaho,16073,34.4,12.5,35.3,10.9,22.6,73.0,15.6,14.3,28.4,35.3,20,15.4,11.3
Newton,AR,Arkansas,05101,39.2,16.7,45.0,11.0,27.8,79.5,21.8,14.9,35.9,38.0,,,7.9
Twiggs,GA,Georgia,13289,42.2,17.6,46.6,11.0,19.9,79.9,18.0,12.5,33.4,39.0,19.2,15.2,11.1
Logan,KS,Kansas,20109,38.7,13.6,39.5,10.8,20.2,76.0,17.3,16.8,27.1,33.2,14.1,11.3,7.4
Lampasas,TX,Texas,48281,38.6,15.2,37.8,10.1,23.7,75.7,17.7,17.8,29.3,40.1,15.8,13.3,13.7
Smith,MS,Mississippi,28129,41.7,16.6,46.3,10.4,22.3,78.6,21.0,13.0,36.5,39.1,18.8,14.7,10.8
Barbour,WV,West Virginia,54001,40.2,16.1,44.6,12.3,28.4,80.8,22.9,14.2,33.9,42.5,18.6,14.2,6.8
Audubon,IA,Iowa,19009,41.1,13.3,36.8,9.9,18.9,79.3,18.5,20.3,28.9,31.7,8.5,7.9,5.6
Abbeville,SC,South Carolina,45001,38.4,15.2,42.5,10.2,21.2,80.3,16.9,15.3,27.9,36.9,18.8,15.3,8.7
Davis,UT,Utah,49011,30.1,9.0,25.8,10.8,27.7,72.0,7.9,13.6,17.5,33.6,9.5,9.2,6.9
Fayette,PA,Pennsylvania,42051,34.7,13.2,37.6,11.3,25,80.6,20.7,16.6,27.7,38.2,,,6.2
Sangamon,IL,Illinois,17167,37.9,11.5,33.9,10.3,21.4,77.6,15.3,17.7,23.5,35.3,,,7.1
Monroe,IL,Illinois,17133,33.2,10.2,31.8,9.5,20.6,77.3,12.3,20.3,18.9,34.0,,,4.8
Karnes,TX,Texas,48255,40.0,14.6,34.9,9.2,21.2,70.2,16.8,18.6,32.7,40.1,27.5,21.9,26.5
Houston,TN,Tennessee,47083,37.7,14.5,40.6,11.6,30.8,77.0,20.9,15.0,30.6,37.9,19.7,14.5,10.3
Hawaii,HI,Hawaii,15001,25.6,11.9,31.2,10.5,18.1,74.2,12.9,18.6,20.5,38.1,,,4.4
Caldwell,NC,North Carolina,37027,35.2,13.1,39.0,10.2,24.6,77.6,17.2,16.0,25.5,31.9,14.6,12.9,9.3
Forrest,MS,Mississippi,28035,41.7,13.1,38.8,10.4,22.1,77.3,15.1,14.5,29.4,38.4,19.7,16.2,9.0
Hamilton,KS,Kansas,20075,40.0,12.5,34.1,10.1,18.5,74.7,15.6,17.3,26.5,35.7,13.4,12.2,14.1
Steele,ND,North Dakota,38091,36.2,11.5,35.8,10.0,19.4,77.8,14.0,19.0,24.8,30.7,,,4.1
Polk,FL,Florida,12105,40.9,14.6,,10.2,21.6,76.5,16.3,15.6,30.2,42.4,18.9,15.5,15.3
Clear Creek,CO,Colorado,08019,25.9,8.5,27.1,10.2,21.4,71.4,10.9,19.0,15.1,27.9,,,5.4
Mathews,VA,Virginia,51115,33.8,15.7,43.0,9.8,22.2,83.4,13.6,15.9,24.5,32.4,,,3.7
Robertson,TN,Tennessee,47147,38.0,12.7,35.9,11.6,31.1,76.0,19.1,15.9,27.3,38.2,14.4,12.3,11.7
Dundy,NE,Nebraska,31057,40.3,12.9,39.3,9.5,17.3,75.4,14.6,17.3,26.8,31.5,9.3,8,6.7
Falls Church,VA,Virginia,51610,30.8,9.8,28.8,8.9,21.1,79.0,7.6,19.8,14.3,31.9,,,3.4
Leelanau,MI,Michigan,26089,31.3,11.9,38.9,10.1,21.2,82.1,10.6,15.4,19.6,27.9,6.9,6.3,2.5
Union,OH,Ohio,39159,37.8,9.3,31.5,10.1,24.9,78.5,14.1,19.2,20.0,34.8,8.7,8.7,4.9
Morrow,OR,Oregon,41049,37.0,13.5,33.5,11.6,25.8,71.3,17.3,16.9,27.0,34.8,,,11.0
Evangeline,LA,Louisiana,22039,45.9,17.4,44.5,11.6,29,78.6,25.7,16.1,38.4,42.1,,,12.0
Lee,IL,Illinois,17103,37.6,13.3,36.8,10.2,21.5,76.6,17.8,18.6,25.8,37.7,,,7.9
Mendocino,CA,California,06045,29.0,12.6,34.3,10.7,23.1,73.1,13.6,16.8,22.6,33.6,14.9,12.5,7.5
Meriwether,GA,Georgia,13199,40.7,16.8,46.5,11.6,22,78.4,19.1,12.9,32.9,41.6,21.8,17.3,12.8
Decatur,TN,Tennessee,47039,41.7,17.5,45.0,11.8,31.3,77.6,25.4,13.4,36.6,41.4,18.8,13.4,11.1
Arkansas,AR,Arkansas,05001,40.9,17.2,42.7,11.5,26.1,79.3,22.1,13.9,38.2,42.2,,,9.3
Clayton,IA,Iowa,19043,40.6,13.3,37.7,9.5,17.5,79.7,16.7,19.6,29.0,31.7,11.3,9.7,4.6
Clinton,MO,Missouri,29049,38.0,11.3,37.3,10.3,23.6,75.2,20.3,18.5,26.3,35.2,12.2,10.7,9.7
Montgomery,KY,Kentucky,21173,42.7,14.1,40.3,11.8,29,77.9,21.6,13.6,30.3,41.0,17.4,12.5,6.7
Martin,IN,Indiana,18101,39.5,13.9,37.5,11.4,24.9,76.6,22.9,15.4,31.7,37.0,12.1,10.1,8.6
Hays,TX,Texas,48209,33.4,10.9,29.3,9.4,23,71.4,13.5,20.2,23.8,35.1,17.7,15.6,16.0
Yadkin,NC,North Carolina,37197,36.0,13.7,37.7,10.3,24.5,77.3,18.4,16.7,27.4,32.5,17,13.6,9.5
Wyoming,WV,West Virginia,54109,46.6,19.3,49.5,12.9,28.8,80.7,27.2,12.9,40.3,44.4,18.4,13.8,8.0
Douglas,IL,Illinois,17041,36.4,11.9,33.5,10.3,22.5,75.2,18.3,18.9,25.8,35.7,,,9.8
Stewart,GA,Georgia,13259,42.4,15.4,39.4,10.1,18.3,71.4,20.8,16.1,36.5,43.8,29.2,23.4,29.5
Mason,TX,Texas,48319,35.0,15.1,38.7,9.3,21.5,76.8,14.1,15.4,27.6,33.5,12.2,9.7,12.8
Texas,OK,Oklahoma,40139,41.0,14.5,38.4,11.3,25.7,71.7,16.7,14.2,35.4,36.4,21.1,16.8,17.4
Labette,KS,Kansas,20099,43.1,13.8,39.4,10.8,20.3,77.3,18.8,16.0,27.5,36.6,14.8,12.1,8.5
Goodhue,MN,Minnesota,27049,36.4,10.4,34.6,9.8,24.2,72.3,13.7,20.3,19.3,31.8,8,8.5,4.9
Glades,FL,Florida,12043,38.9,17.5,,10.2,19.9,77.0,20.3,13.9,36.5,40.7,28,19.5,17.3
Cleburne,AR,Arkansas,05023,35.9,16.0,44.5,10.8,27.1,79.4,18.5,14.7,32.1,35.3,,,7.2
Tippah,MS,Mississippi,28139,41.7,14.3,44.7,10.4,22.7,78.0,20.1,14.3,34.4,37.3,21.4,15.9,12.0
Darlington,SC,South Carolina,45031,41.2,15.2,45.5,10.8,20.9,80.4,17.7,14.4,28.8,37.6,20.9,16.8,10.5
Lincoln,LA,Louisiana,22061,38.1,12.6,35.7,11.3,29,79.9,17.4,16.1,28.9,42.0,,,8.8
Cumberland,VA,Virginia,51049,38.3,16.1,40.9,10.9,23,81.2,16.6,15.6,26.6,37.5,,,6.0
Christian,KY,Kentucky,21047,39.5,12.6,36.9,11.5,26.8,76.4,19.3,14.8,28.3,40.9,20.5,15.9,7.5
Cambria,PA,Pennsylvania,42021,36.6,12.6,36.2,10.7,24.1,79.9,18.1,17.0,28.0,38.4,,,5.4
Cochran,TX,Texas,48079,43.3,19.2,40.2,10.7,24.4,72.5,21.2,15.2,40.9,42.3,33.2,24,29.6
Falls,TX,Texas,48145,42.3,16.8,40.8,10.9,23.5,75.7,19.0,15.4,33.3,40.5,25.3,20,17.5
Onslow,NC,North Carolina,37133,29.3,8.5,27.2,9.7,24.6,73.4,13.3,21.2,20.6,37.3,14.5,13.7,9.9
Lake,FL,Florida,12069,34.2,14.9,,10.1,20.6,76.5,14.8,14.8,26.2,36.6,12.4,10.7,11.5
Newton,IN,Indiana,18111,41.6,13.7,37.5,11.2,24.9,77.6,21.0,15.8,31.2,38.6,14.1,11.3,7.2
Ada,ID,Idaho,16001,28.8,8.7,27.9,10.0,24.8,76.2,11.6,17.2,18.3,30.3,11.7,10.2,6.1
Rockbridge,VA,Virginia,51163,31.3,14.4,40.0,10.1,24.5,80.9,16.6,15.3,24.2,33.4,,,5.8
Republic,KS,Kansas,20157,38.3,14.2,41.7,10.4,18.8,79.1,14.8,15.5,26.0,30.8,9.1,7.7,5.2
Hancock,GA,Georgia,13141,47.1,21.1,53.2,11.5,18.1,80.7,21.3,11.6,37.8,45.9,31.7,24.7,14.3
Cumberland,ME,Maine,23005,29.5,9.1,30.3,11.7,24.8,79.0,12.5,17.3,19.5,30.2,6.6,7,4.5
Fayette,IA,Iowa,19065,38.9,13.4,36.2,10.0,19,77.6,18.5,20.5,30.7,32.2,12,10.2,6.6
Humboldt,IA,Iowa,19091,43.2,13.3,35.3,9.9,19.4,79.3,16.9,19.7,28.8,33.8,12.4,10.4,5.4
Mississippi,MO,Missouri,29133,44.4,16.3,43.4,11.9,25,77.4,28.2,15.2,39.3,43.4,23,17.8,13.0
Dawson,TX,Texas,48115,41.9,16.3,36.1,9.8,22.9,70.5,18.8,17.2,35.6,40.5,28.8,21.7,28.4
Del Norte,CA,California,06015,33.9,13.5,34.8,11.6,24.8,68.4,19.3,18.0,28.0,38.1,16.2,13.8,9.3
Jackson,AR,Arkansas,05067,40.6,16.1,44.3,11.6,27.8,78.1,24.0,15.7,37.6,42.5,,,10.0
Jackson,KY,Kentucky,21109,42.5,17.2,44.9,12.4,30.1,77.5,28.6,12.7,36.6,41.5,19.3,13,7.7
Petersburg,VA,Virginia,51730,46.2,18.8,47.7,12.1,20.7,82.8,17.7,13.8,29.9,47.7,,,7.4
Tipton,TN,Tennessee,47167,39.7,13.8,40.2,11.7,29.7,76.3,20.6,15.6,30.0,41.1,14.7,12.3,9.8
Collin,TX,Texas,48085,29.2,9.9,30.2,8.5,18.3,76.3,9.1,17.2,17.4,34.9,10.3,10.1,8.9
Essex,NY,New York,36031,35.9,11.4,35.8,10.8,21,80.1,16.2,17.1,25.1,34.6,,,4.4
Maries,MO,Missouri,29125,38.7,13.9,38.8,11.2,25.5,76.1,23.9,16.2,31.8,41.3,12.3,10.1,10.2
Switzerland,IN,Indiana,18155,39.8,13.6,39.6,10.8,23.9,78.4,20.8,15.8,31.3,36.8,15.1,11.8,6.6
York,NE,Nebraska,31185,38.3,10.5,33.7,9.2,16.8,74.7,10.7,18.9,22.6,29.5,10.3,8.6,4.8
Catron,NM,New Mexico,35003,32.2,19.0,50.9,11.2,21,75.5,19.8,10.2,31.1,32.3,17.8,11.9,5.0
Potter,PA,Pennsylvania,42105,38.1,13.2,39.5,10.5,23.8,80.3,18.2,16.8,26.9,37.3,,,5.1
Mobile,AL,Alabama,01097,42.1,15.4,41.5,10.9,24.2,77.4,18.8,14.6,29.7,40.7,21.1,17.6,10.7
Tift,GA,Georgia,13277,41.6,14.9,41.4,11.0,21.9,77.4,17.4,13.8,32.6,37.7,20.4,17.3,14.1
Daviess,IN,Indiana,18027,38.0,13.1,37.3,11.7,26.1,75.9,22.1,15.9,33.5,35.4,16.7,13.1,9.2
Benewah,ID,Idaho,16009,34.3,13.0,38.3,11.5,22.8,74.6,16.4,14.5,26.4,33.8,14.7,11.5,7.9
Bourbon,KY,Kentucky,21017,40.6,15.5,40.6,11.2,26.3,79.8,19.2,12.9,30.3,39.0,14.1,10.8,5.7
Grafton,NH,New Hampshire,33009,28.4,9.6,31.2,11.5,25.1,74.7,11.8,15.9,17.9,31.2,7.3,6.7,4.6
Kootenai,ID,Idaho,16055,34.4,9.9,31.3,11.2,22.4,73.3,12.9,16.9,21.3,33.6,12.4,10.8,6.1
Mills,IA,Iowa,19129,40.9,12.2,31.8,9.6,18.8,78.0,17.7,21.4,28.4,30.7,8.1,7.7,5.4
Randall,TX,Texas,48381,33.4,11.0,32.0,9.5,24.3,71.7,13.9,19.3,23.0,35.5,10.8,10.4,13.7
Warren,IL,Illinois,17187,36.9,13.0,34.3,10.4,22.4,76.5,17.5,18.1,26.4,35.7,,,8.8
DeKalb,MO,Missouri,29063,42.3,11.6,37.5,10.0,22.2,74.7,19.2,19.0,27.3,36.1,12.6,11.4,9.8
Walker,AL,Alabama,01127,43.1,15.8,41.8,11.0,28.7,78.5,21.2,13.8,35.8,42.6,18.5,14.4,10.3
Hanover,VA,Virginia,51085,38.1,12.7,32.7,10.1,24.8,80.1,14.1,19.0,21.8,33.9,,,4.7
Wright,MO,Missouri,29229,41.1,14.8,40.9,11.2,25.3,77.2,23.0,16.5,31.6,39.6,19.7,14.6,8.0
Johnson,IL,Illinois,17087,36.0,12.3,36.7,9.6,19.8,76.3,16.6,19.1,24.6,37.5,,,9.1
Pasquotank,NC,North Carolina,37139,35.3,13.0,38.4,10.3,22,77.9,15.3,16.4,24.6,35.4,16.1,15.3,9.1
Hyde,SD,South Dakota,46069,34.4,10.5,34.0,9.9,18.1,78.0,15.2,19.1,23.0,29.6,,,5.6
Edmonson,KY,Kentucky,21061,42.9,15.6,42.7,11.3,28,78.9,22.6,12.6,31.7,42.3,19.7,13.5,5.8
Prowers,CO,Colorado,08099,30.8,11.9,30.5,11.8,23.9,68.9,16.1,17.3,24.8,33.0,,,14.6
Coosa,AL,Alabama,01037,42.9,18.1,46.9,10.6,23.1,81.3,18.9,12.8,32.8,39.8,19.3,15.6,9.1
Madison,KY,Kentucky,21151,34.5,11.3,33.8,11.1,27,77.9,16.4,15.4,24.2,42.5,12.9,9.8,4.6
Vilas,WI,Wisconsin,55125,35.2,13.7,39.9,10.8,21.3,79.8,16.5,17.4,23.8,28.4,8.8,7.7,4.1
Scott,IA,Iowa,19163,39.1,11.1,32.4,9.8,18.6,79.5,13.8,21.3,24.8,34.6,11.6,10.1,4.4
Kleberg,TX,Texas,48273,38.8,14.6,31.1,9.5,22.3,71.5,13.4,17.3,32.5,38.6,26.7,20.5,25.9
Brown,IN,Indiana,18013,37.4,13.9,39.5,10.8,22.9,80.3,16.6,14.7,27.5,32.3,10.5,8.9,5.1
Lincoln,CO,Colorado,08073,30.1,10.3,30.8,10.7,21.9,68.2,16.0,18.6,22.5,31.6,,,10.5
Mason,WA,Washington,53045,37.6,11.9,35.9,11.9,24.8,69.3,13.6,17.3,21.1,32.5,10.8,9.9,5.9
Deer Lodge,MT,Montana,30023,32.8,11.1,38.1,10.8,23.5,75.4,15.3,19.0,24.9,33.8,17.2,13.2,5.8
Clark,SD,South Dakota,46025,37.4,11.0,34.8,9.2,16.5,77.4,15.6,17.6,24.9,29.2,,,5.8
Richland,LA,Louisiana,22083,43.1,17.4,45.6,11.2,27.2,81.3,22.8,15.5,36.1,40.3,,,8.2
Hampden,MA,Massachusetts,25013,35.4,12.7,33.6,12.9,27.8,78.5,16.8,17.6,31.9,38.4,16.3,14.6,6.3
Lee,AR,Arkansas,05077,44.9,20.0,50.8,11.6,23.7,78.9,25.7,13.6,40.9,45.3,,,12.8
Coshocton,OH,Ohio,39031,40.3,15.3,39.0,11.5,26.7,77.4,20.7,16.5,29.4,38.6,13,11.3,5.9
Valley,NE,Nebraska,31175,40.0,12.6,39.0,9.0,16.4,75.5,13.9,18.1,26.6,29.6,10.3,8.5,5.5
Winona,MN,Minnesota,27169,32.2,9.4,29.0,10.0,24.4,70.5,13.7,21.9,20.5,28.2,9.6,8.7,5.5
Cass,IN,Indiana,18017,40.2,14.3,37.8,11.3,24.3,78.2,20.0,15.5,32.6,35.6,15.1,12.3,9.2
Langlade,WI,Wisconsin,55067,39.9,12.8,38.6,11.2,22.8,77.7,16.5,19.4,25.1,32.4,10.1,8.8,4.2
Payne,OK,Oklahoma,40119,34.8,10.0,29.9,12.6,28.6,72.1,14.0,16.7,25.5,37.3,15.2,12.4,8.5
Woodbury,IA,Iowa,19193,38.0,12.4,32.0,10.0,19.4,77.7,16.9,22.9,29.9,31.3,12.9,11.5,9.2
Chattahoochee,GA,Georgia,13053,38.1,7.5,24.9,10.0,23.2,69.2,15.2,20.8,24.8,40.2,20.2,16.7,17.1
Rooks,KS,Kansas,20163,37.6,11.8,39.3,10.3,18.8,78.5,14.0,17.4,22.8,34.1,8.9,8.5,6.0
Yakutat,AK,Alaska,02282,33.2,13.2,35.2,10.9,18.6,67.3,20.5,17.5,26.6,37.5,17.3,14.4,9.6
Pike,MO,Missouri,29163,43.3,13.5,39.6,10.4,23.1,75.7,22.6,17.4,31.3,39.5,14.9,12.2,8.9
Cherokee,OK,Oklahoma,40021,42.7,15.4,38.3,13.5,29.6,75.6,20.4,14.1,32.9,40.7,19.7,15.6,9.5
Hettinger,ND,North Dakota,38041,36.7,11.5,36.5,10.9,20.8,76.1,15.7,18.9,27.0,32.3,,,5.5
Carter,MT,Montana,30011,33.4,11.9,37.4,10.8,22.6,74.6,16.0,17.8,26.3,30.2,10.6,8.9,5.2
Dimmit,TX,Texas,48127,49.0,23.7,41.1,10.2,22.3,73.3,20.0,13.3,47.5,43.0,43.6,30,35.5
Broward,FL,Florida,12011,31.9,14.1,,9.7,17.1,76.2,13.4,15.7,27.4,39.7,18.8,16.5,14.8
Stillwater,MT,Montana,30095,32.6,9.7,34.9,10.0,22.1,74.4,11.8,20.5,20.9,31.7,7.1,6.8,4.6
Scurry,TX,Texas,48415,38.7,14.6,35.0,9.9,23.3,72.0,17.3,18.0,31.1,39.0,23.6,19,21.5
Jackson,NC,North Carolina,37099,30.6,11.4,34.9,10.3,25.7,77.2,14.3,17.4,22.5,32.3,12.6,10.8,7.6
Morton,KS,Kansas,20129,38.4,14.2,39.0,10.4,19.2,76.6,16.8,16.4,28.8,36.3,14.2,12.3,11.3
Crawford,MI,Michigan,26039,38.2,14.2,40.9,11.9,25.2,80.2,18.0,16.3,27.6,32.2,11.2,9.3,4.3
Hot Springs,WY,Wyoming,56017,38.8,14.0,38.6,10.7,20.8,74.3,15.6,15.7,26.5,30.2,10.4,9.2,7.0
Johnson,IN,Indiana,18081,42.3,11.9,33.9,10.9,24.1,78.2,17.5,15.5,28.4,37.6,10.3,9.1,6.4
McCulloch,TX,Texas,48307,38.7,16.6,40.5,10.0,23,74.7,18.1,15.8,32.9,37.6,18.2,14,17.0
Warren,TN,Tennessee,47177,39.2,15.9,40.5,12.3,33.1,75.6,25.7,14.1,35.4,38.7,18.8,14,14.8
Nobles,MN,Minnesota,27105,40.1,13.1,34.5,10.0,22.7,71.4,17.3,18.2,28.9,30.9,16,13.5,11.1
Love,OK,Oklahoma,40085,43.2,14.5,40.3,11.8,26.1,75.1,17.0,14.2,33.1,36.1,16.1,13.1,9.6
Cape May,NJ,New Jersey,34009,31.4,12.1,38.2,9.8,18,78.9,13.6,14.6,24.3,32.3,11.6,10,5.7
Windsor,VT,Vermont,50027,25.6,8.6,35.2,11.4,24.7,75.2,11.1,17.4,16.3,30.1,7.8,7.6,3.7
Esmeralda,NV,Nevada,32009,34.8,15.9,44.4,11.1,20.4,76.1,17.7,14.8,29.4,35.2,19.5,14.8,9.2
McPherson,SD,South Dakota,46089,37.1,12.4,38.8,9.1,16.8,80.9,14.4,16.0,26.1,27.8,,,4.4
Iosco,MI,Michigan,26069,37.9,15.3,43.6,11.5,24.8,81.2,18.5,15.0,27.4,32.2,14.4,10.8,4.5
Clark,WI,Wisconsin,55019,42.9,11.3,33.7,11.3,23.9,72.8,18.3,20.1,25.9,31.8,13.6,11,6.8
Fall River,SD,South Dakota,46047,36.7,14.4,42.4,9.9,17.9,80.7,17.5,14.7,27.6,31.7,,,5.0
Refugio,TX,Texas,48391,40.6,18.7,40.1,9.5,21.5,75.4,15.6,15.6,34.2,38.6,22.7,17.9,18.5
Iron,MO,Missouri,29093,40.0,14.7,41.3,11.0,24.4,77.7,20.8,16.6,30.6,37.0,14,11.1,8.0
Candler,GA,Georgia,13043,44.0,16.3,45.2,11.5,23.1,76.8,21.2,13.2,35.9,38.6,26.2,19.8,16.5
Plymouth,MA,Massachusetts,25023,30.4,10.1,29.0,11.7,22.6,80.3,13.4,19.0,21.8,35.2,10.8,10.4,2.4
Fairfax,VA,Virginia,51059,27.2,10.7,27.9,8.3,18.8,77.3,8.2,16.4,16.9,34.1,,,5.0
Yazoo,MS,Mississippi,28163,45.6,17.1,48.1,10.6,19.7,78.2,23.6,13.9,38.3,42.0,31.4,24.6,16.7
Greer,OK,Oklahoma,40055,41.2,14.0,41.1,11.7,26.4,73.4,20.3,14.7,34.2,38.5,16.3,14.2,12.2
Douglas,CO,Colorado,08035,21.4,6.9,24.3,10.3,19.7,70.3,8.5,19.6,12.2,26.6,,,5.1
Russell,KY,Kentucky,21207,40.1,17.6,43.4,12.5,29.3,77.9,25.6,11.9,36.9,42.4,17.2,12,7.4
Greater Bridgeport,CT,Connecticut,09120,28.3,9.9,29.1,11.2,18.7,77.7,11.9,15.7,25.7,36.6,20,17.8,12.4
Page,VA,Virginia,51139,40.4,14.5,39.5,10.5,25.4,79.5,18.4,17.0,25.9,35.7,,,6.2
Nelson,VA,Virginia,51125,35.0,15.6,41.1,10.3,23.8,81.9,14.9,14.7,25.9,33.8,,,4.8
Bedford,VA,Virginia,51019,34.8,12.8,37.7,10.0,25.1,80.6,13.8,17.2,22.1,34.4,,,4.7
Woodson,KS,Kansas,20207,38.6,14.8,41.2,10.9,19.7,78.2,19.3,15.2,30.9,34.8,12.2,10,7.5
Midland,TX,Texas,48329,38.3,11.2,29.1,9.1,22.1,70.1,12.7,19.2,25.6,39.3,18,16.6,18.5
Kent,TX,Texas,48263,33.7,14.4,38.7,9.5,22.1,76.1,14.2,16.9,26.2,34.7,12.5,10.6,12.5
Lincoln,NE,Nebraska,31111,39.6,14.5,35.0,10.0,18.7,72.9,19.3,17.7,30.1,36.3,12.2,9.9,8.9
Marshall,WV,West Virginia,54051,42.5,16.3,43.5,12.2,27,81.5,20.0,15.2,30.0,43.2,14.3,12.1,5.0
La Crosse,WI,Wisconsin,55063,33.1,9.3,28.9,10.7,24.4,75.6,13.4,20.2,18.5,31.6,7.9,7.6,5.1
Terry,TX,Texas,48445,42.2,17.6,37.5,10.1,23.4,71.9,19.5,17.0,37.1,41.2,27.5,21.2,27.5
Montgomery,AL,Alabama,01101,44.2,17.1,43.8,11.4,22,80.5,17.4,12.1,30.0,42.9,25.1,21.5,11.0
Kenton,KY,Kentucky,21117,34.7,11.7,35.8,10.6,26.3,78.4,15.4,16.2,22.5,37.3,12.2,9.9,3.9
Camden,MO,Missouri,29029,34.2,14.4,39.9,10.3,22.3,78.5,19.1,16.7,27.4,35.9,10.9,8.5,6.5
Colorado,TX,Texas,48089,38.9,15.8,39.9,9.8,22.1,75.5,15.9,16.0,30.5,36.2,19.6,15.9,16.1
Aleutians East,AK,Alaska,02013,31.7,12.8,30.5,8.0,12.4,63.9,18.2,16.5,30.4,42.8,19.6,14.7,14.1
Imperial,CA,California,06025,38.0,15.4,30.3,10.2,20.6,69.6,13.6,17.9,32.5,41.0,29.3,23.5,17.1
Pulaski,IL,Illinois,17153,42.6,17.2,43.4,11.2,20.8,79.2,19.9,15.0,31.1,41.0,,,8.7
Lucas,OH,Ohio,39095,42.2,14.5,36.6,11.5,27.1,80.9,19.0,17.2,27.8,40.9,14.3,13.3,6.5
Ocean,NJ,New Jersey,34029,32.5,10.9,34.2,9.5,18,77.8,13.5,15.1,25.1,36.4,12.6,11.2,6.7
Wayne,NC,North Carolina,37191,38.6,13.9,39.2,10.4,23,78.2,15.5,15.6,26.3,34.7,18.4,16.2,9.9
Merrick,NE,Nebraska,31121,39.9,12.1,35.7,9.5,17.4,74.4,14.5,18.9,25.9,30.4,10.9,9.2,6.0
Jackson,OR,Oregon,41029,35.5,12.0,33.7,11.9,26.9,73.6,16.7,16.0,21.7,34.2,,,6.8
Fentress,TN,Tennessee,47049,40.3,17.1,45.9,12.1,31.9,77.9,24.4,13.6,34.0,39.1,19.3,13.2,10.9
Jackson,MS,Mississippi,28059,38.4,13.2,42.2,9.7,21.2,76.9,16.6,15.6,27.2,37.3,17.8,14.3,9.3
Jackson,OK,Oklahoma,40065,42.0,13.6,35.7,11.5,26.2,73.7,16.3,14.2,32.5,41.1,17.3,14.9,11.7
Luna,NM,New Mexico,35029,37.8,17.6,39.5,11.4,21.6,67.5,19.8,13.7,36.1,36.8,26.5,20.2,15.9
Oscoda,MI,Michigan,26135,37.3,15.2,43.5,11.8,24.9,79.9,19.9,14.7,29.1,32.3,13.9,11,4.9
Neshoba,MS,Mississippi,28099,42.0,16.7,45.4,11.2,23.3,77.5,23.3,13.4,37.7,37.5,28,19.8,11.6
Powder River,MT,Montana,30075,32.8,12.1,38.1,11.2,22.8,73.3,18.2,17.9,27.1,32.1,8,6.8,7.3
Washburn,WI,Wisconsin,55129,35.4,12.6,38.8,11.1,23.1,78.7,16.8,18.7,23.3,32.4,10.1,8.7,4.8
Menard,TX,Texas,48327,37.2,18.1,44.0,9.2,20.7,78.5,13.7,13.9,30.1,34.7,20.2,14.9,13.8
Sebastian,AR,Arkansas,05131,35.7,15.1,39.3,11.5,29.7,77.0,18.9,14.6,34.5,37.7,,,10.5
Door,WI,Wisconsin,55029,36.7,12.6,38.0,10.7,21.9,79.2,15.8,17.5,23.1,30.9,7.4,6.7,4.3
Charlottesville,VA,Virginia,51540,32.8,11.1,29.9,10.9,26.1,76.1,14.4,18.2,22.0,35.5,,,7.0
Adair,IA,Iowa,19001,41.6,12.9,35.3,9.6,18,78.4,15.7,20.0,28.0,31.7,10.5,9.3,4.5
Van Buren,AR,Arkansas,05141,37.0,18.4,46.5,11.3,27.8,79.3,23.6,13.5,38.2,39.4,,,9.6
Clay,FL,Florida,12019,35.7,11.5,,9.6,21.2,77.6,13.5,16.1,21.8,39.6,13.8,12,9.5
Craighead,AR,Arkansas,05031,36.9,12.7,36.9,11.2,28.7,76.3,19.3,16.1,33.1,40.8,,,8.7
Penobscot,ME,Maine,23019,38.4,10.6,34.1,13.5,29,82.7,16.5,14.9,23.7,34.9,10.9,10.8,5.7
Newton,TX,Texas,48351,42.1,18.7,44.9,11.2,25.1,75.9,23.8,14.6,37.6,43.5,26,18.8,15.1
Lincoln,ME,Maine,23015,31.7,11.0,33.2,11.6,23.6,81.8,14.8,13.6,22.9,29.5,7.4,7.2,4.8
Emanuel,GA,Georgia,13107,42.6,15.1,44.1,11.5,23.1,76.5,21.7,14.7,34.0,40.8,24.1,19.2,15.9
Colbert,AL,Alabama,01033,40.6,14.6,42.1,10.4,25.1,79.4,17.6,14.3,30.3,40.2,15.6,13.4,8.8
Green,KY,Kentucky,21087,42.4,17.3,45.2,11.7,28.8,78.6,25.1,11.9,36.0,42.6,19.2,13,6.9
Madison,ID,Idaho,16065,29.0,5.1,16.7,12.2,30,66.3,11.4,15.9,23.9,34.7,17.4,13,10.3
Osceola,FL,Florida,12097,31.3,13.4,,9.3,19.3,75.1,13.3,16.7,28.6,38.8,19.5,16.1,19.2
Dubois,IN,Indiana,18037,38.1,12.5,36.2,10.6,23,78.7,18.3,15.3,27.5,32.5,11.1,9.3,7.2
Pike,GA,Georgia,13231,34.7,11.3,37.7,10.2,22.3,75.8,14.6,16.4,24.9,34.0,12.7,11.2,10.0
Putnam,NY,New York,36079,30.5,10.2,30.5,10.0,19.8,79.3,11.2,18.2,22.0,36.0,,,5.2
Jasper,IA,Iowa,19099,39.0,11.1,32.2,9.6,17.9,77.4,15.9,20.9,24.2,30.9,8.4,8.2,5.1
Hunterdon,NJ,New Jersey,34019,26.8,9.8,30.7,9.3,17.8,77.0,9.8,18.5,20.6,31.9,7.2,7.2,4.6
Morgan,WV,West Virginia,54065,38.9,15.7,44.2,11.5,25.9,82.3,17.7,15.1,30.5,40.1,13.4,11,4.7
Ziebach,SD,South Dakota,46137,44.2,15.1,36.0,12.9,20.9,74.9,29.6,17.8,33.8,38.3,,,10.5
Hillsdale,MI,Michigan,26059,36.6,12.4,38.0,11.3,24.5,77.8,19.3,17.6,28.0,33.7,14.4,11,5.0
Allegan,MI,Michigan,26005,31.8,11.0,35.3,11.1,23.9,77.5,16.7,18.4,24.6,30.8,11.5,10.1,5.2
Henry,GA,Georgia,13151,39.6,12.8,39.6,10.8,18.6,77.9,13.0,13.7,23.9,40.0,16.8,16.1,11.1
Fairfield,SC,South Carolina,45039,41.0,19.6,48.0,11.5,20.7,82.1,21.4,12.9,36.2,39.7,20.7,17,12.4
Huntingdon,PA,Pennsylvania,42061,35.0,11.5,36.7,10.4,22.9,78.4,18.8,17.7,25.9,37.5,,,6.0
Douglas,OR,Oregon,41019,34.6,13.0,37.0,11.8,27.4,74.6,18.0,15.6,24.1,33.3,,,5.6
Tyrrell,NC,North Carolina,37177,37.0,16.2,44.5,10.0,20.9,79.8,16.2,14.5,28.7,35.7,19.5,16.3,9.0
Washington,OH,Ohio,39167,44.1,15.0,39.9,10.8,27.3,79.3,19.5,15.6,29.1,37.1,12.5,10.6,6.3
Anoka,MN,Minnesota,27003,36.4,9.9,30.1,9.8,25.4,72.4,12.1,20.4,20.0,29.7,9.2,9.8,4.6
Albany,NY,New York,36001,32.2,9.1,30.7,10.3,20.6,79.6,11.4,20.7,21.6,35.6,,,4.6
Washoe,NV,Nevada,32031,29.6,10.8,31.3,10.9,21,70.3,15.0,20.3,21.4,37.8,14.2,13.4,10.1
Fremont,WY,Wyoming,56013,37.7,12.1,34.3,10.9,20.9,67.5,17.9,16.4,24.3,31.3,11.3,10,8.3
Flagler,FL,Florida,12035,33.1,14.5,,9.3,19.1,81.2,13.4,15.1,24.7,35.6,11.7,9.4,8.1
Brunswick,NC,North Carolina,37019,31.1,14.2,43.3,9.8,21.5,81.8,13.5,14.2,23.2,33.9,9.9,9,5.4
Nicholas,KY,Kentucky,21181,40.7,14.7,41.7,11.5,28.2,78.0,21.8,14.0,30.6,41.3,19.4,14,6.1
Jenkins,GA,Georgia,13165,44.1,17.4,46.2,11.6,21.5,77.4,23.0,12.9,37.9,42.8,28.1,21.4,16.8
Gooding,ID,Idaho,16047,36.9,12.6,34.0,11.2,22.7,71.9,16.5,14.8,29.7,32.6,18.5,14.6,12.7
Arthur,NE,Nebraska,31005,38.3,11.7,36.1,9.4,17.6,74.2,13.0,18.4,26.3,29.2,10.2,8.9,6.2
Bamberg,SC,South Carolina,45009,42.9,18.0,44.3,11.2,19.2,81.9,19.5,13.3,33.2,39.8,26.8,21.3,11.4
Lafayette,MO,Missouri,29107,38.8,12.0,39.2,10.7,23.8,76.2,20.2,17.1,29.5,39.1,11.4,10.1,8.9
Nolan,TX,Texas,48353,41.3,16.7,38.9,10.2,23.8,73.6,18.1,16.0,34.5,39.6,26.1,19.8,21.9
Madison,TN,Tennessee,47113,38.7,15.2,42.5,11.7,27.2,79.9,18.3,13.0,28.4,36.6,20.8,16.7,9.7
Mitchell,KS,Kansas,20123,39.1,13.0,38.5,10.9,19.8,77.7,17.1,15.9,26.3,33.9,10.1,9,7.7
Brazos,TX,Texas,48041,32.8,9.7,26.7,9.5,24.2,71.4,12.1,18.9,22.1,33.9,19,15.4,14.7
Fayette,TX,Texas,48149,35.1,14.6,40.2,9.2,21.7,76.9,14.7,15.7,25.9,35.0,14,11.4,12.0
Shenandoah,VA,Virginia,51171,37.9,14.7,39.1,10.5,24.9,79.4,17.2,16.7,26.5,36.7,,,6.2
Cherokee,IA,Iowa,19035,40.1,13.5,36.6,9.6,17.7,79.4,17.0,20.3,30.4,30.8,10.7,8.9,5.3
Dawson,NE,Nebraska,31047,41.1,13.6,34.5,9.2,16.4,72.0,16.5,17.7,33.4,32.1,17.2,14.2,12.7
Williams,ND,North Dakota,38105,37.7,8.8,26.8,10.6,20.7,70.4,17.4,25.7,27.4,37.1,,,7.1
Allegheny,PA,Pennsylvania,42003,31.7,11.0,31.1,10.5,23.3,78.2,14.7,19.3,21.8,35.8,,,4.6
Liberty,FL,Florida,12077,41.0,13.6,,10.2,23.3,74.1,21.2,17.3,31.3,40.4,19.5,15.6,16.2
De Soto,LA,Louisiana,22031,40.2,16.3,45.4,10.9,26,81.7,19.8,16.0,31.7,41.9,,,7.4
St. Francois,MO,Missouri,29187,40.0,12.2,38.7,10.5,25.4,76.2,22.3,17.8,28.2,40.0,13.7,11.5,9.3
Mason,MI,Michigan,26105,38.9,12.4,41.4,11.0,23.6,79.9,16.5,16.4,23.1,32.0,13.2,10.9,5.0
Sioux,NE,Nebraska,31165,39.7,16.2,41.2,9.6,16.7,76.4,17.8,14.9,33.9,30.6,14.7,10.1,6.7
Baltimore,MD,Maryland,24510,38.1,14.3,36.3,12.3,22.5,78.8,15.9,17.0,27.0,41.5,21.1,19.5,7.6
Tyler,WV,West Virginia,54095,41.7,17.0,45.6,12.1,27.3,81.4,21.6,14.5,31.9,40.7,11.3,9.7,5.9
Pepin,WI,Wisconsin,55091,39.3,11.7,33.3,10.8,23.2,76.4,17.2,19.8,23.6,31.6,7.7,7.6,5.3
Douglas,MN,Minnesota,27041,38.0,12.0,34.9,10.2,23.6,71.9,16.0,19.7,22.5,28.9,8,7.6,4.8
Kendall,IL,Illinois,17093,37.0,9.5,27.9,9.3,19.5,75.0,11.4,20.7,19.9,34.5,,,8.3
Henderson,TN,Tennessee,47077,43.0,16.0,42.1,11.7,30.6,77.0,22.3,14.6,34.6,37.7,18.2,13.7,11.2
Berkshire,MA,Massachusetts,25003,28.6,10.9,34.6,11.5,23.1,81.7,12.6,18.2,25.4,36.4,9.9,9.2,2.6
Oconee,SC,South Carolina,45073,32.1,14.3,40.5,9.6,23,79.4,16.0,15.9,26.8,35.3,14,11.1,8.6
Wilcox,GA,Georgia,13315,41.0,15.3,47.8,10.2,19.9,77.0,19.5,14.2,32.3,41.1,22.3,17.8,14.6
Cowley,KS,Kansas,20035,41.1,13.1,38.1,11.1,19.9,77.2,16.6,16.9,29.4,36.5,13.4,11.8,9.2
Greene,AL,Alabama,01063,50.4,24.9,57.7,12.4,21.1,84.9,22.0,9.1,42.1,48.9,35.5,26.9,11.2
Loving,TX,Texas,48301,35.7,12.8,29.1,7.7,20.1,68.8,15.3,25.0,21.8,38.3,11.8,11.6,14.4
Clark,OH,Ohio,39023,41.5,15.0,39.5,11.5,27.1,79.0,20.8,16.2,30.6,38.8,14.3,12.4,6.2
Alcorn,MS,Mississippi,28003,42.4,14.8,41.2,10.2,22.4,78.3,18.2,14.8,33.8,36.6,20.2,14.8,9.2
McLeod,MN,Minnesota,27085,40.2,10.9,32.9,10.3,25.9,72.0,14.5,21.2,24.2,33.0,9.7,9.6,5.2
Harnett,NC,North Carolina,37085,39.5,12.2,35.0,10.4,24.3,75.5,16.0,17.0,25.5,37.3,15.1,14.4,10.4
Salem,VA,Virginia,51775,33.6,11.6,36.9,10.0,24.3,79.9,12.9,18.2,20.4,36.1,,,4.7
Miner,SD,South Dakota,46097,35.5,11.4,36.0,9.1,16.6,78.4,16.3,19.0,27.2,29.4,,,4.9
Putnam,TN,Tennessee,47141,36.8,11.9,36.5,11.7,32.7,75.6,18.5,16.1,27.0,36.0,16.5,12.8,9.7
Caroline,VA,Virginia,51033,42.3,14.6,37.0,11.0,24.2,79.3,16.6,17.5,25.2,38.8,,,6.4
LaPorte,IN,Indiana,18091,39.7,14.0,36.7,10.9,23.4,79.1,19.4,15.5,30.2,37.8,16.3,13.2,6.9
Livingston,MO,Missouri,29117,38.3,12.0,35.7,10.7,23.9,77.2,18.3,17.8,28.1,37.0,15.3,12.9,7.0
Belknap,NH,New Hampshire,33001,30.9,11.0,31.9,11.6,24.8,74.7,14.8,16.0,23.0,34.4,10.1,8.9,5.3
Shawano,WI,Wisconsin,55115,45.6,12.3,34.7,10.7,24.1,77.4,17.4,20.4,24.4,34.4,11.9,10.3,4.5
Duval,FL,Florida,12031,33.0,12.7,,10.0,21.8,75.8,14.9,15.7,27.5,42.4,17.9,15.4,11.3
Beaufort,NC,North Carolina,37013,38.4,15.7,42.5,10.7,22.9,80.5,17.1,13.9,29.0,33.8,16,13.8,8.9
Greene,NY,New York,36039,32.2,10.9,32.8,10.6,20.9,79.9,14.1,17.3,24.5,36.7,,,5.7
Genesee,MI,Michigan,26049,39.0,12.5,39.8,11.5,25.8,79.2,15.4,16.3,25.1,38.2,15.3,13.5,4.5
Cass,TX,Texas,48067,38.3,15.9,43.5,10.8,24.6,76.2,19.1,15.6,31.7,39.8,21.2,16.2,13.2
Putnam,OH,Ohio,39137,40.1,12.5,36.9,10.4,24.1,78.7,15.6,20.4,23.0,33.0,9.7,9.1,5.2
Blackford,IN,Indiana,18009,37.7,14.7,41.4,11.3,24.6,78.9,21.4,14.4,33.1,37.6,16.9,12.1,6.7
Jefferson Davis,LA,Louisiana,22053,42.4,13.9,39.6,10.6,28.7,79.8,19.5,19.0,30.8,37.8,,,7.4
Carbon,WY,Wyoming,56007,36.2,11.6,31.5,10.2,19.3,68.2,17.1,16.8,26.7,32.1,14.3,12.6,13.1
Union,SD,South Dakota,46127,32.8,9.6,31.3,8.9,16.7,77.9,13.0,21.0,21.2,31.2,,,5.0
Whitman,WA,Washington,53075,26.7,8.1,25.3,12.7,29.7,64.3,11.3,20.3,18.3,29.0,10.9,10.6,6.4
Knox,MO,Missouri,29103,38.0,14.0,40.5,11.2,24.9,75.4,24.4,15.7,34.6,36.6,18.1,13.3,11.7
Union,NC,North Carolina,37179,31.7,10.8,32.1,9.3,21.2,75.8,11.8,19.1,20.1,31.6,10,10.1,7.2
Madison,IL,Illinois,17119,35.3,10.9,34.9,10.1,20.6,76.5,13.8,19.0,21.1,35.2,,,6.9
Curry,NM,New Mexico,35009,34.0,10.6,30.6,10.9,21.6,67.9,15.7,17.7,25.2,37.9,20.8,17.6,9.3
Cumberland,KY,Kentucky,21057,43.2,17.9,47.4,11.7,27.6,80.4,23.1,11.6,33.8,41.4,21.1,13.9,5.8
Howard,NE,Nebraska,31093,37.5,11.5,36.9,9.0,16.7,76.0,13.5,18.4,24.7,28.8,9.1,8,5.2
Custer,SD,South Dakota,46033,38.5,13.0,38.3,9.1,16.1,81.0,15.1,16.0,25.4,27.8,,,4.0
Crawford,IL,Illinois,17033,36.8,12.0,36.5,10.2,22,76.2,17.2,18.9,23.7,35.7,,,8.4
Bowie,TX,Texas,48037,40.8,14.6,38.4,10.3,23.2,75.2,17.9,16.8,29.4,41.9,20.1,16.6,12.4
Greene,VA,Virginia,51079,37.1,13.0,36.9,10.3,24,79.0,15.7,17.6,23.6,34.9,,,6.6
Bristol,MA,Massachusetts,25005,33.1,11.3,31.6,12.3,23.8,83.8,14.5,19.9,25.1,34.6,13.8,12.7,3.2
Lonoke,AR,Arkansas,05085,38.4,13.1,37.7,10.9,27.8,78.1,18.3,16.9,27.0,38.4,,,7.3
Marquette,MI,Michigan,26103,30.7,10.3,33.2,11.3,27.5,78.3,14.4,18.9,22.1,29.8,10.3,8.8,3.8
Lewis,WA,Washington,53041,40.5,11.9,36.2,12.3,28,68.1,15.5,16.5,21.5,36.0,13.8,12.2,6.4
Lake,MN,Minnesota,27075,35.0,12.6,36.9,9.9,23.1,75.9,15.5,19.2,23.2,27.2,7.7,7.8,4.0
Juniata,PA,Pennsylvania,42067,36.0,12.3,35.4,10.8,24.7,78.5,18.8,17.5,27.7,36.8,,,6.5
Richland,SC,South Carolina,45079,32.7,11.9,34.0,10.7,20.2,79.8,13.7,17.4,22.4,41.6,16.5,14.6,10.0
Boone,IL,Illinois,17007,39.5,12.4,33.4,10.2,22.1,74.9,17.2,18.3,26.0,36.8,,,11.7
Staunton,VA,Virginia,51790,39.5,13.6,36.0,10.8,25.1,79.3,15.9,16.6,25.0,35.8,,,5.8
Nash,NC,North Carolina,37127,42.0,14.6,40.2,10.6,21.4,79.5,17.1,14.7,27.9,36.0,19.4,17.4,10.3
Clarke,VA,Virginia,51043,33.8,12.9,36.9,9.7,23.5,80.1,13.1,17.7,21.4,34.7,,,4.8
Cimarron,OK,Oklahoma,40025,38.3,13.9,41.1,10.7,24.1,77.1,13.2,12.9,28.7,33.0,11,9.4,9.8
Adair,MO,Missouri,29001,36.7,10.2,28.7,10.7,24.8,75.7,15.5,18.3,24.7,36.1,14.1,11.6,7.5
Rutherford,NC,North Carolina,37161,36.9,14.4,39.4,10.6,25.8,77.9,19.5,15.2,28.2,33.1,15.6,13,9.6
Allendale,SC,South Carolina,45005,44.3,19.9,49.0,11.3,17.9,81.7,20.8,13.3,35.5,44.7,30,23.7,13.3
Johnson,KY,Kentucky,21115,42.5,16.3,43.2,12.2,29.7,78.6,25.7,12.2,34.2,43.7,19.8,13.2,7.4
Polk,TX,Texas,48373,41.1,17.3,40.1,10.0,22.7,75.5,19.9,16.2,31.8,39.2,21,16.5,15.4
Christian,MO,Missouri,29043,37.0,10.8,34.1,10.3,24.4,75.6,20.1,18.4,25.6,39.0,10.1,9.6,8.6
Culberson,TX,Texas,48109,42.7,20.3,40.3,9.7,21.9,74.2,16.4,15.3,38.9,39.5,26.8,19.9,26.1
Palo Alto,IA,Iowa,19147,40.8,12.2,36.2,9.7,18.1,78.5,15.0,21.5,25.6,31.9,9.6,8.6,4.6
Churchill,NV,Nevada,32001,33.3,11.2,33.9,11.0,22.4,71.4,17.3,18.0,24.7,35.0,13.6,12.3,9.3
Choctaw,AL,Alabama,01023,46.0,20.3,51.1,11.3,23.7,81.9,20.2,11.7,36.9,41.5,23.1,17.8,9.2
Hinds,MS,Mississippi,28049,46.3,17.5,45.3,11.7,19.3,81.7,19.9,12.7,36.4,43.1,23.7,20.2,12.4
Cedar,MO,Missouri,29039,41.5,15.4,43.2,11.2,24.7,77.6,23.2,15.3,33.9,38.5,15.3,10.9,9.5
Hamilton,IN,Indiana,18057,28.5,9.1,29.3,9.7,20.6,79.1,10.4,17.3,17.6,31.1,7.2,6.9,4.3
Chugach,AK,Alaska,02063,31.0,9.2,27.9,9.9,18.6,64.3,15.3,20.3,20.9,34.4,10.2,9.8,7.1
Shannon,MO,Missouri,29203,41.8,15.2,43.1,11.4,25.7,76.4,24.3,16.5,34.0,39.6,15,11.9,10.2
Scott,AR,Arkansas,05127,38.3,16.7,43.7,11.1,27,78.4,22.2,14.7,35.3,37.4,,,9.4
Pulaski,KY,Kentucky,21199,39.5,15.8,41.8,11.6,29.1,78.6,22.6,12.8,30.6,40.7,18.7,12.9,6.3
Shawnee,KS,Kansas,20177,39.4,13.0,36.7,11.4,21.2,79.5,15.0,16.1,23.4,35.1,11.6,11.6,8.0
Jefferson,LA,Louisiana,22051,39.7,15.0,39.4,10.4,26.8,79.8,17.2,17.6,30.3,40.4,,,8.5
Wakulla,FL,Florida,12129,38.0,12.0,,9.8,22.7,76.3,17.3,18.9,23.9,39.7,15.1,13.3,10.5
Sullivan,TN,Tennessee,47163,40.7,15.2,40.5,11.4,32.3,78.6,17.8,13.2,28.6,36.5,14.2,11.3,7.6
Chase,NE,Nebraska,31029,38.2,13.0,38.8,9.5,17.2,73.3,15.5,16.7,28.6,30.4,12.2,9.5,9.7
Bernalillo,NM,New Mexico,35001,27.7,10.3,31.8,10.4,21.1,67.3,13.3,16.6,20.0,29.9,16.1,14.6,8.3
Monongalia,WV,West Virginia,54061,34.2,10.9,31.6,12.1,26.1,79.7,15.1,18.9,22.6,39.0,10.3,9.2,5.3
Waupaca,WI,Wisconsin,55135,36.8,11.0,35.4,10.5,22.6,76.9,17.2,22.0,24.1,33.0,8.8,8.4,4.8
Robertson,TX,Texas,48395,37.7,15.4,41.3,10.0,22,76.1,16.3,16.2,29.9,39.5,18.4,15.5,14.2
Breckinridge,KY,Kentucky,21027,40.4,17.4,43.5,11.7,27.6,78.8,26.0,12.8,35.9,42.2,18.7,13.2,7.0
San Jacinto,TX,Texas,48407,37.9,16.1,41.7,10.2,23.3,76.3,19.0,16.1,31.6,38.3,19.9,15.7,13.7
Morrill,NE,Nebraska,31123,38.6,12.6,35.2,9.1,16.8,74.8,13.8,18.1,28.4,31.5,11.9,9.4,7.6
Richland,ND,North Dakota,38077,39.8,10.3,32.5,10.6,20.9,74.7,14.9,21.7,23.9,30.8,,,4.7
Newport News,VA,Virginia,51700,39.6,13.1,37.1,11.1,23,79.1,15.3,16.7,23.3,40.8,,,8.0
Northwest Hills,CT,Connecticut,09160,30.4,10.7,32.4,11.7,22.2,78.9,12.8,16.0,23.5,32.0,10.1,9.5,7.0
Green,WI,Wisconsin,55045,40.4,10.7,32.8,10.8,24.4,75.7,16.2,21.7,21.7,32.0,9.7,9.2,5.7
Prince Edward,VA,Virginia,51147,38.9,12.9,34.9,11.0,24.4,77.4,16.2,18.2,26.6,39.2,,,7.5
Forsyth,GA,Georgia,13117,32.2,9.3,28.2,8.6,18.7,75.7,10.3,16.4,19.1,31.9,7.7,7.1,8.5
Custer,ID,Idaho,16037,33.1,13.0,41.9,10.5,20.5,76.2,13.0,13.5,24.1,29.9,9.2,8.1,5.6
Pennington,MN,Minnesota,27113,30.6,10.8,33.0,10.0,25.2,72.4,14.7,20.8,20.0,29.1,10.3,9.9,4.5
Valley,ID,Idaho,16085,34.6,13.8,37.6,11.0,22.6,76.7,15.4,13.7,26.2,32.7,9.7,8.3,6.3
Suffolk,NY,New York,36103,29.8,10.0,31.6,9.9,17.6,78.3,10.6,17.9,23.5,38.4,,,5.0
Weber,UT,Utah,49057,34.2,9.8,28.7,11.4,27.5,71.3,8.0,14.6,19.1,33.5,10.3,9.7,8.0
Kalkaska,MI,Michigan,26079,36.1,13.3,39.2,12.0,26.2,78.3,20.2,17.8,27.9,34.2,11.7,10.4,5.0
Cook,IL,Illinois,17031,32.8,11.9,30.3,9.2,17.3,75.2,12.2,20.1,21.6,35.6,,,10.2
Dinwiddie,VA,Virginia,51053,38.6,15.6,40.4,10.9,23.1,79.8,18.3,16.6,26.5,38.8,,,7.0
Independence,AR,Arkansas,05063,39.2,14.8,42.0,11.1,28.8,77.2,22.6,15.6,34.7,39.5,,,10.1
Oglethorpe,GA,Georgia,13221,36.3,13.8,40.8,10.5,22.1,76.6,17.2,14.9,29.1,37.4,15,12.4,12.1
Hampshire,WV,West Virginia,54027,42.7,18.4,43.6,12.3,27.9,81.5,23.7,14.1,34.0,39.4,16.2,13.2,6.5
Macon,AL,Alabama,01087,46.0,20.2,48.4,12.1,21.4,83.0,17.6,10.8,36.5,43.5,30,23.2,9.9
Cumberland,PA,Pennsylvania,42041,32.8,10.2,29.5,10.3,22.9,78.6,14.1,19.2,21.7,35.4,,,5.8
Tama,IA,Iowa,19171,41.0,14.0,33.1,10.1,18.6,78.8,17.9,19.9,30.0,33.9,12.4,10.7,6.3
Delta,TX,Texas,48119,36.5,14.1,39.1,10.0,23.7,76.3,14.5,17.4,25.2,36.2,15.9,13.1,9.3
Montgomery,IA,Iowa,19137,39.6,13.5,35.4,10.0,19.2,78.2,18.3,19.3,29.8,36.8,12.1,10.5,5.9
Barry,MI,Michigan,26015,34.1,10.3,33.9,10.7,24.7,78.6,13.6,17.9,21.1,32.3,9.9,9.4,3.6
Wichita,KS,Kansas,20203,40.3,14.1,39.2,9.9,17.9,77.3,15.1,15.6,27.6,32.5,14.7,12,10.0
Glacier,MT,Montana,30035,35.9,15.0,34.7,14.8,28.5,70.0,29.9,18.7,32.8,39.8,29.7,21.6,13.1
Henry,VA,Virginia,51089,43.0,18.6,43.6,11.1,23.4,81.0,20.8,14.0,32.5,38.9,,,8.0
Louisa,VA,Virginia,51109,39.2,13.6,37.3,10.4,24.7,80.6,14.9,16.9,21.1,36.2,,,5.7
Iredell,NC,North Carolina,37097,34.0,11.4,33.9,9.9,23.4,76.6,14.3,17.2,23.0,30.4,13.2,12.2,9.1
Bradley,TN,Tennessee,47011,38.9,13.3,38.2,11.4,30.4,76.6,17.2,14.9,25.2,37.1,15.3,12.5,10.3
Kossuth,IA,Iowa,19109,36.4,13.1,35.5,9.7,17.8,79.3,14.8,19.5,28.8,33.4,11.6,10,5.2
Walker,TX,Texas,48471,40.7,13.7,35.3,10.2,23.4,72.2,18.2,18.8,29.4,42.2,23,18.6,17.6
Franklin,MS,Mississippi,28037,41.7,17.4,50.4,10.4,20.5,80.8,19.4,12.8,34.8,36.5,24.6,18.5,9.8
Kidder,ND,North Dakota,38043,37.3,12.1,40.9,10.3,20.1,76.5,16.5,18.7,28.2,32.6,,,5.3
Danville,VA,Virginia,51590,45.0,20.0,46.6,12.3,23.8,83.0,20.9,13.1,35.1,44.9,,,7.9
Bent,CO,Colorado,08011,32.7,12.9,34.4,10.6,21.7,68.5,18.5,17.7,26.6,34.8,,,13.7
Irwin,GA,Georgia,13155,40.2,15.4,43.2,11.1,22.2,77.6,19.1,13.9,32.2,38.2,19.2,15.5,12.5
Shasta,CA,California,06089,28.8,11.7,32.1,11.1,24.7,71.6,13.5,18.6,20.8,37.0,12.7,11.1,4.4
Clinton,NY,New York,36019,41.1,11.4,34.5,11.3,25.3,80.8,17.5,18.1,28.5,35.2,,,5.5
Sweetwater,WY,Wyoming,56037,36.5,10.2,30.5,10.6,21.8,67.8,17.7,19.2,22.4,38.6,9.9,9.8,10.9
Grainger,TN,Tennessee,47057,38.6,17.5,42.5,12.4,31.9,76.2,26.0,13.9,35.9,39.5,18.9,13.6,11.9
Greene,IL,Illinois,17061,37.8,13.1,37.2,10.6,22.7,76.5,18.5,18.0,26.7,36.1,,,8.1
Harrison,TX,Texas,48203,39.3,14.7,38.0,10.5,24.4,75.7,16.6,17.1,28.1,37.8,20.7,17.2,12.7
Currituck,NC,North Carolina,37053,34.3,11.2,34.7,9.7,23.6,77.6,14.1,18.5,21.1,31.0,9.7,9.8,6.7
Aitkin,MN,Minnesota,27001,35.3,14.1,41.7,9.9,22.3,76.3,16.4,16.8,23.9,30.9,8.6,7.8,4.5
Teton,MT,Montana,30099,30.8,10.2,32.9,10.9,23.2,73.3,15.6,18.7,23.6,28.5,11,9.4,6.5
Glascock,GA,Georgia,13125,37.5,13.7,41.1,10.8,23.5,76.0,17.8,15.3,28.9,36.5,17.7,13.5,11.0
Marlboro,SC,South Carolina,45069,46.0,18.7,47.1,11.3,20.4,79.9,25.0,13.8,38.5,43.6,31.7,24.4,16.1
Nelson,KY,Kentucky,21179,35.0,12.5,37.7,10.7,25.7,79.2,16.1,14.9,24.0,37.7,11.7,9.4,4.6
Lawrence,TN,Tennessee,47099,41.4,15.3,40.0,12.1,31.8,77.2,22.0,15.1,31.3,39.6,16,11.7,9.6
Lawrence,OH,Ohio,39087,44.9,15.6,42.0,12.0,29.1,78.7,22.8,15.7,34.0,41.9,14,11.9,7.3
Pike,MS,Mississippi,28113,45.3,18.3,49.6,11.5,21.3,80.9,21.7,12.5,36.9,42.3,29.9,22.5,12.4
Adams,OH,Ohio,39001,45.5,16.4,40.7,11.9,28.2,78.9,24.1,17.5,32.6,39.6,15.7,12.4,6.4
Oneida,WI,Wisconsin,55085,38.1,12.0,38.0,10.4,22,79.0,13.9,19.3,22.7,31.6,10.9,9.1,3.4
Coconino,AZ,Arizona,04005,25.2,9.9,25.2,11.1,22.5,67.2,12.4,20.0,17.3,31.6,14,12.1,7.3
Rutland,VT,Vermont,50021,30.3,9.2,34.6,13.0,25.2,77.5,13.3,14.9,20.1,29.6,10.5,9.9,4.2
Florence,WI,Wisconsin,55037,41.2,14.6,39.2,11.4,24,77.3,20.9,17.7,28.7,33.0,8,7.5,5.9
Aroostook,ME,Maine,23003,41.6,13.7,40.2,12.9,24.3,82.7,18.0,13.5,29.0,37.2,12.2,10.5,5.1
Polk,NC,North Carolina,37149,31.3,12.2,42.1,8.9,20.4,81.2,9.9,14.5,20.3,27.4,9.4,8.6,5.2
Martin,FL,Florida,12085,26.5,13.1,,9.4,17.6,79.1,13.4,14.0,23.6,30.7,13.3,10.4,8.6
Bear Lake,ID,Idaho,16007,33.5,11.4,35.9,10.9,23.6,75.7,12.9,15.7,23.2,32.9,11.4,9.9,5.4
Hodgeman,KS,Kansas,20083,36.4,12.5,36.7,9.9,17.8,77.3,14.6,15.7,25.1,33.8,9.5,9.1,7.1
Fillmore,NE,Nebraska,31059,38.8,12.2,37.2,9.3,17.3,74.9,15.2,18.3,26.8,30.4,9.1,7.8,5.9
Wayne,GA,Georgia,13305,41.6,14.6,42.4,11.2,22.7,76.2,21.0,14.4,32.5,39.3,20.3,15.9,15.3
Northumberland,VA,Virginia,51133,37.6,18.0,46.6,10.1,20.8,84.4,13.8,13.3,25.7,31.3,,,4.6
Morris,TX,Texas,48343,40.1,16.1,42.0,10.7,23.1,76.5,17.9,15.7,30.9,38.5,16.9,14.4,12.8
Monroe,MO,Missouri,29137,41.1,14.6,41.5,10.5,23.4,77.2,20.9,16.2,32.7,38.2,13.6,10.6,7.9
North Slope,AK,Alaska,02185,41.9,10.4,32.5,10.7,18.3,63.0,23.5,22.2,23.9,39.7,18.3,15.4,10.8
Madison,NC,North Carolina,37115,31.8,12.3,36.9,9.9,24,76.9,17.0,16.4,24.4,30.7,12,10.7,9.1
McDuffie,GA,Georgia,13189,43.6,15.6,42.9,11.2,21.1,79.0,16.4,13.5,31.4,39.1,19.8,16.5,11.0
Lake,CA,California,06033,30.2,12.6,35.1,10.8,22.9,73.4,13.2,16.6,23.6,33.4,16.3,13,6.7
King George,VA,Virginia,51099,35.7,12.4,34.6,10.2,23,77.5,14.7,18.6,20.6,34.8,,,6.1
Arlington,VA,Virginia,51013,25.9,8.9,25.0,9.0,21.2,75.0,9.7,22.6,16.5,28.3,,,5.6
Pike,IL,Illinois,17149,37.1,12.9,37.7,10.1,22.1,77.3,17.6,17.7,25.5,35.4,,,7.3
Quay,NM,New Mexico,35037,35.3,16.1,40.5,11.2,21.6,71.2,18.5,12.9,31.3,33.8,21.6,16,9.6
Clark,WA,Washington,53011,32.8,9.9,29.6,11.5,25.9,68.0,10.4,16.8,15.4,30.0,9.8,9.6,4.9
Sabine,LA,Louisiana,22085,46.1,17.4,45.1,11.3,27.4,81.2,22.0,16.3,34.8,39.5,,,7.3
Harrison,OH,Ohio,39067,41.4,15.3,42.1,11.6,25.8,79.0,20.8,17.0,30.3,39.0,14.7,11.8,5.6
Big Stone,MN,Minnesota,27011,41.9,13.5,38.8,10.3,24.2,74.0,16.4,18.5,27.6,29.0,8.2,7.8,4.4
Cattaraugus,NY,New York,36009,36.4,12.1,36.9,11.5,23.5,80.4,17.7,18.3,27.9,38.8,,,4.8
Clay,NC,North Carolina,37043,32.5,14.3,42.9,10.0,23.2,80.5,15.3,14.1,25.4,30.5,10.5,8.8,7.4
Westmoreland,PA,Pennsylvania,42129,31.2,10.6,34.1,10.2,22.7,81.3,13.4,17.4,21.9,36.7,,,4.1
Sedgwick,KS,Kansas,20173,33.0,11.7,35.1,10.3,19.6,75.2,16.7,16.4,24.0,36.3,14.1,12.8,9.4
Erie,NY,New York,36029,32.3,10.3,33.2,10.9,22.5,81.0,14.5,19.7,25.8,37.4,,,5.6
Vermilion,IL,Illinois,17183,40.4,14.0,38.6,10.6,21.4,77.4,18.4,16.9,29.3,36.7,,,8.5
Clay,KS,Kansas,20027,39.7,13.7,40.7,10.6,19.7,77.5,18.5,15.8,29.8,33.7,10.5,9.8,7.7
Thomas,GA,Georgia,13275,38.9,15.1,42.7,11.0,21.4,78.7,16.7,13.2,27.9,39.2,17.8,15.1,12.0
Pontotoc,OK,Oklahoma,40123,43.0,14.1,38.6,13.0,29.7,75.4,19.6,13.8,32.6,36.5,14.9,12.7,9.2
Latah,ID,Idaho,16057,26.6,8.1,25.6,10.6,24.5,72.4,9.7,19.1,16.0,28.1,8.8,8.5,5.2
Laurens,SC,South Carolina,45059,40.8,14.7,42.1,10.5,22.8,80.6,18.4,16.7,27.2,34.4,18.3,14.7,10.1
Newton,GA,Georgia,13217,42.3,13.6,40.3,11.4,20.8,77.3,16.5,14.1,27.7,40.7,19,17.5,12.4
Wibaux,MT,Montana,30109,34.2,11.4,36.0,10.9,23.4,73.7,17.2,18.6,26.4,32.4,10.5,9.1,7.0
Choctaw,MS,Mississippi,28019,41.3,16.5,48.2,10.0,20.1,80.1,18.4,13.1,33.5,36.5,20.8,15.4,8.1
Coos,OR,Oregon,41011,30.7,13.3,39.4,11.4,24.7,74.9,14.3,15.9,21.7,30.7,,,4.8
Dent,MO,Missouri,29065,38.8,14.9,42.4,11.3,25.2,77.2,23.2,16.3,31.8,39.1,14.9,11.7,8.5
Glasscock,TX,Texas,48173,34.7,11.9,32.6,8.7,21.1,72.4,12.2,20.8,21.8,34.8,12.8,12.1,14.2
Berkeley,SC,South Carolina,45015,36.5,11.8,35.4,9.9,21.6,78.6,14.3,18.5,22.8,36.8,13.5,13.1,8.9
Parke,IN,Indiana,18121,38.3,13.5,40.4,11.5,25.9,79.4,20.0,15.7,30.5,36.8,14.1,11.1,6.6
Cumberland,NJ,New Jersey,34011,36.6,12.6,35.7,10.6,17.1,75.8,16.6,15.9,28.6,42.6,24.1,20.4,13.4
Wicomico,MD,Maryland,24045,35.4,13.0,36.6,11.9,23.7,80.7,15.4,16.4,25.0,35.3,16.2,14.8,6.8
Anderson,KS,Kansas,20003,36.2,13.6,40.0,11.2,21,76.2,18.6,15.9,27.9,34.1,14.9,11.9,8.8
Woodward,OK,Oklahoma,40153,41.8,13.3,39.0,11.7,27.5,74.1,18.5,14.9,33.4,36.7,13.3,11.6,11.2
Plumas,CA,California,06063,29.1,12.8,36.8,10.4,22.5,75.8,12.9,16.6,21.7,31.2,11.3,9.9,3.7
Cameron,LA,Louisiana,22023,39.8,14.4,39.6,10.4,29.5,79.9,19.8,18.5,29.9,37.3,,,6.6
Swisher,TX,Texas,48437,41.9,16.7,39.0,9.8,22.4,73.7,17.7,16.6,34.2,40.0,29,21.4,21.3
Braxton,WV,West Virginia,54007,39.4,17.4,46.3,12.3,27.3,82.2,22.8,13.9,35.4,42.0,17.2,13.2,6.6
Marion,MS,Mississippi,28091,43.9,16.8,48.0,11.0,21.8,79.0,21.6,13.5,34.1,39.7,26.4,19.5,11.2
Meigs,TN,Tennessee,47121,38.3,14.8,41.5,11.4,30.2,78.4,19.1,14.9,27.9,35.3,16.8,12.9,7.8
Maricopa,AZ,Arizona,04013,32.6,11.4,29.3,10.2,20.6,72.4,11.7,17.7,22.5,34.4,13.1,12.1,10.2
Oklahoma,OK,Oklahoma,40109,39.1,12.5,36.1,12.4,26.1,74.0,15.7,16.4,27.2,36.0,17,14.9,11.6
Piscataquis,ME,Maine,23021,36.7,13.1,38.1,12.3,24.5,83.1,16.0,13.8,27.1,34.2,10.9,9.4,5.1
Pike,OH,Ohio,39131,40.7,16.1,40.3,12.4,29.7,80.0,24.1,16.0,32.5,37.5,18.3,14.5,7.3
Butler,KY,Kentucky,21031,43.4,15.6,41.4,11.6,28.4,78.5,22.0,12.8,31.4,41.2,19,13.6,6.5
Stevens,MN,Minnesota,27149,35.1,9.7,28.9,9.8,24.4,69.9,13.6,21.2,21.9,29.3,9.8,9.6,5.7
Union,PA,Pennsylvania,42119,33.7,10.7,30.0,10.6,24.5,76.6,17.5,19.2,24.4,37.8,,,7.0
Buena Vista,VA,Virginia,51530,38.1,13.6,36.4,11.6,28.1,77.0,19.4,17.5,28.6,36.4,,,8.2
Hampton,SC,South Carolina,45049,43.7,17.7,46.9,11.0,20.4,81.0,21.2,14.3,36.3,43.2,26.2,21.6,12.7
Ripley,MO,Missouri,29181,42.8,14.2,44.1,11.5,26,76.0,24.8,15.6,34.6,38.2,17.6,14,11.3
Josephine,OR,Oregon,41033,32.5,13.7,38.5,11.9,25.1,74.2,17.6,15.6,22.9,31.4,,,5.1
Missaukee,MI,Michigan,26113,38.4,12.6,38.7,11.6,25.4,78.1,19.6,17.1,27.2,33.6,11.7,10,5.6
Okeechobee,FL,Florida,12093,39.7,15.2,,10.4,21.9,76.2,20.4,16.7,34.7,40.7,20.6,16.1,19.0
Calumet,WI,Wisconsin,55015,40.4,9.8,28.8,10.4,22.3,75.2,15.8,22.2,21.2,32.7,8.6,8.4,4.6
Keokuk,IA,Iowa,19107,40.0,13.1,35.7,9.8,18.4,78.8,17.7,20.2,29.2,31.8,11.6,10.1,5.0
Newton,MS,Mississippi,28101,43.5,16.1,44.7,10.9,21.5,78.3,20.7,13.8,35.4,38.1,22.4,17.3,11.5
Jack,TX,Texas,48237,37.7,13.4,37.4,9.7,23.6,72.9,17.9,18.6,28.8,37.8,18.9,15.5,15.6
Orleans,NY,New York,36073,36.3,10.7,39.1,10.8,22.2,79.8,15.2,18.3,24.6,36.9,,,5.0
Gallia,OH,Ohio,39053,40.3,15.7,39.2,11.4,25.6,79.3,21.6,16.0,33.3,38.2,13.5,11.1,5.8
Kimble,TX,Texas,48267,36.7,17.4,43.1,9.8,22.6,77.2,16.3,14.5,31.8,35.1,17,12.6,13.8
Yoakum,TX,Texas,48501,40.0,15.9,32.1,10.1,23.4,69.4,18.3,17.9,36.4,39.8,26.6,21.4,32.5
Scotts Bluff,NE,Nebraska,31157,41.3,13.0,33.4,9.3,18.3,72.4,14.4,18.1,25.8,32.4,15.5,12.2,9.2
Millard,UT,Utah,49027,34.7,11.7,31.1,11.5,25.6,71.2,11.1,11.3,23.6,30.9,13.4,11.2,10.6
Guadalupe,NM,New Mexico,35019,34.9,16.1,34.9,9.8,19.2,66.9,16.9,14.7,31.6,35.6,28.4,21.3,15.4
Shelby,IN,Indiana,18145,40.0,13.4,36.1,11.5,25.4,77.5,20.7,15.3,30.2,35.1,12,9.9,8.0
Stafford,VA,Virginia,51179,37.6,11.5,32.3,10.0,21.9,79.1,12.4,19.7,19.9,37.8,,,7.1
Warren,KY,Kentucky,21227,35.4,12.0,32.8,10.8,26,76.7,14.7,14.9,23.6,38.4,16.8,12.7,5.2
Taylor,WV,West Virginia,54091,40.7,16.4,43.4,12.6,29.1,80.7,23.6,14.5,33.9,42.4,15.2,13.1,7.2
Burke,ND,North Dakota,38013,35.0,10.6,35.0,9.9,18.9,76.0,13.0,21.0,24.7,30.2,,,3.7
Lapeer,MI,Michigan,26087,36.1,12.0,35.8,11.7,25.3,77.5,18.0,18.8,26.8,34.8,9.6,8.8,4.9
Eastland,TX,Texas,48133,36.4,14.7,40.4,10.0,23.8,74.1,17.8,16.5,29.8,37.9,17.1,13.6,15.0
Taney,MO,Missouri,29213,38.4,13.8,37.3,10.6,23.2,76.9,20.3,16.2,31.7,36.6,13,10.5,8.5
Silver Bow,MT,Montana,30093,29.4,9.5,32.2,10.7,25.9,71.4,14.9,22.5,23.1,31.9,12.5,11,6.2
Clay,TN,Tennessee,47027,39.7,18.1,46.8,11.5,29.6,78.9,24.3,12.6,36.3,37.8,18.5,13.2,9.9
Cass,MN,Minnesota,27021,37.6,13.6,39.0,10.1,23.5,73.5,16.6,16.6,26.4,35.2,8.8,8.2,4.8
Oneida,ID,Idaho,16071,31.8,11.0,34.6,10.4,21.6,74.8,12.4,15.2,22.9,31.6,10.4,9.2,5.6
Delta,MI,Michigan,26041,35.6,12.2,39.7,11.2,24.5,80.6,15.9,17.9,22.7,29.3,12.4,9.9,3.8
Adams,IN,Indiana,18001,39.3,14.4,36.9,11.9,26.7,76.5,23.3,15.2,34.6,37.3,15.4,12.2,9.2
Panola,TX,Texas,48365,38.2,15.2,40.2,10.7,24.5,74.7,19.0,17.0,29.4,40.0,17.7,14.5,13.1
Ottawa,KS,Kansas,20143,36.6,12.6,38.0,10.5,19.9,76.3,17.6,17.0,25.5,32.2,9.1,8.4,7.5
Clinton,IA,Iowa,19045,40.5,12.0,34.0,10.2,19,79.2,16.6,21.0,27.5,33.0,10.5,9.3,5.2
Thurston,WA,Washington,53067,33.5,10.3,31.7,11.6,29,69.3,10.4,15.7,16.0,34.3,9.4,9.8,5.0
Scott,MN,Minnesota,27139,34.1,9.1,27.1,9.8,23.2,70.9,14.3,23.1,20.2,28.1,9.1,9.3,6.1
Ellis,TX,Texas,48139,37.8,11.9,33.2,9.9,22.7,73.2,14.4,18.1,25.8,40.8,18.4,16.5,15.6
Otoe,NE,Nebraska,31131,36.6,11.7,36.1,9.4,17.5,73.9,14.9,18.5,26.0,28.5,11.6,9.8,7.1
Phillips,KS,Kansas,20147,37.3,14.2,38.4,10.6,19.3,77.9,17.9,15.8,28.9,34.8,11.8,9.8,7.0
Sumter,GA,Georgia,13261,42.5,16.0,43.5,11.5,20.7,78.9,17.1,13.4,31.9,41.7,25.3,19.6,12.5
Johnston,OK,Oklahoma,40069,42.8,15.5,41.8,13.0,29.2,75.0,22.4,12.8,35.3,36.8,19.4,14.9,10.9
Franklin,PA,Pennsylvania,42055,38.9,11.5,36.0,10.4,23.4,78.6,18.5,18.2,25.5,38.1,,,6.5
Logan,OK,Oklahoma,40083,42.1,12.9,38.3,12.0,27,76.8,16.3,15.0,28.0,34.9,13.4,12,8.6
Lebanon,PA,Pennsylvania,42075,36.8,11.5,34.6,10.4,24.3,79.1,15.2,17.4,24.4,35.1,,,6.3
Gregory,SD,South Dakota,46053,36.2,13.0,38.8,10.1,18.1,78.6,18.3,17.2,29.0,29.9,,,6.0
New Castle,DE,Delaware,10003,37.7,13.1,34.3,10.8,20.3,77.1,14.0,15.6,23.1,35.9,12.4,12.2,6.9
Walthall,MS,Mississippi,28147,41.3,17.5,50.4,10.8,20.6,80.8,20.1,13.0,33.8,37.2,25.8,18.9,10.5
Grant,MN,Minnesota,27051,38.1,12.8,34.6,10.1,25.1,73.9,16.6,18.6,26.3,29.7,9.4,9.2,5.1
Brown,KS,Kansas,20013,41.3,13.3,40.2,10.6,19.2,76.8,16.1,16.7,27.6,32.0,13,11.1,7.3
Mercer,OH,Ohio,39107,37.5,13.3,36.7,10.8,24.4,77.7,18.9,19.0,26.7,37.4,11.1,10.2,6.2
Marshall,IN,Indiana,18099,35.5,13.1,34.8,10.8,23.3,77.9,18.0,15.4,28.6,37.6,14.3,10.7,7.3
Colfax,NE,Nebraska,31037,38.5,13.4,33.0,9.3,15.7,72.0,15.7,18.1,31.8,32.9,18.3,15,16.2
Frederick,VA,Virginia,51069,37.8,13.3,36.9,10.4,25.4,78.7,15.0,17.7,23.4,35.2,,,7.0
Prairie,MT,Montana,30079,36.4,16.3,43.7,11.8,24,75.5,21.0,14.5,33.0,31.2,14,10.6,7.1
Fluvanna,VA,Virginia,51065,38.9,13.5,37.2,10.8,25.4,80.0,16.1,17.0,23.7,36.6,,,5.7
Monroe,PA,Pennsylvania,42089,37.5,12.6,33.8,10.6,21.5,80.2,15.8,17.9,25.2,41.3,,,6.2
Lee,AL,Alabama,01081,33.9,11.5,34.8,10.1,25.2,77.4,15.2,16.0,26.4,36.8,17.2,14.3,10.1
Berks,PA,Pennsylvania,42011,34.8,11.5,32.5,10.4,22.4,79.0,14.8,18.4,24.9,40.4,,,8.0
Burke,NC,North Carolina,37023,31.9,13.0,39.3,10.1,24,78.0,16.5,15.5,25.6,33.7,14.6,12.2,9.0
Atoka,OK,Oklahoma,40005,42.7,15.5,42.5,12.5,27.8,74.3,22.5,14.2,35.0,38.2,17.8,14.3,10.6
McCook,SD,South Dakota,46087,34.3,9.6,31.4,9.2,17.3,77.1,14.8,20.4,22.6,29.0,,,5.6
Callahan,TX,Texas,48059,36.6,14.0,35.8,9.9,23.8,75.1,16.8,18.2,27.4,35.7,13.4,11.5,11.4
Summit,CO,Colorado,08117,23.5,7.8,23.6,10.4,22.3,66.7,12.1,22.3,15.1,28.7,,,7.4
Lewis,KY,Kentucky,21135,46.6,17.7,46.8,12.1,28.7,79.4,25.8,12.0,36.1,41.8,23,14.7,6.2
Austin,TX,Texas,48015,35.8,14.7,37.3,9.9,22.9,75.7,15.6,15.9,27.7,36.3,16,13.6,15.5
Escambia,AL,Alabama,01053,43.4,17.6,46.2,11.2,25.1,79.1,21.1,12.8,34.1,45.0,22.1,17.8,9.3
Clay,MO,Missouri,29047,35.5,10.5,32.9,9.9,22.7,75.1,17.3,18.7,22.1,33.6,10,9.7,7.6
Wilkinson,MS,Mississippi,28157,49.1,20.0,53.1,10.8,18.1,81.5,22.5,12.0,39.1,44.6,29,22.8,11.7
McPherson,KS,Kansas,20113,34.1,11.1,34.4,10.3,19.5,76.6,14.0,17.0,21.9,32.3,9.6,9,6.6
Simpson,KY,Kentucky,21213,41.3,13.5,38.9,11.2,26.6,78.2,18.6,14.2,26.6,41.0,17.2,13.2,5.3
Crowley,CO,Colorado,08025,33.6,11.3,31.1,10.3,20.8,64.3,19.4,20.8,25.0,35.7,,,17.6
Mississippi,AR,Arkansas,05093,42.9,17.6,43.2,12.1,27.4,78.1,24.1,14.6,38.6,45.6,,,11.5
McHenry,IL,Illinois,17111,34.7,10.8,31.3,9.5,19.9,76.0,13.5,19.2,21.1,30.5,,,8.2
Indian River,FL,Florida,12061,31.8,14.7,,9.5,18.7,79.1,13.5,13.9,26.0,34.4,10.5,8.3,8.7
Albemarle,VA,Virginia,51003,30.3,10.6,31.3,9.3,23.5,80.2,10.0,17.2,17.6,31.6,,,3.9
Atkinson,GA,Georgia,13003,42.2,16.4,41.5,11.2,22.9,75.3,20.5,14.0,35.3,38.5,28.7,21.1,19.9
Chittenden,VT,Vermont,50007,23.6,7.0,24.2,11.9,27.3,72.0,11.6,20.4,16.4,25.6,9.5,8.6,5.2
Meagher,MT,Montana,30059,33.6,11.2,37.0,10.4,21.6,75.7,12.9,18.2,22.2,29.0,7.5,7.1,4.9
Yell,AR,Arkansas,05149,38.6,16.3,42.3,11.0,27.2,77.6,21.0,15.9,36.9,38.8,,,10.9
St. Croix,WI,Wisconsin,55109,34.4,8.7,30.0,10.4,22.9,75.7,11.7,24.2,17.6,31.0,6.7,6.9,3.4
Dunn,ND,North Dakota,38025,37.7,10.8,34.0,10.5,19.7,74.3,16.1,21.5,24.5,30.9,,,6.3
Wayne,NE,Nebraska,31179,33.0,9.4,28.6,9.1,17.5,73.1,11.3,20.3,22.0,31.2,12.1,9.7,5.5
Randolph,AL,Alabama,01111,40.3,16.2,45.1,10.8,25.7,79.8,18.9,14.1,32.6,38.3,18.2,14.6,9.2
Pierce,ND,North Dakota,38069,35.8,11.0,34.7,10.3,19.3,76.7,14.9,20.2,25.2,31.5,,,4.4
Baxter,AR,Arkansas,05005,41.0,16.8,46.7,10.6,26.8,81.9,19.6,13.2,33.6,35.2,,,6.5
Henderson,IL,Illinois,17071,36.7,13.5,38.6,9.8,20.7,78.7,15.6,16.7,25.5,34.3,,,6.0
King,WA,Washington,53033,22.9,7.4,25.9,9.3,23,69.1,7.1,18.5,13.2,29.0,7.8,7.9,4.8
Lewis,NY,New York,36049,36.0,11.2,36.8,10.9,22.1,79.4,16.9,20.1,26.6,37.3,,,4.8
Brantley,GA,Georgia,13025,39.7,13.8,41.8,11.0,24.6,75.5,20.9,15.1,32.5,37.0,20.3,14.5,13.0
Galveston,TX,Texas,48167,40.2,13.1,33.7,9.7,22.8,72.9,13.7,17.8,24.5,36.8,14.2,12.7,12.7
Pulaski,AR,Arkansas,05119,38.1,14.1,40.6,10.8,25.2,81.2,16.3,17.6,27.4,38.3,,,6.8
Bedford,TN,Tennessee,47003,41.2,13.6,37.0,11.5,30.5,75.9,21.6,16.1,30.2,40.0,16.6,13.2,12.5
Greene,AR,Arkansas,05055,37.5,14.3,38.4,11.2,29.7,76.5,22.1,16.5,34.3,40.6,,,8.9
Fayette,WV,West Virginia,54019,39.5,18.4,45.5,12.5,27.2,80.2,24.5,13.7,37.1,46.6,17,13.8,7.4
Branch,MI,Michigan,26023,39.8,12.6,38.3,11.6,24.9,77.6,19.5,17.1,28.5,35.0,12.9,11.2,5.7
Webb,TX,Texas,48479,41.0,15.4,30.4,8.8,20.1,70.4,11.9,17.2,33.0,37.5,25.9,20.2,30.5
San Miguel,NM,New Mexico,35047,34.6,16.3,34.5,10.2,20.2,70.8,13.0,13.5,28.1,35.8,21.8,16.1,10.4
Greene,MO,Missouri,29077,33.1,10.1,33.0,10.5,24,75.3,15.0,18.6,23.3,36.1,13,11.5,6.5
Williams,OH,Ohio,39171,41.3,14.4,38.5,11.2,26.2,77.9,19.8,17.7,28.5,37.1,14.2,11.8,5.9
Henry,IN,Indiana,18065,44.1,14.1,37.9,11.5,25.1,77.6,21.7,16.1,31.4,41.6,12.3,10.3,7.8
Clay,GA,Georgia,13061,43.6,19.4,53.8,11.1,18.5,83.2,15.4,10.0,32.7,40.0,25.2,19.4,9.4
Platte,WY,Wyoming,56031,32.1,13.0,37.8,10.7,21.2,70.8,17.1,14.8,28.4,32.3,9,8.3,7.9
Washington,IN,Indiana,18175,42.2,13.3,40.2,11.5,26.4,78.8,20.2,15.0,30.5,36.2,15.3,12.2,6.5
Vermillion,IN,Indiana,18165,40.6,13.1,38.3,11.6,26.4,78.2,19.8,14.8,30.8,36.5,13.2,10.7,7.8
Andrews,TX,Texas,48003,39.3,13.5,31.0,9.9,23.6,69.5,16.7,19.0,31.0,38.9,22.4,18.8,27.0
Perkins,SD,South Dakota,46105,32.3,10.3,36.7,8.9,16.3,80.3,11.4,17.1,19.9,26.0,,,3.6
Dallas,AL,Alabama,01047,50.2,21.4,51.0,11.7,21,84.6,18.9,10.6,36.3,46.0,27.8,22.1,8.4
Adair,KY,Kentucky,21001,36.8,14.5,41.9,11.1,26.4,79.0,19.1,13.0,29.8,43.5,20.7,14.1,5.0
Nodaway,MO,Missouri,29147,38.8,10.9,31.2,11.0,25.3,75.3,18.4,19.4,26.5,42.3,11.8,9.6,7.6
Lexington,VA,Virginia,51678,28.7,7.9,25.5,10.0,25.7,76.1,9.2,21.3,17.5,32.1,,,4.5
Custer,OK,Oklahoma,40039,36.6,11.7,33.7,12.0,27.4,73.6,15.0,15.0,28.5,37.8,17.6,14.5,9.6
Clearfield,PA,Pennsylvania,42033,37.2,13.0,37.0,10.9,23.7,78.8,20.0,18.1,28.0,40.6,,,5.8
Harding,SD,South Dakota,46063,33.9,9.9,32.9,9.0,16.9,78.1,13.1,20.1,20.3,28.4,,,3.9
Marathon,WI,Wisconsin,55073,35.9,10.1,33.1,10.3,24.2,77.4,13.9,21.7,21.4,30.1,9.1,7.9,4.1
Cumberland,TN,Tennessee,47035,37.1,18.1,46.1,11.2,29.5,81.2,19.8,12.4,33.2,35.2,14.7,10,7.3
Portsmouth,VA,Virginia,51740,45.0,15.4,40.8,11.3,22.5,79.7,17.0,15.1,26.9,42.9,,,7.7
Grand Forks,ND,North Dakota,38035,34.5,8.5,28.6,10.9,23.8,72.5,14.4,23.2,23.8,32.6,,,5.9
Douglas,SD,South Dakota,46043,34.6,11.3,35.8,9.6,17.5,79.1,14.9,17.6,25.4,28.7,,,5.2
Chambers,AL,Alabama,01017,45.6,18.2,46.8,11.4,24.2,80.6,20.6,12.6,35.7,41.4,24.6,19.6,10.8
Niagara,NY,New York,36063,34.8,11.3,35.9,11.1,22.5,80.8,14.7,19.0,25.5,37.6,,,3.8
Dillingham,AK,Alaska,02070,37.3,13.2,31.1,13.0,22.8,64.7,27.7,21.7,27.9,37.8,27.4,21.2,12.4
Floyd,KY,Kentucky,21071,40.1,15.7,46.0,11.9,30.2,80.4,22.2,12.1,31.4,44.8,21.6,14.6,5.9
Asotin,WA,Washington,53003,34.6,12.2,37.3,12.3,27,73.2,14.6,16.8,20.8,30.2,11.5,10.2,5.8
Bates,MO,Missouri,29013,38.2,12.8,39.3,10.6,23.7,76.9,19.9,16.9,28.5,39.1,17.1,13.1,7.7
Gage,NE,Nebraska,31067,42.7,13.4,37.4,9.6,18.6,75.6,17.3,17.3,31.4,30.1,10.9,9.1,6.7
Hocking,OH,Ohio,39073,43.1,16.1,39.9,11.9,26.9,78.3,25.3,16.6,33.5,43.7,13.2,11.2,7.6
Johnson,TN,Tennessee,47091,39.5,16.9,44.2,11.4,29.6,77.9,23.6,14.1,33.0,38.2,17.1,12.2,10.2
Emery,UT,Utah,49015,34.5,12.2,33.6,12.0,26,71.0,12.2,11.8,22.3,36.9,12.4,10.5,8.6
Cassia,ID,Idaho,16031,38.0,10.7,32.8,10.6,22.6,71.7,13.5,16.0,27.3,34.1,17.1,14.1,11.4
Salt Lake,UT,Utah,49035,32.8,9.1,25.6,11.0,27.2,68.3,8.6,15.9,19.6,35.2,11.2,10.6,10.2
Otero,CO,Colorado,08089,31.1,14.5,33.6,11.8,23.7,69.9,19.3,15.4,29.7,34.5,,,14.7
Carroll,AR,Arkansas,05015,35.7,16.5,42.5,10.4,26,79.6,18.1,15.2,32.4,35.8,,,8.4
Shelby,AL,Alabama,01117,32.0,10.9,36.8,9.5,23.2,80.1,10.7,15.5,21.1,34.2,10.3,9.7,6.5
Elk,KS,Kansas,20049,42.1,17.5,44.4,11.3,20.2,79.0,20.5,14.2,34.5,37.0,13.9,11.1,7.7
Walsh,ND,North Dakota,38099,38.1,13.1,37.4,10.5,20.7,75.8,18.4,18.9,33.1,35.0,,,7.1
Santa Rosa,FL,Florida,12113,31.5,10.9,,9.6,21.1,76.4,14.8,18.4,24.0,39.6,11.9,10.7,9.7
Sonoma,CA,California,06097,28.2,10.3,29.7,10.2,21.2,72.7,10.0,18.5,18.3,32.8,10.5,10.2,5.0
Alamosa,CO,Colorado,08003,30.2,10.4,27.7,11.5,24.1,66.5,14.9,18.8,23.0,32.9,,,15.6
Washington,VA,Virginia,51191,36.8,14.3,41.1,10.5,26.2,80.2,16.9,16.8,26.7,34.6,,,5.3
Jerauld,SD,South Dakota,46073,36.1,12.4,37.6,9.3,16.8,79.5,15.7,17.6,26.4,29.3,,,5.4
Dodge,GA,Georgia,13091,44.4,15.0,43.7,10.7,20,77.7,16.9,13.4,30.1,38.2,24.6,18.4,11.6
Rockdale,GA,Georgia,13247,45.1,15.4,44.1,11.3,19.2,80.3,15.3,12.7,29.4,42.2,21.9,19.4,12.4
Jim Hogg,TX,Texas,48247,44.1,21.8,38.7,9.1,20,73.4,15.9,14.3,42.4,39.5,34.1,24.1,31.7
Bergen,NJ,New Jersey,34003,26.0,10.1,27.5,8.2,16.4,78.1,9.4,15.2,22.1,38.7,11.5,10.5,7.0
Marin,CA,California,06041,23.5,9.8,28.1,9.3,18.9,74.2,7.3,19.3,14.2,28.6,7.8,7.7,2.8
Ogle,IL,Illinois,17141,35.8,12.7,35.9,10.4,22.1,75.6,17.9,18.1,26.0,35.7,,,10.0
Newaygo,MI,Michigan,26123,39.2,12.3,36.9,11.4,25.7,77.8,17.6,16.7,27.3,32.4,13.2,10.8,5.7
Hamilton,TN,Tennessee,47065,33.0,13.3,35.7,11.0,29.4,77.6,17.3,16.9,26.5,36.9,11.8,10.6,8.5
Lauderdale,MS,Mississippi,28075,38.8,16.5,47.3,10.5,21.5,80.9,19.2,13.9,33.1,40.8,21.4,17.2,9.8
Harvey,KS,Kansas,20079,36.4,11.7,37.0,10.5,20.3,77.7,14.0,15.8,24.9,33.7,13.2,11.3,8.2
Chesterfield,SC,South Carolina,45025,39.8,15.2,44.9,10.5,20.6,81.1,18.4,14.6,28.6,38.9,20.7,17,10.5
Sanilac,MI,Michigan,26151,38.0,13.2,39.4,11.9,25.5,78.1,20.8,15.6,29.9,32.2,14.4,11.8,6.9
Rogers,OK,Oklahoma,40131,41.0,12.4,36.8,11.5,26.6,75.0,16.2,14.7,27.5,34.2,12.1,11.2,7.7
Crane,TX,Texas,48103,40.1,15.3,31.5,9.4,21.6,70.6,16.9,18.0,34.3,39.1,24.9,20.6,28.6
Erie,OH,Ohio,39043,36.7,13.9,37.8,10.6,24.5,81.3,15.1,18.5,26.7,35.2,11,9.8,4.7
Keith,NE,Nebraska,31101,36.7,13.6,39.8,9.0,15.9,75.7,14.9,16.7,29.3,27.9,10.9,8.7,5.7
Washington,ME,Maine,23029,37.9,13.1,40.4,12.9,25.5,81.5,18.1,15.7,29.7,38.4,14.8,12.4,5.9
Menifee,KY,Kentucky,21165,41.6,17.2,44.4,11.8,28.2,79.6,24.4,12.3,33.1,41.8,19.8,13.3,6.6
Lincoln,GA,Georgia,13181,37.5,15.7,46.8,10.6,20.5,80.2,16.0,13.1,28.8,37.1,18,14.5,9.2
Williamsburg,SC,South Carolina,45089,47.2,18.0,49.7,11.1,18.5,81.9,20.1,12.8,35.8,39.1,26.9,21.3,13.3
Harper,OK,Oklahoma,40059,43.3,14.8,40.6,11.1,25.9,76.4,15.6,13.6,32.2,36.9,17.3,14.1,9.7
McMullen,TX,Texas,48311,42.3,20.0,42.4,9.8,22.3,75.6,18.9,14.6,37.4,39.6,21.5,16.2,20.1
Muskogee,OK,Oklahoma,40101,44.3,14.6,44.0,12.8,28.1,74.3,17.9,13.2,33.5,39.6,20.1,16.5,8.8
St. Mary's,MD,Maryland,24037,35.5,11.9,35.4,11.0,21.9,75.6,13.3,17.5,23.0,37.5,11.6,11.4,7.3
Chouteau,MT,Montana,30015,34.3,11.4,35.9,11.3,23.9,73.1,16.9,20.6,26.1,33.9,12.6,11.1,6.6
Posey,IN,Indiana,18129,36.6,11.8,37.1,10.5,22.8,79.8,15.3,16.5,24.0,33.7,9.7,8.7,5.0
Hinsdale,CO,Colorado,08053,25.7,10.7,33.7,10.4,21.4,74.4,11.4,16.7,16.6,28.0,,,4.1
Taylor,FL,Florida,12123,42.9,15.2,,10.3,20.6,76.4,19.9,14.7,31.3,40.5,19.2,14.4,12.8
Dade,MO,Missouri,29057,44.4,15.5,43.4,11.2,24.7,78.5,22.9,15.4,33.4,38.7,17.2,12.9,8.0
Chautauqua,KS,Kansas,20019,39.7,15.6,44.1,11.0,19.9,78.5,18.3,14.4,29.9,34.9,15.7,11.9,8.0
Boone,NE,Nebraska,31011,34.5,12.0,35.7,9.3,17,74.5,14.0,17.9,26.7,28.2,11.1,9.2,7.0
Scott,VA,Virginia,51169,38.5,16.6,43.2,11.1,27.8,80.8,19.5,15.3,28.2,36.6,,,5.8
Stark,OH,Ohio,39151,38.1,13.3,39.0,10.7,23.3,78.1,16.5,16.8,24.2,34.6,12.2,11.2,4.5
Marion,OH,Ohio,39101,44.9,14.7,39.8,11.5,27.3,78.4,21.6,18.0,28.2,42.9,17.6,14.5,7.2
Hardin,IA,Iowa,19083,38.5,12.9,34.6,10.2,19,78.4,17.8,21.3,28.1,30.9,10.5,9.2,5.8
Stark,IL,Illinois,17175,37.2,12.6,37.3,10.2,21.9,77.3,17.1,18.2,24.4,35.8,,,7.1
Lincoln,OR,Oregon,41041,31.9,14.2,40.5,11.9,24.6,75.3,15.7,15.5,23.3,32.2,,,4.6
Hendry,FL,Florida,12051,38.4,15.6,,10.0,21.3,73.3,18.4,16.1,35.7,42.9,30.5,23.2,26.9
Alexander,NC,North Carolina,37003,33.9,12.1,37.2,10.1,23.8,77.2,15.9,17.0,24.3,33.1,13,11.9,8.7
Northumberland,PA,Pennsylvania,42097,37.9,12.5,38.0,10.7,25.2,79.2,19.2,18.1,27.9,39.2,,,6.4
Stark,ND,North Dakota,38089,38.8,9.4,30.2,10.4,21,70.6,15.8,23.9,25.6,31.8,,,6.6
Schoolcraft,MI,Michigan,26153,37.6,15.8,43.5,12.2,25.6,80.4,21.2,14.9,30.9,35.0,13.3,10.1,4.8
Newport,RI,Rhode Island,44005,26.5,9.7,35.3,10.7,19.3,84.7,10.2,18.3,19.2,27.4,7.5,7.4,3.7
Stephens,TX,Texas,48429,38.1,14.8,37.0,9.7,23.2,72.6,18.9,17.7,31.9,38.8,18.4,14.8,17.7
Honolulu,HI,Hawaii,15003,25.4,13.1,29.2,9.5,14.2,75.9,11.2,18.7,23.1,48.2,,,4.1
Morgan,TN,Tennessee,47129,40.6,15.8,41.4,11.8,31.9,75.9,24.8,15.0,32.9,41.0,17.1,12.3,11.9
Leflore,MS,Mississippi,28083,45.3,20.6,52.9,12.3,20.6,81.0,24.6,11.6,43.2,42.0,36.1,27.3,15.2
Leake,MS,Mississippi,28079,45.2,18.1,46.4,11.0,20.5,79.9,21.6,13.3,36.1,39.9,24.6,18.9,11.3
Alexandria,VA,Virginia,51510,30.1,10.2,29.7,9.1,20.9,77.6,9.2,18.1,16.0,34.3,,,4.9
Hardeman,TX,Texas,48197,36.8,15.3,38.0,10.3,23.4,74.6,17.2,16.5,29.8,36.7,17.4,14.3,15.5
Benson,ND,North Dakota,38005,41.5,15.1,38.7,13.1,23.1,74.8,25.2,18.9,32.6,39.9,,,7.1
Beaver,UT,Utah,49001,32.3,10.5,29.8,10.9,23.7,69.7,9.8,13.8,20.4,35.2,10,9.3,9.2
Ware,GA,Georgia,13299,39.2,14.8,44.2,11.4,22,77.1,20.4,13.1,32.3,37.9,24.8,19,14.8
McLean,ND,North Dakota,38055,35.9,11.3,37.9,10.3,18.5,76.5,14.4,19.4,23.7,30.4,,,4.4
Kodiak Island,AK,Alaska,02150,30.3,9.6,28.3,9.8,18.5,64.9,16.7,18.0,22.6,38.5,13.7,11.9,9.7
Henderson,KY,Kentucky,21101,40.2,13.4,40.4,10.8,26.2,80.1,16.3,13.4,26.3,41.0,17.1,12.5,4.9
Delaware,IN,Indiana,18035,37.2,12.4,34.8,12.3,30.4,78.0,19.7,16.5,28.4,38.7,14.6,11.6,6.9
Napa,CA,California,06055,28.4,11.6,30.7,10.0,21.5,71.5,12.6,18.2,24.2,31.7,13.6,12,8.0
St. James,LA,Louisiana,22093,43.9,16.4,44.9,10.8,24.8,82.1,18.7,16.5,30.9,43.1,,,6.9
Flathead,MT,Montana,30029,30.1,8.4,31.0,10.3,22.8,70.7,16.1,21.0,21.8,30.7,8.1,7.8,8.3
Stanley,SD,South Dakota,46117,33.4,10.2,32.3,9.2,17,77.4,15.6,19.7,23.2,28.9,,,5.1
East Feliciana,LA,Louisiana,22037,40.7,15.8,43.6,10.1,24.3,80.9,19.5,17.0,30.3,43.0,,,7.2
Buchanan,IA,Iowa,19019,41.0,11.7,32.0,9.7,18.9,77.9,15.8,24.6,24.6,34.7,8.8,8.5,4.2
Montezuma,CO,Colorado,08083,30.3,11.6,33.6,11.8,24.2,71.6,15.5,17.1,22.2,29.8,,,8.0
Allen,LA,Louisiana,22003,41.1,14.3,40.5,10.5,28,78.0,21.5,19.0,31.1,39.1,,,9.2
Caswell,NC,North Carolina,37033,35.8,15.9,42.9,10.5,22.2,78.9,18.1,15.1,28.1,35.1,17.8,15.3,9.7
Divide,ND,North Dakota,38023,36.8,12.9,38.6,10.3,19.6,77.2,15.4,19.2,27.3,30.4,,,4.2
Carter,OK,Oklahoma,40019,40.4,13.8,41.2,12.3,27.9,74.5,18.4,13.8,32.8,38.4,16.4,14,9.0
Galax,VA,Virginia,51640,41.0,16.2,39.3,11.6,27,78.8,20.3,15.6,31.2,37.1,,,10.0
Tuscarawas,OH,Ohio,39157,43.7,15.0,38.9,11.6,25,79.2,22.7,17.4,32.2,40.5,13.5,11.3,7.0
Deschutes,OR,Oregon,41017,27.2,10.1,29.7,10.6,23.5,74.6,10.9,18.5,14.6,24.8,,,4.0
Carbon,PA,Pennsylvania,42025,34.7,12.4,35.9,10.5,23.2,79.2,17.6,17.7,26.1,37.6,,,5.3
Lincoln,AR,Arkansas,05079,39.5,15.1,41.2,10.8,25,76.1,23.2,17.3,36.3,42.6,,,12.9
Charles Mix,SD,South Dakota,46023,37.7,12.8,37.2,10.4,17.9,78.4,18.9,17.6,26.8,31.9,,,6.0
Saguache,CO,Colorado,08109,30.6,14.4,34.8,11.3,22.7,72.3,17.1,14.8,26.6,32.1,,,11.9
Kanabec,MN,Minnesota,27065,37.8,12.0,35.4,10.3,24.7,71.7,18.3,20.0,25.0,31.7,12.7,11.1,5.7
Barren,KY,Kentucky,21009,40.6,14.7,43.4,11.3,27.4,79.7,18.3,13.2,29.0,41.2,19.3,13.8,4.5
McKean,PA,Pennsylvania,42083,35.9,11.8,36.3,10.7,23.9,79.6,16.0,17.9,24.3,36.0,,,4.7
Edwards,IL,Illinois,17047,37.0,12.6,38.2,10.2,21.9,77.8,15.8,18.0,23.5,34.6,,,6.2
Roosevelt,MT,Montana,30085,40.3,13.4,35.3,14.4,27.2,70.7,28.1,20.1,30.3,42.1,28.7,21.9,11.8
Morgan,OH,Ohio,39115,42.0,15.4,42.5,11.4,26.1,80.3,18.2,16.7,28.2,39.2,17.1,13.3,5.4
Edmunds,SD,South Dakota,46045,34.9,10.6,34.1,9.4,17.7,78.0,15.4,18.5,22.5,29.0,,,5.4
Montgomery,IN,Indiana,18107,42.2,13.6,36.2,11.3,25.1,77.2,20.5,16.5,30.9,39.4,14.6,11.5,6.5
Crawford,MO,Missouri,29055,38.8,14.2,41.1,11.1,24.9,76.0,24.4,17.0,32.4,39.4,14.8,12,10.6
Strafford,NH,New Hampshire,33017,31.8,9.8,29.9,11.6,26.5,74.2,13.7,17.3,21.0,30.8,9.3,8.7,5.7
Sullivan,PA,Pennsylvania,42113,36.8,14.9,41.1,11.3,24.1,80.1,21.1,15.7,30.3,38.3,,,6.2
Van Buren,TN,Tennessee,47175,39.4,17.0,45.7,11.7,30.4,78.4,22.9,13.5,33.1,38.8,17.2,12.2,10.4
Martin,TX,Texas,48317,39.1,13.7,31.7,9.8,23.2,70.4,17.1,18.7,30.8,38.9,18.6,16.2,24.3
Franklin,GA,Georgia,13119,36.2,13.4,40.2,11.1,24.5,75.5,18.2,14.9,30.2,36.4,18.9,14.8,14.1
South Central Connecticut,CT,Connecticut,09170,31.3,10.8,31.8,12.4,23.3,77.2,12.2,17.8,26.5,37.2,15.5,14.1,9.5
Pierce,NE,Nebraska,31139,41.1,10.8,35.5,9.2,17.6,74.7,14.2,19.2,25.9,28.6,10.3,8.7,6.2
Luce,MI,Michigan,26095,38.8,14.5,41.4,11.5,24.1,79.3,19.8,15.5,30.3,35.0,15.2,11.6,4.7
Ste. Genevieve,MO,Missouri,29186,37.0,13.1,37.2,10.5,23.4,75.9,20.8,18.2,28.6,37.5,13.6,11.5,8.1
Northampton,NC,North Carolina,37131,40.3,20.0,49.1,10.9,19.7,82.9,17.9,11.8,31.5,38.1,23.2,18.9,8.4
Dawes,NE,Nebraska,31045,36.6,10.4,29.6,9.8,17.9,71.1,12.9,20.0,24.0,32.7,11.4,9.2,6.6
Ellis,OK,Oklahoma,40045,40.9,14.7,42.9,11.4,26.1,77.0,17.1,13.2,33.0,34.8,13.5,11.2,7.2
Bandera,TX,Texas,48019,35.9,15.9,42.3,9.4,21.5,77.8,15.2,15.8,27.2,35.9,14.4,11.5,10.7
Butler,PA,Pennsylvania,42019,32.3,9.7,31.9,10.0,22.2,80.0,12.2,19.7,19.1,36.1,,,3.5
DeKalb,GA,Georgia,13089,33.8,12.6,37.0,10.6,19.2,75.9,13.3,15.2,21.6,37.0,18.4,16.5,11.3
Harrison,IA,Iowa,19085,40.1,12.8,34.6,10.3,19.2,77.1,19.5,21.0,29.6,33.4,9.4,8.6,6.6
Carroll,GA,Georgia,13045,36.3,11.4,36.1,10.2,22.4,75.5,14.3,16.4,25.1,33.9,17.1,14.8,10.5
Jefferson,AL,Alabama,01073,39.5,14.3,41.8,10.5,23,81.6,14.6,13.9,27.1,37.6,16.8,15.5,8.3
Reno,KS,Kansas,20155,37.3,13.0,39.3,11.0,20.6,75.8,17.4,15.0,25.2,38.4,11.7,11,9.1
Skagit,WA,Washington,53057,36.3,10.5,33.2,11.3,27.9,69.9,11.1,16.5,18.7,30.5,11.2,10.8,5.9
Reeves,TX,Texas,48389,42.1,17.1,33.7,9.3,21.3,69.8,17.8,18.4,37.3,40.9,30.2,23.8,32.3
Miami,KS,Kansas,20121,35.7,11.0,34.1,10.2,19,77.5,13.4,18.5,21.2,32.5,9.4,8.9,5.6
Rowan,KY,Kentucky,21205,38.8,12.9,34.3,11.7,30.2,77.7,18.5,15.1,28.6,40.0,16.2,11.6,5.4
Polk,AR,Arkansas,05113,36.6,16.3,42.2,10.9,28,78.8,20.6,14.7,34.5,37.3,,,7.7
Howard,IA,Iowa,19089,37.6,12.6,33.0,9.8,18.4,78.5,17.2,20.9,28.1,32.0,9.9,8.8,4.9
Dolores,CO,Colorado,08033,27.1,10.3,32.1,10.6,22.1,71.1,14.9,18.1,19.3,30.5,,,7.0
Morehouse,LA,Louisiana,22067,44.2,19.1,49.4,12.0,26.7,81.4,24.5,14.7,39.3,44.5,,,9.8
Dickens,TX,Texas,48125,37.0,16.8,42.6,9.8,22.5,76.7,15.8,14.9,29.9,35.9,16.6,13,14.8
Jefferson,AR,Arkansas,05069,43.7,17.3,48.8,11.8,24.8,81.5,22.2,13.9,35.4,45.0,,,10.6
Norfolk,MA,Massachusetts,25021,27.1,9.1,27.7,11.3,21.2,79.8,10.3,19.1,19.0,32.9,6.9,7,2.9
Marion,OR,Oregon,41047,39.1,12.3,33.8,12.1,26.3,69.5,16.2,17.3,24.9,34.2,,,8.4
Huerfano,CO,Colorado,08055,28.5,13.9,36.4,11.0,21.7,73.0,14.7,14.9,24.5,30.4,,,9.3
Geneva,AL,Alabama,01061,38.6,15.9,43.4,10.5,26.8,80.0,17.6,13.9,32.3,40.2,16.2,12.7,8.1
Madison,MO,Missouri,29123,37.7,12.5,37.5,10.5,23.5,76.1,21.2,17.6,29.7,37.3,14,11.5,9.0
Wadena,MN,Minnesota,27159,42.6,12.4,36.9,10.5,25.9,72.7,17.7,19.2,25.1,29.9,10.9,9.8,6.5
Morgan,AL,Alabama,01103,38.7,15.3,42.2,10.3,25.9,78.3,17.3,14.6,31.0,38.7,16.6,13.3,9.6
Liberty,MT,Montana,30051,37.0,13.3,38.1,12.6,26.3,72.1,24.3,17.4,33.0,35.8,15.8,12.4,10.0
Delaware,IA,Iowa,19055,40.1,11.6,32.5,9.4,17.4,79.5,14.4,21.4,24.5,29.9,9.3,8.5,4.1
White,TN,Tennessee,47185,39.7,15.6,42.9,12.0,32.3,77.2,24.1,13.9,32.7,37.8,17.2,12.9,10.8
Racine,WI,Wisconsin,55101,39.7,12.0,32.0,11.6,22.5,77.3,17.7,21.2,25.0,36.0,11.6,11,7.3
Warren,MO,Missouri,29219,37.6,12.0,35.4,10.5,23.8,75.0,19.9,18.9,26.3,36.7,13,11.3,8.0
Renville,MN,Minnesota,27129,38.1,12.6,34.2,10.4,24.4,73.0,17.5,19.0,25.0,29.6,10.9,9.6,6.2
Franklin,TX,Texas,48159,34.0,12.6,37.0,9.2,21.9,75.7,12.9,18.1,22.6,34.2,13.7,11.8,10.1
Virginia Beach,VA,Virginia,51810,33.1,12.2,30.0,9.5,23.2,79.7,11.6,18.7,18.8,37.0,,,4.8
Burke,GA,Georgia,13033,45.0,15.8,45.2,11.3,20.9,78.8,18.5,13.0,31.1,41.5,25.3,20,12.5
Schenectady,NY,New York,36093,34.0,10.2,33.2,10.7,20.1,80.0,12.9,18.8,22.2,38.6,,,4.5
Lamoille,VT,Vermont,50015,25.5,8.2,27.9,12.3,25.6,72.8,13.7,18.4,19.5,29.9,9.3,9.2,5.5
Smith,TX,Texas,48423,39.2,13.8,37.4,10.5,23.3,74.7,16.7,17.6,28.0,39.1,17.5,15.3,14.6
Marshall,IA,Iowa,19127,40.2,12.4,32.2,9.6,18.4,77.2,16.3,20.6,27.9,33.9,11.9,10.5,7.9
Butte,CA,California,06007,30.2,10.6,30.7,10.7,24.7,70.6,13.1,19.2,22.7,32.5,12.8,10.9,5.6
Golden Valley,ND,North Dakota,38033,40.9,12.9,37.2,10.6,20.6,77.1,15.5,17.7,27.0,32.2,,,4.8
Presque Isle,MI,Michigan,26141,35.6,14.5,43.7,11.2,23.9,81.1,17.6,14.4,28.0,32.9,12.3,9.3,4.7
Watauga,NC,North Carolina,37189,29.8,9.2,28.4,9.9,26,75.3,11.7,19.7,19.6,29.9,15.4,12.1,7.4
Hickory,MO,Missouri,29085,43.1,17.6,46.5,11.3,23.8,80.0,23.4,13.1,35.8,37.5,16.4,11.8,8.1
Washington,AR,Arkansas,05143,32.3,11.3,31.6,10.8,26.8,72.4,16.5,19.5,27.8,34.7,,,10.4
Covington,AL,Alabama,01039,43.8,14.6,42.0,10.4,26.3,79.8,16.9,13.3,28.7,34.5,15.6,13.2,8.2
Clay,NE,Nebraska,31035,44.0,12.4,36.9,9.4,17.2,74.2,16.6,19.1,28.8,29.9,12.6,10.3,7.6
Coffee,GA,Georgia,13069,41.3,14.7,43.2,11.0,21.4,75.8,20.4,15.0,34.0,36.2,23,18.1,15.5
Lincoln,WY,Wyoming,56023,32.0,10.4,31.8,10.1,20.9,68.2,14.3,16.8,20.6,31.1,9,8.7,7.6
Cheboygan,MI,Michigan,26031,37.1,13.9,41.5,11.5,25.5,80.7,17.2,16.0,27.4,32.3,11.3,9.6,3.9
Whitley,IN,Indiana,18183,34.7,11.8,35.4,10.7,24.2,78.0,17.5,15.9,27.0,35.2,10.1,9.1,5.4
Auglaize,OH,Ohio,39011,42.5,12.5,35.2,10.5,24,78.7,17.9,18.5,24.3,37.3,11.2,10.4,5.5
Polk,IA,Iowa,19153,39.0,10.5,29.3,10.1,20.5,74.2,17.7,22.3,24.5,35.0,8.5,8.8,7.6
Lincoln,NV,Nevada,32017,31.7,12.2,36.3,11.0,21.3,72.1,18.8,18.4,27.4,36.8,12.8,11.4,9.0
Wilbarger,TX,Texas,48487,41.0,17.2,39.6,10.6,24.2,74.3,19.7,15.7,34.7,39.5,25.9,19.7,19.2
Plymouth,IA,Iowa,19149,37.0,11.1,32.1,9.6,18.8,78.1,15.8,22.6,25.6,31.2,9.2,8.6,5.6
Webster,MS,Mississippi,28155,40.0,14.4,44.2,10.2,22,77.6,19.0,15.1,31.4,35.0,16.7,13.4,11.0
Pinellas,FL,Florida,12103,31.9,12.6,,9.7,22,76.8,15.0,15.6,25.6,36.0,11.7,10.2,9.8
Calhoun,IL,Illinois,17013,34.7,12.2,37.0,9.3,19.6,78.4,14.0,17.9,22.3,33.1,,,5.6
Dodge,WI,Wisconsin,55027,40.7,11.8,31.5,10.7,24.2,74.7,19.2,21.1,26.4,36.0,10.7,9.7,6.2
Jasper,IN,Indiana,18073,38.3,12.0,34.6,10.7,24.5,78.4,17.0,16.4,27.0,39.0,10.9,9.8,6.1
Butte,ID,Idaho,16023,35.6,14.6,41.1,11.4,23.2,76.5,15.9,12.9,28.8,33.0,14.4,11.3,6.9
Hopkins,TX,Texas,48223,37.2,13.8,37.8,10.1,23.8,74.3,16.1,17.3,26.9,36.8,17.5,14.1,14.6
Lincoln,WV,West Virginia,54043,45.1,18.6,46.5,13.0,30.7,80.4,26.5,13.6,37.5,43.5,18.9,14.7,7.4
Teller,CO,Colorado,08119,27.6,9.9,29.8,10.7,21.9,73.1,11.9,17.5,17.6,31.2,,,5.8
Jones,MS,Mississippi,28067,43.0,14.9,45.1,10.0,20.3,79.6,16.1,14.3,30.6,31.1,18,14.3,8.8
Nassau,NY,New York,36059,27.0,10.9,28.9,8.9,16,81.1,9.5,18.4,20.9,40.8,,,4.6
Merced,CA,California,06047,34.0,13.3,30.1,11.1,23.5,66.9,17.4,17.7,30.5,38.7,24.3,19.7,17.2
Travis,TX,Texas,48453,29.6,10.8,25.8,9.5,22.3,69.0,12.4,22.2,20.9,32.3,13.2,12.3,14.8
Summit,UT,Utah,49043,23.7,9.0,25.4,10.4,22,71.2,7.2,14.5,16.1,25.5,7.7,7.6,5.8
Brevard,FL,Florida,12009,32.2,12.6,,9.5,20.3,78.5,13.1,16.3,24.1,33.4,10.1,8.7,9.0
Pima,AZ,Arizona,04019,31.5,11.7,31.4,10.2,24.1,71.6,12.8,15.9,25.3,37.0,14.6,13.8,11.2
Trinity,CA,California,06105,32.5,14.6,40.3,10.8,22.9,75.4,15.6,15.3,25.1,33.0,13.9,11.2,4.4
Ventura,CA,California,06111,28.9,11.5,30.9,9.8,21.1,70.0,10.5,19.1,21.6,33.5,15.6,14.3,7.8
Blount,AL,Alabama,01009,37.3,14.0,40.5,10.5,26.8,77.7,19.1,15.2,31.0,36.5,16.5,13.2,10.8
Pitkin,CO,Colorado,08097,21.1,7.5,25.0,9.8,20.4,71.5,8.5,20.2,12.9,24.8,,,5.0
Stephens,OK,Oklahoma,40137,42.2,14.2,43.8,12.2,27.7,75.8,17.5,13.4,33.7,33.7,13.9,11.7,8.6
Conway,AR,Arkansas,05029,41.5,16.8,45.1,11.4,27.5,78.4,23.3,14.6,36.9,39.5,,,9.9
Lincoln,SD,South Dakota,46083,32.7,7.8,27.9,8.8,16.5,79.4,10.1,21.7,17.4,26.6,,,3.7
Ford,KS,Kansas,20057,38.1,14.1,35.0,10.7,19.3,71.9,17.4,16.6,33.7,37.8,15.2,13.7,23.6
Buena Vista,IA,Iowa,19021,40.3,12.4,29.8,9.3,16.1,76.7,15.3,18.8,28.9,33.7,14.8,12,9.6
Wilson,NC,North Carolina,37195,38.9,16.4,42.0,11.1,22.6,79.4,19.8,13.4,30.8,36.7,23.4,19.8,12.5
Fulton,AR,Arkansas,05049,38.8,19.1,49.0,11.8,28.8,79.5,25.1,13.3,41.4,39.1,,,8.4
Mille Lacs,MN,Minnesota,27095,43.0,12.1,33.2,10.7,26.8,70.4,19.4,20.7,25.4,33.8,10.5,9.9,5.9
Wayne,MI,Michigan,26163,36.7,13.1,39.6,12.5,23.3,79.1,18.4,16.8,25.2,41.3,19.4,17,7.0
Gilchrist,FL,Florida,12041,36.8,13.0,,10.3,22.8,75.0,18.8,16.8,29.3,38.3,16.2,12.5,11.9
Otero,NM,New Mexico,35035,37.7,12.0,32.9,11.4,22.7,68.3,17.8,16.3,26.7,34.3,19.5,16.2,10.6
Buchanan,MO,Missouri,29021,39.9,12.6,36.3,11.0,22.4,76.9,19.6,16.5,26.9,39.0,15.1,12.7,9.2
Antelope,NE,Nebraska,31003,39.7,11.9,39.2,9.0,16.6,75.5,13.6,17.9,26.2,28.3,8.9,7.4,6.1
Dillon,SC,South Carolina,45033,42.1,19.4,47.7,12.4,23.6,79.3,27.4,12.9,39.7,39.9,28.7,22.4,17.7
Okfuskee,OK,Oklahoma,40107,44.7,17.2,45.1,13.0,28,75.5,23.7,13.2,38.8,38.8,23.2,18.1,11.1
Quitman,GA,Georgia,13239,43.3,20.9,53.0,11.3,19.5,82.1,18.2,10.5,34.9,39.4,23.4,17.6,10.6
Garfield,CO,Colorado,08045,26.9,8.4,27.1,10.8,23.7,67.6,12.7,21.0,18.8,26.6,,,11.0
Levy,FL,Florida,12075,38.6,14.2,,10.3,21.3,76.2,18.2,14.5,31.6,39.8,20.4,14.9,11.0
Juneau,AK,Alaska,02110,33.4,8.7,29.6,9.8,19.2,67.1,15.0,20.2,21.0,32.6,10.1,10,7.3
Cerro Gordo,IA,Iowa,19033,38.1,12.8,33.8,9.7,18.8,78.5,15.9,19.3,28.3,30.7,10.2,9,5.4
El Dorado,CA,California,06017,24.7,10.3,31.3,9.8,22.3,74.4,9.8,19.1,16.1,32.1,9.3,8.9,3.9
Terrell,TX,Texas,48443,35.2,17.2,45.5,8.1,17.8,78.0,10.6,15.3,27.4,34.3,12.2,10.5,13.4
Early,GA,Georgia,13099,44.6,17.2,48.2,11.6,20.1,79.6,19.9,12.1,34.9,42.5,24.2,19.2,13.3
Dodge,MN,Minnesota,27039,38.0,9.2,31.1,9.7,24.3,70.2,12.6,22.5,18.9,29.8,7.8,8.6,4.3
Grant,NE,Nebraska,31075,37.0,11.8,38.9,8.8,16.4,75.2,11.9,18.0,23.8,29.3,9,7.3,4.6
Fulton,OH,Ohio,39051,42.6,14.3,36.3,11.1,26,78.1,21.2,17.5,31.4,36.7,9.4,9.1,7.1
Concho,TX,Texas,48095,38.9,19.1,42.0,10.4,22.5,74.6,19.5,15.1,35.6,39.3,21.4,16.5,21.4
Ozark,MO,Missouri,29153,44.1,17.7,46.5,11.5,24.8,78.5,26.9,13.9,38.0,38.7,17.2,12.4,11.0
Oldham,TX,Texas,48359,37.5,13.6,35.0,10.1,24.5,74.4,16.8,17.8,27.0,37.2,17.2,14.7,13.3
Vernon,LA,Louisiana,22115,38.6,12.0,32.9,10.3,28.6,77.3,18.5,19.9,28.9,41.9,,,9.3
Butler,KS,Kansas,20015,40.2,11.0,35.4,10.4,20,77.0,15.4,18.9,24.1,36.7,9.7,9.3,7.2
Lanier,GA,Georgia,13173,41.2,16.0,43.3,11.5,23.1,76.1,21.3,14.0,34.3,39.2,26.5,20.1,15.1
Carroll,MS,Mississippi,28015,41.7,19.1,50.0,10.7,20.8,79.1,22.4,12.2,38.5,37.4,23.6,17.1,12.5
Ripley,IN,Indiana,18137,37.5,12.6,37.2,11.2,25,77.9,18.7,16.7,28.5,37.6,11.3,9.7,5.8
Potter,SD,South Dakota,46107,33.9,11.6,36.1,9.1,16.5,79.7,14.6,17.3,24.2,27.7,,,4.5
Larue,KY,Kentucky,21123,42.6,15.3,39.7,12.0,29.3,77.5,23.6,12.9,32.6,43.5,17.7,13.2,7.5
Morris,NJ,New Jersey,34027,26.1,8.9,29.9,8.5,16,76.8,8.9,17.1,17.8,33.4,9.4,8.8,5.2
Montgomery,IL,Illinois,17135,36.2,12.5,37.2,9.8,21.1,75.9,18.1,18.6,26.1,34.8,,,9.0
Bennett,SD,South Dakota,46007,42.2,13.6,37.2,11.9,18.5,77.4,26.0,17.6,27.9,31.3,,,8.8
Hood River,OR,Oregon,41027,30.7,10.7,30.5,10.5,23.7,71.9,12.9,18.4,19.6,29.2,,,7.5
Gallatin,KY,Kentucky,21077,40.8,13.7,39.0,11.2,27.9,78.2,20.1,14.4,28.5,44.6,20.6,14.7,5.7
Columbia,WA,Washington,53013,37.6,11.9,37.6,11.9,25.5,73.6,12.6,15.0,21.8,28.4,9.4,8.9,5.2
Midland,MI,Michigan,26111,31.1,10.3,33.3,10.7,22.6,77.3,14.8,18.1,22.6,29.6,8.3,8.1,4.6
Lancaster,NE,Nebraska,31109,32.0,9.5,29.8,9.2,18.5,72.7,12.9,19.7,21.2,29.6,11.3,9.6,6.6
Bleckley,GA,Georgia,13023,41.2,13.1,41.1,10.8,22,77.5,15.5,14.7,27.5,38.7,16.4,13.6,10.6
Baltimore,MD,Maryland,24005,32.9,12.4,35.7,11.3,20.4,78.8,12.2,14.7,22.8,36.2,13.7,13.1,5.8
Westmoreland,VA,Virginia,51193,41.6,18.6,43.9,11.0,23.9,81.3,18.3,14.4,30.5,38.1,,,6.7
Lorain,OH,Ohio,39093,39.5,14.1,38.2,11.0,27.6,79.6,18.7,18.1,29.5,38.9,12,10.7,6.3
Rains,TX,Texas,48379,37.7,15.4,40.4,10.0,24.1,76.5,17.0,16.7,27.9,37.2,11.8,9.8,10.1
Yates,NY,New York,36123,35.0,12.0,36.0,11.1,22.7,79.0,17.2,18.2,28.4,36.6,,,5.1
Pleasants,WV,West Virginia,54073,41.7,15.1,41.0,12.0,27.4,79.9,21.4,16.5,33.4,42.6,10.8,10.2,6.5
Grundy,IA,Iowa,19075,38.6,11.1,32.5,9.4,18.3,79.0,15.1,22.5,24.0,31.7,8.5,8.2,4.2
Osborne,KS,Kansas,20141,37.8,13.7,41.3,10.4,18.8,79.1,15.3,15.2,25.5,31.4,10.2,8.7,5.8
Jackson,IL,Illinois,17077,36.1,11.9,32.5,10.7,22.9,75.8,16.5,17.9,26.5,38.1,,,8.2
Rich,UT,Utah,49033,32.4,11.2,33.5,11.0,24.9,72.5,9.7,11.8,19.7,33.0,10.4,9.3,7.5
Tishomingo,MS,Mississippi,28141,39.9,14.5,43.8,10.1,23.3,78.3,18.7,14.8,32.0,34.8,16.9,12.3,9.9
Hale,TX,Texas,48189,42.0,16.1,34.9,9.9,23,71.0,18.4,17.1,35.6,41.0,25.2,20.2,28.6
Union,GA,Georgia,13291,36.9,15.5,45.8,10.3,21.5,79.9,16.4,12.6,28.6,34.4,10.2,8.2,9.4
Logan,KY,Kentucky,21141,40.4,14.8,42.6,11.2,25.8,79.3,17.9,13.4,28.7,39.3,14.9,11,4.8
Traill,ND,North Dakota,38097,37.1,10.4,33.6,10.3,20,75.0,14.4,21.1,23.4,31.4,,,5.0
Williamson,IL,Illinois,17199,38.4,12.3,35.5,10.2,22,76.8,18.0,17.9,25.6,37.2,,,7.9
Floyd,IN,Indiana,18043,36.7,12.5,36.0,10.9,24.4,78.3,17.9,16.2,27.1,37.6,11.6,9.6,6.3
Greenville,SC,South Carolina,45045,30.2,10.1,35.0,9.1,22.1,78.4,11.0,17.5,20.7,32.1,11.1,10.5,8.8
Lee,TX,Texas,48287,38.9,15.9,40.4,10.3,23.7,74.7,17.7,16.8,30.4,39.6,18.7,15.4,16.5
St. Mary,LA,Louisiana,22101,44.6,18.4,44.1,11.4,26.7,80.5,24.4,15.9,36.7,43.2,,,10.3
Wetzel,WV,West Virginia,54103,37.1,16.8,45.3,12.6,28.2,81.3,21.3,15.3,33.3,44.6,12.6,10.4,5.6
Nemaha,KS,Kansas,20131,33.3,10.8,35.7,10.1,18.8,76.1,15.2,17.1,23.7,31.6,10.5,9.2,7.6
Morton,ND,North Dakota,38059,35.9,10.3,32.8,10.7,22.6,73.8,15.3,22.1,23.9,33.7,,,5.2
Franklin,IL,Illinois,17055,39.7,14.1,38.4,10.6,22.8,76.9,20.1,17.6,29.2,38.4,,,8.6
Itasca,MN,Minnesota,27061,34.4,11.7,37.2,10.3,24.2,74.6,15.0,19.5,20.4,27.1,9.3,8.6,4.0
Darke,OH,Ohio,39037,39.9,14.6,39.9,11.1,25.2,79.1,20.1,18.3,28.1,33.7,15.6,12.2,6.2
Dawson,MT,Montana,30021,35.4,9.4,32.6,11.0,22.4,69.8,16.4,20.4,23.7,33.2,7.9,8,8.0
Wrangell,AK,Alaska,02275,33.8,12.5,38.7,10.7,19,70.3,17.9,15.9,25.2,34.0,13.6,11,7.3
Jones,TX,Texas,48253,42.4,14.7,35.9,9.6,22.3,70.6,20.8,19.3,32.8,41.5,26.2,21,22.1
Daggett,UT,Utah,49009,34.0,13.6,36.5,11.0,23.5,74.6,10.3,11.3,21.0,33.3,11.3,9.5,6.8
Benton,IA,Iowa,19011,42.1,12.3,34.0,10.2,20.2,79.0,16.7,22.5,28.2,33.8,6.9,6.7,4.9
Logan,CO,Colorado,08075,29.3,10.4,31.1,11.2,23.6,67.5,17.1,19.6,22.7,33.7,,,10.2
Winneshiek,IA,Iowa,19191,34.8,10.1,31.5,9.0,17,78.1,11.6,22.3,22.0,26.8,5.8,5.5,3.7
Thurston,NE,Nebraska,31173,47.7,14.7,33.9,11.8,18.8,73.3,22.9,18.7,31.4,35.6,23.3,17.4,10.4
Brown,TX,Texas,48049,37.9,14.5,37.8,10.0,23.6,74.5,16.0,17.4,29.1,37.8,17.2,14.1,14.3
Harper,KS,Kansas,20077,42.0,16.1,42.1,11.3,20.2,77.1,22.0,15.2,33.4,35.1,12.6,10.5,10.0
Chattooga,GA,Georgia,13055,38.9,14.3,42.9,11.1,24,75.5,20.2,14.4,33.2,36.9,19.4,14.6,15.1
Powell,KY,Kentucky,21197,40.2,14.0,39.1,11.5,28.6,78.2,20.6,13.4,28.8,39.4,18.2,12.8,6.8
Granville,NC,North Carolina,37077,37.9,14.3,40.3,10.3,22,77.9,17.1,15.9,25.5,36.0,18.5,16.7,9.9
Barrow,GA,Georgia,13013,40.1,11.4,34.6,10.2,22.1,74.0,14.4,16.0,24.9,37.8,15.5,13.6,12.5
Newberry,SC,South Carolina,45071,38.3,14.8,39.1,10.1,21.1,81.2,16.4,16.2,29.5,35.7,17.1,14,9.7
Jackson,IA,Iowa,19097,41.9,13.1,34.0,10.1,18.8,78.2,17.8,19.6,30.1,34.6,11,9.5,5.2
Hancock,IN,Indiana,18059,36.2,11.3,33.1,11.0,24,78.8,16.7,16.1,25.4,34.3,8.9,8.3,5.7
Knox,IN,Indiana,18083,37.5,12.6,35.9,10.9,24.7,78.6,17.8,16.2,27.6,33.2,14.3,11,5.8
Alpena,MI,Michigan,26007,38.5,13.1,39.0,11.4,25.1,79.5,18.8,16.2,27.2,33.1,12.8,10.3,5.3
Roane,TN,Tennessee,47145,39.7,15.1,40.3,11.3,29.6,78.3,18.9,14.6,29.6,38.3,15.1,11.1,7.7
Wallowa,OR,Oregon,41063,30.1,11.8,37.4,10.8,23.9,75.4,12.9,15.8,19.3,29.6,,,3.6
Trego,KS,Kansas,20195,36.2,13.3,39.0,10.1,18.3,78.7,15.4,16.3,24.3,34.5,7.6,7.4,5.6
Warren,OH,Ohio,39165,34.8,11.5,31.9,9.9,22.2,79.8,13.9,18.7,21.9,34.9,7.2,6.9,4.6
Grant,OK,Oklahoma,40053,44.5,15.6,42.9,12.3,27.5,75.6,20.5,13.3,38.0,36.3,13.1,11.2,9.8
Caledonia,VT,Vermont,50005,29.5,10.4,32.3,12.3,27.8,75.7,16.6,17.6,21.8,34.5,10.1,9.3,5.2
Lac qui Parle,MN,Minnesota,27073,34.5,12.7,35.9,10.1,23.3,74.5,14.5,19.0,24.6,28.7,9.2,8.6,4.5
Schleicher,TX,Texas,48413,39.1,17.1,36.1,9.6,22,74.0,16.1,16.0,33.1,38.1,19.1,16.1,23.4
Houston,GA,Georgia,13153,39.1,11.3,37.0,10.1,21,77.5,13.7,15.0,26.2,44.2,15.5,14.3,10.5
Goshen,WY,Wyoming,56015,33.8,10.9,34.7,10.4,19.8,70.7,13.6,17.0,23.6,30.5,9.2,8.5,8.4
Valencia,NM,New Mexico,35061,35.1,13.5,34.9,10.3,21.4,67.7,15.1,15.9,25.7,34.4,22.9,18.6,11.0
Surry,NC,North Carolina,37171,35.5,14.2,38.7,10.5,25.9,77.1,18.4,15.7,27.8,32.7,15.5,13.5,10.9
Collier,FL,Florida,12021,25.9,13.5,,8.9,16.8,79.3,11.5,13.0,25.3,29.9,13.5,10.8,11.3
Concordia,LA,Louisiana,22029,41.5,18.1,47.6,11.4,27.7,81.0,23.4,15.0,37.9,42.3,,,9.3
Monroe,WV,West Virginia,54063,40.6,17.3,45.8,12.0,26.6,81.9,20.9,14.1,33.5,40.3,12.8,10.8,5.9
Torrance,NM,New Mexico,35057,34.5,15.4,37.6,11.3,22.5,68.5,19.4,13.9,30.5,34.4,21.8,16.8,11.3
Gratiot,MI,Michigan,26057,34.6,10.5,34.4,10.8,23,77.6,15.0,19.5,21.8,31.9,14.5,12.5,4.7
Garfield,WA,Washington,53023,37.0,12.8,39.8,11.7,25.5,72.9,13.1,15.7,23.7,31.2,8.7,8.3,4.7
Anderson,TN,Tennessee,47001,38.9,14.3,41.0,11.1,30.5,77.6,17.7,14.5,27.5,36.5,15,11.8,7.5
Iron,MI,Michigan,26071,37.6,14.9,44.1,11.6,24.3,80.8,18.5,15.4,28.7,33.2,11.5,9.4,4.6
Gem,ID,Idaho,16045,31.4,11.4,35.7,10.8,22.3,74.6,13.1,15.1,23.2,31.5,11.9,10,6.3
Plaquemines,LA,Louisiana,22075,40.1,14.1,39.1,10.2,26.5,78.8,20.1,17.6,29.5,39.4,,,8.9
Crawford,GA,Georgia,13079,41.7,15.4,43.5,10.7,21.7,77.8,18.9,14.9,30.6,36.9,16.8,14.1,11.5
Chippewa,WI,Wisconsin,55017,40.2,10.4,33.9,10.6,21.9,74.6,15.9,23.4,22.6,32.7,8.1,7.7,4.6
Utah,UT,Utah,49049,28.7,6.7,20.8,10.4,24.9,66.0,5.3,10.6,12.4,31.3,11.5,10.9,6.5
Jackson,MO,Missouri,29095,38.7,11.7,36.4,10.6,22.7,75.2,15.4,19.4,22.0,34.2,14.7,13.1,8.1
Muscatine,IA,Iowa,19139,37.6,12.3,31.3,9.7,19,78.5,15.9,23.2,26.3,33.5,12.4,11.1,6.9
Dickenson,VA,Virginia,51051,42.5,16.0,44.1,11.0,26.8,80.5,20.2,15.5,29.7,37.2,,,6.7
Fisher,TX,Texas,48151,37.4,16.7,39.1,9.8,22.4,75.3,16.9,16.2,31.6,36.7,15.8,13.1,14.5
Roanoke,VA,Virginia,51161,34.3,12.2,37.1,9.8,23.8,79.9,13.1,16.9,22.0,31.3,,,5.2
St. Louis,MN,Minnesota,27137,35.9,11.0,31.7,10.4,26.7,71.9,15.9,21.6,21.3,33.2,11.4,10.6,5.2
Montgomery,VA,Virginia,51121,31.8,9.8,26.4,10.4,25.1,77.4,12.6,18.6,19.3,31.9,,,5.3
Macon,TN,Tennessee,47111,40.6,14.2,38.5,11.8,32,76.4,22.6,15.8,32.4,37.7,19.9,14.9,11.5
Laclede,MO,Missouri,29105,44.3,13.6,39.9,11.2,25.2,75.8,23.3,17.3,31.4,39.2,17.1,13.5,10.0
Washington,ID,Idaho,16087,37.6,13.6,38.9,11.2,22.5,76.7,13.8,13.7,27.5,31.7,18,13,7.7
Red Lake,MN,Minnesota,27125,37.1,12.8,36.8,10.0,24.1,73.2,16.3,19.1,24.9,29.9,9.4,9,5.1
Schuyler,MO,Missouri,29197,39.1,11.8,36.7,10.3,23.7,76.7,17.9,18.3,26.4,36.9,12.7,10.5,7.0
Crawford,PA,Pennsylvania,42039,37.4,12.2,36.6,11.0,24.8,79.1,19.5,17.3,26.3,35.9,,,5.4
Clark,KY,Kentucky,21049,40.2,14.0,40.5,11.2,26.8,79.1,19.2,14.7,26.7,41.0,13.3,10.6,5.2
Treutlen,GA,Georgia,13283,42.8,16.5,44.5,11.4,22.7,76.7,21.0,13.3,36.1,39.5,23.8,17.8,15.4
Haywood,TN,Tennessee,47075,44.0,20.3,48.5,12.8,27.3,81.0,24.8,11.7,38.0,43.1,29.7,22.3,12.2
Stokes,NC,North Carolina,37169,33.3,13.1,38.1,10.2,24.1,77.7,17.4,16.8,26.0,31.7,14.4,12.3,8.6
Knox,IL,Illinois,17095,37.9,13.7,38.1,10.4,22.3,77.6,17.4,17.5,27.8,36.7,,,9.0
Miller,MO,Missouri,29131,39.5,12.8,39.4,10.5,24.1,76.5,22.6,17.0,29.1,36.6,10.8,9.3,9.4
Lyon,MN,Minnesota,27083,45.1,11.0,33.1,10.1,24.8,72.6,15.1,21.1,22.5,30.4,10.6,10.3,5.1
Haralson,GA,Georgia,13143,34.1,11.3,37.1,10.4,23.8,74.1,18.5,16.1,27.9,37.2,12.4,10.8,11.8
Deaf Smith,TX,Texas,48117,42.9,17.6,33.5,10.4,23.9,69.7,19.6,16.5,40.1,41.5,32,24.8,37.0
Crawford,KS,Kansas,20037,40.7,11.3,34.3,11.0,21.9,76.1,15.9,18.0,24.1,34.2,11.6,9.9,7.9
Wilson,KS,Kansas,20205,39.9,13.6,40.7,10.6,19.6,78.4,17.0,15.9,28.0,34.2,13.3,11.2,6.6
Cape Girardeau,MO,Missouri,29031,38.9,11.3,35.4,10.6,23.7,74.6,19.8,18.1,26.9,37.6,13.1,11.7,8.9
Durham,NC,North Carolina,37063,32.2,10.3,33.3,9.5,21.7,77.8,10.7,18.6,19.3,33.4,15.3,14.6,8.3
Fulton,IN,Indiana,18049,41.6,14.2,37.6,11.5,25.5,78.6,19.6,15.7,30.1,36.6,14.1,11.1,6.8
Mason,WV,West Virginia,54053,44.1,16.0,45.0,12.5,28.9,81.3,21.6,14.1,33.9,41.4,15.7,12.9,6.3
Emmet,IA,Iowa,19063,38.0,12.9,34.0,9.8,18.5,78.6,16.6,20.7,27.2,32.7,13.1,11.1,5.8
Sevier,TN,Tennessee,47155,39.4,13.5,40.3,10.8,29.6,78.0,17.5,15.2,26.0,37.2,16.8,12.7,9.2
Dallas,AR,Arkansas,05039,43.6,19.1,48.6,11.3,23.5,81.3,20.7,13.0,37.9,43.6,,,8.0
Marshall,AL,Alabama,01095,38.3,13.3,39.6,10.4,26.3,78.7,16.2,15.3,28.4,39.1,15.1,12.6,9.6
Coffee,AL,Alabama,01031,34.2,13.6,39.1,10.0,22.5,80.4,14.4,15.3,28.1,40.5,14.5,12.4,7.5
Forsyth,NC,North Carolina,37067,31.6,12.1,35.4,10.1,22,78.5,14.0,16.0,22.4,33.4,16,14.5,8.8
Ouachita,AR,Arkansas,05103,42.4,18.1,46.8,11.5,25,81.3,20.2,12.9,35.4,41.0,,,7.8
Inyo,CA,California,06027,29.6,12.0,33.2,10.4,21.9,73.2,12.9,18.0,21.0,31.8,13.1,11.2,5.4
Bexar,TX,Texas,48029,37.0,15.3,31.1,9.8,24.5,73.1,13.9,18.5,27.4,41.0,20.3,17.8,21.5
Lyon,IA,Iowa,19119,38.0,10.7,30.6,9.4,18.1,77.2,15.0,22.1,25.7,30.5,7.9,7.5,4.9
Loup,NE,Nebraska,31115,38.1,13.8,40.4,9.1,16.4,77.4,13.7,16.2,26.6,29.7,9.1,7.3,4.8
Aleutians West,AK,Alaska,02016,30.1,10.7,27.8,8.2,13.5,61.5,17.5,20.4,26.7,40.2,16.8,14.2,13.2
Worth,MO,Missouri,29227,39.4,14.8,42.3,10.4,23.4,78.6,20.0,16.0,31.0,39.2,13.3,10.7,6.7
Medina,TX,Texas,48325,40.0,14.9,33.9,9.2,21.8,73.6,15.0,17.6,30.4,37.2,21.6,18,20.4
Henrico,VA,Virginia,51087,35.4,12.8,37.0,10.2,21.8,80.3,12.4,18.0,20.8,36.4,,,4.9
Stafford,KS,Kansas,20185,38.0,13.3,39.5,10.6,19.2,77.0,16.4,15.6,27.8,34.6,10.5,9.3,9.3
Tuscaloosa,AL,Alabama,01125,39.5,12.2,37.5,10.8,26.3,77.5,16.2,15.4,27.3,41.0,19.3,16.6,9.9
Steuben,NY,New York,36101,36.1,10.9,35.9,10.8,23,79.3,14.9,18.4,24.8,37.5,,,4.1
Itawamba,MS,Mississippi,28057,37.0,12.8,40.0,10.1,23.7,76.3,18.5,16.3,29.7,32.0,15.5,12.3,10.0
Boyd,KY,Kentucky,21019,40.9,14.8,41.2,11.0,27.5,79.4,19.1,13.2,30.2,36.9,15.4,11.8,5.4
Sevier,AR,Arkansas,05133,41.4,15.9,39.8,10.9,26.5,76.8,19.4,16.4,35.3,39.7,,,15.4
Osceola,MI,Michigan,26133,38.3,12.7,39.4,11.8,26.6,78.8,19.1,17.0,27.4,34.2,12,10.1,5.0
Jefferson,WI,Wisconsin,55055,39.7,10.0,31.3,10.4,23.3,75.2,14.3,21.6,20.6,31.0,8.1,7.9,5.4
Walworth,WI,Wisconsin,55127,32.2,9.9,30.4,10.3,22.3,74.9,13.3,21.5,19.8,31.4,8.3,8.2,5.0
Kit Carson,CO,Colorado,08063,30.1,10.7,31.9,10.9,22.3,70.6,13.1,17.5,20.8,31.5,,,7.1
Buncombe,NC,North Carolina,37021,26.3,9.9,32.7,9.4,23.2,79.1,10.8,17.2,19.5,26.9,10.5,10.4,6.5
Washington,IL,Illinois,17189,35.8,11.5,36.7,9.5,20.8,76.8,15.8,18.5,23.4,34.6,,,7.0
Mason,IL,Illinois,17125,35.6,13.0,38.2,10.1,21.4,78.0,15.8,17.6,24.4,34.1,,,6.1
McNairy,TN,Tennessee,47109,43.2,16.3,43.2,12.2,32.3,77.3,22.7,14.3,33.5,38.4,17.5,13,10.0
Ulster,NY,New York,36111,31.7,10.8,31.8,10.5,20.3,79.5,13.3,18.3,22.7,35.6,,,5.5
Navarro,TX,Texas,48349,41.9,15.7,38.4,10.4,23.7,74.5,17.3,16.9,31.3,39.8,23.1,18.4,16.5
Evans,GA,Georgia,13109,44.5,16.1,45.0,11.6,22.5,76.6,21.4,13.4,35.8,40.8,25.1,19.6,17.6
Sac,IA,Iowa,19161,40.4,12.1,33.8,9.6,17.6,79.9,14.9,21.2,25.8,33.7,9.7,8.5,4.2
Chariton,MO,Missouri,29041,36.1,13.1,41.0,9.9,21.8,78.6,17.6,16.5,27.0,36.1,10.7,9,6.0
Wilkin,MN,Minnesota,27167,41.3,11.8,34.5,10.3,24.3,72.0,17.3,19.8,24.0,29.9,10,9.7,5.5
Erie,PA,Pennsylvania,42049,36.5,11.6,32.9,10.7,23.4,80.4,17.8,18.2,26.9,36.6,,,6.0
Jefferson,MT,Montana,30043,30.5,9.9,32.5,10.9,23,73.0,13.7,20.4,20.5,30.2,8.7,7.9,5.6
Beauregard,LA,Louisiana,22011,36.8,13.2,38.2,10.6,28.9,78.2,20.6,19.1,28.3,35.9,,,8.2
Pierce,GA,Georgia,13229,40.1,13.6,39.6,10.7,23.2,76.6,17.0,15.3,28.7,35.3,16.5,12.7,11.1
Butte,SD,South Dakota,46019,34.6,10.7,35.1,9.5,18.4,78.3,17.3,18.4,25.0,31.2,,,5.9
Highland,VA,Virginia,51091,33.2,15.3,44.7,9.2,22,83.4,11.4,13.9,22.7,30.3,,,3.3
Orange,FL,Florida,12095,32.6,11.6,,9.9,20.6,75.0,12.4,18.3,23.0,41.2,17.3,15.8,13.5
Christian,IL,Illinois,17021,36.4,12.3,36.5,9.8,21,76.1,17.2,19.6,25.2,36.5,,,7.4
Blaine,OK,Oklahoma,40011,43.1,15.5,41.9,12.3,27.4,75.8,19.1,13.0,34.6,36.7,16.2,13.1,11.6
Prince of Wales-Hyder,AK,Alaska,02198,38.3,13.9,37.7,11.9,21.1,68.6,22.3,17.4,26.0,35.1,18.3,14.9,7.8
Yuma,AZ,Arizona,04027,40.5,15.5,33.3,9.8,19.5,73.6,13.3,17.2,31.3,34.0,19.1,16.5,15.6
Kanawha,WV,West Virginia,54039,40.3,15.9,42.5,12.0,27.3,83.0,19.9,16.0,31.4,39.2,13.2,11.4,5.3
Cook,MN,Minnesota,27031,35.4,12.5,37.1,9.7,22,76.5,12.2,17.8,20.3,29.1,6.2,6.1,3.1
Cheyenne,CO,Colorado,08017,27.3,10.2,31.3,10.6,22,71.6,13.2,17.5,19.6,29.7,,,7.5
San Mateo,CA,California,06081,21.7,10.3,27.4,8.6,17,70.5,8.8,17.4,18.1,28.3,8.9,8.4,5.6
Cascade,MT,Montana,30013,35.2,9.5,31.6,11.9,25,75.6,16.2,20.8,24.8,35.1,10.7,9.7,6.7
Upshur,TX,Texas,48459,40.8,15.4,39.1,11.0,25.8,74.3,20.4,17.0,31.0,38.5,17.8,14.8,14.2
Alachua,FL,Florida,12001,30.2,10.1,,9.8,22.5,74.6,13.1,17.4,22.9,36.0,14,11.6,10.8
Marion,GA,Georgia,13197,39.8,16.9,46.5,11.4,21.7,77.8,19.1,12.9,33.5,38.5,23.4,17.7,14.5
Lipscomb,TX,Texas,48295,37.6,16.1,36.1,9.9,22.8,74.1,17.3,16.5,30.6,36.7,16,13.1,17.2
Mecklenburg,VA,Virginia,51117,40.9,18.1,46.0,11.2,23.1,82.8,16.8,14.2,28.9,39.4,,,5.7
Hunt,TX,Texas,48231,41.4,13.1,36.0,10.2,24.4,73.7,16.8,18.0,28.4,37.6,17.8,15.5,14.7
Calhoun,IA,Iowa,19025,38.5,12.5,35.9,9.8,18.2,78.9,15.7,20.8,27.1,30.6,8.9,8.4,4.8
Benton,MN,Minnesota,27009,37.4,9.3,29.0,10.0,25.8,71.5,14.0,22.3,20.2,28.6,10.6,10.5,5.3
Escambia,FL,Florida,12033,32.0,12.2,,10.4,23.5,77.2,15.9,17.4,25.3,37.1,15.3,13.2,10.6
Clay,AR,Arkansas,05021,37.7,15.9,44.7,11.3,29.3,77.9,22.0,15.6,35.3,37.1,,,8.7
Anderson,SC,South Carolina,45007,38.7,13.2,39.2,10.2,23.4,78.8,15.5,17.3,26.0,34.2,14.4,12.1,9.1
Wheatland,MT,Montana,30107,35.3,12.4,37.8,11.2,23.7,73.3,18.2,18.7,27.9,32.0,13.8,11.2,7.4
Jefferson,GA,Georgia,13163,44.2,18.6,46.3,12.3,21.3,78.1,22.6,12.5,37.6,43.6,25.7,20.6,16.2
Lee,NC,North Carolina,37105,38.5,13.7,38.0,10.6,24.2,77.4,17.1,15.9,27.8,38.4,17.5,15.1,11.5
Nicollet,MN,Minnesota,27103,35.5,9.8,30.1,9.8,25.4,71.1,14.4,21.1,22.4,29.9,8.6,8.7,5.3
Lane,KS,Kansas,20101,39.8,13.9,40.7,10.6,19.5,78.1,15.3,16.3,27.4,34.6,10.3,9.5,6.8
Pender,NC,North Carolina,37141,31.9,12.3,36.4,10.0,22.5,76.8,16.0,16.8,24.2,32.2,13.4,12.2,9.5
Clay,TX,Texas,48077,34.7,13.8,38.5,9.6,23.1,76.3,15.1,17.2,24.8,34.6,11.4,9.9,9.7
Lafayette,FL,Florida,12067,39.9,14.7,,10.3,21.3,75.2,21.9,15.7,32.9,39.6,23,17,16.1
Kusilvak,AK,Alaska,02158,45.5,15.6,36.7,14.9,24.8,63.8,38.2,18.1,38.8,45.9,45.8,31,16.9
Johnson,KS,Kansas,20091,31.7,8.8,29.7,9.4,17.8,76.6,9.3,18.2,17.2,30.2,6.2,6.6,5.5
Lenoir,NC,North Carolina,37107,40.1,17.2,44.9,11.0,22.3,80.3,18.2,13.1,30.4,39.8,23.2,19.1,9.9
Bullitt,KY,Kentucky,21029,38.5,12.9,36.9,11.0,25.9,77.9,19.2,14.4,25.5,41.6,12.3,10.2,5.4
Grant,KS,Kansas,20067,40.4,13.0,32.8,10.2,18.1,73.1,15.6,17.4,28.9,32.6,13,12.5,16.9
Pierce,WI,Wisconsin,55093,33.5,9.5,29.0,11.0,24.6,74.4,15.7,23.5,20.6,33.6,7.7,7.6,4.4
Washington,OK,Oklahoma,40147,41.3,14.8,40.4,12.4,27.3,75.6,19.8,12.8,34.5,39.9,14.4,12.1,8.5
Sherman,NE,Nebraska,31163,39.5,14.1,40.2,9.4,17.2,75.3,17.2,17.0,32.0,31.3,12.8,9.9,7.0
Dixon,NE,Nebraska,31051,40.6,13.4,36.4,9.4,16.4,74.3,15.4,17.0,28.2,31.5,16.9,12.2,8.7
Orange,VA,Virginia,51137,36.6,13.6,37.2,10.4,24.2,79.4,16.0,16.2,23.2,37.8,,,6.1
Kennebec,ME,Maine,23011,33.6,10.7,34.2,12.2,25.8,81.2,15.4,16.1,23.6,34.6,12,10.5,6.1
Guernsey,OH,Ohio,39059,41.5,15.4,40.9,11.6,29.1,79.7,24.1,17.1,32.5,40.1,14.5,12.3,6.3
Capitol,CT,Connecticut,09110,31.9,11.0,33.2,12.9,22.8,79.5,12.1,16.1,25.2,36.8,15.6,13.6,9.2
Milam,TX,Texas,48331,37.2,15.3,39.6,9.9,22.9,74.8,15.7,16.8,30.3,37.3,18.4,14.3,14.6
Rankin,MS,Mississippi,28121,36.3,12.0,37.7,9.7,22.2,77.6,16.0,14.3,27.5,38.1,13.9,12.3,9.8
Brooke,WV,West Virginia,54009,39.2,16.0,43.2,11.7,26.8,82.0,18.7,15.5,30.2,43.5,12.4,10.7,5.0
Phelps,MO,Missouri,29161,37.4,11.2,33.7,10.6,25.2,74.9,18.6,17.9,27.6,40.1,12.1,9.8,8.7
Whitfield,GA,Georgia,13313,36.7,14.4,37.2,10.4,23,73.8,18.3,14.9,31.2,38.4,15.9,13.4,20.1
McKenzie,ND,North Dakota,38053,35.7,9.6,27.3,11.2,22.2,71.1,18.8,23.9,27.6,40.1,,,8.0
Bland,VA,Virginia,51021,39.8,13.9,39.8,9.8,23.4,78.8,16.3,17.9,24.9,34.9,,,5.0
Campbell,TN,Tennessee,47013,39.3,15.6,41.6,11.8,31.7,78.0,21.6,14.7,31.6,37.3,16.8,12.5,9.9
Genesee,NY,New York,36037,35.3,11.3,34.8,11.0,22.1,78.5,16.5,18.9,27.1,37.7,,,4.7
Columbiana,OH,Ohio,39029,46.9,15.4,39.5,11.0,25.4,80.1,21.6,16.9,29.7,41.4,11.9,10.7,6.2
Nevada,CA,California,06057,29.8,12.6,35.5,10.9,24.4,72.2,15.5,17.7,23.8,31.9,7.4,7.1,4.6
Carroll,TN,Tennessee,47017,39.9,15.8,42.2,12.2,30.9,77.2,23.2,14.0,33.0,38.9,17.5,13.3,11.2
Tillamook,OR,Oregon,41057,30.6,12.9,37.5,11.4,25,72.5,14.8,16.4,20.9,29.2,,,4.9
Barton,MO,Missouri,29011,42.3,15.0,40.5,11.4,25.3,77.2,24.4,16.3,33.4,38.2,16.7,12.7,9.4
Grayson,KY,Kentucky,21085,42.8,15.4,43.2,11.6,27,78.6,21.3,13.3,31.3,41.0,17.1,12.1,5.7
Pike,PA,Pennsylvania,42103,34.0,12.4,37.4,10.1,21.6,80.3,14.6,17.2,23.7,37.8,,,5.3
Sullivan,IN,Indiana,18153,38.2,13.1,39.6,11.1,24.4,77.0,21.0,16.3,30.7,36.9,13.3,11,7.1
Boise,ID,Idaho,16015,31.9,12.5,38.3,10.5,20.3,76.1,13.0,14.4,24.3,31.0,11.3,9.4,5.2
Coahoma,MS,Mississippi,28027,47.8,21.7,53.8,12.2,19.5,82.8,23.2,10.7,42.5,45.8,33.2,25,13.4
Jo Daviess,IL,Illinois,17085,34.3,13.5,39.6,9.4,19.7,79.7,13.3,16.8,23.0,32.6,,,5.0
Grayson,TX,Texas,48181,37.2,13.9,35.4,10.6,25.3,73.3,18.0,17.4,27.5,40.7,14.9,12.6,13.4
Coos,NH,New Hampshire,33007,35.6,12.1,36.3,11.5,24.3,77.4,15.4,15.9,22.9,31.4,10.4,9,5.9
Cumberland,NC,North Carolina,37051,38.2,11.6,35.8,10.0,23.3,78.1,14.5,17.3,23.5,41.1,19.8,18.7,9.5
Noble,IN,Indiana,18113,36.2,11.9,36.3,10.8,23.8,77.0,18.1,15.8,27.3,35.0,14.1,11.6,7.8
Richland,IL,Illinois,17159,37.4,12.6,36.8,10.1,21.8,77.4,15.4,18.2,24.5,36.0,,,5.9
Fayette,TN,Tennessee,47047,37.4,16.2,42.6,11.3,26.6,80.5,16.9,13.5,27.0,36.5,14.5,12.5,6.9
Bayfield,WI,Wisconsin,55007,37.6,13.0,39.8,10.9,23.1,79.1,14.8,18.3,22.4,31.5,8.2,7.4,3.4
Kiowa,OK,Oklahoma,40075,45.6,17.2,45.1,12.5,28.9,76.3,21.2,12.4,38.6,40.7,17.8,14.5,9.3
Brunswick,VA,Virginia,51025,44.7,18.3,45.3,11.1,21,81.7,19.9,14.7,31.2,44.5,,,7.8
Marion,SC,South Carolina,45067,42.5,19.7,48.3,11.8,21.2,81.5,21.6,12.5,36.9,38.8,29.2,22.2,13.2
Montgomery,GA,Georgia,13209,42.1,15.7,42.6,11.2,22.7,76.0,20.7,14.1,33.4,39.3,21.7,17,15.8
Owen,KY,Kentucky,21187,38.7,14.5,40.6,11.2,26.8,78.7,20.5,13.2,29.8,39.3,13,9.6,6.4
Yakima,WA,Washington,53077,41.3,12.7,32.0,12.3,24.4,69.1,15.0,16.7,29.2,30.7,19.8,16.6,15.1
Pawnee,OK,Oklahoma,40117,40.7,14.1,40.3,12.0,27.4,75.5,17.8,13.8,30.6,37.1,15.5,13,7.7
Frederick,MD,Maryland,24021,31.6,11.2,30.2,9.6,22.4,74.7,11.1,16.1,20.2,35.1,8.9,9,6.4
Marshall,MS,Mississippi,28093,44.1,17.2,49.7,10.7,20.4,80.0,19.7,13.0,35.6,40.5,24.7,19,11.6
Los Alamos,NM,New Mexico,35028,22.6,7.7,29.1,9.3,18.4,69.5,7.8,16.9,12.6,27.4,5.8,6.1,3.3
Ottawa,OH,Ohio,39123,41.3,14.6,38.6,10.1,23.3,80.0,16.4,16.4,26.0,35.3,9.4,8.7,4.7
San Bernardino,CA,California,06071,35.1,12.5,29.8,10.4,22,69.9,12.7,18.1,27.0,37.8,22.7,19.5,11.2
Lake,OH,Ohio,39085,41.0,13.7,36.2,10.9,24.7,79.1,16.6,17.1,26.7,38.9,8.5,8.6,4.7
Shoshone,ID,Idaho,16079,34.9,15.0,39.1,12.4,24.7,74.5,19.9,13.7,32.8,35.5,14.1,10.9,9.2
Stone,MS,Mississippi,28131,41.1,14.8,43.8,10.6,23.5,78.2,19.8,15.4,33.4,37.7,20,15.2,10.0
Wood,WV,West Virginia,54107,38.4,15.5,42.7,12.2,31.1,81.0,20.6,15.9,31.7,41.3,11.8,10.4,6.4
Hickman,TN,Tennessee,47081,40.1,14.6,39.7,11.6,30.1,76.5,22.7,15.7,31.5,38.4,14.8,11.9,10.6
Oconee,GA,Georgia,13219,33.4,10.0,33.4,9.2,20.8,76.9,11.9,16.8,19.8,28.9,7.4,7.5,8.5
Greene,GA,Georgia,13133,38.4,16.3,47.4,10.1,19,81.6,13.8,12.3,28.6,34.9,14.2,11.9,8.3
McLean,KY,Kentucky,21149,39.8,14.2,41.3,10.9,26.8,79.2,19.3,13.9,27.8,39.6,13.6,10.3,4.4
Miami-Dade,FL,Florida,12086,30.5,15.3,,9.0,16,74.6,13.0,16.6,31.9,38.4,27,20.7,21.8
Clark,IN,Indiana,18019,41.2,11.8,34.6,11.3,24.3,76.8,18.2,16.6,28.1,36.2,12.7,11,7.7
Sierra,CA,California,06091,31.3,13.6,38.2,10.5,22.2,75.4,14.3,16.0,23.6,32.6,12,10,4.6
Chowan,NC,North Carolina,37041,39.0,16.3,45.6,10.6,21.9,81.2,16.2,13.6,28.2,35.8,20.6,16.4,7.9
Pend Oreille,WA,Washington,53051,33.3,12.4,37.9,12.0,25.4,69.9,13.7,15.3,20.9,30.7,9.3,8.6,5.1
Randolph,WV,West Virginia,54083,41.0,16.0,43.6,11.7,27,81.1,20.1,15.4,32.5,43.3,16.6,13.1,5.6
Washington,IA,Iowa,19183,40.4,11.6,32.0,9.8,18.3,79.1,15.0,21.1,27.3,30.5,8.5,8,5.0
McCurtain,OK,Oklahoma,40089,44.9,16.9,44.6,13.7,28.6,75.8,23.1,12.8,39.2,38.6,20.7,16.4,10.8
Gila,AZ,Arizona,04007,33.8,16.5,37.1,11.3,22.2,75.2,17.0,15.1,27.0,34.1,16.5,13.5,8.4
Kenedy,TX,Texas,48261,47.2,26.0,41.3,11.3,24.6,71.8,26.1,13.2,49.3,41.6,40.7,27.2,38.9
Carlisle,KY,Kentucky,21039,40.6,15.4,43.1,11.3,27.1,79.2,20.9,12.7,30.1,39.3,15.5,11.4,5.8
Copiah,MS,Mississippi,28029,45.8,17.6,48.1,10.7,19.4,81.2,17.8,12.3,34.8,40.8,27.1,20.9,9.8
Queens,NY,New York,36081,24.7,12.3,31.8,8.6,14.3,81.0,10.4,14.1,27.7,36.5,,,7.2
Rush,KS,Kansas,20165,36.8,13.9,41.9,10.7,19.4,78.6,16.4,16.1,26.3,32.9,12.4,10.6,6.5
Wilson,TX,Texas,48493,42.5,14.6,34.2,9.4,22.1,72.9,15.3,18.1,29.1,37.7,16.2,13.9,19.9
